# Blender v2.92.0 OBJ File: 'untitled.blend'
# www.blender.org
mtllib debug.mtl
o pLay_Play
v 1.111077 0.037707 0.170812
v 1.115638 0.037707 0.175526
v 1.119691 0.037707 0.180054
v 1.123259 0.037707 0.184440
v 1.126362 0.037707 0.188729
v 1.129021 0.037707 0.192965
v 1.131257 0.037707 0.197191
v 1.133092 0.037707 0.201451
v 1.134545 0.037707 0.205790
v 1.135639 0.037707 0.210251
v 1.136395 0.037707 0.214879
v 1.136833 0.037707 0.219717
v 1.136974 0.037707 0.224809
v 1.136740 0.037707 0.229966
v 1.136063 0.037707 0.235207
v 1.134985 0.037707 0.240478
v 1.133546 0.037707 0.245726
v 1.131785 0.037707 0.250898
v 1.129742 0.037707 0.255940
v 1.127459 0.037707 0.260798
v 1.124974 0.037707 0.265419
v 1.122330 0.037707 0.269750
v 1.119564 0.037707 0.273735
v 1.116718 0.037707 0.277323
v 1.113832 0.037707 0.280459
v 1.104914 0.037707 0.288231
v 1.094925 0.037707 0.294145
v 1.084216 0.037707 0.298548
v 1.073140 0.037707 0.301785
v 1.062049 0.037707 0.304204
v 1.051295 0.037707 0.306150
v 1.041229 0.037707 0.307969
v 1.032204 0.037707 0.310009
v 1.024571 0.037707 0.312615
v 1.018684 0.037707 0.316134
v 1.014893 0.037707 0.320911
v 1.013551 0.037707 0.327294
v 1.014090 0.037707 0.330627
v 1.015699 0.037707 0.333755
v 1.018373 0.037707 0.336704
v 1.022102 0.037707 0.339497
v 1.026880 0.037707 0.342161
v 1.032698 0.037707 0.344719
v 1.039550 0.037707 0.347197
v 1.047427 0.037707 0.349619
v 1.056322 0.037707 0.352011
v 1.066227 0.037707 0.354397
v 1.077135 0.037707 0.356802
v 1.089038 0.037707 0.359251
v 1.101559 0.037707 0.362206
v 1.112710 0.037707 0.365807
v 1.122545 0.037707 0.370013
v 1.131117 0.037707 0.374781
v 1.138480 0.037707 0.380070
v 1.144688 0.037707 0.385837
v 1.149793 0.037707 0.392040
v 1.153851 0.037707 0.398637
v 1.156913 0.037707 0.405586
v 1.159034 0.037707 0.412846
v 1.160267 0.037707 0.420373
v 1.160666 0.037707 0.428126
v 1.159768 0.037707 0.439977
v 1.157103 0.037707 0.450989
v 1.152720 0.037707 0.461125
v 1.146667 0.037707 0.470348
v 1.138992 0.037707 0.478622
v 1.129742 0.037707 0.485911
v 1.118966 0.037707 0.492178
v 1.106710 0.037707 0.497387
v 1.093024 0.037707 0.501502
v 1.077954 0.037707 0.504487
v 1.061549 0.037707 0.506304
v 1.043856 0.037707 0.506917
v 1.027607 0.037707 0.506274
v 1.012258 0.037707 0.504390
v 0.997909 0.037707 0.501330
v 0.984655 0.037707 0.497163
v 0.972595 0.037707 0.491955
v 0.961827 0.037707 0.485773
v 0.952448 0.037707 0.478685
v 0.944555 0.037707 0.470756
v 0.938246 0.037707 0.462055
v 0.933619 0.037707 0.452647
v 0.930771 0.037707 0.442601
v 0.929801 0.037707 0.431982
v 0.930205 0.037707 0.423199
v 0.931428 0.037707 0.415022
v 0.933485 0.037707 0.407438
v 0.936392 0.037707 0.400433
v 0.940164 0.037707 0.393995
v 0.944815 0.037707 0.388110
v 0.950362 0.037707 0.382764
v 0.956820 0.037707 0.377944
v 0.964203 0.037707 0.373638
v 0.972528 0.037707 0.369830
v 0.981809 0.037707 0.366508
v 0.992063 0.037707 0.363659
v 0.987987 0.037707 0.361053
v 0.984295 0.037707 0.358463
v 0.980983 0.037707 0.355885
v 0.978043 0.037707 0.353313
v 0.975471 0.037707 0.350741
v 0.973260 0.037707 0.348163
v 0.971405 0.037707 0.345573
v 0.969901 0.037707 0.342966
v 0.968740 0.037707 0.340337
v 0.967919 0.037707 0.337679
v 0.967430 0.037707 0.334986
v 0.967268 0.037707 0.332253
v 0.967585 0.037707 0.328307
v 0.968521 0.037707 0.324475
v 0.970049 0.037707 0.320777
v 0.972145 0.037707 0.317233
v 0.974785 0.037707 0.313866
v 0.977944 0.037707 0.310695
v 0.981595 0.037707 0.307743
v 0.985716 0.037707 0.305030
v 0.990281 0.037707 0.302577
v 0.995264 0.037707 0.300405
v 1.000642 0.037707 0.298535
v 1.006389 0.037707 0.296989
v 1.006389 0.037707 0.295887
v 1.001935 0.037707 0.293901
v 0.997665 0.037707 0.291801
v 0.993578 0.037707 0.289585
v 0.989675 0.037707 0.287255
v 0.985956 0.037707 0.284810
v 0.982420 0.037707 0.282250
v 0.979068 0.037707 0.279576
v 0.975900 0.037707 0.276786
v 0.972916 0.037707 0.273882
v 0.970115 0.037707 0.270863
v 0.967498 0.037707 0.267729
v 0.965064 0.037707 0.264481
v 0.962952 0.037707 0.261255
v 0.961024 0.037707 0.257915
v 0.959279 0.037707 0.254459
v 0.957718 0.037707 0.250889
v 0.956340 0.037707 0.247205
v 0.955146 0.037707 0.243405
v 0.954136 0.037707 0.239491
v 0.953310 0.037707 0.235462
v 0.952667 0.037707 0.231318
v 0.952208 0.037707 0.227059
v 0.951932 0.037707 0.222686
v 0.951840 0.037707 0.218197
v 0.952692 0.037707 0.205405
v 0.955210 0.037707 0.193505
v 0.959339 0.037707 0.182538
v 0.965023 0.037707 0.172546
v 0.972208 0.037707 0.163573
v 0.980836 0.037707 0.155660
v 0.990854 0.037707 0.148848
v 1.002205 0.037707 0.143181
v 1.014834 0.037707 0.138699
v 1.028686 0.037707 0.135446
v 1.043705 0.037707 0.133464
v 1.059835 0.037707 0.132793
v 1.161769 0.037707 0.132793
v 1.161769 0.037707 0.170812
v 1.038321 0.037707 0.175635
v 1.031951 0.037707 0.176842
v 1.025906 0.037707 0.178784
v 1.020245 0.037707 0.181403
v 1.015028 0.037707 0.184642
v 1.010314 0.037707 0.188444
v 1.006163 0.037707 0.192750
v 1.002634 0.037707 0.197504
v 0.999785 0.037707 0.202649
v 0.997677 0.037707 0.208126
v 0.996369 0.037707 0.213879
v 0.995920 0.037707 0.219850
v 0.996327 0.037707 0.226411
v 0.997527 0.037707 0.232572
v 0.999484 0.037707 0.238300
v 1.002164 0.037707 0.243563
v 1.005533 0.037707 0.248329
v 1.009557 0.037707 0.252565
v 1.014200 0.037707 0.256239
v 1.019429 0.037707 0.259318
v 1.025208 0.037707 0.261769
v 1.031505 0.037707 0.263560
v 1.038283 0.037707 0.264658
v 1.045509 0.037707 0.265032
v 1.052229 0.037707 0.264637
v 1.058585 0.037707 0.263478
v 1.064535 0.037707 0.261597
v 1.070038 0.037707 0.259032
v 1.075052 0.037707 0.255825
v 1.079533 0.037707 0.252014
v 1.083440 0.037707 0.247642
v 1.086731 0.037707 0.242747
v 1.089365 0.037707 0.237370
v 1.091298 0.037707 0.231551
v 1.092488 0.037707 0.225331
v 1.092894 0.037707 0.218748
v 1.092446 0.037707 0.212915
v 1.091142 0.037707 0.207297
v 1.089046 0.037707 0.201952
v 1.086221 0.037707 0.196933
v 1.082731 0.037707 0.192297
v 1.078637 0.037707 0.188099
v 1.074005 0.037707 0.184395
v 1.068896 0.037707 0.181240
v 1.063373 0.037707 0.178689
v 1.057501 0.037707 0.176799
v 1.051341 0.037707 0.175624
v 1.044958 0.037707 0.175220
v 1.024235 0.037707 0.392627
v 1.016643 0.037707 0.393556
v 1.009557 0.037707 0.395066
v 1.003021 0.037707 0.397127
v 0.997083 0.037707 0.399709
v 0.991787 0.037707 0.402780
v 0.987180 0.037707 0.406310
v 0.983308 0.037707 0.410269
v 0.980217 0.037707 0.414626
v 0.977951 0.037707 0.419350
v 0.976558 0.037707 0.424411
v 0.976084 0.037707 0.429779
v 0.976587 0.037707 0.435735
v 0.978086 0.037707 0.441204
v 0.980569 0.037707 0.446179
v 0.984022 0.037707 0.450655
v 0.988432 0.037707 0.454626
v 0.993785 0.037707 0.458086
v 1.000067 0.037707 0.461029
v 1.007266 0.037707 0.463450
v 1.015368 0.037707 0.465343
v 1.024360 0.037707 0.466703
v 1.034227 0.037707 0.467522
v 1.044958 0.037707 0.467797
v 1.055331 0.037707 0.467524
v 1.064942 0.037707 0.466713
v 1.073765 0.037707 0.465378
v 1.081773 0.037707 0.463532
v 1.088939 0.037707 0.461189
v 1.095236 0.037707 0.458361
v 1.100638 0.037707 0.455063
v 1.105118 0.037707 0.451308
v 1.108649 0.037707 0.447109
v 1.111205 0.037707 0.442479
v 1.112758 0.037707 0.437433
v 1.113281 0.037707 0.431982
v 1.112266 0.037707 0.424604
v 1.109386 0.037707 0.418139
v 1.104887 0.037707 0.412534
v 1.099016 0.037707 0.407739
v 1.092021 0.037707 0.403701
v 1.084147 0.037707 0.400369
v 1.075642 0.037707 0.397692
v 1.066753 0.037707 0.395617
v 1.057726 0.037707 0.394093
v 1.048807 0.037707 0.393069
v 1.040245 0.037707 0.392492
v 1.032285 0.037707 0.392311
v 0.738055 0.037707 0.165302
v 0.742917 0.037707 0.159588
v 0.748116 0.037707 0.154300
v 0.753621 0.037707 0.149452
v 0.759401 0.037707 0.145058
v 0.765426 0.037707 0.141131
v 0.771666 0.037707 0.137683
v 0.778089 0.037707 0.134730
v 0.784665 0.037707 0.132283
v 0.791364 0.037707 0.130357
v 0.798154 0.037707 0.128964
v 0.805006 0.037707 0.128119
v 0.811888 0.037707 0.127834
v 0.823385 0.037707 0.128502
v 0.834395 0.037707 0.130515
v 0.844819 0.037707 0.133887
v 0.854559 0.037707 0.138630
v 0.863520 0.037707 0.144758
v 0.871602 0.037707 0.152285
v 0.878708 0.037707 0.161223
v 0.884742 0.037707 0.171587
v 0.889604 0.037707 0.183390
v 0.893198 0.037707 0.196645
v 0.895426 0.037707 0.211365
v 0.896190 0.037707 0.227564
v 0.896190 0.037707 0.380189
v 0.847152 0.037707 0.380189
v 0.847152 0.037707 0.227013
v 0.846766 0.037707 0.218192
v 0.845626 0.037707 0.209937
v 0.843760 0.037707 0.202287
v 0.841193 0.037707 0.195280
v 0.837953 0.037707 0.188954
v 0.834066 0.037707 0.183347
v 0.829559 0.037707 0.178498
v 0.824459 0.037707 0.174444
v 0.818793 0.037707 0.171225
v 0.812587 0.037707 0.168878
v 0.805869 0.037707 0.167442
v 0.798664 0.037707 0.166955
v 0.793378 0.037707 0.167165
v 0.788239 0.037707 0.167809
v 0.783211 0.037707 0.168909
v 0.778257 0.037707 0.170485
v 0.773342 0.037707 0.172559
v 0.768429 0.037707 0.175151
v 0.763481 0.037707 0.178282
v 0.758462 0.037707 0.181975
v 0.753336 0.037707 0.186248
v 0.748067 0.037707 0.191125
v 0.742618 0.037707 0.196625
v 0.736953 0.037707 0.202769
v 0.736953 0.037707 0.380189
v 0.687915 0.037707 0.380189
v 0.687915 0.037707 0.132793
v 0.736953 0.037707 0.132793
v 0.736953 0.037707 0.165302
v 0.569451 0.037707 0.380189
v 0.569451 0.037707 0.132793
v 0.618490 0.037707 0.132793
v 0.618490 0.037707 0.380189
v 0.590315 0.037707 0.086792
v 0.586535 0.037707 0.086007
v 0.582942 0.037707 0.084745
v 0.579573 0.037707 0.083041
v 0.576464 0.037707 0.080931
v 0.573652 0.037707 0.078452
v 0.571173 0.037707 0.075640
v 0.569063 0.037707 0.072531
v 0.567359 0.037707 0.069162
v 0.566097 0.037707 0.065570
v 0.565313 0.037707 0.061790
v 0.565043 0.037707 0.057858
v 0.565313 0.037707 0.053927
v 0.566097 0.037707 0.050147
v 0.567359 0.037707 0.046554
v 0.569063 0.037707 0.043186
v 0.571173 0.037707 0.040077
v 0.573653 0.037707 0.037265
v 0.576465 0.037707 0.034786
v 0.579573 0.037707 0.032676
v 0.582942 0.037707 0.030972
v 0.586535 0.037707 0.029709
v 0.590315 0.037707 0.028925
v 0.594246 0.037707 0.028656
v 0.598177 0.037707 0.028925
v 0.601957 0.037707 0.029709
v 0.605550 0.037707 0.030972
v 0.608919 0.037707 0.032676
v 0.612027 0.037707 0.034786
v 0.614839 0.037707 0.037265
v 0.617318 0.037707 0.040077
v 0.619428 0.037707 0.043186
v 0.621133 0.037707 0.046554
v 0.622395 0.037707 0.050147
v 0.623179 0.037707 0.053927
v 0.623448 0.037707 0.057858
v 0.623179 0.037707 0.061790
v 0.622395 0.037707 0.065570
v 0.621133 0.037707 0.069162
v 0.619428 0.037707 0.072531
v 0.617318 0.037707 0.075640
v 0.614839 0.037707 0.078452
v 0.612027 0.037707 0.080931
v 0.608919 0.037707 0.083041
v 0.605550 0.037707 0.084745
v 0.601957 0.037707 0.086007
v 0.598177 0.037707 0.086792
v 0.594246 0.037707 0.087061
v 0.479639 0.037707 0.170812
v 0.484200 0.037707 0.175526
v 0.488254 0.037707 0.180054
v 0.491821 0.037707 0.184440
v 0.494924 0.037707 0.188729
v 0.497583 0.037707 0.192965
v 0.499819 0.037707 0.197191
v 0.501654 0.037707 0.201451
v 0.503108 0.037707 0.205790
v 0.504202 0.037707 0.210251
v 0.504957 0.037707 0.214879
v 0.505395 0.037707 0.219717
v 0.505536 0.037707 0.224809
v 0.505302 0.037707 0.229966
v 0.504625 0.037707 0.235207
v 0.503547 0.037707 0.240478
v 0.502108 0.037707 0.245726
v 0.500347 0.037707 0.250898
v 0.498304 0.037707 0.255940
v 0.496021 0.037707 0.260798
v 0.493537 0.037707 0.265419
v 0.490892 0.037707 0.269750
v 0.488126 0.037707 0.273735
v 0.485280 0.037707 0.277323
v 0.482394 0.037707 0.280459
v 0.473476 0.037707 0.288231
v 0.463487 0.037707 0.294145
v 0.452778 0.037707 0.298548
v 0.441702 0.037707 0.301785
v 0.430611 0.037707 0.304204
v 0.419857 0.037707 0.306150
v 0.409791 0.037707 0.307969
v 0.400766 0.037707 0.310009
v 0.393133 0.037707 0.312615
v 0.387246 0.037707 0.316134
v 0.383455 0.037707 0.320911
v 0.382114 0.037707 0.327294
v 0.382652 0.037707 0.330627
v 0.384261 0.037707 0.333755
v 0.386935 0.037707 0.336704
v 0.390664 0.037707 0.339497
v 0.395442 0.037707 0.342161
v 0.401261 0.037707 0.344719
v 0.408112 0.037707 0.347197
v 0.415989 0.037707 0.349619
v 0.424884 0.037707 0.352011
v 0.434790 0.037707 0.354397
v 0.445697 0.037707 0.356802
v 0.457600 0.037707 0.359251
v 0.470121 0.037707 0.362206
v 0.481272 0.037707 0.365807
v 0.491107 0.037707 0.370013
v 0.499679 0.037707 0.374781
v 0.507042 0.037707 0.380070
v 0.513250 0.037707 0.385837
v 0.518355 0.037707 0.392040
v 0.522413 0.037707 0.398637
v 0.525475 0.037707 0.405586
v 0.527596 0.037707 0.412846
v 0.528829 0.037707 0.420373
v 0.529229 0.037707 0.428126
v 0.528330 0.037707 0.439977
v 0.525665 0.037707 0.450989
v 0.521282 0.037707 0.461125
v 0.515229 0.037707 0.470348
v 0.507554 0.037707 0.478622
v 0.498304 0.037707 0.485911
v 0.487528 0.037707 0.492178
v 0.475272 0.037707 0.497387
v 0.461586 0.037707 0.501502
v 0.446516 0.037707 0.504487
v 0.430111 0.037707 0.506304
v 0.412418 0.037707 0.506917
v 0.396169 0.037707 0.506274
v 0.380820 0.037707 0.504390
v 0.366471 0.037707 0.501330
v 0.353217 0.037707 0.497163
v 0.341157 0.037707 0.491955
v 0.330389 0.037707 0.485773
v 0.321010 0.037707 0.478685
v 0.313117 0.037707 0.470756
v 0.306808 0.037707 0.462055
v 0.302181 0.037707 0.452647
v 0.299334 0.037707 0.442601
v 0.298363 0.037707 0.431982
v 0.298767 0.037707 0.423199
v 0.299990 0.037707 0.415022
v 0.302047 0.037707 0.407438
v 0.304954 0.037707 0.400433
v 0.308726 0.037707 0.393995
v 0.313377 0.037707 0.388110
v 0.318924 0.037707 0.382764
v 0.325382 0.037707 0.377944
v 0.332765 0.037707 0.373638
v 0.341090 0.037707 0.369830
v 0.350372 0.037707 0.366508
v 0.360625 0.037707 0.363659
v 0.356549 0.037707 0.361053
v 0.352857 0.037707 0.358463
v 0.349545 0.037707 0.355885
v 0.346605 0.037707 0.353313
v 0.344033 0.037707 0.350741
v 0.341822 0.037707 0.348163
v 0.339967 0.037707 0.345573
v 0.338463 0.037707 0.342966
v 0.337302 0.037707 0.340337
v 0.336481 0.037707 0.337679
v 0.335992 0.037707 0.334986
v 0.335830 0.037707 0.332253
v 0.336147 0.037707 0.328307
v 0.337083 0.037707 0.324475
v 0.338611 0.037707 0.320777
v 0.340707 0.037707 0.317233
v 0.343347 0.037707 0.313866
v 0.346506 0.037707 0.310695
v 0.350158 0.037707 0.307743
v 0.354278 0.037707 0.305030
v 0.358843 0.037707 0.302577
v 0.363826 0.037707 0.300405
v 0.369204 0.037707 0.298535
v 0.374951 0.037707 0.296989
v 0.374951 0.037707 0.295887
v 0.370497 0.037707 0.293901
v 0.366227 0.037707 0.291801
v 0.362140 0.037707 0.289585
v 0.358237 0.037707 0.287255
v 0.354518 0.037707 0.284810
v 0.350982 0.037707 0.282250
v 0.347631 0.037707 0.279576
v 0.344462 0.037707 0.276786
v 0.341478 0.037707 0.273882
v 0.338677 0.037707 0.270863
v 0.336060 0.037707 0.267729
v 0.333626 0.037707 0.264481
v 0.331514 0.037707 0.261255
v 0.329586 0.037707 0.257915
v 0.327841 0.037707 0.254459
v 0.326280 0.037707 0.250889
v 0.324902 0.037707 0.247205
v 0.323708 0.037707 0.243405
v 0.322698 0.037707 0.239491
v 0.321872 0.037707 0.235462
v 0.321229 0.037707 0.231318
v 0.320770 0.037707 0.227059
v 0.320494 0.037707 0.222686
v 0.320402 0.037707 0.218197
v 0.321254 0.037707 0.205405
v 0.323772 0.037707 0.193505
v 0.327901 0.037707 0.182538
v 0.333585 0.037707 0.172546
v 0.340770 0.037707 0.163573
v 0.349398 0.037707 0.155660
v 0.359416 0.037707 0.148848
v 0.370767 0.037707 0.143181
v 0.383396 0.037707 0.138699
v 0.397248 0.037707 0.135446
v 0.412267 0.037707 0.133464
v 0.428397 0.037707 0.132793
v 0.530331 0.037707 0.132793
v 0.530331 0.037707 0.170812
v 0.406884 0.037707 0.175635
v 0.400513 0.037707 0.176842
v 0.394468 0.037707 0.178784
v 0.388807 0.037707 0.181403
v 0.383590 0.037707 0.184642
v 0.378876 0.037707 0.188444
v 0.374725 0.037707 0.192750
v 0.371196 0.037707 0.197504
v 0.368347 0.037707 0.202649
v 0.366239 0.037707 0.208126
v 0.364931 0.037707 0.213879
v 0.364482 0.037707 0.219850
v 0.364889 0.037707 0.226411
v 0.366089 0.037707 0.232572
v 0.368046 0.037707 0.238300
v 0.370726 0.037707 0.243563
v 0.374095 0.037707 0.248329
v 0.378119 0.037707 0.252565
v 0.382762 0.037707 0.256239
v 0.387991 0.037707 0.259318
v 0.393771 0.037707 0.261769
v 0.400067 0.037707 0.263560
v 0.406845 0.037707 0.264658
v 0.414071 0.037707 0.265032
v 0.420791 0.037707 0.264637
v 0.427147 0.037707 0.263478
v 0.433098 0.037707 0.261597
v 0.438601 0.037707 0.259032
v 0.443614 0.037707 0.255825
v 0.448095 0.037707 0.252014
v 0.452002 0.037707 0.247642
v 0.455294 0.037707 0.242747
v 0.457927 0.037707 0.237370
v 0.459860 0.037707 0.231551
v 0.461050 0.037707 0.225331
v 0.461457 0.037707 0.218748
v 0.461008 0.037707 0.212915
v 0.459704 0.037707 0.207297
v 0.457608 0.037707 0.201952
v 0.454783 0.037707 0.196933
v 0.451293 0.037707 0.192297
v 0.447200 0.037707 0.188099
v 0.442567 0.037707 0.184395
v 0.437458 0.037707 0.181240
v 0.431935 0.037707 0.178689
v 0.426063 0.037707 0.176799
v 0.419903 0.037707 0.175624
v 0.413520 0.037707 0.175220
v 0.392797 0.037707 0.392627
v 0.385205 0.037707 0.393556
v 0.378119 0.037707 0.395066
v 0.371584 0.037707 0.397127
v 0.365645 0.037707 0.399709
v 0.360349 0.037707 0.402780
v 0.355742 0.037707 0.406310
v 0.351870 0.037707 0.410269
v 0.348779 0.037707 0.414626
v 0.346513 0.037707 0.419350
v 0.345121 0.037707 0.424411
v 0.344646 0.037707 0.429779
v 0.345149 0.037707 0.435735
v 0.346649 0.037707 0.441204
v 0.349131 0.037707 0.446179
v 0.352584 0.037707 0.450655
v 0.356994 0.037707 0.454626
v 0.362347 0.037707 0.458086
v 0.368629 0.037707 0.461029
v 0.375828 0.037707 0.463450
v 0.383930 0.037707 0.465343
v 0.392922 0.037707 0.466703
v 0.402790 0.037707 0.467522
v 0.413520 0.037707 0.467797
v 0.423893 0.037707 0.467524
v 0.433504 0.037707 0.466713
v 0.442327 0.037707 0.465378
v 0.450335 0.037707 0.463532
v 0.457501 0.037707 0.461189
v 0.463798 0.037707 0.458361
v 0.469200 0.037707 0.455063
v 0.473680 0.037707 0.451308
v 0.477212 0.037707 0.447109
v 0.479767 0.037707 0.442479
v 0.481320 0.037707 0.437433
v 0.481843 0.037707 0.431982
v 0.480828 0.037707 0.424604
v 0.477948 0.037707 0.418139
v 0.473449 0.037707 0.412534
v 0.467579 0.037707 0.407739
v 0.460583 0.037707 0.403701
v 0.452710 0.037707 0.400369
v 0.444205 0.037707 0.397692
v 0.435315 0.037707 0.395617
v 0.426288 0.037707 0.394093
v 0.417369 0.037707 0.393069
v 0.408807 0.037707 0.392492
v 0.400847 0.037707 0.392311
v 0.244365 0.037707 0.170812
v 0.248926 0.037707 0.175526
v 0.252980 0.037707 0.180054
v 0.256548 0.037707 0.184440
v 0.259650 0.037707 0.188729
v 0.262309 0.037707 0.192965
v 0.264546 0.037707 0.197191
v 0.266380 0.037707 0.201451
v 0.267834 0.037707 0.205790
v 0.268928 0.037707 0.210251
v 0.269683 0.037707 0.214879
v 0.270121 0.037707 0.219717
v 0.270262 0.037707 0.224809
v 0.270028 0.037707 0.229966
v 0.269351 0.037707 0.235207
v 0.268273 0.037707 0.240478
v 0.266834 0.037707 0.245726
v 0.265073 0.037707 0.250898
v 0.263030 0.037707 0.255940
v 0.260747 0.037707 0.260798
v 0.258263 0.037707 0.265419
v 0.255618 0.037707 0.269750
v 0.252852 0.037707 0.273735
v 0.250006 0.037707 0.277323
v 0.247120 0.037707 0.280459
v 0.238202 0.037707 0.288231
v 0.228213 0.037707 0.294145
v 0.217504 0.037707 0.298548
v 0.206428 0.037707 0.301785
v 0.195337 0.037707 0.304204
v 0.184583 0.037707 0.306150
v 0.174517 0.037707 0.307969
v 0.165492 0.037707 0.310009
v 0.157859 0.037707 0.312615
v 0.151972 0.037707 0.316134
v 0.148181 0.037707 0.320911
v 0.146840 0.037707 0.327294
v 0.147378 0.037707 0.330627
v 0.148987 0.037707 0.333755
v 0.151661 0.037707 0.336704
v 0.155390 0.037707 0.339497
v 0.160168 0.037707 0.342161
v 0.165987 0.037707 0.344719
v 0.172838 0.037707 0.347197
v 0.180715 0.037707 0.349619
v 0.189610 0.037707 0.352011
v 0.199516 0.037707 0.354397
v 0.210423 0.037707 0.356802
v 0.222326 0.037707 0.359251
v 0.234847 0.037707 0.362206
v 0.245998 0.037707 0.365807
v 0.255833 0.037707 0.370013
v 0.264405 0.037707 0.374781
v 0.271768 0.037707 0.380070
v 0.277976 0.037707 0.385837
v 0.283081 0.037707 0.392040
v 0.287139 0.037707 0.398637
v 0.290201 0.037707 0.405586
v 0.292322 0.037707 0.412846
v 0.293555 0.037707 0.420373
v 0.293955 0.037707 0.428126
v 0.293056 0.037707 0.439977
v 0.290391 0.037707 0.450989
v 0.286008 0.037707 0.461125
v 0.279955 0.037707 0.470348
v 0.272280 0.037707 0.478622
v 0.263030 0.037707 0.485911
v 0.252254 0.037707 0.492178
v 0.239998 0.037707 0.497387
v 0.226312 0.037707 0.501502
v 0.211242 0.037707 0.504487
v 0.194837 0.037707 0.506304
v 0.177144 0.037707 0.506917
v 0.160895 0.037707 0.506274
v 0.145546 0.037707 0.504390
v 0.131197 0.037707 0.501330
v 0.117943 0.037707 0.497163
v 0.105883 0.037707 0.491955
v 0.095115 0.037707 0.485773
v 0.085736 0.037707 0.478685
v 0.077843 0.037707 0.470756
v 0.071534 0.037707 0.462055
v 0.066907 0.037707 0.452647
v 0.064060 0.037707 0.442601
v 0.063089 0.037707 0.431982
v 0.063493 0.037707 0.423199
v 0.064716 0.037707 0.415022
v 0.066773 0.037707 0.407438
v 0.069680 0.037707 0.400433
v 0.073452 0.037707 0.393995
v 0.078103 0.037707 0.388110
v 0.083650 0.037707 0.382764
v 0.090108 0.037707 0.377944
v 0.097491 0.037707 0.373638
v 0.105816 0.037707 0.369830
v 0.115098 0.037707 0.366508
v 0.125351 0.037707 0.363659
v 0.121275 0.037707 0.361053
v 0.117583 0.037707 0.358463
v 0.114271 0.037707 0.355885
v 0.111331 0.037707 0.353313
v 0.108759 0.037707 0.350741
v 0.106548 0.037707 0.348163
v 0.104693 0.037707 0.345573
v 0.103189 0.037707 0.342966
v 0.102028 0.037707 0.340337
v 0.101207 0.037707 0.337679
v 0.100718 0.037707 0.334986
v 0.100556 0.037707 0.332253
v 0.100873 0.037707 0.328307
v 0.101809 0.037707 0.324475
v 0.103337 0.037707 0.320777
v 0.105434 0.037707 0.317233
v 0.108073 0.037707 0.313866
v 0.111232 0.037707 0.310695
v 0.114884 0.037707 0.307743
v 0.119004 0.037707 0.305030
v 0.123569 0.037707 0.302577
v 0.128552 0.037707 0.300405
v 0.133930 0.037707 0.298535
v 0.139677 0.037707 0.296989
v 0.139677 0.037707 0.295887
v 0.135223 0.037707 0.293901
v 0.130953 0.037707 0.291801
v 0.126866 0.037707 0.289585
v 0.122963 0.037707 0.287255
v 0.119244 0.037707 0.284810
v 0.115709 0.037707 0.282250
v 0.112357 0.037707 0.279576
v 0.109188 0.037707 0.276786
v 0.106204 0.037707 0.273882
v 0.103403 0.037707 0.270863
v 0.100786 0.037707 0.267729
v 0.098352 0.037707 0.264481
v 0.096240 0.037707 0.261255
v 0.094312 0.037707 0.257915
v 0.092567 0.037707 0.254459
v 0.091006 0.037707 0.250889
v 0.089628 0.037707 0.247205
v 0.088434 0.037707 0.243405
v 0.087424 0.037707 0.239491
v 0.086598 0.037707 0.235462
v 0.085955 0.037707 0.231318
v 0.085496 0.037707 0.227059
v 0.085220 0.037707 0.222686
v 0.085128 0.037707 0.218197
v 0.085980 0.037707 0.205405
v 0.088498 0.037707 0.193505
v 0.092627 0.037707 0.182538
v 0.098311 0.037707 0.172546
v 0.105496 0.037707 0.163573
v 0.114124 0.037707 0.155660
v 0.124142 0.037707 0.148848
v 0.135493 0.037707 0.143181
v 0.148122 0.037707 0.138699
v 0.161974 0.037707 0.135446
v 0.176993 0.037707 0.133464
v 0.193123 0.037707 0.132793
v 0.295057 0.037707 0.132793
v 0.295057 0.037707 0.170812
v 0.171610 0.037707 0.175635
v 0.165239 0.037707 0.176842
v 0.159194 0.037707 0.178784
v 0.153533 0.037707 0.181403
v 0.148316 0.037707 0.184642
v 0.143603 0.037707 0.188444
v 0.139451 0.037707 0.192750
v 0.135922 0.037707 0.197504
v 0.133073 0.037707 0.202649
v 0.130965 0.037707 0.208126
v 0.129657 0.037707 0.213879
v 0.129208 0.037707 0.219850
v 0.129615 0.037707 0.226411
v 0.130815 0.037707 0.232572
v 0.132772 0.037707 0.238300
v 0.135452 0.037707 0.243563
v 0.138822 0.037707 0.248329
v 0.142845 0.037707 0.252565
v 0.147488 0.037707 0.256239
v 0.152717 0.037707 0.259318
v 0.158497 0.037707 0.261769
v 0.164793 0.037707 0.263560
v 0.171571 0.037707 0.264658
v 0.178797 0.037707 0.265032
v 0.185517 0.037707 0.264637
v 0.191873 0.037707 0.263478
v 0.197824 0.037707 0.261597
v 0.203327 0.037707 0.259032
v 0.208340 0.037707 0.255825
v 0.212821 0.037707 0.252014
v 0.216728 0.037707 0.247642
v 0.220020 0.037707 0.242747
v 0.222653 0.037707 0.237370
v 0.224586 0.037707 0.231551
v 0.225776 0.037707 0.225331
v 0.226183 0.037707 0.218748
v 0.225734 0.037707 0.212915
v 0.224430 0.037707 0.207297
v 0.222334 0.037707 0.201952
v 0.219509 0.037707 0.196933
v 0.216019 0.037707 0.192297
v 0.211926 0.037707 0.188099
v 0.207293 0.037707 0.184395
v 0.202184 0.037707 0.181240
v 0.196661 0.037707 0.178689
v 0.190789 0.037707 0.176799
v 0.184629 0.037707 0.175624
v 0.178246 0.037707 0.175220
v 0.157523 0.037707 0.392627
v 0.149931 0.037707 0.393556
v 0.142845 0.037707 0.395066
v 0.136310 0.037707 0.397127
v 0.130371 0.037707 0.399709
v 0.125075 0.037707 0.402780
v 0.120468 0.037707 0.406310
v 0.116596 0.037707 0.410269
v 0.113505 0.037707 0.414626
v 0.111239 0.037707 0.419350
v 0.109847 0.037707 0.424411
v 0.109372 0.037707 0.429779
v 0.109875 0.037707 0.435735
v 0.111375 0.037707 0.441204
v 0.113858 0.037707 0.446179
v 0.117310 0.037707 0.450655
v 0.121720 0.037707 0.454626
v 0.127073 0.037707 0.458086
v 0.133355 0.037707 0.461029
v 0.140554 0.037707 0.463450
v 0.148656 0.037707 0.465343
v 0.157648 0.037707 0.466703
v 0.167516 0.037707 0.467522
v 0.178246 0.037707 0.467797
v 0.188619 0.037707 0.467524
v 0.198230 0.037707 0.466713
v 0.207053 0.037707 0.465378
v 0.215061 0.037707 0.463532
v 0.222227 0.037707 0.461189
v 0.228524 0.037707 0.458361
v 0.233926 0.037707 0.455063
v 0.238406 0.037707 0.451308
v 0.241938 0.037707 0.447109
v 0.244493 0.037707 0.442479
v 0.246046 0.037707 0.437433
v 0.246569 0.037707 0.431982
v 0.245554 0.037707 0.424604
v 0.242674 0.037707 0.418139
v 0.238175 0.037707 0.412534
v 0.232305 0.037707 0.407739
v 0.225309 0.037707 0.403701
v 0.217436 0.037707 0.400369
v 0.208931 0.037707 0.397692
v 0.200041 0.037707 0.395617
v 0.191014 0.037707 0.394093
v 0.182095 0.037707 0.393069
v 0.173533 0.037707 0.392492
v 0.165573 0.037707 0.392311
v -0.020662 0.037707 0.348783
v -0.025924 0.037707 0.354128
v -0.031486 0.037707 0.359129
v -0.037304 0.037707 0.363763
v -0.043335 0.037707 0.368006
v -0.049534 0.037707 0.371836
v -0.055857 0.037707 0.375230
v -0.062261 0.037707 0.378165
v -0.068701 0.037707 0.380618
v -0.075133 0.037707 0.382565
v -0.081514 0.037707 0.383985
v -0.087799 0.037707 0.384853
v -0.093944 0.037707 0.385148
v -0.106158 0.037707 0.384407
v -0.117680 0.037707 0.382204
v -0.128442 0.037707 0.378571
v -0.138371 0.037707 0.373536
v -0.147397 0.037707 0.367132
v -0.155449 0.037707 0.359389
v -0.162456 0.037707 0.350337
v -0.168349 0.037707 0.340008
v -0.173055 0.037707 0.328430
v -0.176504 0.037707 0.315636
v -0.178625 0.037707 0.301656
v -0.179348 0.037707 0.286520
v -0.179348 0.037707 0.132793
v -0.130310 0.037707 0.132793
v -0.130310 0.037707 0.289826
v -0.129954 0.037707 0.298192
v -0.128889 0.037707 0.305920
v -0.127116 0.037707 0.312994
v -0.124637 0.037707 0.319396
v -0.121453 0.037707 0.325110
v -0.117568 0.037707 0.330118
v -0.112983 0.037707 0.334402
v -0.107699 0.037707 0.337946
v -0.101718 0.037707 0.340733
v -0.095044 0.037707 0.342745
v -0.087676 0.037707 0.343964
v -0.079618 0.037707 0.344375
v -0.074134 0.037707 0.344123
v -0.068708 0.037707 0.343372
v -0.063356 0.037707 0.342128
v -0.058089 0.037707 0.340395
v -0.052922 0.037707 0.338181
v -0.047867 0.037707 0.335490
v -0.042939 0.037707 0.332328
v -0.038151 0.037707 0.328702
v -0.033516 0.037707 0.324616
v -0.029047 0.037707 0.320077
v -0.024758 0.037707 0.315091
v -0.020662 0.037707 0.309662
v -0.020662 0.037707 0.132793
v 0.028376 0.037707 0.132793
v 0.028376 0.037707 0.380189
v -0.020662 0.037707 0.380189
v -0.400972 0.037707 0.146740
v -0.395557 0.037707 0.143395
v -0.390103 0.037707 0.140387
v -0.384603 0.037707 0.137711
v -0.379050 0.037707 0.135365
v -0.373435 0.037707 0.133344
v -0.367752 0.037707 0.131645
v -0.361992 0.037707 0.130263
v -0.356148 0.037707 0.129195
v -0.350212 0.037707 0.128436
v -0.344177 0.037707 0.127984
v -0.338034 0.037707 0.127834
v -0.322967 0.037707 0.128905
v -0.308689 0.037707 0.132041
v -0.295298 0.037707 0.137124
v -0.282894 0.037707 0.144038
v -0.271577 0.037707 0.152666
v -0.261446 0.037707 0.162891
v -0.252601 0.037707 0.174598
v -0.245141 0.037707 0.187668
v -0.239165 0.037707 0.201986
v -0.234774 0.037707 0.217435
v -0.232066 0.037707 0.233897
v -0.231141 0.037707 0.251257
v -0.232165 0.037707 0.271485
v -0.235197 0.037707 0.290255
v -0.240181 0.037707 0.307510
v -0.247059 0.037707 0.323192
v -0.255774 0.037707 0.337244
v -0.266267 0.037707 0.349609
v -0.278483 0.037707 0.360229
v -0.292363 0.037707 0.369047
v -0.307850 0.037707 0.376005
v -0.324887 0.037707 0.381046
v -0.343416 0.037707 0.384113
v -0.363380 0.037707 0.385148
v -0.371556 0.037707 0.385000
v -0.379800 0.037707 0.384564
v -0.388062 0.037707 0.383848
v -0.396296 0.037707 0.382862
v -0.404454 0.037707 0.381617
v -0.412487 0.037707 0.380120
v -0.420348 0.037707 0.378383
v -0.427989 0.037707 0.376414
v -0.435362 0.037707 0.374223
v -0.442419 0.037707 0.371820
v -0.449113 0.037707 0.369214
v -0.455396 0.037707 0.366414
v -0.455396 0.037707 0.004412
v -0.406357 0.037707 0.004412
v -0.406357 0.037707 0.150425
v -0.402646 0.037707 0.332229
v -0.398705 0.037707 0.333253
v -0.394580 0.037707 0.334216
v -0.390317 0.037707 0.335110
v -0.385963 0.037707 0.335927
v -0.381563 0.037707 0.336661
v -0.377162 0.037707 0.337302
v -0.372808 0.037707 0.337844
v -0.368545 0.037707 0.338279
v -0.364421 0.037707 0.338599
v -0.360479 0.037707 0.338797
v -0.356768 0.037707 0.338865
v -0.346023 0.037707 0.338176
v -0.335871 0.037707 0.336158
v -0.326377 0.037707 0.332881
v -0.317607 0.037707 0.328416
v -0.309624 0.037707 0.322834
v -0.302495 0.037707 0.316205
v -0.296284 0.037707 0.308601
v -0.291057 0.037707 0.300091
v -0.286878 0.037707 0.290747
v -0.283812 0.037707 0.280641
v -0.281925 0.037707 0.269841
v -0.281282 0.037707 0.258420
v -0.281848 0.037707 0.245722
v -0.283514 0.037707 0.233837
v -0.286232 0.037707 0.222820
v -0.289955 0.037707 0.212728
v -0.294634 0.037707 0.203615
v -0.300222 0.037707 0.195538
v -0.306671 0.037707 0.188550
v -0.313933 0.037707 0.182709
v -0.321961 0.037707 0.178069
v -0.330705 0.037707 0.174687
v -0.340120 0.037707 0.172616
v -0.350156 0.037707 0.171914
v -0.355145 0.037707 0.172055
v -0.359944 0.037707 0.172490
v -0.364594 0.037707 0.173240
v -0.369135 0.037707 0.174322
v -0.373607 0.037707 0.175756
v -0.378050 0.037707 0.177562
v -0.382505 0.037707 0.179757
v -0.387011 0.037707 0.182362
v -0.391610 0.037707 0.185396
v -0.396340 0.037707 0.188877
v -0.401242 0.037707 0.192825
v -0.406357 0.037707 0.197260
v -0.406357 0.037707 0.331151
v -0.517886 0.037707 0.360687
v -0.525224 0.037707 0.364996
v -0.532569 0.037707 0.368877
v -0.539983 0.037707 0.372332
v -0.547528 0.037707 0.375367
v -0.555263 0.037707 0.377985
v -0.563251 0.037707 0.380190
v -0.571553 0.037707 0.381985
v -0.580230 0.037707 0.383375
v -0.589343 0.037707 0.384362
v -0.598953 0.037707 0.384952
v -0.609123 0.037707 0.385148
v -0.627690 0.037707 0.383862
v -0.644804 0.037707 0.380138
v -0.660434 0.037707 0.374180
v -0.674548 0.037707 0.366190
v -0.687116 0.037707 0.356371
v -0.698108 0.037707 0.344926
v -0.707493 0.037707 0.332057
v -0.715240 0.037707 0.317968
v -0.721318 0.037707 0.302861
v -0.725698 0.037707 0.286939
v -0.728349 0.037707 0.270404
v -0.729239 0.037707 0.253461
v -0.728267 0.037707 0.235247
v -0.725413 0.037707 0.218136
v -0.720768 0.037707 0.202218
v -0.714423 0.037707 0.187587
v -0.706472 0.037707 0.174332
v -0.697006 0.037707 0.162547
v -0.686116 0.037707 0.152323
v -0.673895 0.037707 0.143752
v -0.660434 0.037707 0.136926
v -0.645825 0.037707 0.131936
v -0.630160 0.037707 0.128875
v -0.613531 0.037707 0.127834
v -0.597643 0.037707 0.128765
v -0.582805 0.037707 0.131564
v -0.569081 0.037707 0.136237
v -0.556533 0.037707 0.142793
v -0.545226 0.037707 0.151239
v -0.535221 0.037707 0.161583
v -0.526582 0.037707 0.173832
v -0.519372 0.037707 0.187995
v -0.513655 0.037707 0.204078
v -0.509492 0.037707 0.222090
v -0.506949 0.037707 0.242038
v -0.506087 0.037707 0.263930
v -0.680201 0.037707 0.263930
v -0.677848 0.037707 0.275695
v -0.674650 0.037707 0.286467
v -0.670610 0.037707 0.296240
v -0.665732 0.037707 0.305009
v -0.660020 0.037707 0.312768
v -0.653478 0.037707 0.319511
v -0.646109 0.037707 0.325232
v -0.637917 0.037707 0.329926
v -0.628907 0.037707 0.333587
v -0.619081 0.037707 0.336209
v -0.608445 0.037707 0.337787
v -0.597001 0.037707 0.338314
v -0.589596 0.037707 0.338086
v -0.582252 0.037707 0.337411
v -0.574961 0.037707 0.336299
v -0.567717 0.037707 0.334763
v -0.560510 0.037707 0.332813
v -0.553335 0.037707 0.330462
v -0.546182 0.037707 0.327720
v -0.539044 0.037707 0.324600
v -0.531915 0.037707 0.321112
v -0.524785 0.037707 0.317269
v -0.517648 0.037707 0.313081
v -0.510495 0.037707 0.308560
v -0.510495 0.037707 0.355945
v -0.555397 0.037707 0.222347
v -0.557023 0.037707 0.213881
v -0.559430 0.037707 0.206058
v -0.562594 0.037707 0.198912
v -0.566493 0.037707 0.192478
v -0.571104 0.037707 0.186791
v -0.576404 0.037707 0.181883
v -0.582369 0.037707 0.177791
v -0.588977 0.037707 0.174548
v -0.596205 0.037707 0.172189
v -0.604030 0.037707 0.170749
v -0.612429 0.037707 0.170261
v -0.621485 0.037707 0.170717
v -0.629918 0.037707 0.172074
v -0.637723 0.037707 0.174316
v -0.644896 0.037707 0.177424
v -0.651435 0.037707 0.181381
v -0.657335 0.037707 0.186171
v -0.662591 0.037707 0.191775
v -0.667201 0.037707 0.198178
v -0.671161 0.037707 0.205361
v -0.674466 0.037707 0.213307
v -0.677114 0.037707 0.222000
v -0.679099 0.037707 0.231421
v -0.554574 0.037707 0.231421
v -0.977186 0.037707 0.004412
v -0.944082 0.037707 0.006415
v -0.914158 0.037707 0.012169
v -0.887357 0.037707 0.021295
v -0.863620 0.037707 0.033411
v -0.842891 0.037707 0.048136
v -0.825112 0.037707 0.065090
v -0.810225 0.037707 0.083892
v -0.798174 0.037707 0.104162
v -0.788901 0.037707 0.125519
v -0.782349 0.037707 0.147581
v -0.778459 0.037707 0.169968
v -0.777175 0.037707 0.192301
v -0.778732 0.037707 0.216253
v -0.783341 0.037707 0.239699
v -0.790907 0.037707 0.262337
v -0.801337 0.037707 0.283867
v -0.814538 0.037707 0.303990
v -0.830415 0.037707 0.322404
v -0.848875 0.037707 0.338809
v -0.869824 0.037707 0.352905
v -0.893168 0.037707 0.364391
v -0.918814 0.037707 0.372968
v -0.946667 0.037707 0.378334
v -0.976635 0.037707 0.380189
v -1.123199 0.037707 0.380189
v -1.123199 0.037707 0.004412
v -0.983247 0.037707 0.331702
v -0.954591 0.037707 0.329843
v -0.929632 0.037707 0.324590
v -0.908139 0.037707 0.316429
v -0.889884 0.037707 0.305846
v -0.874636 0.037707 0.293327
v -0.862166 0.037707 0.279357
v -0.852244 0.037707 0.264424
v -0.844641 0.037707 0.249012
v -0.839128 0.037707 0.233608
v -0.835473 0.037707 0.218697
v -0.833449 0.037707 0.204766
v -0.832826 0.037707 0.192301
v -0.833830 0.037707 0.173700
v -0.836864 0.037707 0.155764
v -0.841960 0.037707 0.138673
v -0.849151 0.037707 0.122610
v -0.858470 0.037707 0.107756
v -0.869949 0.037707 0.094293
v -0.883620 0.037707 0.082402
v -0.899516 0.037707 0.072266
v -0.917670 0.037707 0.064066
v -0.938114 0.037707 0.057983
v -0.960880 0.037707 0.054201
v -0.986002 0.037707 0.052899
v -1.069202 0.037707 0.052899
v -1.069202 0.037707 0.331702
v 0.693196 0.037707 -0.190306
v 0.685858 0.037707 -0.185997
v 0.678513 0.037707 -0.182116
v 0.671099 0.037707 -0.178660
v 0.663555 0.037707 -0.175626
v 0.655819 0.037707 -0.173008
v 0.647831 0.037707 -0.170803
v 0.639529 0.037707 -0.169008
v 0.630852 0.037707 -0.167618
v 0.621739 0.037707 -0.166630
v 0.612129 0.037707 -0.166041
v 0.601960 0.037707 -0.165845
v 0.583392 0.037707 -0.167131
v 0.566278 0.037707 -0.170855
v 0.550649 0.037707 -0.176813
v 0.536534 0.037707 -0.184803
v 0.523966 0.037707 -0.194622
v 0.512974 0.037707 -0.206067
v 0.503590 0.037707 -0.218936
v 0.495843 0.037707 -0.233025
v 0.489764 0.037707 -0.248132
v 0.485384 0.037707 -0.264054
v 0.482734 0.037707 -0.280588
v 0.481843 0.037707 -0.297532
v 0.482815 0.037707 -0.315745
v 0.485670 0.037707 -0.332857
v 0.490315 0.037707 -0.348774
v 0.496659 0.037707 -0.363406
v 0.504610 0.037707 -0.376661
v 0.514076 0.037707 -0.388446
v 0.524966 0.037707 -0.398670
v 0.537187 0.037707 -0.407241
v 0.550649 0.037707 -0.414067
v 0.565257 0.037707 -0.419057
v 0.580922 0.037707 -0.422118
v 0.597552 0.037707 -0.423158
v 0.613440 0.037707 -0.422227
v 0.628277 0.037707 -0.419429
v 0.642002 0.037707 -0.414756
v 0.654549 0.037707 -0.408200
v 0.665857 0.037707 -0.399754
v 0.675862 0.037707 -0.389410
v 0.684501 0.037707 -0.377161
v 0.691710 0.037707 -0.362998
v 0.697428 0.037707 -0.346915
v 0.701590 0.037707 -0.328903
v 0.704133 0.037707 -0.308955
v 0.704995 0.037707 -0.287063
v 0.530882 0.037707 -0.287063
v 0.533234 0.037707 -0.275298
v 0.536432 0.037707 -0.264526
v 0.540472 0.037707 -0.254753
v 0.545350 0.037707 -0.245984
v 0.551062 0.037707 -0.238225
v 0.557605 0.037707 -0.231482
v 0.564974 0.037707 -0.225760
v 0.573165 0.037707 -0.221066
v 0.582176 0.037707 -0.217406
v 0.592001 0.037707 -0.214784
v 0.602638 0.037707 -0.213206
v 0.614082 0.037707 -0.212679
v 0.621487 0.037707 -0.212907
v 0.628831 0.037707 -0.213582
v 0.636121 0.037707 -0.214694
v 0.643366 0.037707 -0.216230
v 0.650572 0.037707 -0.218180
v 0.657748 0.037707 -0.220531
v 0.664900 0.037707 -0.223272
v 0.672038 0.037707 -0.226393
v 0.679168 0.037707 -0.229880
v 0.686297 0.037707 -0.233724
v 0.693435 0.037707 -0.237912
v 0.700587 0.037707 -0.242433
v 0.700587 0.037707 -0.195047
v 0.655685 0.037707 -0.328646
v 0.654059 0.037707 -0.337112
v 0.651652 0.037707 -0.344935
v 0.648488 0.037707 -0.352080
v 0.644589 0.037707 -0.358514
v 0.639978 0.037707 -0.364202
v 0.634679 0.037707 -0.369109
v 0.628713 0.037707 -0.373202
v 0.622105 0.037707 -0.376445
v 0.614877 0.037707 -0.378803
v 0.607053 0.037707 -0.380244
v 0.598654 0.037707 -0.380732
v 0.589598 0.037707 -0.380276
v 0.581165 0.037707 -0.378918
v 0.573360 0.037707 -0.376677
v 0.566186 0.037707 -0.373569
v 0.559647 0.037707 -0.369612
v 0.553748 0.037707 -0.364822
v 0.548491 0.037707 -0.359217
v 0.543881 0.037707 -0.352815
v 0.539921 0.037707 -0.345632
v 0.536616 0.037707 -0.337686
v 0.533969 0.037707 -0.328993
v 0.531984 0.037707 -0.319572
v 0.656508 0.037707 -0.319572
v 0.374400 0.037707 -0.170804
v 0.374400 0.037707 -0.546581
v 0.423438 0.037707 -0.546581
v 0.423438 0.037707 -0.170804
v 0.150021 0.037707 -0.404253
v 0.155436 0.037707 -0.407598
v 0.160890 0.037707 -0.410606
v 0.166390 0.037707 -0.413281
v 0.171943 0.037707 -0.415628
v 0.177557 0.037707 -0.417648
v 0.183241 0.037707 -0.419348
v 0.189001 0.037707 -0.420730
v 0.194845 0.037707 -0.421798
v 0.200781 0.037707 -0.422556
v 0.206816 0.037707 -0.423009
v 0.212959 0.037707 -0.423158
v 0.228026 0.037707 -0.422087
v 0.242304 0.037707 -0.418952
v 0.255695 0.037707 -0.413869
v 0.268099 0.037707 -0.406955
v 0.279416 0.037707 -0.398327
v 0.289547 0.037707 -0.388102
v 0.298392 0.037707 -0.376395
v 0.305852 0.037707 -0.363325
v 0.311827 0.037707 -0.349007
v 0.316219 0.037707 -0.333558
v 0.318927 0.037707 -0.317096
v 0.319851 0.037707 -0.299736
v 0.318828 0.037707 -0.279508
v 0.315795 0.037707 -0.260738
v 0.310812 0.037707 -0.243483
v 0.303934 0.037707 -0.227801
v 0.295219 0.037707 -0.213749
v 0.284726 0.037707 -0.201384
v 0.272510 0.037707 -0.190764
v 0.258630 0.037707 -0.181946
v 0.243143 0.037707 -0.174988
v 0.226106 0.037707 -0.169947
v 0.207577 0.037707 -0.166880
v 0.187613 0.037707 -0.165845
v 0.179437 0.037707 -0.165992
v 0.171193 0.037707 -0.166429
v 0.162930 0.037707 -0.167145
v 0.154696 0.037707 -0.168130
v 0.146539 0.037707 -0.169376
v 0.138506 0.037707 -0.170873
v 0.130645 0.037707 -0.172610
v 0.123004 0.037707 -0.174579
v 0.115631 0.037707 -0.176770
v 0.108574 0.037707 -0.179173
v 0.101880 0.037707 -0.181779
v 0.095597 0.037707 -0.184579
v 0.095597 0.037707 -0.546581
v 0.144636 0.037707 -0.546581
v 0.144636 0.037707 -0.400568
v 0.148347 0.037707 -0.218764
v 0.152288 0.037707 -0.217740
v 0.156413 0.037707 -0.216777
v 0.160676 0.037707 -0.215883
v 0.165030 0.037707 -0.215066
v 0.169430 0.037707 -0.214332
v 0.173831 0.037707 -0.213691
v 0.178185 0.037707 -0.213149
v 0.182447 0.037707 -0.212714
v 0.186572 0.037707 -0.212393
v 0.190513 0.037707 -0.212196
v 0.194225 0.037707 -0.212128
v 0.204970 0.037707 -0.212817
v 0.215122 0.037707 -0.214835
v 0.224616 0.037707 -0.218112
v 0.233386 0.037707 -0.222577
v 0.241369 0.037707 -0.228159
v 0.248498 0.037707 -0.234788
v 0.254709 0.037707 -0.242392
v 0.259936 0.037707 -0.250902
v 0.264115 0.037707 -0.260245
v 0.267180 0.037707 -0.270352
v 0.269067 0.037707 -0.281152
v 0.269711 0.037707 -0.292573
v 0.269145 0.037707 -0.305271
v 0.267479 0.037707 -0.317156
v 0.264761 0.037707 -0.328172
v 0.261038 0.037707 -0.338265
v 0.256359 0.037707 -0.347377
v 0.250771 0.037707 -0.355455
v 0.244322 0.037707 -0.362442
v 0.237060 0.037707 -0.368284
v 0.229032 0.037707 -0.372923
v 0.220287 0.037707 -0.376306
v 0.210873 0.037707 -0.378377
v 0.200837 0.037707 -0.379079
v 0.195848 0.037707 -0.378938
v 0.191049 0.037707 -0.378503
v 0.186399 0.037707 -0.377753
v 0.181858 0.037707 -0.376671
v 0.177386 0.037707 -0.375237
v 0.172943 0.037707 -0.373431
v 0.168488 0.037707 -0.371236
v 0.163982 0.037707 -0.368631
v 0.159383 0.037707 -0.365597
v 0.154653 0.037707 -0.362116
v 0.149750 0.037707 -0.358167
v 0.144636 0.037707 -0.353733
v 0.144636 0.037707 -0.219842
v 0.048889 0.037707 -0.181625
v 0.043990 0.037707 -0.178535
v 0.039508 0.037707 -0.175840
v 0.035376 0.037707 -0.173518
v 0.031527 0.037707 -0.171548
v 0.027894 0.037707 -0.169908
v 0.024410 0.037707 -0.168579
v 0.021009 0.037707 -0.167539
v 0.017623 0.037707 -0.166766
v 0.014185 0.037707 -0.166240
v 0.010629 0.037707 -0.165940
v 0.006887 0.037707 -0.165845
v 0.001720 0.037707 -0.166007
v -0.003043 0.037707 -0.166498
v -0.007413 0.037707 -0.167326
v -0.011397 0.037707 -0.168498
v -0.015007 0.037707 -0.170022
v -0.018252 0.037707 -0.171906
v -0.021140 0.037707 -0.174157
v -0.023683 0.037707 -0.176783
v -0.025888 0.037707 -0.179792
v -0.027767 0.037707 -0.183191
v -0.029327 0.037707 -0.186988
v -0.030580 0.037707 -0.191190
v -0.035975 0.037707 -0.187104
v -0.041411 0.037707 -0.183382
v -0.046886 0.037707 -0.180024
v -0.052395 0.037707 -0.177028
v -0.057935 0.037707 -0.174391
v -0.063502 0.037707 -0.172112
v -0.069092 0.037707 -0.170189
v -0.074700 0.037707 -0.168620
v -0.080324 0.037707 -0.167403
v -0.085960 0.037707 -0.166536
v -0.091603 0.037707 -0.166017
v -0.097250 0.037707 -0.165845
v -0.106082 0.037707 -0.166427
v -0.114367 0.037707 -0.168115
v -0.122062 0.037707 -0.170821
v -0.129126 0.037707 -0.174457
v -0.135517 0.037707 -0.178934
v -0.141192 0.037707 -0.184165
v -0.146109 0.037707 -0.190062
v -0.150227 0.037707 -0.196537
v -0.153503 0.037707 -0.203502
v -0.155895 0.037707 -0.210868
v -0.157361 0.037707 -0.218548
v -0.157860 0.037707 -0.226454
v -0.156958 0.037707 -0.238021
v -0.154370 0.037707 -0.248282
v -0.150266 0.037707 -0.257353
v -0.144819 0.037707 -0.265350
v -0.138202 0.037707 -0.272391
v -0.130585 0.037707 -0.278592
v -0.122143 0.037707 -0.284069
v -0.113045 0.037707 -0.288941
v -0.103466 0.037707 -0.293322
v -0.093577 0.037707 -0.297331
v -0.083550 0.037707 -0.301083
v -0.073558 0.037707 -0.304695
v -0.030029 0.037707 -0.320123
v -0.030029 0.037707 -0.333347
v -0.030339 0.037707 -0.340685
v -0.031269 0.037707 -0.347285
v -0.032819 0.037707 -0.353165
v -0.034988 0.037707 -0.358345
v -0.037778 0.037707 -0.362844
v -0.041187 0.037707 -0.366682
v -0.045216 0.037707 -0.369876
v -0.049865 0.037707 -0.372447
v -0.055134 0.037707 -0.374413
v -0.061023 0.037707 -0.375793
v -0.067531 0.037707 -0.376608
v -0.074660 0.037707 -0.376875
v -0.081418 0.037707 -0.376609
v -0.088184 0.037707 -0.375806
v -0.094943 0.037707 -0.374456
v -0.101679 0.037707 -0.372549
v -0.108376 0.037707 -0.370075
v -0.115020 0.037707 -0.367026
v -0.121595 0.037707 -0.363391
v -0.128085 0.037707 -0.359162
v -0.134477 0.037707 -0.354327
v -0.140753 0.037707 -0.348879
v -0.146900 0.037707 -0.342807
v -0.152901 0.037707 -0.336102
v -0.152901 0.037707 -0.389548
v -0.147918 0.037707 -0.394955
v -0.142610 0.037707 -0.399882
v -0.136973 0.037707 -0.404330
v -0.131004 0.037707 -0.408302
v -0.124697 0.037707 -0.411800
v -0.118050 0.037707 -0.414825
v -0.111059 0.037707 -0.417379
v -0.103719 0.037707 -0.419465
v -0.096028 0.037707 -0.421084
v -0.087980 0.037707 -0.422238
v -0.079573 0.037707 -0.422929
v -0.070803 0.037707 -0.423158
v -0.058503 0.037707 -0.422627
v -0.046740 0.037707 -0.421021
v -0.035617 0.037707 -0.418320
v -0.025233 0.037707 -0.414506
v -0.015692 0.037707 -0.409559
v -0.007094 0.037707 -0.403460
v 0.000459 0.037707 -0.396191
v 0.006867 0.037707 -0.387732
v 0.012027 0.037707 -0.378063
v 0.015838 0.037707 -0.367166
v 0.018200 0.037707 -0.355022
v 0.019009 0.037707 -0.341611
v 0.019009 0.037707 -0.214332
v 0.019078 0.037707 -0.212115
v 0.019282 0.037707 -0.210141
v 0.019620 0.037707 -0.208400
v 0.020091 0.037707 -0.206884
v 0.020691 0.037707 -0.205581
v 0.021420 0.037707 -0.204483
v 0.022275 0.037707 -0.203580
v 0.023254 0.037707 -0.202863
v 0.024356 0.037707 -0.202322
v 0.025578 0.037707 -0.201948
v 0.026919 0.037707 -0.201730
v 0.028376 0.037707 -0.201659
v 0.029717 0.037707 -0.201762
v 0.031251 0.037707 -0.202065
v 0.032965 0.037707 -0.202563
v 0.034845 0.037707 -0.203251
v 0.036879 0.037707 -0.204123
v 0.039052 0.037707 -0.205172
v 0.041351 0.037707 -0.206393
v 0.043763 0.037707 -0.207781
v 0.046275 0.037707 -0.209330
v 0.048873 0.037707 -0.211034
v 0.051543 0.037707 -0.212887
v 0.054273 0.037707 -0.214883
v 0.054273 0.037707 -0.185130
v -0.040365 0.037707 -0.289534
v -0.050365 0.037707 -0.285892
v -0.059921 0.037707 -0.282147
v -0.068925 0.037707 -0.278247
v -0.077272 0.037707 -0.274141
v -0.084853 0.037707 -0.269776
v -0.091562 0.037707 -0.265101
v -0.097291 0.037707 -0.260065
v -0.101934 0.037707 -0.254615
v -0.105383 0.037707 -0.248700
v -0.107530 0.037707 -0.242269
v -0.108270 0.037707 -0.235270
v -0.107966 0.037707 -0.230304
v -0.107074 0.037707 -0.225620
v -0.105627 0.037707 -0.221245
v -0.103658 0.037707 -0.217210
v -0.101199 0.037707 -0.213541
v -0.098283 0.037707 -0.210269
v -0.094943 0.037707 -0.207421
v -0.091210 0.037707 -0.205026
v -0.087117 0.037707 -0.203114
v -0.082697 0.037707 -0.201713
v -0.077983 0.037707 -0.200851
v -0.073007 0.037707 -0.200557
v -0.069173 0.037707 -0.200716
v -0.065385 0.037707 -0.201187
v -0.061642 0.037707 -0.201961
v -0.057946 0.037707 -0.203027
v -0.054296 0.037707 -0.204376
v -0.050691 0.037707 -0.205998
v -0.047133 0.037707 -0.207885
v -0.043620 0.037707 -0.210026
v -0.040154 0.037707 -0.212412
v -0.036733 0.037707 -0.215034
v -0.033358 0.037707 -0.217881
v -0.030029 0.037707 -0.220944
v -0.030029 0.037707 -0.293124
v -0.363931 0.037707 -0.385691
v -0.359069 0.037707 -0.391405
v -0.353870 0.037707 -0.396693
v -0.348365 0.037707 -0.401541
v -0.342585 0.037707 -0.405935
v -0.336560 0.037707 -0.409862
v -0.330320 0.037707 -0.413309
v -0.323897 0.037707 -0.416263
v -0.317321 0.037707 -0.418710
v -0.310622 0.037707 -0.420636
v -0.303832 0.037707 -0.422028
v -0.296980 0.037707 -0.422874
v -0.290098 0.037707 -0.423158
v -0.278601 0.037707 -0.422490
v -0.267591 0.037707 -0.420477
v -0.257167 0.037707 -0.417106
v -0.247426 0.037707 -0.412363
v -0.238466 0.037707 -0.406235
v -0.230384 0.037707 -0.398708
v -0.223277 0.037707 -0.389769
v -0.217244 0.037707 -0.379405
v -0.212382 0.037707 -0.367603
v -0.208788 0.037707 -0.354348
v -0.206560 0.037707 -0.339628
v -0.205796 0.037707 -0.323429
v -0.205796 0.037707 -0.170804
v -0.254834 0.037707 -0.170804
v -0.254834 0.037707 -0.323980
v -0.255220 0.037707 -0.332801
v -0.256360 0.037707 -0.341055
v -0.258226 0.037707 -0.348706
v -0.260793 0.037707 -0.355713
v -0.264033 0.037707 -0.362039
v -0.267920 0.037707 -0.367646
v -0.272427 0.037707 -0.372495
v -0.277527 0.037707 -0.376549
v -0.283193 0.037707 -0.379768
v -0.289399 0.037707 -0.382115
v -0.296117 0.037707 -0.383551
v -0.303322 0.037707 -0.384038
v -0.308608 0.037707 -0.383828
v -0.313747 0.037707 -0.383183
v -0.318775 0.037707 -0.382084
v -0.323729 0.037707 -0.380508
v -0.328644 0.037707 -0.378434
v -0.333557 0.037707 -0.375842
v -0.338505 0.037707 -0.372710
v -0.343524 0.037707 -0.369018
v -0.348649 0.037707 -0.364745
v -0.353919 0.037707 -0.359868
v -0.359368 0.037707 -0.354368
v -0.365033 0.037707 -0.348223
v -0.365033 0.037707 -0.170804
v -0.414071 0.037707 -0.170804
v -0.414071 0.037707 -0.418199
v -0.365033 0.037707 -0.418199
v -0.365033 0.037707 -0.385691
v -0.627856 0.037707 -0.498093
v -0.627856 0.037707 -0.384589
v -0.474129 0.037707 -0.384589
v -0.474129 0.037707 -0.336102
v -0.627856 0.037707 -0.336102
v -0.627856 0.037707 -0.219291
v -0.463661 0.037707 -0.219291
v -0.463661 0.037707 -0.170804
v -0.681854 0.037707 -0.170804
v -0.681854 0.037707 -0.546581
v -0.468619 0.037707 -0.546581
v -0.468619 0.037707 -0.498093
v 1.111077 -0.037707 0.170812
v 1.115638 -0.037707 0.175526
v 1.119691 -0.037707 0.180054
v 1.123259 -0.037707 0.184440
v 1.126362 -0.037707 0.188729
v 1.129021 -0.037707 0.192965
v 1.131257 -0.037707 0.197191
v 1.133092 -0.037707 0.201451
v 1.134545 -0.037707 0.205790
v 1.135639 -0.037707 0.210251
v 1.136395 -0.037707 0.214879
v 1.136833 -0.037707 0.219717
v 1.136974 -0.037707 0.224809
v 1.136740 -0.037707 0.229966
v 1.136063 -0.037707 0.235207
v 1.134985 -0.037707 0.240478
v 1.133546 -0.037707 0.245726
v 1.131785 -0.037707 0.250898
v 1.129742 -0.037707 0.255940
v 1.127459 -0.037707 0.260798
v 1.124974 -0.037707 0.265419
v 1.122330 -0.037707 0.269750
v 1.119564 -0.037707 0.273735
v 1.116718 -0.037707 0.277323
v 1.113832 -0.037707 0.280459
v 1.104914 -0.037707 0.288231
v 1.094925 -0.037707 0.294145
v 1.084216 -0.037707 0.298548
v 1.073140 -0.037707 0.301785
v 1.062049 -0.037707 0.304204
v 1.051295 -0.037707 0.306150
v 1.041229 -0.037707 0.307969
v 1.032204 -0.037707 0.310009
v 1.024571 -0.037707 0.312615
v 1.018684 -0.037707 0.316134
v 1.014893 -0.037707 0.320911
v 1.013551 -0.037707 0.327294
v 1.014090 -0.037707 0.330627
v 1.015699 -0.037707 0.333755
v 1.018373 -0.037707 0.336704
v 1.022102 -0.037707 0.339497
v 1.026880 -0.037707 0.342161
v 1.032698 -0.037707 0.344719
v 1.039550 -0.037707 0.347197
v 1.047427 -0.037707 0.349619
v 1.056322 -0.037707 0.352011
v 1.066227 -0.037707 0.354397
v 1.077135 -0.037707 0.356802
v 1.089038 -0.037707 0.359251
v 1.101559 -0.037707 0.362206
v 1.112710 -0.037707 0.365807
v 1.122545 -0.037707 0.370013
v 1.131117 -0.037707 0.374781
v 1.138480 -0.037707 0.380070
v 1.144688 -0.037707 0.385837
v 1.149793 -0.037707 0.392040
v 1.153851 -0.037707 0.398637
v 1.156913 -0.037707 0.405586
v 1.159034 -0.037707 0.412846
v 1.160267 -0.037707 0.420373
v 1.160666 -0.037707 0.428126
v 1.159768 -0.037707 0.439977
v 1.157103 -0.037707 0.450989
v 1.152720 -0.037707 0.461125
v 1.146667 -0.037707 0.470348
v 1.138992 -0.037707 0.478622
v 1.129742 -0.037707 0.485911
v 1.118966 -0.037707 0.492178
v 1.106710 -0.037707 0.497387
v 1.093024 -0.037707 0.501502
v 1.077954 -0.037707 0.504487
v 1.061549 -0.037707 0.506304
v 1.043856 -0.037707 0.506917
v 1.027607 -0.037707 0.506274
v 1.012258 -0.037707 0.504390
v 0.997909 -0.037707 0.501330
v 0.984655 -0.037707 0.497163
v 0.972595 -0.037707 0.491955
v 0.961827 -0.037707 0.485773
v 0.952448 -0.037707 0.478685
v 0.944555 -0.037707 0.470756
v 0.938246 -0.037707 0.462055
v 0.933619 -0.037707 0.452647
v 0.930771 -0.037707 0.442601
v 0.929801 -0.037707 0.431982
v 0.930205 -0.037707 0.423199
v 0.931428 -0.037707 0.415022
v 0.933485 -0.037707 0.407438
v 0.936392 -0.037707 0.400433
v 0.940164 -0.037707 0.393995
v 0.944815 -0.037707 0.388110
v 0.950362 -0.037707 0.382764
v 0.956820 -0.037707 0.377944
v 0.964203 -0.037707 0.373638
v 0.972528 -0.037707 0.369830
v 0.981809 -0.037707 0.366508
v 0.992063 -0.037707 0.363659
v 0.987987 -0.037707 0.361053
v 0.984295 -0.037707 0.358463
v 0.980983 -0.037707 0.355885
v 0.978043 -0.037707 0.353313
v 0.975471 -0.037707 0.350741
v 0.973260 -0.037707 0.348163
v 0.971405 -0.037707 0.345573
v 0.969901 -0.037707 0.342966
v 0.968740 -0.037707 0.340337
v 0.967919 -0.037707 0.337679
v 0.967430 -0.037707 0.334986
v 0.967268 -0.037707 0.332253
v 0.967585 -0.037707 0.328307
v 0.968521 -0.037707 0.324475
v 0.970049 -0.037707 0.320777
v 0.972145 -0.037707 0.317233
v 0.974785 -0.037707 0.313866
v 0.977944 -0.037707 0.310695
v 0.981595 -0.037707 0.307743
v 0.985716 -0.037707 0.305030
v 0.990281 -0.037707 0.302577
v 0.995264 -0.037707 0.300405
v 1.000642 -0.037707 0.298535
v 1.006389 -0.037707 0.296989
v 1.006389 -0.037707 0.295887
v 1.001935 -0.037707 0.293901
v 0.997665 -0.037707 0.291801
v 0.993578 -0.037707 0.289585
v 0.989675 -0.037707 0.287255
v 0.985956 -0.037707 0.284810
v 0.982420 -0.037707 0.282250
v 0.979068 -0.037707 0.279576
v 0.975900 -0.037707 0.276786
v 0.972916 -0.037707 0.273882
v 0.970115 -0.037707 0.270863
v 0.967498 -0.037707 0.267729
v 0.965064 -0.037707 0.264481
v 0.962952 -0.037707 0.261255
v 0.961024 -0.037707 0.257915
v 0.959279 -0.037707 0.254459
v 0.957718 -0.037707 0.250889
v 0.956340 -0.037707 0.247205
v 0.955146 -0.037707 0.243405
v 0.954136 -0.037707 0.239491
v 0.953310 -0.037707 0.235462
v 0.952667 -0.037707 0.231318
v 0.952208 -0.037707 0.227059
v 0.951932 -0.037707 0.222686
v 0.951840 -0.037707 0.218197
v 0.952692 -0.037707 0.205405
v 0.955210 -0.037707 0.193505
v 0.959339 -0.037707 0.182538
v 0.965023 -0.037707 0.172546
v 0.972208 -0.037707 0.163573
v 0.980836 -0.037707 0.155660
v 0.990854 -0.037707 0.148848
v 1.002205 -0.037707 0.143181
v 1.014834 -0.037707 0.138699
v 1.028686 -0.037707 0.135446
v 1.043705 -0.037707 0.133464
v 1.059835 -0.037707 0.132793
v 1.161769 -0.037707 0.132793
v 1.161769 -0.037707 0.170812
v 1.038321 -0.037707 0.175635
v 1.031951 -0.037707 0.176842
v 1.025906 -0.037707 0.178784
v 1.020245 -0.037707 0.181403
v 1.015028 -0.037707 0.184642
v 1.010314 -0.037707 0.188444
v 1.006163 -0.037707 0.192750
v 1.002634 -0.037707 0.197504
v 0.999785 -0.037707 0.202649
v 0.997677 -0.037707 0.208126
v 0.996369 -0.037707 0.213879
v 0.995920 -0.037707 0.219850
v 0.996327 -0.037707 0.226411
v 0.997527 -0.037707 0.232572
v 0.999484 -0.037707 0.238300
v 1.002164 -0.037707 0.243563
v 1.005533 -0.037707 0.248329
v 1.009557 -0.037707 0.252565
v 1.014200 -0.037707 0.256239
v 1.019429 -0.037707 0.259318
v 1.025208 -0.037707 0.261769
v 1.031505 -0.037707 0.263560
v 1.038283 -0.037707 0.264658
v 1.045509 -0.037707 0.265032
v 1.052229 -0.037707 0.264637
v 1.058585 -0.037707 0.263478
v 1.064535 -0.037707 0.261597
v 1.070038 -0.037707 0.259032
v 1.075052 -0.037707 0.255825
v 1.079533 -0.037707 0.252014
v 1.083440 -0.037707 0.247642
v 1.086731 -0.037707 0.242747
v 1.089365 -0.037707 0.237370
v 1.091298 -0.037707 0.231551
v 1.092488 -0.037707 0.225331
v 1.092894 -0.037707 0.218748
v 1.092446 -0.037707 0.212915
v 1.091142 -0.037707 0.207297
v 1.089046 -0.037707 0.201952
v 1.086221 -0.037707 0.196933
v 1.082731 -0.037707 0.192297
v 1.078637 -0.037707 0.188099
v 1.074005 -0.037707 0.184395
v 1.068896 -0.037707 0.181240
v 1.063373 -0.037707 0.178689
v 1.057501 -0.037707 0.176799
v 1.051341 -0.037707 0.175624
v 1.044958 -0.037707 0.175220
v 1.024235 -0.037707 0.392627
v 1.016643 -0.037707 0.393556
v 1.009557 -0.037707 0.395066
v 1.003021 -0.037707 0.397127
v 0.997083 -0.037707 0.399709
v 0.991787 -0.037707 0.402780
v 0.987180 -0.037707 0.406310
v 0.983308 -0.037707 0.410269
v 0.980217 -0.037707 0.414626
v 0.977951 -0.037707 0.419350
v 0.976558 -0.037707 0.424411
v 0.976084 -0.037707 0.429779
v 0.976587 -0.037707 0.435735
v 0.978086 -0.037707 0.441204
v 0.980569 -0.037707 0.446179
v 0.984022 -0.037707 0.450655
v 0.988432 -0.037707 0.454626
v 0.993785 -0.037707 0.458086
v 1.000067 -0.037707 0.461029
v 1.007266 -0.037707 0.463450
v 1.015368 -0.037707 0.465343
v 1.024360 -0.037707 0.466703
v 1.034227 -0.037707 0.467522
v 1.044958 -0.037707 0.467797
v 1.055331 -0.037707 0.467524
v 1.064942 -0.037707 0.466713
v 1.073765 -0.037707 0.465378
v 1.081773 -0.037707 0.463532
v 1.088939 -0.037707 0.461189
v 1.095236 -0.037707 0.458361
v 1.100638 -0.037707 0.455063
v 1.105118 -0.037707 0.451308
v 1.108649 -0.037707 0.447109
v 1.111205 -0.037707 0.442479
v 1.112758 -0.037707 0.437433
v 1.113281 -0.037707 0.431982
v 1.112266 -0.037707 0.424604
v 1.109386 -0.037707 0.418139
v 1.104887 -0.037707 0.412534
v 1.099016 -0.037707 0.407739
v 1.092021 -0.037707 0.403701
v 1.084147 -0.037707 0.400369
v 1.075642 -0.037707 0.397692
v 1.066753 -0.037707 0.395617
v 1.057726 -0.037707 0.394093
v 1.048807 -0.037707 0.393069
v 1.040245 -0.037707 0.392492
v 1.032285 -0.037707 0.392311
v 0.738055 -0.037707 0.165302
v 0.742917 -0.037707 0.159588
v 0.748116 -0.037707 0.154300
v 0.753621 -0.037707 0.149452
v 0.759401 -0.037707 0.145058
v 0.765426 -0.037707 0.141131
v 0.771666 -0.037707 0.137683
v 0.778089 -0.037707 0.134730
v 0.784665 -0.037707 0.132283
v 0.791364 -0.037707 0.130357
v 0.798154 -0.037707 0.128964
v 0.805006 -0.037707 0.128119
v 0.811888 -0.037707 0.127834
v 0.823385 -0.037707 0.128502
v 0.834395 -0.037707 0.130515
v 0.844819 -0.037707 0.133887
v 0.854559 -0.037707 0.138630
v 0.863520 -0.037707 0.144758
v 0.871602 -0.037707 0.152285
v 0.878708 -0.037707 0.161223
v 0.884742 -0.037707 0.171587
v 0.889604 -0.037707 0.183390
v 0.893198 -0.037707 0.196645
v 0.895426 -0.037707 0.211365
v 0.896190 -0.037707 0.227564
v 0.896190 -0.037707 0.380189
v 0.847152 -0.037707 0.380189
v 0.847152 -0.037707 0.227013
v 0.846766 -0.037707 0.218192
v 0.845626 -0.037707 0.209937
v 0.843760 -0.037707 0.202287
v 0.841193 -0.037707 0.195280
v 0.837953 -0.037707 0.188954
v 0.834066 -0.037707 0.183347
v 0.829559 -0.037707 0.178498
v 0.824459 -0.037707 0.174444
v 0.818793 -0.037707 0.171225
v 0.812587 -0.037707 0.168878
v 0.805869 -0.037707 0.167442
v 0.798664 -0.037707 0.166955
v 0.793378 -0.037707 0.167165
v 0.788239 -0.037707 0.167809
v 0.783211 -0.037707 0.168909
v 0.778257 -0.037707 0.170485
v 0.773342 -0.037707 0.172559
v 0.768429 -0.037707 0.175151
v 0.763481 -0.037707 0.178282
v 0.758462 -0.037707 0.181975
v 0.753336 -0.037707 0.186248
v 0.748067 -0.037707 0.191125
v 0.742618 -0.037707 0.196625
v 0.736953 -0.037707 0.202769
v 0.736953 -0.037707 0.380189
v 0.687915 -0.037707 0.380189
v 0.687915 -0.037707 0.132793
v 0.736953 -0.037707 0.132793
v 0.736953 -0.037707 0.165302
v 0.569451 -0.037707 0.380189
v 0.569451 -0.037707 0.132793
v 0.618490 -0.037707 0.132793
v 0.618490 -0.037707 0.380189
v 0.590315 -0.037707 0.086792
v 0.586535 -0.037707 0.086007
v 0.582942 -0.037707 0.084745
v 0.579573 -0.037707 0.083041
v 0.576464 -0.037707 0.080931
v 0.573652 -0.037707 0.078452
v 0.571173 -0.037707 0.075640
v 0.569063 -0.037707 0.072531
v 0.567359 -0.037707 0.069162
v 0.566097 -0.037707 0.065570
v 0.565313 -0.037707 0.061790
v 0.565043 -0.037707 0.057858
v 0.565313 -0.037707 0.053927
v 0.566097 -0.037707 0.050147
v 0.567359 -0.037707 0.046554
v 0.569063 -0.037707 0.043186
v 0.571173 -0.037707 0.040077
v 0.573653 -0.037707 0.037265
v 0.576465 -0.037707 0.034786
v 0.579573 -0.037707 0.032676
v 0.582942 -0.037707 0.030972
v 0.586535 -0.037707 0.029709
v 0.590315 -0.037707 0.028925
v 0.594246 -0.037707 0.028656
v 0.598177 -0.037707 0.028925
v 0.601957 -0.037707 0.029709
v 0.605550 -0.037707 0.030972
v 0.608919 -0.037707 0.032676
v 0.612027 -0.037707 0.034786
v 0.614839 -0.037707 0.037265
v 0.617318 -0.037707 0.040077
v 0.619428 -0.037707 0.043186
v 0.621133 -0.037707 0.046554
v 0.622395 -0.037707 0.050147
v 0.623179 -0.037707 0.053927
v 0.623448 -0.037707 0.057858
v 0.623179 -0.037707 0.061790
v 0.622395 -0.037707 0.065570
v 0.621133 -0.037707 0.069162
v 0.619428 -0.037707 0.072531
v 0.617318 -0.037707 0.075640
v 0.614839 -0.037707 0.078452
v 0.612027 -0.037707 0.080931
v 0.608919 -0.037707 0.083041
v 0.605550 -0.037707 0.084745
v 0.601957 -0.037707 0.086007
v 0.598177 -0.037707 0.086792
v 0.594246 -0.037707 0.087061
v 0.479639 -0.037707 0.170812
v 0.484200 -0.037707 0.175526
v 0.488254 -0.037707 0.180054
v 0.491821 -0.037707 0.184440
v 0.494924 -0.037707 0.188729
v 0.497583 -0.037707 0.192965
v 0.499819 -0.037707 0.197191
v 0.501654 -0.037707 0.201451
v 0.503108 -0.037707 0.205790
v 0.504202 -0.037707 0.210251
v 0.504957 -0.037707 0.214879
v 0.505395 -0.037707 0.219717
v 0.505536 -0.037707 0.224809
v 0.505302 -0.037707 0.229966
v 0.504625 -0.037707 0.235207
v 0.503547 -0.037707 0.240478
v 0.502108 -0.037707 0.245726
v 0.500347 -0.037707 0.250898
v 0.498304 -0.037707 0.255940
v 0.496021 -0.037707 0.260798
v 0.493537 -0.037707 0.265419
v 0.490892 -0.037707 0.269750
v 0.488126 -0.037707 0.273735
v 0.485280 -0.037707 0.277323
v 0.482394 -0.037707 0.280459
v 0.473476 -0.037707 0.288231
v 0.463487 -0.037707 0.294145
v 0.452778 -0.037707 0.298548
v 0.441702 -0.037707 0.301785
v 0.430611 -0.037707 0.304204
v 0.419857 -0.037707 0.306150
v 0.409791 -0.037707 0.307969
v 0.400766 -0.037707 0.310009
v 0.393133 -0.037707 0.312615
v 0.387246 -0.037707 0.316134
v 0.383455 -0.037707 0.320911
v 0.382114 -0.037707 0.327294
v 0.382652 -0.037707 0.330627
v 0.384261 -0.037707 0.333755
v 0.386935 -0.037707 0.336704
v 0.390664 -0.037707 0.339497
v 0.395442 -0.037707 0.342161
v 0.401261 -0.037707 0.344719
v 0.408112 -0.037707 0.347197
v 0.415989 -0.037707 0.349619
v 0.424884 -0.037707 0.352011
v 0.434790 -0.037707 0.354397
v 0.445697 -0.037707 0.356802
v 0.457600 -0.037707 0.359251
v 0.470121 -0.037707 0.362206
v 0.481272 -0.037707 0.365807
v 0.491107 -0.037707 0.370013
v 0.499679 -0.037707 0.374781
v 0.507042 -0.037707 0.380070
v 0.513250 -0.037707 0.385837
v 0.518355 -0.037707 0.392040
v 0.522413 -0.037707 0.398637
v 0.525475 -0.037707 0.405586
v 0.527596 -0.037707 0.412846
v 0.528829 -0.037707 0.420373
v 0.529229 -0.037707 0.428126
v 0.528330 -0.037707 0.439977
v 0.525665 -0.037707 0.450989
v 0.521282 -0.037707 0.461125
v 0.515229 -0.037707 0.470348
v 0.507554 -0.037707 0.478622
v 0.498304 -0.037707 0.485911
v 0.487528 -0.037707 0.492178
v 0.475272 -0.037707 0.497387
v 0.461586 -0.037707 0.501502
v 0.446516 -0.037707 0.504487
v 0.430111 -0.037707 0.506304
v 0.412418 -0.037707 0.506917
v 0.396169 -0.037707 0.506274
v 0.380820 -0.037707 0.504390
v 0.366471 -0.037707 0.501330
v 0.353217 -0.037707 0.497163
v 0.341157 -0.037707 0.491955
v 0.330389 -0.037707 0.485773
v 0.321010 -0.037707 0.478685
v 0.313117 -0.037707 0.470756
v 0.306808 -0.037707 0.462055
v 0.302181 -0.037707 0.452647
v 0.299334 -0.037707 0.442601
v 0.298363 -0.037707 0.431982
v 0.298767 -0.037707 0.423199
v 0.299990 -0.037707 0.415022
v 0.302047 -0.037707 0.407438
v 0.304954 -0.037707 0.400433
v 0.308726 -0.037707 0.393995
v 0.313377 -0.037707 0.388110
v 0.318924 -0.037707 0.382764
v 0.325382 -0.037707 0.377944
v 0.332765 -0.037707 0.373638
v 0.341090 -0.037707 0.369830
v 0.350372 -0.037707 0.366508
v 0.360625 -0.037707 0.363659
v 0.356549 -0.037707 0.361053
v 0.352857 -0.037707 0.358463
v 0.349545 -0.037707 0.355885
v 0.346605 -0.037707 0.353313
v 0.344033 -0.037707 0.350741
v 0.341822 -0.037707 0.348163
v 0.339967 -0.037707 0.345573
v 0.338463 -0.037707 0.342966
v 0.337302 -0.037707 0.340337
v 0.336481 -0.037707 0.337679
v 0.335992 -0.037707 0.334986
v 0.335830 -0.037707 0.332253
v 0.336147 -0.037707 0.328307
v 0.337083 -0.037707 0.324475
v 0.338611 -0.037707 0.320777
v 0.340707 -0.037707 0.317233
v 0.343347 -0.037707 0.313866
v 0.346506 -0.037707 0.310695
v 0.350158 -0.037707 0.307743
v 0.354278 -0.037707 0.305030
v 0.358843 -0.037707 0.302577
v 0.363826 -0.037707 0.300405
v 0.369204 -0.037707 0.298535
v 0.374951 -0.037707 0.296989
v 0.374951 -0.037707 0.295887
v 0.370497 -0.037707 0.293901
v 0.366227 -0.037707 0.291801
v 0.362140 -0.037707 0.289585
v 0.358237 -0.037707 0.287255
v 0.354518 -0.037707 0.284810
v 0.350982 -0.037707 0.282250
v 0.347631 -0.037707 0.279576
v 0.344462 -0.037707 0.276786
v 0.341478 -0.037707 0.273882
v 0.338677 -0.037707 0.270863
v 0.336060 -0.037707 0.267729
v 0.333626 -0.037707 0.264481
v 0.331514 -0.037707 0.261255
v 0.329586 -0.037707 0.257915
v 0.327841 -0.037707 0.254459
v 0.326280 -0.037707 0.250889
v 0.324902 -0.037707 0.247205
v 0.323708 -0.037707 0.243405
v 0.322698 -0.037707 0.239491
v 0.321872 -0.037707 0.235462
v 0.321229 -0.037707 0.231318
v 0.320770 -0.037707 0.227059
v 0.320494 -0.037707 0.222686
v 0.320402 -0.037707 0.218197
v 0.321254 -0.037707 0.205405
v 0.323772 -0.037707 0.193505
v 0.327901 -0.037707 0.182538
v 0.333585 -0.037707 0.172546
v 0.340770 -0.037707 0.163573
v 0.349398 -0.037707 0.155660
v 0.359416 -0.037707 0.148848
v 0.370767 -0.037707 0.143181
v 0.383396 -0.037707 0.138699
v 0.397248 -0.037707 0.135446
v 0.412267 -0.037707 0.133464
v 0.428397 -0.037707 0.132793
v 0.530331 -0.037707 0.132793
v 0.530331 -0.037707 0.170812
v 0.406884 -0.037707 0.175635
v 0.400513 -0.037707 0.176842
v 0.394468 -0.037707 0.178784
v 0.388807 -0.037707 0.181403
v 0.383590 -0.037707 0.184642
v 0.378876 -0.037707 0.188444
v 0.374725 -0.037707 0.192750
v 0.371196 -0.037707 0.197504
v 0.368347 -0.037707 0.202649
v 0.366239 -0.037707 0.208126
v 0.364931 -0.037707 0.213879
v 0.364482 -0.037707 0.219850
v 0.364889 -0.037707 0.226411
v 0.366089 -0.037707 0.232572
v 0.368046 -0.037707 0.238300
v 0.370726 -0.037707 0.243563
v 0.374095 -0.037707 0.248329
v 0.378119 -0.037707 0.252565
v 0.382762 -0.037707 0.256239
v 0.387991 -0.037707 0.259318
v 0.393771 -0.037707 0.261769
v 0.400067 -0.037707 0.263560
v 0.406845 -0.037707 0.264658
v 0.414071 -0.037707 0.265032
v 0.420791 -0.037707 0.264637
v 0.427147 -0.037707 0.263478
v 0.433098 -0.037707 0.261597
v 0.438601 -0.037707 0.259032
v 0.443614 -0.037707 0.255825
v 0.448095 -0.037707 0.252014
v 0.452002 -0.037707 0.247642
v 0.455294 -0.037707 0.242747
v 0.457927 -0.037707 0.237370
v 0.459860 -0.037707 0.231551
v 0.461050 -0.037707 0.225331
v 0.461457 -0.037707 0.218748
v 0.461008 -0.037707 0.212915
v 0.459704 -0.037707 0.207297
v 0.457608 -0.037707 0.201952
v 0.454783 -0.037707 0.196933
v 0.451293 -0.037707 0.192297
v 0.447200 -0.037707 0.188099
v 0.442567 -0.037707 0.184395
v 0.437458 -0.037707 0.181240
v 0.431935 -0.037707 0.178689
v 0.426063 -0.037707 0.176799
v 0.419903 -0.037707 0.175624
v 0.413520 -0.037707 0.175220
v 0.392797 -0.037707 0.392627
v 0.385205 -0.037707 0.393556
v 0.378119 -0.037707 0.395066
v 0.371584 -0.037707 0.397127
v 0.365645 -0.037707 0.399709
v 0.360349 -0.037707 0.402780
v 0.355742 -0.037707 0.406310
v 0.351870 -0.037707 0.410269
v 0.348779 -0.037707 0.414626
v 0.346513 -0.037707 0.419350
v 0.345121 -0.037707 0.424411
v 0.344646 -0.037707 0.429779
v 0.345149 -0.037707 0.435735
v 0.346649 -0.037707 0.441204
v 0.349131 -0.037707 0.446179
v 0.352584 -0.037707 0.450655
v 0.356994 -0.037707 0.454626
v 0.362347 -0.037707 0.458086
v 0.368629 -0.037707 0.461029
v 0.375828 -0.037707 0.463450
v 0.383930 -0.037707 0.465343
v 0.392922 -0.037707 0.466703
v 0.402790 -0.037707 0.467522
v 0.413520 -0.037707 0.467797
v 0.423893 -0.037707 0.467524
v 0.433504 -0.037707 0.466713
v 0.442327 -0.037707 0.465378
v 0.450335 -0.037707 0.463532
v 0.457501 -0.037707 0.461189
v 0.463798 -0.037707 0.458361
v 0.469200 -0.037707 0.455063
v 0.473680 -0.037707 0.451308
v 0.477212 -0.037707 0.447109
v 0.479767 -0.037707 0.442479
v 0.481320 -0.037707 0.437433
v 0.481843 -0.037707 0.431982
v 0.480828 -0.037707 0.424604
v 0.477948 -0.037707 0.418139
v 0.473449 -0.037707 0.412534
v 0.467579 -0.037707 0.407739
v 0.460583 -0.037707 0.403701
v 0.452710 -0.037707 0.400369
v 0.444205 -0.037707 0.397692
v 0.435315 -0.037707 0.395617
v 0.426288 -0.037707 0.394093
v 0.417369 -0.037707 0.393069
v 0.408807 -0.037707 0.392492
v 0.400847 -0.037707 0.392311
v 0.244365 -0.037707 0.170812
v 0.248926 -0.037707 0.175526
v 0.252980 -0.037707 0.180054
v 0.256548 -0.037707 0.184440
v 0.259650 -0.037707 0.188729
v 0.262309 -0.037707 0.192965
v 0.264546 -0.037707 0.197191
v 0.266380 -0.037707 0.201451
v 0.267834 -0.037707 0.205790
v 0.268928 -0.037707 0.210251
v 0.269683 -0.037707 0.214879
v 0.270121 -0.037707 0.219717
v 0.270262 -0.037707 0.224809
v 0.270028 -0.037707 0.229966
v 0.269351 -0.037707 0.235207
v 0.268273 -0.037707 0.240478
v 0.266834 -0.037707 0.245726
v 0.265073 -0.037707 0.250898
v 0.263030 -0.037707 0.255940
v 0.260747 -0.037707 0.260798
v 0.258263 -0.037707 0.265419
v 0.255618 -0.037707 0.269750
v 0.252852 -0.037707 0.273735
v 0.250006 -0.037707 0.277323
v 0.247120 -0.037707 0.280459
v 0.238202 -0.037707 0.288231
v 0.228213 -0.037707 0.294145
v 0.217504 -0.037707 0.298548
v 0.206428 -0.037707 0.301785
v 0.195337 -0.037707 0.304204
v 0.184583 -0.037707 0.306150
v 0.174517 -0.037707 0.307969
v 0.165492 -0.037707 0.310009
v 0.157859 -0.037707 0.312615
v 0.151972 -0.037707 0.316134
v 0.148181 -0.037707 0.320911
v 0.146840 -0.037707 0.327294
v 0.147378 -0.037707 0.330627
v 0.148987 -0.037707 0.333755
v 0.151661 -0.037707 0.336704
v 0.155390 -0.037707 0.339497
v 0.160168 -0.037707 0.342161
v 0.165987 -0.037707 0.344719
v 0.172838 -0.037707 0.347197
v 0.180715 -0.037707 0.349619
v 0.189610 -0.037707 0.352011
v 0.199516 -0.037707 0.354397
v 0.210423 -0.037707 0.356802
v 0.222326 -0.037707 0.359251
v 0.234847 -0.037707 0.362206
v 0.245998 -0.037707 0.365807
v 0.255833 -0.037707 0.370013
v 0.264405 -0.037707 0.374781
v 0.271768 -0.037707 0.380070
v 0.277976 -0.037707 0.385837
v 0.283081 -0.037707 0.392040
v 0.287139 -0.037707 0.398637
v 0.290201 -0.037707 0.405586
v 0.292322 -0.037707 0.412846
v 0.293555 -0.037707 0.420373
v 0.293955 -0.037707 0.428126
v 0.293056 -0.037707 0.439977
v 0.290391 -0.037707 0.450989
v 0.286008 -0.037707 0.461125
v 0.279955 -0.037707 0.470348
v 0.272280 -0.037707 0.478622
v 0.263030 -0.037707 0.485911
v 0.252254 -0.037707 0.492178
v 0.239998 -0.037707 0.497387
v 0.226312 -0.037707 0.501502
v 0.211242 -0.037707 0.504487
v 0.194837 -0.037707 0.506304
v 0.177144 -0.037707 0.506917
v 0.160895 -0.037707 0.506274
v 0.145546 -0.037707 0.504390
v 0.131197 -0.037707 0.501330
v 0.117943 -0.037707 0.497163
v 0.105883 -0.037707 0.491955
v 0.095115 -0.037707 0.485773
v 0.085736 -0.037707 0.478685
v 0.077843 -0.037707 0.470756
v 0.071534 -0.037707 0.462055
v 0.066907 -0.037707 0.452647
v 0.064060 -0.037707 0.442601
v 0.063089 -0.037707 0.431982
v 0.063493 -0.037707 0.423199
v 0.064716 -0.037707 0.415022
v 0.066773 -0.037707 0.407438
v 0.069680 -0.037707 0.400433
v 0.073452 -0.037707 0.393995
v 0.078103 -0.037707 0.388110
v 0.083650 -0.037707 0.382764
v 0.090108 -0.037707 0.377944
v 0.097491 -0.037707 0.373638
v 0.105816 -0.037707 0.369830
v 0.115098 -0.037707 0.366508
v 0.125351 -0.037707 0.363659
v 0.121275 -0.037707 0.361053
v 0.117583 -0.037707 0.358463
v 0.114271 -0.037707 0.355885
v 0.111331 -0.037707 0.353313
v 0.108759 -0.037707 0.350741
v 0.106548 -0.037707 0.348163
v 0.104693 -0.037707 0.345573
v 0.103189 -0.037707 0.342966
v 0.102028 -0.037707 0.340337
v 0.101207 -0.037707 0.337679
v 0.100718 -0.037707 0.334986
v 0.100556 -0.037707 0.332253
v 0.100873 -0.037707 0.328307
v 0.101809 -0.037707 0.324475
v 0.103337 -0.037707 0.320777
v 0.105434 -0.037707 0.317233
v 0.108073 -0.037707 0.313866
v 0.111232 -0.037707 0.310695
v 0.114884 -0.037707 0.307743
v 0.119004 -0.037707 0.305030
v 0.123569 -0.037707 0.302577
v 0.128552 -0.037707 0.300405
v 0.133930 -0.037707 0.298535
v 0.139677 -0.037707 0.296989
v 0.139677 -0.037707 0.295887
v 0.135223 -0.037707 0.293901
v 0.130953 -0.037707 0.291801
v 0.126866 -0.037707 0.289585
v 0.122963 -0.037707 0.287255
v 0.119244 -0.037707 0.284810
v 0.115709 -0.037707 0.282250
v 0.112357 -0.037707 0.279576
v 0.109188 -0.037707 0.276786
v 0.106204 -0.037707 0.273882
v 0.103403 -0.037707 0.270863
v 0.100786 -0.037707 0.267729
v 0.098352 -0.037707 0.264481
v 0.096240 -0.037707 0.261255
v 0.094312 -0.037707 0.257915
v 0.092567 -0.037707 0.254459
v 0.091006 -0.037707 0.250889
v 0.089628 -0.037707 0.247205
v 0.088434 -0.037707 0.243405
v 0.087424 -0.037707 0.239491
v 0.086598 -0.037707 0.235462
v 0.085955 -0.037707 0.231318
v 0.085496 -0.037707 0.227059
v 0.085220 -0.037707 0.222686
v 0.085128 -0.037707 0.218197
v 0.085980 -0.037707 0.205405
v 0.088498 -0.037707 0.193505
v 0.092627 -0.037707 0.182538
v 0.098311 -0.037707 0.172546
v 0.105496 -0.037707 0.163573
v 0.114124 -0.037707 0.155660
v 0.124142 -0.037707 0.148848
v 0.135493 -0.037707 0.143181
v 0.148122 -0.037707 0.138699
v 0.161974 -0.037707 0.135446
v 0.176993 -0.037707 0.133464
v 0.193123 -0.037707 0.132793
v 0.295057 -0.037707 0.132793
v 0.295057 -0.037707 0.170812
v 0.171610 -0.037707 0.175635
v 0.165239 -0.037707 0.176842
v 0.159194 -0.037707 0.178784
v 0.153533 -0.037707 0.181403
v 0.148316 -0.037707 0.184642
v 0.143603 -0.037707 0.188444
v 0.139451 -0.037707 0.192750
v 0.135922 -0.037707 0.197504
v 0.133073 -0.037707 0.202649
v 0.130965 -0.037707 0.208126
v 0.129657 -0.037707 0.213879
v 0.129208 -0.037707 0.219850
v 0.129615 -0.037707 0.226411
v 0.130815 -0.037707 0.232572
v 0.132772 -0.037707 0.238300
v 0.135452 -0.037707 0.243563
v 0.138822 -0.037707 0.248329
v 0.142845 -0.037707 0.252565
v 0.147488 -0.037707 0.256239
v 0.152717 -0.037707 0.259318
v 0.158497 -0.037707 0.261769
v 0.164793 -0.037707 0.263560
v 0.171571 -0.037707 0.264658
v 0.178797 -0.037707 0.265032
v 0.185517 -0.037707 0.264637
v 0.191873 -0.037707 0.263478
v 0.197824 -0.037707 0.261597
v 0.203327 -0.037707 0.259032
v 0.208340 -0.037707 0.255825
v 0.212821 -0.037707 0.252014
v 0.216728 -0.037707 0.247642
v 0.220020 -0.037707 0.242747
v 0.222653 -0.037707 0.237370
v 0.224586 -0.037707 0.231551
v 0.225776 -0.037707 0.225331
v 0.226183 -0.037707 0.218748
v 0.225734 -0.037707 0.212915
v 0.224430 -0.037707 0.207297
v 0.222334 -0.037707 0.201952
v 0.219509 -0.037707 0.196933
v 0.216019 -0.037707 0.192297
v 0.211926 -0.037707 0.188099
v 0.207293 -0.037707 0.184395
v 0.202184 -0.037707 0.181240
v 0.196661 -0.037707 0.178689
v 0.190789 -0.037707 0.176799
v 0.184629 -0.037707 0.175624
v 0.178246 -0.037707 0.175220
v 0.157523 -0.037707 0.392627
v 0.149931 -0.037707 0.393556
v 0.142845 -0.037707 0.395066
v 0.136310 -0.037707 0.397127
v 0.130371 -0.037707 0.399709
v 0.125075 -0.037707 0.402780
v 0.120468 -0.037707 0.406310
v 0.116596 -0.037707 0.410269
v 0.113505 -0.037707 0.414626
v 0.111239 -0.037707 0.419350
v 0.109847 -0.037707 0.424411
v 0.109372 -0.037707 0.429779
v 0.109875 -0.037707 0.435735
v 0.111375 -0.037707 0.441204
v 0.113858 -0.037707 0.446179
v 0.117310 -0.037707 0.450655
v 0.121720 -0.037707 0.454626
v 0.127073 -0.037707 0.458086
v 0.133355 -0.037707 0.461029
v 0.140554 -0.037707 0.463450
v 0.148656 -0.037707 0.465343
v 0.157648 -0.037707 0.466703
v 0.167516 -0.037707 0.467522
v 0.178246 -0.037707 0.467797
v 0.188619 -0.037707 0.467524
v 0.198230 -0.037707 0.466713
v 0.207053 -0.037707 0.465378
v 0.215061 -0.037707 0.463532
v 0.222227 -0.037707 0.461189
v 0.228524 -0.037707 0.458361
v 0.233926 -0.037707 0.455063
v 0.238406 -0.037707 0.451308
v 0.241938 -0.037707 0.447109
v 0.244493 -0.037707 0.442479
v 0.246046 -0.037707 0.437433
v 0.246569 -0.037707 0.431982
v 0.245554 -0.037707 0.424604
v 0.242674 -0.037707 0.418139
v 0.238175 -0.037707 0.412534
v 0.232305 -0.037707 0.407739
v 0.225309 -0.037707 0.403701
v 0.217436 -0.037707 0.400369
v 0.208931 -0.037707 0.397692
v 0.200041 -0.037707 0.395617
v 0.191014 -0.037707 0.394093
v 0.182095 -0.037707 0.393069
v 0.173533 -0.037707 0.392492
v 0.165573 -0.037707 0.392311
v -0.020662 -0.037707 0.348783
v -0.025924 -0.037707 0.354128
v -0.031486 -0.037707 0.359129
v -0.037304 -0.037707 0.363763
v -0.043335 -0.037707 0.368006
v -0.049534 -0.037707 0.371836
v -0.055857 -0.037707 0.375230
v -0.062261 -0.037707 0.378165
v -0.068701 -0.037707 0.380618
v -0.075133 -0.037707 0.382565
v -0.081514 -0.037707 0.383985
v -0.087799 -0.037707 0.384853
v -0.093944 -0.037707 0.385148
v -0.106158 -0.037707 0.384407
v -0.117680 -0.037707 0.382204
v -0.128442 -0.037707 0.378571
v -0.138371 -0.037707 0.373536
v -0.147397 -0.037707 0.367132
v -0.155449 -0.037707 0.359389
v -0.162456 -0.037707 0.350337
v -0.168349 -0.037707 0.340008
v -0.173055 -0.037707 0.328430
v -0.176504 -0.037707 0.315636
v -0.178625 -0.037707 0.301656
v -0.179348 -0.037707 0.286520
v -0.179348 -0.037707 0.132793
v -0.130310 -0.037707 0.132793
v -0.130310 -0.037707 0.289826
v -0.129954 -0.037707 0.298192
v -0.128889 -0.037707 0.305920
v -0.127116 -0.037707 0.312994
v -0.124637 -0.037707 0.319396
v -0.121453 -0.037707 0.325110
v -0.117568 -0.037707 0.330118
v -0.112983 -0.037707 0.334402
v -0.107699 -0.037707 0.337946
v -0.101718 -0.037707 0.340733
v -0.095044 -0.037707 0.342745
v -0.087676 -0.037707 0.343964
v -0.079618 -0.037707 0.344375
v -0.074134 -0.037707 0.344123
v -0.068708 -0.037707 0.343372
v -0.063356 -0.037707 0.342128
v -0.058089 -0.037707 0.340395
v -0.052922 -0.037707 0.338181
v -0.047867 -0.037707 0.335490
v -0.042939 -0.037707 0.332328
v -0.038151 -0.037707 0.328702
v -0.033516 -0.037707 0.324616
v -0.029047 -0.037707 0.320077
v -0.024758 -0.037707 0.315091
v -0.020662 -0.037707 0.309662
v -0.020662 -0.037707 0.132793
v 0.028376 -0.037707 0.132793
v 0.028376 -0.037707 0.380189
v -0.020662 -0.037707 0.380189
v -0.400972 -0.037707 0.146740
v -0.395557 -0.037707 0.143395
v -0.390103 -0.037707 0.140387
v -0.384603 -0.037707 0.137711
v -0.379050 -0.037707 0.135365
v -0.373435 -0.037707 0.133344
v -0.367752 -0.037707 0.131645
v -0.361992 -0.037707 0.130263
v -0.356148 -0.037707 0.129195
v -0.350212 -0.037707 0.128436
v -0.344177 -0.037707 0.127984
v -0.338034 -0.037707 0.127834
v -0.322967 -0.037707 0.128905
v -0.308689 -0.037707 0.132041
v -0.295298 -0.037707 0.137124
v -0.282894 -0.037707 0.144038
v -0.271577 -0.037707 0.152666
v -0.261446 -0.037707 0.162891
v -0.252601 -0.037707 0.174598
v -0.245141 -0.037707 0.187668
v -0.239165 -0.037707 0.201986
v -0.234774 -0.037707 0.217435
v -0.232066 -0.037707 0.233897
v -0.231141 -0.037707 0.251257
v -0.232165 -0.037707 0.271485
v -0.235197 -0.037707 0.290255
v -0.240181 -0.037707 0.307510
v -0.247059 -0.037707 0.323192
v -0.255774 -0.037707 0.337244
v -0.266267 -0.037707 0.349609
v -0.278483 -0.037707 0.360229
v -0.292363 -0.037707 0.369047
v -0.307850 -0.037707 0.376005
v -0.324887 -0.037707 0.381046
v -0.343416 -0.037707 0.384113
v -0.363380 -0.037707 0.385148
v -0.371556 -0.037707 0.385000
v -0.379800 -0.037707 0.384564
v -0.388062 -0.037707 0.383848
v -0.396296 -0.037707 0.382862
v -0.404454 -0.037707 0.381617
v -0.412487 -0.037707 0.380120
v -0.420348 -0.037707 0.378383
v -0.427989 -0.037707 0.376414
v -0.435362 -0.037707 0.374223
v -0.442419 -0.037707 0.371820
v -0.449113 -0.037707 0.369214
v -0.455396 -0.037707 0.366414
v -0.455396 -0.037707 0.004412
v -0.406357 -0.037707 0.004412
v -0.406357 -0.037707 0.150425
v -0.402646 -0.037707 0.332229
v -0.398705 -0.037707 0.333253
v -0.394580 -0.037707 0.334216
v -0.390317 -0.037707 0.335110
v -0.385963 -0.037707 0.335927
v -0.381563 -0.037707 0.336661
v -0.377162 -0.037707 0.337302
v -0.372808 -0.037707 0.337844
v -0.368545 -0.037707 0.338279
v -0.364421 -0.037707 0.338599
v -0.360479 -0.037707 0.338797
v -0.356768 -0.037707 0.338865
v -0.346023 -0.037707 0.338176
v -0.335871 -0.037707 0.336158
v -0.326377 -0.037707 0.332881
v -0.317607 -0.037707 0.328416
v -0.309624 -0.037707 0.322834
v -0.302495 -0.037707 0.316205
v -0.296284 -0.037707 0.308601
v -0.291057 -0.037707 0.300091
v -0.286878 -0.037707 0.290747
v -0.283812 -0.037707 0.280641
v -0.281925 -0.037707 0.269841
v -0.281282 -0.037707 0.258420
v -0.281848 -0.037707 0.245722
v -0.283514 -0.037707 0.233837
v -0.286232 -0.037707 0.222820
v -0.289955 -0.037707 0.212728
v -0.294634 -0.037707 0.203615
v -0.300222 -0.037707 0.195538
v -0.306671 -0.037707 0.188550
v -0.313933 -0.037707 0.182709
v -0.321961 -0.037707 0.178069
v -0.330705 -0.037707 0.174687
v -0.340120 -0.037707 0.172616
v -0.350156 -0.037707 0.171914
v -0.355145 -0.037707 0.172055
v -0.359944 -0.037707 0.172490
v -0.364594 -0.037707 0.173240
v -0.369135 -0.037707 0.174322
v -0.373607 -0.037707 0.175756
v -0.378050 -0.037707 0.177562
v -0.382505 -0.037707 0.179757
v -0.387011 -0.037707 0.182362
v -0.391610 -0.037707 0.185396
v -0.396340 -0.037707 0.188877
v -0.401242 -0.037707 0.192825
v -0.406357 -0.037707 0.197260
v -0.406357 -0.037707 0.331151
v -0.517886 -0.037707 0.360687
v -0.525224 -0.037707 0.364996
v -0.532569 -0.037707 0.368877
v -0.539983 -0.037707 0.372332
v -0.547528 -0.037707 0.375367
v -0.555263 -0.037707 0.377985
v -0.563251 -0.037707 0.380190
v -0.571553 -0.037707 0.381985
v -0.580230 -0.037707 0.383375
v -0.589343 -0.037707 0.384362
v -0.598953 -0.037707 0.384952
v -0.609123 -0.037707 0.385148
v -0.627690 -0.037707 0.383862
v -0.644804 -0.037707 0.380138
v -0.660434 -0.037707 0.374180
v -0.674548 -0.037707 0.366190
v -0.687116 -0.037707 0.356371
v -0.698108 -0.037707 0.344926
v -0.707493 -0.037707 0.332057
v -0.715240 -0.037707 0.317968
v -0.721318 -0.037707 0.302861
v -0.725698 -0.037707 0.286939
v -0.728349 -0.037707 0.270404
v -0.729239 -0.037707 0.253461
v -0.728267 -0.037707 0.235247
v -0.725413 -0.037707 0.218136
v -0.720768 -0.037707 0.202218
v -0.714423 -0.037707 0.187587
v -0.706472 -0.037707 0.174332
v -0.697006 -0.037707 0.162547
v -0.686116 -0.037707 0.152323
v -0.673895 -0.037707 0.143752
v -0.660434 -0.037707 0.136926
v -0.645825 -0.037707 0.131936
v -0.630160 -0.037707 0.128875
v -0.613531 -0.037707 0.127834
v -0.597643 -0.037707 0.128765
v -0.582805 -0.037707 0.131564
v -0.569081 -0.037707 0.136237
v -0.556533 -0.037707 0.142793
v -0.545226 -0.037707 0.151239
v -0.535221 -0.037707 0.161583
v -0.526582 -0.037707 0.173832
v -0.519372 -0.037707 0.187995
v -0.513655 -0.037707 0.204078
v -0.509492 -0.037707 0.222090
v -0.506949 -0.037707 0.242038
v -0.506087 -0.037707 0.263930
v -0.680201 -0.037707 0.263930
v -0.677848 -0.037707 0.275695
v -0.674650 -0.037707 0.286467
v -0.670610 -0.037707 0.296240
v -0.665732 -0.037707 0.305009
v -0.660020 -0.037707 0.312768
v -0.653478 -0.037707 0.319511
v -0.646109 -0.037707 0.325232
v -0.637917 -0.037707 0.329926
v -0.628907 -0.037707 0.333587
v -0.619081 -0.037707 0.336209
v -0.608445 -0.037707 0.337787
v -0.597001 -0.037707 0.338314
v -0.589596 -0.037707 0.338086
v -0.582252 -0.037707 0.337411
v -0.574961 -0.037707 0.336299
v -0.567717 -0.037707 0.334763
v -0.560510 -0.037707 0.332813
v -0.553335 -0.037707 0.330462
v -0.546182 -0.037707 0.327720
v -0.539044 -0.037707 0.324600
v -0.531915 -0.037707 0.321112
v -0.524785 -0.037707 0.317269
v -0.517648 -0.037707 0.313081
v -0.510495 -0.037707 0.308560
v -0.510495 -0.037707 0.355945
v -0.555397 -0.037707 0.222347
v -0.557023 -0.037707 0.213881
v -0.559430 -0.037707 0.206058
v -0.562594 -0.037707 0.198912
v -0.566493 -0.037707 0.192478
v -0.571104 -0.037707 0.186791
v -0.576404 -0.037707 0.181883
v -0.582369 -0.037707 0.177791
v -0.588977 -0.037707 0.174548
v -0.596205 -0.037707 0.172189
v -0.604030 -0.037707 0.170749
v -0.612429 -0.037707 0.170261
v -0.621485 -0.037707 0.170717
v -0.629918 -0.037707 0.172074
v -0.637723 -0.037707 0.174316
v -0.644896 -0.037707 0.177424
v -0.651435 -0.037707 0.181381
v -0.657335 -0.037707 0.186171
v -0.662591 -0.037707 0.191775
v -0.667201 -0.037707 0.198178
v -0.671161 -0.037707 0.205361
v -0.674466 -0.037707 0.213307
v -0.677114 -0.037707 0.222000
v -0.679099 -0.037707 0.231421
v -0.554574 -0.037707 0.231421
v -0.977186 -0.037707 0.004412
v -0.944082 -0.037707 0.006415
v -0.914158 -0.037707 0.012169
v -0.887357 -0.037707 0.021295
v -0.863620 -0.037707 0.033411
v -0.842891 -0.037707 0.048136
v -0.825112 -0.037707 0.065090
v -0.810225 -0.037707 0.083892
v -0.798174 -0.037707 0.104162
v -0.788901 -0.037707 0.125519
v -0.782349 -0.037707 0.147581
v -0.778459 -0.037707 0.169968
v -0.777175 -0.037707 0.192301
v -0.778732 -0.037707 0.216253
v -0.783341 -0.037707 0.239699
v -0.790907 -0.037707 0.262337
v -0.801337 -0.037707 0.283867
v -0.814538 -0.037707 0.303990
v -0.830415 -0.037707 0.322404
v -0.848875 -0.037707 0.338809
v -0.869824 -0.037707 0.352905
v -0.893168 -0.037707 0.364391
v -0.918814 -0.037707 0.372968
v -0.946667 -0.037707 0.378334
v -0.976635 -0.037707 0.380189
v -1.123199 -0.037707 0.380189
v -1.123199 -0.037707 0.004412
v -0.983247 -0.037707 0.331702
v -0.954591 -0.037707 0.329843
v -0.929632 -0.037707 0.324590
v -0.908139 -0.037707 0.316429
v -0.889884 -0.037707 0.305846
v -0.874636 -0.037707 0.293327
v -0.862166 -0.037707 0.279357
v -0.852244 -0.037707 0.264424
v -0.844641 -0.037707 0.249012
v -0.839128 -0.037707 0.233608
v -0.835473 -0.037707 0.218697
v -0.833449 -0.037707 0.204766
v -0.832826 -0.037707 0.192301
v -0.833830 -0.037707 0.173700
v -0.836864 -0.037707 0.155764
v -0.841960 -0.037707 0.138673
v -0.849151 -0.037707 0.122610
v -0.858470 -0.037707 0.107756
v -0.869949 -0.037707 0.094293
v -0.883620 -0.037707 0.082402
v -0.899516 -0.037707 0.072266
v -0.917670 -0.037707 0.064066
v -0.938114 -0.037707 0.057983
v -0.960880 -0.037707 0.054201
v -0.986002 -0.037707 0.052899
v -1.069202 -0.037707 0.052899
v -1.069202 -0.037707 0.331702
v 0.693196 -0.037707 -0.190306
v 0.685858 -0.037707 -0.185997
v 0.678513 -0.037707 -0.182116
v 0.671099 -0.037707 -0.178660
v 0.663555 -0.037707 -0.175626
v 0.655819 -0.037707 -0.173008
v 0.647831 -0.037707 -0.170803
v 0.639529 -0.037707 -0.169008
v 0.630852 -0.037707 -0.167618
v 0.621739 -0.037707 -0.166630
v 0.612129 -0.037707 -0.166041
v 0.601960 -0.037707 -0.165845
v 0.583392 -0.037707 -0.167131
v 0.566278 -0.037707 -0.170855
v 0.550649 -0.037707 -0.176813
v 0.536534 -0.037707 -0.184803
v 0.523966 -0.037707 -0.194622
v 0.512974 -0.037707 -0.206067
v 0.503590 -0.037707 -0.218936
v 0.495843 -0.037707 -0.233025
v 0.489764 -0.037707 -0.248132
v 0.485384 -0.037707 -0.264054
v 0.482734 -0.037707 -0.280588
v 0.481843 -0.037707 -0.297532
v 0.482815 -0.037707 -0.315745
v 0.485670 -0.037707 -0.332857
v 0.490315 -0.037707 -0.348774
v 0.496659 -0.037707 -0.363406
v 0.504610 -0.037707 -0.376661
v 0.514076 -0.037707 -0.388446
v 0.524966 -0.037707 -0.398670
v 0.537187 -0.037707 -0.407241
v 0.550649 -0.037707 -0.414067
v 0.565257 -0.037707 -0.419057
v 0.580922 -0.037707 -0.422118
v 0.597552 -0.037707 -0.423158
v 0.613440 -0.037707 -0.422227
v 0.628277 -0.037707 -0.419429
v 0.642002 -0.037707 -0.414756
v 0.654549 -0.037707 -0.408200
v 0.665857 -0.037707 -0.399754
v 0.675862 -0.037707 -0.389410
v 0.684501 -0.037707 -0.377161
v 0.691710 -0.037707 -0.362998
v 0.697428 -0.037707 -0.346915
v 0.701590 -0.037707 -0.328903
v 0.704133 -0.037707 -0.308955
v 0.704995 -0.037707 -0.287063
v 0.530882 -0.037707 -0.287063
v 0.533234 -0.037707 -0.275298
v 0.536432 -0.037707 -0.264526
v 0.540472 -0.037707 -0.254753
v 0.545350 -0.037707 -0.245984
v 0.551062 -0.037707 -0.238225
v 0.557605 -0.037707 -0.231482
v 0.564974 -0.037707 -0.225760
v 0.573165 -0.037707 -0.221066
v 0.582176 -0.037707 -0.217406
v 0.592001 -0.037707 -0.214784
v 0.602638 -0.037707 -0.213206
v 0.614082 -0.037707 -0.212679
v 0.621487 -0.037707 -0.212907
v 0.628831 -0.037707 -0.213582
v 0.636121 -0.037707 -0.214694
v 0.643366 -0.037707 -0.216230
v 0.650572 -0.037707 -0.218180
v 0.657748 -0.037707 -0.220531
v 0.664900 -0.037707 -0.223272
v 0.672038 -0.037707 -0.226393
v 0.679168 -0.037707 -0.229880
v 0.686297 -0.037707 -0.233724
v 0.693435 -0.037707 -0.237912
v 0.700587 -0.037707 -0.242433
v 0.700587 -0.037707 -0.195047
v 0.655685 -0.037707 -0.328646
v 0.654059 -0.037707 -0.337112
v 0.651652 -0.037707 -0.344935
v 0.648488 -0.037707 -0.352080
v 0.644589 -0.037707 -0.358514
v 0.639978 -0.037707 -0.364202
v 0.634679 -0.037707 -0.369109
v 0.628713 -0.037707 -0.373202
v 0.622105 -0.037707 -0.376445
v 0.614877 -0.037707 -0.378803
v 0.607053 -0.037707 -0.380244
v 0.598654 -0.037707 -0.380732
v 0.589598 -0.037707 -0.380276
v 0.581165 -0.037707 -0.378918
v 0.573360 -0.037707 -0.376677
v 0.566186 -0.037707 -0.373569
v 0.559647 -0.037707 -0.369612
v 0.553748 -0.037707 -0.364822
v 0.548491 -0.037707 -0.359217
v 0.543881 -0.037707 -0.352815
v 0.539921 -0.037707 -0.345632
v 0.536616 -0.037707 -0.337686
v 0.533969 -0.037707 -0.328993
v 0.531984 -0.037707 -0.319572
v 0.656508 -0.037707 -0.319572
v 0.374400 -0.037707 -0.170804
v 0.374400 -0.037707 -0.546581
v 0.423438 -0.037707 -0.546581
v 0.423438 -0.037707 -0.170804
v 0.150021 -0.037707 -0.404253
v 0.155436 -0.037707 -0.407598
v 0.160890 -0.037707 -0.410606
v 0.166390 -0.037707 -0.413281
v 0.171943 -0.037707 -0.415628
v 0.177557 -0.037707 -0.417648
v 0.183241 -0.037707 -0.419348
v 0.189001 -0.037707 -0.420730
v 0.194845 -0.037707 -0.421798
v 0.200781 -0.037707 -0.422556
v 0.206816 -0.037707 -0.423009
v 0.212959 -0.037707 -0.423158
v 0.228026 -0.037707 -0.422087
v 0.242304 -0.037707 -0.418952
v 0.255695 -0.037707 -0.413869
v 0.268099 -0.037707 -0.406955
v 0.279416 -0.037707 -0.398327
v 0.289547 -0.037707 -0.388102
v 0.298392 -0.037707 -0.376395
v 0.305852 -0.037707 -0.363325
v 0.311827 -0.037707 -0.349007
v 0.316219 -0.037707 -0.333558
v 0.318927 -0.037707 -0.317096
v 0.319851 -0.037707 -0.299736
v 0.318828 -0.037707 -0.279508
v 0.315795 -0.037707 -0.260738
v 0.310812 -0.037707 -0.243483
v 0.303934 -0.037707 -0.227801
v 0.295219 -0.037707 -0.213749
v 0.284726 -0.037707 -0.201384
v 0.272510 -0.037707 -0.190764
v 0.258630 -0.037707 -0.181946
v 0.243143 -0.037707 -0.174988
v 0.226106 -0.037707 -0.169947
v 0.207577 -0.037707 -0.166880
v 0.187613 -0.037707 -0.165845
v 0.179437 -0.037707 -0.165992
v 0.171193 -0.037707 -0.166429
v 0.162930 -0.037707 -0.167145
v 0.154696 -0.037707 -0.168130
v 0.146539 -0.037707 -0.169376
v 0.138506 -0.037707 -0.170873
v 0.130645 -0.037707 -0.172610
v 0.123004 -0.037707 -0.174579
v 0.115631 -0.037707 -0.176770
v 0.108574 -0.037707 -0.179173
v 0.101880 -0.037707 -0.181779
v 0.095597 -0.037707 -0.184579
v 0.095597 -0.037707 -0.546581
v 0.144636 -0.037707 -0.546581
v 0.144636 -0.037707 -0.400568
v 0.148347 -0.037707 -0.218764
v 0.152288 -0.037707 -0.217740
v 0.156413 -0.037707 -0.216777
v 0.160676 -0.037707 -0.215883
v 0.165030 -0.037707 -0.215066
v 0.169430 -0.037707 -0.214332
v 0.173831 -0.037707 -0.213691
v 0.178185 -0.037707 -0.213149
v 0.182447 -0.037707 -0.212714
v 0.186572 -0.037707 -0.212393
v 0.190513 -0.037707 -0.212196
v 0.194225 -0.037707 -0.212128
v 0.204970 -0.037707 -0.212817
v 0.215122 -0.037707 -0.214835
v 0.224616 -0.037707 -0.218112
v 0.233386 -0.037707 -0.222577
v 0.241369 -0.037707 -0.228159
v 0.248498 -0.037707 -0.234788
v 0.254709 -0.037707 -0.242392
v 0.259936 -0.037707 -0.250902
v 0.264115 -0.037707 -0.260245
v 0.267180 -0.037707 -0.270352
v 0.269067 -0.037707 -0.281152
v 0.269711 -0.037707 -0.292573
v 0.269145 -0.037707 -0.305271
v 0.267479 -0.037707 -0.317156
v 0.264761 -0.037707 -0.328172
v 0.261038 -0.037707 -0.338265
v 0.256359 -0.037707 -0.347377
v 0.250771 -0.037707 -0.355455
v 0.244322 -0.037707 -0.362442
v 0.237060 -0.037707 -0.368284
v 0.229032 -0.037707 -0.372923
v 0.220287 -0.037707 -0.376306
v 0.210873 -0.037707 -0.378377
v 0.200837 -0.037707 -0.379079
v 0.195848 -0.037707 -0.378938
v 0.191049 -0.037707 -0.378503
v 0.186399 -0.037707 -0.377753
v 0.181858 -0.037707 -0.376671
v 0.177386 -0.037707 -0.375237
v 0.172943 -0.037707 -0.373431
v 0.168488 -0.037707 -0.371236
v 0.163982 -0.037707 -0.368631
v 0.159383 -0.037707 -0.365597
v 0.154653 -0.037707 -0.362116
v 0.149750 -0.037707 -0.358167
v 0.144636 -0.037707 -0.353733
v 0.144636 -0.037707 -0.219842
v 0.048889 -0.037707 -0.181625
v 0.043990 -0.037707 -0.178535
v 0.039508 -0.037707 -0.175840
v 0.035376 -0.037707 -0.173518
v 0.031527 -0.037707 -0.171548
v 0.027894 -0.037707 -0.169908
v 0.024410 -0.037707 -0.168579
v 0.021009 -0.037707 -0.167539
v 0.017623 -0.037707 -0.166766
v 0.014185 -0.037707 -0.166240
v 0.010629 -0.037707 -0.165940
v 0.006887 -0.037707 -0.165845
v 0.001720 -0.037707 -0.166007
v -0.003043 -0.037707 -0.166498
v -0.007413 -0.037707 -0.167326
v -0.011397 -0.037707 -0.168498
v -0.015007 -0.037707 -0.170022
v -0.018252 -0.037707 -0.171906
v -0.021140 -0.037707 -0.174157
v -0.023683 -0.037707 -0.176783
v -0.025888 -0.037707 -0.179792
v -0.027767 -0.037707 -0.183191
v -0.029327 -0.037707 -0.186988
v -0.030580 -0.037707 -0.191190
v -0.035975 -0.037707 -0.187104
v -0.041411 -0.037707 -0.183382
v -0.046886 -0.037707 -0.180024
v -0.052395 -0.037707 -0.177028
v -0.057935 -0.037707 -0.174391
v -0.063502 -0.037707 -0.172112
v -0.069092 -0.037707 -0.170189
v -0.074700 -0.037707 -0.168620
v -0.080324 -0.037707 -0.167403
v -0.085960 -0.037707 -0.166536
v -0.091603 -0.037707 -0.166017
v -0.097250 -0.037707 -0.165845
v -0.106082 -0.037707 -0.166427
v -0.114367 -0.037707 -0.168115
v -0.122062 -0.037707 -0.170821
v -0.129126 -0.037707 -0.174457
v -0.135517 -0.037707 -0.178934
v -0.141192 -0.037707 -0.184165
v -0.146109 -0.037707 -0.190062
v -0.150227 -0.037707 -0.196537
v -0.153503 -0.037707 -0.203502
v -0.155895 -0.037707 -0.210868
v -0.157361 -0.037707 -0.218548
v -0.157860 -0.037707 -0.226454
v -0.156958 -0.037707 -0.238021
v -0.154370 -0.037707 -0.248282
v -0.150266 -0.037707 -0.257353
v -0.144819 -0.037707 -0.265350
v -0.138202 -0.037707 -0.272391
v -0.130585 -0.037707 -0.278592
v -0.122143 -0.037707 -0.284069
v -0.113045 -0.037707 -0.288941
v -0.103466 -0.037707 -0.293322
v -0.093577 -0.037707 -0.297331
v -0.083550 -0.037707 -0.301083
v -0.073558 -0.037707 -0.304695
v -0.030029 -0.037707 -0.320123
v -0.030029 -0.037707 -0.333347
v -0.030339 -0.037707 -0.340685
v -0.031269 -0.037707 -0.347285
v -0.032819 -0.037707 -0.353165
v -0.034988 -0.037707 -0.358345
v -0.037778 -0.037707 -0.362844
v -0.041187 -0.037707 -0.366682
v -0.045216 -0.037707 -0.369876
v -0.049865 -0.037707 -0.372447
v -0.055134 -0.037707 -0.374413
v -0.061023 -0.037707 -0.375793
v -0.067531 -0.037707 -0.376608
v -0.074660 -0.037707 -0.376875
v -0.081418 -0.037707 -0.376609
v -0.088184 -0.037707 -0.375806
v -0.094943 -0.037707 -0.374456
v -0.101679 -0.037707 -0.372549
v -0.108376 -0.037707 -0.370075
v -0.115020 -0.037707 -0.367026
v -0.121595 -0.037707 -0.363391
v -0.128085 -0.037707 -0.359162
v -0.134477 -0.037707 -0.354327
v -0.140753 -0.037707 -0.348879
v -0.146900 -0.037707 -0.342807
v -0.152901 -0.037707 -0.336102
v -0.152901 -0.037707 -0.389548
v -0.147918 -0.037707 -0.394955
v -0.142610 -0.037707 -0.399882
v -0.136973 -0.037707 -0.404330
v -0.131004 -0.037707 -0.408302
v -0.124697 -0.037707 -0.411800
v -0.118050 -0.037707 -0.414825
v -0.111059 -0.037707 -0.417379
v -0.103719 -0.037707 -0.419465
v -0.096028 -0.037707 -0.421084
v -0.087980 -0.037707 -0.422238
v -0.079573 -0.037707 -0.422929
v -0.070803 -0.037707 -0.423158
v -0.058503 -0.037707 -0.422627
v -0.046740 -0.037707 -0.421021
v -0.035617 -0.037707 -0.418320
v -0.025233 -0.037707 -0.414506
v -0.015692 -0.037707 -0.409559
v -0.007094 -0.037707 -0.403460
v 0.000459 -0.037707 -0.396191
v 0.006867 -0.037707 -0.387732
v 0.012027 -0.037707 -0.378063
v 0.015838 -0.037707 -0.367166
v 0.018200 -0.037707 -0.355022
v 0.019009 -0.037707 -0.341611
v 0.019009 -0.037707 -0.214332
v 0.019078 -0.037707 -0.212115
v 0.019282 -0.037707 -0.210141
v 0.019620 -0.037707 -0.208400
v 0.020091 -0.037707 -0.206884
v 0.020691 -0.037707 -0.205581
v 0.021420 -0.037707 -0.204483
v 0.022275 -0.037707 -0.203580
v 0.023254 -0.037707 -0.202863
v 0.024356 -0.037707 -0.202322
v 0.025578 -0.037707 -0.201948
v 0.026919 -0.037707 -0.201730
v 0.028376 -0.037707 -0.201659
v 0.029717 -0.037707 -0.201762
v 0.031251 -0.037707 -0.202065
v 0.032965 -0.037707 -0.202563
v 0.034845 -0.037707 -0.203251
v 0.036879 -0.037707 -0.204123
v 0.039052 -0.037707 -0.205172
v 0.041351 -0.037707 -0.206393
v 0.043763 -0.037707 -0.207781
v 0.046275 -0.037707 -0.209330
v 0.048873 -0.037707 -0.211034
v 0.051543 -0.037707 -0.212887
v 0.054273 -0.037707 -0.214883
v 0.054273 -0.037707 -0.185130
v -0.040365 -0.037707 -0.289534
v -0.050365 -0.037707 -0.285892
v -0.059921 -0.037707 -0.282147
v -0.068925 -0.037707 -0.278247
v -0.077272 -0.037707 -0.274141
v -0.084853 -0.037707 -0.269776
v -0.091562 -0.037707 -0.265101
v -0.097291 -0.037707 -0.260065
v -0.101934 -0.037707 -0.254615
v -0.105383 -0.037707 -0.248700
v -0.107530 -0.037707 -0.242269
v -0.108270 -0.037707 -0.235270
v -0.107966 -0.037707 -0.230304
v -0.107074 -0.037707 -0.225620
v -0.105627 -0.037707 -0.221245
v -0.103658 -0.037707 -0.217210
v -0.101199 -0.037707 -0.213541
v -0.098283 -0.037707 -0.210269
v -0.094943 -0.037707 -0.207421
v -0.091210 -0.037707 -0.205026
v -0.087117 -0.037707 -0.203114
v -0.082697 -0.037707 -0.201713
v -0.077983 -0.037707 -0.200851
v -0.073007 -0.037707 -0.200557
v -0.069173 -0.037707 -0.200716
v -0.065385 -0.037707 -0.201187
v -0.061642 -0.037707 -0.201961
v -0.057946 -0.037707 -0.203027
v -0.054296 -0.037707 -0.204376
v -0.050691 -0.037707 -0.205998
v -0.047133 -0.037707 -0.207885
v -0.043620 -0.037707 -0.210026
v -0.040154 -0.037707 -0.212412
v -0.036733 -0.037707 -0.215034
v -0.033358 -0.037707 -0.217881
v -0.030029 -0.037707 -0.220944
v -0.030029 -0.037707 -0.293124
v -0.363931 -0.037707 -0.385691
v -0.359069 -0.037707 -0.391405
v -0.353870 -0.037707 -0.396693
v -0.348365 -0.037707 -0.401541
v -0.342585 -0.037707 -0.405935
v -0.336560 -0.037707 -0.409862
v -0.330320 -0.037707 -0.413309
v -0.323897 -0.037707 -0.416263
v -0.317321 -0.037707 -0.418710
v -0.310622 -0.037707 -0.420636
v -0.303832 -0.037707 -0.422028
v -0.296980 -0.037707 -0.422874
v -0.290098 -0.037707 -0.423158
v -0.278601 -0.037707 -0.422490
v -0.267591 -0.037707 -0.420477
v -0.257167 -0.037707 -0.417106
v -0.247426 -0.037707 -0.412363
v -0.238466 -0.037707 -0.406235
v -0.230384 -0.037707 -0.398708
v -0.223277 -0.037707 -0.389769
v -0.217244 -0.037707 -0.379405
v -0.212382 -0.037707 -0.367603
v -0.208788 -0.037707 -0.354348
v -0.206560 -0.037707 -0.339628
v -0.205796 -0.037707 -0.323429
v -0.205796 -0.037707 -0.170804
v -0.254834 -0.037707 -0.170804
v -0.254834 -0.037707 -0.323980
v -0.255220 -0.037707 -0.332801
v -0.256360 -0.037707 -0.341055
v -0.258226 -0.037707 -0.348706
v -0.260793 -0.037707 -0.355713
v -0.264033 -0.037707 -0.362039
v -0.267920 -0.037707 -0.367646
v -0.272427 -0.037707 -0.372495
v -0.277527 -0.037707 -0.376549
v -0.283193 -0.037707 -0.379768
v -0.289399 -0.037707 -0.382115
v -0.296117 -0.037707 -0.383551
v -0.303322 -0.037707 -0.384038
v -0.308608 -0.037707 -0.383828
v -0.313747 -0.037707 -0.383183
v -0.318775 -0.037707 -0.382084
v -0.323729 -0.037707 -0.380508
v -0.328644 -0.037707 -0.378434
v -0.333557 -0.037707 -0.375842
v -0.338505 -0.037707 -0.372710
v -0.343524 -0.037707 -0.369018
v -0.348649 -0.037707 -0.364745
v -0.353919 -0.037707 -0.359868
v -0.359368 -0.037707 -0.354368
v -0.365033 -0.037707 -0.348223
v -0.365033 -0.037707 -0.170804
v -0.414071 -0.037707 -0.170804
v -0.414071 -0.037707 -0.418199
v -0.365033 -0.037707 -0.418199
v -0.365033 -0.037707 -0.385691
v -0.627856 -0.037707 -0.498093
v -0.627856 -0.037707 -0.384589
v -0.474129 -0.037707 -0.384589
v -0.474129 -0.037707 -0.336102
v -0.627856 -0.037707 -0.336102
v -0.627856 -0.037707 -0.219291
v -0.463661 -0.037707 -0.219291
v -0.463661 -0.037707 -0.170804
v -0.681854 -0.037707 -0.170804
v -0.681854 -0.037707 -0.546581
v -0.468619 -0.037707 -0.546581
v -0.468619 -0.037707 -0.498093
v -0.627856 -0.037707 -0.498093
v -0.627856 0.037707 -0.498093
v -0.627856 -0.037707 -0.384589
v -0.627856 0.037707 -0.384589
v -0.474129 -0.037707 -0.384589
v -0.474129 0.037707 -0.384589
v -0.474129 -0.037707 -0.336102
v -0.474129 0.037707 -0.336102
v -0.627856 -0.037707 -0.336102
v -0.627856 0.037707 -0.336102
v -0.627856 -0.037707 -0.219291
v -0.627856 0.037707 -0.219291
v -0.463661 -0.037707 -0.219291
v -0.463661 0.037707 -0.219291
v -0.463661 -0.037707 -0.170804
v -0.463661 0.037707 -0.170804
v -0.681854 -0.037707 -0.170804
v -0.681854 0.037707 -0.170804
v -0.681854 -0.037707 -0.546581
v -0.681854 0.037707 -0.546581
v -0.468619 -0.037707 -0.546581
v -0.468619 0.037707 -0.546581
v -0.468619 -0.037707 -0.498093
v -0.468619 0.037707 -0.498093
v -0.363931 -0.037707 -0.385691
v -0.363931 0.037707 -0.385691
v -0.359069 -0.037707 -0.391405
v -0.359069 0.037707 -0.391405
v -0.353870 -0.037707 -0.396693
v -0.353870 0.037707 -0.396693
v -0.348365 -0.037707 -0.401541
v -0.348365 0.037707 -0.401541
v -0.342585 -0.037707 -0.405935
v -0.342585 0.037707 -0.405935
v -0.336560 -0.037707 -0.409862
v -0.336560 0.037707 -0.409862
v -0.330320 -0.037707 -0.413309
v -0.330320 0.037707 -0.413309
v -0.323897 -0.037707 -0.416263
v -0.323897 0.037707 -0.416263
v -0.317321 -0.037707 -0.418710
v -0.317321 0.037707 -0.418710
v -0.310622 -0.037707 -0.420636
v -0.310622 0.037707 -0.420636
v -0.303832 -0.037707 -0.422028
v -0.303832 0.037707 -0.422028
v -0.296980 -0.037707 -0.422874
v -0.296980 0.037707 -0.422874
v -0.290098 -0.037707 -0.423158
v -0.290098 0.037707 -0.423158
v -0.278601 -0.037707 -0.422490
v -0.278601 0.037707 -0.422490
v -0.267591 -0.037707 -0.420477
v -0.267591 0.037707 -0.420477
v -0.257167 -0.037707 -0.417106
v -0.257167 0.037707 -0.417106
v -0.247426 -0.037707 -0.412363
v -0.247426 0.037707 -0.412363
v -0.238466 -0.037707 -0.406235
v -0.238466 0.037707 -0.406235
v -0.230384 -0.037707 -0.398708
v -0.230384 0.037707 -0.398708
v -0.223277 -0.037707 -0.389769
v -0.223277 0.037707 -0.389769
v -0.217244 -0.037707 -0.379405
v -0.217244 0.037707 -0.379405
v -0.212382 -0.037707 -0.367603
v -0.212382 0.037707 -0.367603
v -0.208788 -0.037707 -0.354348
v -0.208788 0.037707 -0.354348
v -0.206560 -0.037707 -0.339628
v -0.206560 0.037707 -0.339628
v -0.205796 -0.037707 -0.323429
v -0.205796 0.037707 -0.323429
v -0.205796 -0.037707 -0.170804
v -0.205796 0.037707 -0.170804
v -0.254834 -0.037707 -0.170804
v -0.254834 0.037707 -0.170804
v -0.254834 -0.037707 -0.323980
v -0.254834 0.037707 -0.323980
v -0.255220 -0.037707 -0.332801
v -0.255220 0.037707 -0.332801
v -0.256360 -0.037707 -0.341055
v -0.256360 0.037707 -0.341055
v -0.258226 -0.037707 -0.348706
v -0.258226 0.037707 -0.348706
v -0.260793 -0.037707 -0.355713
v -0.260793 0.037707 -0.355713
v -0.264033 -0.037707 -0.362039
v -0.264033 0.037707 -0.362039
v -0.267920 -0.037707 -0.367646
v -0.267920 0.037707 -0.367646
v -0.272427 -0.037707 -0.372495
v -0.272427 0.037707 -0.372495
v -0.277527 -0.037707 -0.376549
v -0.277527 0.037707 -0.376549
v -0.283193 -0.037707 -0.379768
v -0.283193 0.037707 -0.379768
v -0.289399 -0.037707 -0.382115
v -0.289399 0.037707 -0.382115
v -0.296117 -0.037707 -0.383551
v -0.296117 0.037707 -0.383551
v -0.303322 -0.037707 -0.384038
v -0.303322 0.037707 -0.384038
v -0.308608 -0.037707 -0.383828
v -0.308608 0.037707 -0.383828
v -0.313747 -0.037707 -0.383183
v -0.313747 0.037707 -0.383183
v -0.318775 -0.037707 -0.382084
v -0.318775 0.037707 -0.382084
v -0.323729 -0.037707 -0.380508
v -0.323729 0.037707 -0.380508
v -0.328644 -0.037707 -0.378434
v -0.328644 0.037707 -0.378434
v -0.333557 -0.037707 -0.375842
v -0.333557 0.037707 -0.375842
v -0.338505 -0.037707 -0.372710
v -0.338505 0.037707 -0.372710
v -0.343524 -0.037707 -0.369018
v -0.343524 0.037707 -0.369018
v -0.348649 -0.037707 -0.364745
v -0.348649 0.037707 -0.364745
v -0.353919 -0.037707 -0.359868
v -0.353919 0.037707 -0.359868
v -0.359368 -0.037707 -0.354368
v -0.359368 0.037707 -0.354368
v -0.365033 -0.037707 -0.348223
v -0.365033 0.037707 -0.348223
v -0.365033 -0.037707 -0.170804
v -0.365033 0.037707 -0.170804
v -0.414071 -0.037707 -0.170804
v -0.414071 0.037707 -0.170804
v -0.414071 -0.037707 -0.418199
v -0.414071 0.037707 -0.418199
v -0.365033 -0.037707 -0.418199
v -0.365033 0.037707 -0.418199
v -0.365033 -0.037707 -0.385691
v -0.365033 0.037707 -0.385691
v 0.048889 -0.037707 -0.181625
v 0.048889 0.037707 -0.181625
v 0.043990 -0.037707 -0.178535
v 0.043990 0.037707 -0.178535
v 0.039508 -0.037707 -0.175840
v 0.039508 0.037707 -0.175840
v 0.035376 -0.037707 -0.173518
v 0.035376 0.037707 -0.173518
v 0.031527 -0.037707 -0.171548
v 0.031527 0.037707 -0.171548
v 0.027894 -0.037707 -0.169908
v 0.027894 0.037707 -0.169908
v 0.024410 -0.037707 -0.168579
v 0.024410 0.037707 -0.168579
v 0.021009 -0.037707 -0.167539
v 0.021009 0.037707 -0.167539
v 0.017623 -0.037707 -0.166766
v 0.017623 0.037707 -0.166766
v 0.014185 -0.037707 -0.166240
v 0.014185 0.037707 -0.166240
v 0.010629 -0.037707 -0.165940
v 0.010629 0.037707 -0.165940
v 0.006887 -0.037707 -0.165845
v 0.006887 0.037707 -0.165845
v 0.001720 -0.037707 -0.166007
v 0.001720 0.037707 -0.166007
v -0.003043 -0.037707 -0.166498
v -0.003043 0.037707 -0.166498
v -0.007413 -0.037707 -0.167326
v -0.007413 0.037707 -0.167326
v -0.011397 -0.037707 -0.168498
v -0.011397 0.037707 -0.168498
v -0.015007 -0.037707 -0.170022
v -0.015007 0.037707 -0.170022
v -0.018252 -0.037707 -0.171906
v -0.018252 0.037707 -0.171906
v -0.021140 -0.037707 -0.174157
v -0.021140 0.037707 -0.174157
v -0.023683 -0.037707 -0.176783
v -0.023683 0.037707 -0.176783
v -0.025888 -0.037707 -0.179792
v -0.025888 0.037707 -0.179792
v -0.027767 -0.037707 -0.183191
v -0.027767 0.037707 -0.183191
v -0.029327 -0.037707 -0.186988
v -0.029327 0.037707 -0.186988
v -0.030580 -0.037707 -0.191190
v -0.030580 0.037707 -0.191190
v -0.035975 -0.037707 -0.187104
v -0.035975 0.037707 -0.187104
v -0.041411 -0.037707 -0.183382
v -0.041411 0.037707 -0.183382
v -0.046886 -0.037707 -0.180024
v -0.046886 0.037707 -0.180024
v -0.052395 -0.037707 -0.177028
v -0.052395 0.037707 -0.177028
v -0.057935 -0.037707 -0.174391
v -0.057935 0.037707 -0.174391
v -0.063502 -0.037707 -0.172112
v -0.063502 0.037707 -0.172112
v -0.069092 -0.037707 -0.170189
v -0.069092 0.037707 -0.170189
v -0.074700 -0.037707 -0.168620
v -0.074700 0.037707 -0.168620
v -0.080324 -0.037707 -0.167403
v -0.080324 0.037707 -0.167403
v -0.085960 -0.037707 -0.166536
v -0.085960 0.037707 -0.166536
v -0.091603 -0.037707 -0.166017
v -0.091603 0.037707 -0.166017
v -0.097250 -0.037707 -0.165845
v -0.097250 0.037707 -0.165845
v -0.106082 -0.037707 -0.166427
v -0.106082 0.037707 -0.166427
v -0.114367 -0.037707 -0.168115
v -0.114367 0.037707 -0.168115
v -0.122062 -0.037707 -0.170821
v -0.122062 0.037707 -0.170821
v -0.129126 -0.037707 -0.174457
v -0.129126 0.037707 -0.174457
v -0.135517 -0.037707 -0.178934
v -0.135517 0.037707 -0.178934
v -0.141192 -0.037707 -0.184165
v -0.141192 0.037707 -0.184165
v -0.146109 -0.037707 -0.190062
v -0.146109 0.037707 -0.190062
v -0.150227 -0.037707 -0.196537
v -0.150227 0.037707 -0.196537
v -0.153503 -0.037707 -0.203502
v -0.153503 0.037707 -0.203502
v -0.155895 -0.037707 -0.210868
v -0.155895 0.037707 -0.210868
v -0.157361 -0.037707 -0.218548
v -0.157361 0.037707 -0.218548
v -0.157860 -0.037707 -0.226454
v -0.157860 0.037707 -0.226454
v -0.156958 -0.037707 -0.238021
v -0.156958 0.037707 -0.238021
v -0.154370 -0.037707 -0.248282
v -0.154370 0.037707 -0.248282
v -0.150266 -0.037707 -0.257353
v -0.150266 0.037707 -0.257353
v -0.144819 -0.037707 -0.265350
v -0.144819 0.037707 -0.265350
v -0.138202 -0.037707 -0.272391
v -0.138202 0.037707 -0.272391
v -0.130585 -0.037707 -0.278592
v -0.130585 0.037707 -0.278592
v -0.122143 -0.037707 -0.284069
v -0.122143 0.037707 -0.284069
v -0.113045 -0.037707 -0.288941
v -0.113045 0.037707 -0.288941
v -0.103466 -0.037707 -0.293322
v -0.103466 0.037707 -0.293322
v -0.093577 -0.037707 -0.297331
v -0.093577 0.037707 -0.297331
v -0.083550 -0.037707 -0.301083
v -0.083550 0.037707 -0.301083
v -0.073558 -0.037707 -0.304695
v -0.073558 0.037707 -0.304695
v -0.030029 -0.037707 -0.320123
v -0.030029 0.037707 -0.320123
v -0.030029 -0.037707 -0.333347
v -0.030029 0.037707 -0.333347
v -0.030339 -0.037707 -0.340685
v -0.030339 0.037707 -0.340685
v -0.031269 -0.037707 -0.347285
v -0.031269 0.037707 -0.347285
v -0.032819 -0.037707 -0.353165
v -0.032819 0.037707 -0.353165
v -0.034988 -0.037707 -0.358345
v -0.034988 0.037707 -0.358345
v -0.037778 -0.037707 -0.362844
v -0.037778 0.037707 -0.362844
v -0.041187 -0.037707 -0.366682
v -0.041187 0.037707 -0.366682
v -0.045216 -0.037707 -0.369876
v -0.045216 0.037707 -0.369876
v -0.049865 -0.037707 -0.372447
v -0.049865 0.037707 -0.372447
v -0.055134 -0.037707 -0.374413
v -0.055134 0.037707 -0.374413
v -0.061023 -0.037707 -0.375793
v -0.061023 0.037707 -0.375793
v -0.067531 -0.037707 -0.376608
v -0.067531 0.037707 -0.376608
v -0.074660 -0.037707 -0.376875
v -0.074660 0.037707 -0.376875
v -0.081418 -0.037707 -0.376609
v -0.081418 0.037707 -0.376609
v -0.088184 -0.037707 -0.375806
v -0.088184 0.037707 -0.375806
v -0.094943 -0.037707 -0.374456
v -0.094943 0.037707 -0.374456
v -0.101679 -0.037707 -0.372549
v -0.101679 0.037707 -0.372549
v -0.108376 -0.037707 -0.370075
v -0.108376 0.037707 -0.370075
v -0.115020 -0.037707 -0.367026
v -0.115020 0.037707 -0.367026
v -0.121595 -0.037707 -0.363391
v -0.121595 0.037707 -0.363391
v -0.128085 -0.037707 -0.359162
v -0.128085 0.037707 -0.359162
v -0.134477 -0.037707 -0.354327
v -0.134477 0.037707 -0.354327
v -0.140753 -0.037707 -0.348879
v -0.140753 0.037707 -0.348879
v -0.146900 -0.037707 -0.342807
v -0.146900 0.037707 -0.342807
v -0.152901 -0.037707 -0.336102
v -0.152901 0.037707 -0.336102
v -0.152901 -0.037707 -0.389548
v -0.152901 0.037707 -0.389548
v -0.147918 -0.037707 -0.394955
v -0.147918 0.037707 -0.394955
v -0.142610 -0.037707 -0.399882
v -0.142610 0.037707 -0.399882
v -0.136973 -0.037707 -0.404330
v -0.136973 0.037707 -0.404330
v -0.131004 -0.037707 -0.408302
v -0.131004 0.037707 -0.408302
v -0.124697 -0.037707 -0.411800
v -0.124697 0.037707 -0.411800
v -0.118050 -0.037707 -0.414825
v -0.118050 0.037707 -0.414825
v -0.111059 -0.037707 -0.417379
v -0.111059 0.037707 -0.417379
v -0.103719 -0.037707 -0.419465
v -0.103719 0.037707 -0.419465
v -0.096028 -0.037707 -0.421084
v -0.096028 0.037707 -0.421084
v -0.087980 -0.037707 -0.422238
v -0.087980 0.037707 -0.422238
v -0.079573 -0.037707 -0.422929
v -0.079573 0.037707 -0.422929
v -0.070803 -0.037707 -0.423158
v -0.070803 0.037707 -0.423158
v -0.058503 -0.037707 -0.422627
v -0.058503 0.037707 -0.422627
v -0.046740 -0.037707 -0.421021
v -0.046740 0.037707 -0.421021
v -0.035617 -0.037707 -0.418320
v -0.035617 0.037707 -0.418320
v -0.025233 -0.037707 -0.414506
v -0.025233 0.037707 -0.414506
v -0.015692 -0.037707 -0.409559
v -0.015692 0.037707 -0.409559
v -0.007094 -0.037707 -0.403460
v -0.007094 0.037707 -0.403460
v 0.000459 -0.037707 -0.396191
v 0.000459 0.037707 -0.396191
v 0.006867 -0.037707 -0.387732
v 0.006867 0.037707 -0.387732
v 0.012027 -0.037707 -0.378063
v 0.012027 0.037707 -0.378063
v 0.015838 -0.037707 -0.367166
v 0.015838 0.037707 -0.367166
v 0.018200 -0.037707 -0.355022
v 0.018200 0.037707 -0.355022
v 0.019009 -0.037707 -0.341611
v 0.019009 0.037707 -0.341611
v 0.019009 -0.037707 -0.214332
v 0.019009 0.037707 -0.214332
v 0.019078 -0.037707 -0.212115
v 0.019078 0.037707 -0.212115
v 0.019282 -0.037707 -0.210141
v 0.019282 0.037707 -0.210141
v 0.019620 -0.037707 -0.208400
v 0.019620 0.037707 -0.208400
v 0.020091 -0.037707 -0.206884
v 0.020091 0.037707 -0.206884
v 0.020691 -0.037707 -0.205581
v 0.020691 0.037707 -0.205581
v 0.021420 -0.037707 -0.204483
v 0.021420 0.037707 -0.204483
v 0.022275 -0.037707 -0.203580
v 0.022275 0.037707 -0.203580
v 0.023254 -0.037707 -0.202863
v 0.023254 0.037707 -0.202863
v 0.024356 -0.037707 -0.202322
v 0.024356 0.037707 -0.202322
v 0.025578 -0.037707 -0.201948
v 0.025578 0.037707 -0.201948
v 0.026919 -0.037707 -0.201730
v 0.026919 0.037707 -0.201730
v 0.028376 -0.037707 -0.201659
v 0.028376 0.037707 -0.201659
v 0.029717 -0.037707 -0.201762
v 0.029717 0.037707 -0.201762
v 0.031251 -0.037707 -0.202065
v 0.031251 0.037707 -0.202065
v 0.032965 -0.037707 -0.202563
v 0.032965 0.037707 -0.202563
v 0.034845 -0.037707 -0.203251
v 0.034845 0.037707 -0.203251
v 0.036879 -0.037707 -0.204123
v 0.036879 0.037707 -0.204123
v 0.039052 -0.037707 -0.205172
v 0.039052 0.037707 -0.205172
v 0.041351 -0.037707 -0.206393
v 0.041351 0.037707 -0.206393
v 0.043763 -0.037707 -0.207781
v 0.043763 0.037707 -0.207781
v 0.046275 -0.037707 -0.209330
v 0.046275 0.037707 -0.209330
v 0.048873 -0.037707 -0.211034
v 0.048873 0.037707 -0.211034
v 0.051543 -0.037707 -0.212887
v 0.051543 0.037707 -0.212887
v 0.054273 -0.037707 -0.214883
v 0.054273 0.037707 -0.214883
v 0.054273 -0.037707 -0.185130
v 0.054273 0.037707 -0.185130
v -0.040365 -0.037707 -0.289534
v -0.040365 0.037707 -0.289534
v -0.050365 -0.037707 -0.285892
v -0.050365 0.037707 -0.285892
v -0.059921 -0.037707 -0.282147
v -0.059921 0.037707 -0.282147
v -0.068925 -0.037707 -0.278247
v -0.068925 0.037707 -0.278247
v -0.077272 -0.037707 -0.274141
v -0.077272 0.037707 -0.274141
v -0.084853 -0.037707 -0.269776
v -0.084853 0.037707 -0.269776
v -0.091562 -0.037707 -0.265101
v -0.091562 0.037707 -0.265101
v -0.097291 -0.037707 -0.260065
v -0.097291 0.037707 -0.260065
v -0.101934 -0.037707 -0.254615
v -0.101934 0.037707 -0.254615
v -0.105383 -0.037707 -0.248700
v -0.105383 0.037707 -0.248700
v -0.107530 -0.037707 -0.242269
v -0.107530 0.037707 -0.242269
v -0.108270 -0.037707 -0.235270
v -0.108270 0.037707 -0.235270
v -0.107966 -0.037707 -0.230304
v -0.107966 0.037707 -0.230304
v -0.107074 -0.037707 -0.225620
v -0.107074 0.037707 -0.225620
v -0.105627 -0.037707 -0.221245
v -0.105627 0.037707 -0.221245
v -0.103658 -0.037707 -0.217210
v -0.103658 0.037707 -0.217210
v -0.101199 -0.037707 -0.213541
v -0.101199 0.037707 -0.213541
v -0.098283 -0.037707 -0.210269
v -0.098283 0.037707 -0.210269
v -0.094943 -0.037707 -0.207421
v -0.094943 0.037707 -0.207421
v -0.091210 -0.037707 -0.205026
v -0.091210 0.037707 -0.205026
v -0.087117 -0.037707 -0.203114
v -0.087117 0.037707 -0.203114
v -0.082697 -0.037707 -0.201713
v -0.082697 0.037707 -0.201713
v -0.077983 -0.037707 -0.200851
v -0.077983 0.037707 -0.200851
v -0.073007 -0.037707 -0.200557
v -0.073007 0.037707 -0.200557
v -0.069173 -0.037707 -0.200716
v -0.069173 0.037707 -0.200716
v -0.065385 -0.037707 -0.201187
v -0.065385 0.037707 -0.201187
v -0.061642 -0.037707 -0.201961
v -0.061642 0.037707 -0.201961
v -0.057946 -0.037707 -0.203027
v -0.057946 0.037707 -0.203027
v -0.054296 -0.037707 -0.204376
v -0.054296 0.037707 -0.204376
v -0.050691 -0.037707 -0.205998
v -0.050691 0.037707 -0.205998
v -0.047133 -0.037707 -0.207885
v -0.047133 0.037707 -0.207885
v -0.043620 -0.037707 -0.210026
v -0.043620 0.037707 -0.210026
v -0.040154 -0.037707 -0.212412
v -0.040154 0.037707 -0.212412
v -0.036733 -0.037707 -0.215034
v -0.036733 0.037707 -0.215034
v -0.033358 -0.037707 -0.217881
v -0.033358 0.037707 -0.217881
v -0.030029 -0.037707 -0.220944
v -0.030029 0.037707 -0.220944
v -0.030029 -0.037707 -0.293124
v -0.030029 0.037707 -0.293124
v 0.150021 -0.037707 -0.404253
v 0.150021 0.037707 -0.404253
v 0.155436 -0.037707 -0.407598
v 0.155436 0.037707 -0.407598
v 0.160890 -0.037707 -0.410606
v 0.160890 0.037707 -0.410606
v 0.166390 -0.037707 -0.413281
v 0.166390 0.037707 -0.413281
v 0.171943 -0.037707 -0.415628
v 0.171943 0.037707 -0.415628
v 0.177557 -0.037707 -0.417648
v 0.177557 0.037707 -0.417648
v 0.183241 -0.037707 -0.419348
v 0.183241 0.037707 -0.419348
v 0.189001 -0.037707 -0.420730
v 0.189001 0.037707 -0.420730
v 0.194845 -0.037707 -0.421798
v 0.194845 0.037707 -0.421798
v 0.200781 -0.037707 -0.422556
v 0.200781 0.037707 -0.422556
v 0.206816 -0.037707 -0.423009
v 0.206816 0.037707 -0.423009
v 0.212959 -0.037707 -0.423158
v 0.212959 0.037707 -0.423158
v 0.228026 -0.037707 -0.422087
v 0.228026 0.037707 -0.422087
v 0.242304 -0.037707 -0.418952
v 0.242304 0.037707 -0.418952
v 0.255695 -0.037707 -0.413869
v 0.255695 0.037707 -0.413869
v 0.268099 -0.037707 -0.406955
v 0.268099 0.037707 -0.406955
v 0.279416 -0.037707 -0.398327
v 0.279416 0.037707 -0.398327
v 0.289547 -0.037707 -0.388102
v 0.289547 0.037707 -0.388102
v 0.298392 -0.037707 -0.376395
v 0.298392 0.037707 -0.376395
v 0.305852 -0.037707 -0.363325
v 0.305852 0.037707 -0.363325
v 0.311827 -0.037707 -0.349007
v 0.311827 0.037707 -0.349007
v 0.316219 -0.037707 -0.333558
v 0.316219 0.037707 -0.333558
v 0.318927 -0.037707 -0.317096
v 0.318927 0.037707 -0.317096
v 0.319851 -0.037707 -0.299736
v 0.319851 0.037707 -0.299736
v 0.318828 -0.037707 -0.279508
v 0.318828 0.037707 -0.279508
v 0.315795 -0.037707 -0.260738
v 0.315795 0.037707 -0.260738
v 0.310812 -0.037707 -0.243483
v 0.310812 0.037707 -0.243483
v 0.303934 -0.037707 -0.227801
v 0.303934 0.037707 -0.227801
v 0.295219 -0.037707 -0.213749
v 0.295219 0.037707 -0.213749
v 0.284726 -0.037707 -0.201384
v 0.284726 0.037707 -0.201384
v 0.272510 -0.037707 -0.190764
v 0.272510 0.037707 -0.190764
v 0.258630 -0.037707 -0.181946
v 0.258630 0.037707 -0.181946
v 0.243143 -0.037707 -0.174988
v 0.243143 0.037707 -0.174988
v 0.226106 -0.037707 -0.169947
v 0.226106 0.037707 -0.169947
v 0.207577 -0.037707 -0.166880
v 0.207577 0.037707 -0.166880
v 0.187613 -0.037707 -0.165845
v 0.187613 0.037707 -0.165845
v 0.179437 -0.037707 -0.165992
v 0.179437 0.037707 -0.165992
v 0.171193 -0.037707 -0.166429
v 0.171193 0.037707 -0.166429
v 0.162930 -0.037707 -0.167145
v 0.162930 0.037707 -0.167145
v 0.154696 -0.037707 -0.168130
v 0.154696 0.037707 -0.168130
v 0.146539 -0.037707 -0.169376
v 0.146539 0.037707 -0.169376
v 0.138506 -0.037707 -0.170873
v 0.138506 0.037707 -0.170873
v 0.130645 -0.037707 -0.172610
v 0.130645 0.037707 -0.172610
v 0.123004 -0.037707 -0.174579
v 0.123004 0.037707 -0.174579
v 0.115631 -0.037707 -0.176770
v 0.115631 0.037707 -0.176770
v 0.108574 -0.037707 -0.179173
v 0.108574 0.037707 -0.179173
v 0.101880 -0.037707 -0.181779
v 0.101880 0.037707 -0.181779
v 0.095597 -0.037707 -0.184579
v 0.095597 0.037707 -0.184579
v 0.095597 -0.037707 -0.546581
v 0.095597 0.037707 -0.546581
v 0.144636 -0.037707 -0.546581
v 0.144636 0.037707 -0.546581
v 0.144636 -0.037707 -0.400568
v 0.144636 0.037707 -0.400568
v 0.148347 -0.037707 -0.218764
v 0.148347 0.037707 -0.218764
v 0.152288 -0.037707 -0.217740
v 0.152288 0.037707 -0.217740
v 0.156413 -0.037707 -0.216777
v 0.156413 0.037707 -0.216777
v 0.160676 -0.037707 -0.215883
v 0.160676 0.037707 -0.215883
v 0.165030 -0.037707 -0.215066
v 0.165030 0.037707 -0.215066
v 0.169430 -0.037707 -0.214332
v 0.169430 0.037707 -0.214332
v 0.173831 -0.037707 -0.213691
v 0.173831 0.037707 -0.213691
v 0.178185 -0.037707 -0.213149
v 0.178185 0.037707 -0.213149
v 0.182447 -0.037707 -0.212714
v 0.182447 0.037707 -0.212714
v 0.186572 -0.037707 -0.212393
v 0.186572 0.037707 -0.212393
v 0.190513 -0.037707 -0.212196
v 0.190513 0.037707 -0.212196
v 0.194225 -0.037707 -0.212128
v 0.194225 0.037707 -0.212128
v 0.204970 -0.037707 -0.212817
v 0.204970 0.037707 -0.212817
v 0.215122 -0.037707 -0.214835
v 0.215122 0.037707 -0.214835
v 0.224616 -0.037707 -0.218112
v 0.224616 0.037707 -0.218112
v 0.233386 -0.037707 -0.222577
v 0.233386 0.037707 -0.222577
v 0.241369 -0.037707 -0.228159
v 0.241369 0.037707 -0.228159
v 0.248498 -0.037707 -0.234788
v 0.248498 0.037707 -0.234788
v 0.254709 -0.037707 -0.242392
v 0.254709 0.037707 -0.242392
v 0.259936 -0.037707 -0.250902
v 0.259936 0.037707 -0.250902
v 0.264115 -0.037707 -0.260245
v 0.264115 0.037707 -0.260245
v 0.267180 -0.037707 -0.270352
v 0.267180 0.037707 -0.270352
v 0.269067 -0.037707 -0.281152
v 0.269067 0.037707 -0.281152
v 0.269711 -0.037707 -0.292573
v 0.269711 0.037707 -0.292573
v 0.269145 -0.037707 -0.305271
v 0.269145 0.037707 -0.305271
v 0.267479 -0.037707 -0.317156
v 0.267479 0.037707 -0.317156
v 0.264761 -0.037707 -0.328172
v 0.264761 0.037707 -0.328172
v 0.261038 -0.037707 -0.338265
v 0.261038 0.037707 -0.338265
v 0.256359 -0.037707 -0.347377
v 0.256359 0.037707 -0.347377
v 0.250771 -0.037707 -0.355455
v 0.250771 0.037707 -0.355455
v 0.244322 -0.037707 -0.362442
v 0.244322 0.037707 -0.362442
v 0.237060 -0.037707 -0.368284
v 0.237060 0.037707 -0.368284
v 0.229032 -0.037707 -0.372923
v 0.229032 0.037707 -0.372923
v 0.220287 -0.037707 -0.376306
v 0.220287 0.037707 -0.376306
v 0.210873 -0.037707 -0.378377
v 0.210873 0.037707 -0.378377
v 0.200837 -0.037707 -0.379079
v 0.200837 0.037707 -0.379079
v 0.195848 -0.037707 -0.378938
v 0.195848 0.037707 -0.378938
v 0.191049 -0.037707 -0.378503
v 0.191049 0.037707 -0.378503
v 0.186399 -0.037707 -0.377753
v 0.186399 0.037707 -0.377753
v 0.181858 -0.037707 -0.376671
v 0.181858 0.037707 -0.376671
v 0.177386 -0.037707 -0.375237
v 0.177386 0.037707 -0.375237
v 0.172943 -0.037707 -0.373431
v 0.172943 0.037707 -0.373431
v 0.168488 -0.037707 -0.371236
v 0.168488 0.037707 -0.371236
v 0.163982 -0.037707 -0.368631
v 0.163982 0.037707 -0.368631
v 0.159383 -0.037707 -0.365597
v 0.159383 0.037707 -0.365597
v 0.154653 -0.037707 -0.362116
v 0.154653 0.037707 -0.362116
v 0.149750 -0.037707 -0.358167
v 0.149750 0.037707 -0.358167
v 0.144636 -0.037707 -0.353733
v 0.144636 0.037707 -0.353733
v 0.144636 -0.037707 -0.219842
v 0.144636 0.037707 -0.219842
v 0.374400 -0.037707 -0.170804
v 0.374400 0.037707 -0.170804
v 0.374400 -0.037707 -0.546581
v 0.374400 0.037707 -0.546581
v 0.423438 -0.037707 -0.546581
v 0.423438 0.037707 -0.546581
v 0.423438 -0.037707 -0.170804
v 0.423438 0.037707 -0.170804
v 0.693196 -0.037707 -0.190306
v 0.693196 0.037707 -0.190306
v 0.685858 -0.037707 -0.185997
v 0.685858 0.037707 -0.185997
v 0.678513 -0.037707 -0.182116
v 0.678513 0.037707 -0.182116
v 0.671099 -0.037707 -0.178660
v 0.671099 0.037707 -0.178660
v 0.663555 -0.037707 -0.175626
v 0.663555 0.037707 -0.175626
v 0.655819 -0.037707 -0.173008
v 0.655819 0.037707 -0.173008
v 0.647831 -0.037707 -0.170803
v 0.647831 0.037707 -0.170803
v 0.639529 -0.037707 -0.169008
v 0.639529 0.037707 -0.169008
v 0.630852 -0.037707 -0.167618
v 0.630852 0.037707 -0.167618
v 0.621739 -0.037707 -0.166630
v 0.621739 0.037707 -0.166630
v 0.612129 -0.037707 -0.166041
v 0.612129 0.037707 -0.166041
v 0.601960 -0.037707 -0.165845
v 0.601960 0.037707 -0.165845
v 0.583392 -0.037707 -0.167131
v 0.583392 0.037707 -0.167131
v 0.566278 -0.037707 -0.170855
v 0.566278 0.037707 -0.170855
v 0.550649 -0.037707 -0.176813
v 0.550649 0.037707 -0.176813
v 0.536534 -0.037707 -0.184803
v 0.536534 0.037707 -0.184803
v 0.523966 -0.037707 -0.194622
v 0.523966 0.037707 -0.194622
v 0.512974 -0.037707 -0.206067
v 0.512974 0.037707 -0.206067
v 0.503590 -0.037707 -0.218936
v 0.503590 0.037707 -0.218936
v 0.495843 -0.037707 -0.233025
v 0.495843 0.037707 -0.233025
v 0.489764 -0.037707 -0.248132
v 0.489764 0.037707 -0.248132
v 0.485384 -0.037707 -0.264054
v 0.485384 0.037707 -0.264054
v 0.482734 -0.037707 -0.280588
v 0.482734 0.037707 -0.280588
v 0.481843 -0.037707 -0.297532
v 0.481843 0.037707 -0.297532
v 0.482815 -0.037707 -0.315745
v 0.482815 0.037707 -0.315745
v 0.485670 -0.037707 -0.332857
v 0.485670 0.037707 -0.332857
v 0.490315 -0.037707 -0.348774
v 0.490315 0.037707 -0.348774
v 0.496659 -0.037707 -0.363406
v 0.496659 0.037707 -0.363406
v 0.504610 -0.037707 -0.376661
v 0.504610 0.037707 -0.376661
v 0.514076 -0.037707 -0.388446
v 0.514076 0.037707 -0.388446
v 0.524966 -0.037707 -0.398670
v 0.524966 0.037707 -0.398670
v 0.537187 -0.037707 -0.407241
v 0.537187 0.037707 -0.407241
v 0.550649 -0.037707 -0.414067
v 0.550649 0.037707 -0.414067
v 0.565257 -0.037707 -0.419057
v 0.565257 0.037707 -0.419057
v 0.580922 -0.037707 -0.422118
v 0.580922 0.037707 -0.422118
v 0.597552 -0.037707 -0.423158
v 0.597552 0.037707 -0.423158
v 0.613440 -0.037707 -0.422227
v 0.613440 0.037707 -0.422227
v 0.628277 -0.037707 -0.419429
v 0.628277 0.037707 -0.419429
v 0.642002 -0.037707 -0.414756
v 0.642002 0.037707 -0.414756
v 0.654549 -0.037707 -0.408200
v 0.654549 0.037707 -0.408200
v 0.665857 -0.037707 -0.399754
v 0.665857 0.037707 -0.399754
v 0.675862 -0.037707 -0.389410
v 0.675862 0.037707 -0.389410
v 0.684501 -0.037707 -0.377161
v 0.684501 0.037707 -0.377161
v 0.691710 -0.037707 -0.362998
v 0.691710 0.037707 -0.362998
v 0.697428 -0.037707 -0.346915
v 0.697428 0.037707 -0.346915
v 0.701590 -0.037707 -0.328903
v 0.701590 0.037707 -0.328903
v 0.704133 -0.037707 -0.308955
v 0.704133 0.037707 -0.308955
v 0.704995 -0.037707 -0.287063
v 0.704995 0.037707 -0.287063
v 0.530882 -0.037707 -0.287063
v 0.530882 0.037707 -0.287063
v 0.533234 -0.037707 -0.275298
v 0.533234 0.037707 -0.275298
v 0.536432 -0.037707 -0.264526
v 0.536432 0.037707 -0.264526
v 0.540472 -0.037707 -0.254753
v 0.540472 0.037707 -0.254753
v 0.545350 -0.037707 -0.245984
v 0.545350 0.037707 -0.245984
v 0.551062 -0.037707 -0.238225
v 0.551062 0.037707 -0.238225
v 0.557605 -0.037707 -0.231482
v 0.557605 0.037707 -0.231482
v 0.564974 -0.037707 -0.225760
v 0.564974 0.037707 -0.225760
v 0.573165 -0.037707 -0.221066
v 0.573165 0.037707 -0.221066
v 0.582176 -0.037707 -0.217406
v 0.582176 0.037707 -0.217406
v 0.592001 -0.037707 -0.214784
v 0.592001 0.037707 -0.214784
v 0.602638 -0.037707 -0.213206
v 0.602638 0.037707 -0.213206
v 0.614082 -0.037707 -0.212679
v 0.614082 0.037707 -0.212679
v 0.621487 -0.037707 -0.212907
v 0.621487 0.037707 -0.212907
v 0.628831 -0.037707 -0.213582
v 0.628831 0.037707 -0.213582
v 0.636121 -0.037707 -0.214694
v 0.636121 0.037707 -0.214694
v 0.643366 -0.037707 -0.216230
v 0.643366 0.037707 -0.216230
v 0.650572 -0.037707 -0.218180
v 0.650572 0.037707 -0.218180
v 0.657748 -0.037707 -0.220531
v 0.657748 0.037707 -0.220531
v 0.664900 -0.037707 -0.223272
v 0.664900 0.037707 -0.223272
v 0.672038 -0.037707 -0.226393
v 0.672038 0.037707 -0.226393
v 0.679168 -0.037707 -0.229880
v 0.679168 0.037707 -0.229880
v 0.686297 -0.037707 -0.233724
v 0.686297 0.037707 -0.233724
v 0.693435 -0.037707 -0.237912
v 0.693435 0.037707 -0.237912
v 0.700587 -0.037707 -0.242433
v 0.700587 0.037707 -0.242433
v 0.700587 -0.037707 -0.195047
v 0.700587 0.037707 -0.195047
v 0.655685 -0.037707 -0.328646
v 0.655685 0.037707 -0.328646
v 0.654059 -0.037707 -0.337112
v 0.654059 0.037707 -0.337112
v 0.651652 -0.037707 -0.344935
v 0.651652 0.037707 -0.344935
v 0.648488 -0.037707 -0.352080
v 0.648488 0.037707 -0.352080
v 0.644589 -0.037707 -0.358514
v 0.644589 0.037707 -0.358514
v 0.639978 -0.037707 -0.364202
v 0.639978 0.037707 -0.364202
v 0.634679 -0.037707 -0.369109
v 0.634679 0.037707 -0.369109
v 0.628713 -0.037707 -0.373202
v 0.628713 0.037707 -0.373202
v 0.622105 -0.037707 -0.376445
v 0.622105 0.037707 -0.376445
v 0.614877 -0.037707 -0.378803
v 0.614877 0.037707 -0.378803
v 0.607053 -0.037707 -0.380244
v 0.607053 0.037707 -0.380244
v 0.598654 -0.037707 -0.380732
v 0.598654 0.037707 -0.380732
v 0.589598 -0.037707 -0.380276
v 0.589598 0.037707 -0.380276
v 0.581165 -0.037707 -0.378918
v 0.581165 0.037707 -0.378918
v 0.573360 -0.037707 -0.376677
v 0.573360 0.037707 -0.376677
v 0.566186 -0.037707 -0.373569
v 0.566186 0.037707 -0.373569
v 0.559647 -0.037707 -0.369612
v 0.559647 0.037707 -0.369612
v 0.553748 -0.037707 -0.364822
v 0.553748 0.037707 -0.364822
v 0.548491 -0.037707 -0.359217
v 0.548491 0.037707 -0.359217
v 0.543881 -0.037707 -0.352815
v 0.543881 0.037707 -0.352815
v 0.539921 -0.037707 -0.345632
v 0.539921 0.037707 -0.345632
v 0.536616 -0.037707 -0.337686
v 0.536616 0.037707 -0.337686
v 0.533969 -0.037707 -0.328993
v 0.533969 0.037707 -0.328993
v 0.531984 -0.037707 -0.319572
v 0.531984 0.037707 -0.319572
v 0.656508 -0.037707 -0.319572
v 0.656508 0.037707 -0.319572
v -0.977186 -0.037707 0.004412
v -0.977186 0.037707 0.004412
v -0.944082 -0.037707 0.006415
v -0.944082 0.037707 0.006415
v -0.914158 -0.037707 0.012169
v -0.914158 0.037707 0.012169
v -0.887357 -0.037707 0.021295
v -0.887357 0.037707 0.021295
v -0.863620 -0.037707 0.033411
v -0.863620 0.037707 0.033411
v -0.842891 -0.037707 0.048136
v -0.842891 0.037707 0.048136
v -0.825112 -0.037707 0.065090
v -0.825112 0.037707 0.065090
v -0.810225 -0.037707 0.083892
v -0.810225 0.037707 0.083892
v -0.798174 -0.037707 0.104162
v -0.798174 0.037707 0.104162
v -0.788901 -0.037707 0.125519
v -0.788901 0.037707 0.125519
v -0.782349 -0.037707 0.147581
v -0.782349 0.037707 0.147581
v -0.778459 -0.037707 0.169968
v -0.778459 0.037707 0.169968
v -0.777175 -0.037707 0.192301
v -0.777175 0.037707 0.192301
v -0.778732 -0.037707 0.216253
v -0.778732 0.037707 0.216253
v -0.783341 -0.037707 0.239699
v -0.783341 0.037707 0.239699
v -0.790907 -0.037707 0.262337
v -0.790907 0.037707 0.262337
v -0.801337 -0.037707 0.283867
v -0.801337 0.037707 0.283867
v -0.814538 -0.037707 0.303990
v -0.814538 0.037707 0.303990
v -0.830415 -0.037707 0.322404
v -0.830415 0.037707 0.322404
v -0.848875 -0.037707 0.338809
v -0.848875 0.037707 0.338809
v -0.869824 -0.037707 0.352905
v -0.869824 0.037707 0.352905
v -0.893168 -0.037707 0.364391
v -0.893168 0.037707 0.364391
v -0.918814 -0.037707 0.372968
v -0.918814 0.037707 0.372968
v -0.946667 -0.037707 0.378334
v -0.946667 0.037707 0.378334
v -0.976635 -0.037707 0.380189
v -0.976635 0.037707 0.380189
v -1.123199 -0.037707 0.380189
v -1.123199 0.037707 0.380189
v -1.123199 -0.037707 0.004412
v -1.123199 0.037707 0.004412
v -0.983247 -0.037707 0.331702
v -0.983247 0.037707 0.331702
v -0.954591 -0.037707 0.329843
v -0.954591 0.037707 0.329843
v -0.929632 -0.037707 0.324590
v -0.929632 0.037707 0.324590
v -0.908139 -0.037707 0.316429
v -0.908139 0.037707 0.316429
v -0.889884 -0.037707 0.305846
v -0.889884 0.037707 0.305846
v -0.874636 -0.037707 0.293327
v -0.874636 0.037707 0.293327
v -0.862166 -0.037707 0.279357
v -0.862166 0.037707 0.279357
v -0.852244 -0.037707 0.264424
v -0.852244 0.037707 0.264424
v -0.844641 -0.037707 0.249012
v -0.844641 0.037707 0.249012
v -0.839128 -0.037707 0.233608
v -0.839128 0.037707 0.233608
v -0.835473 -0.037707 0.218697
v -0.835473 0.037707 0.218697
v -0.833449 -0.037707 0.204766
v -0.833449 0.037707 0.204766
v -0.832826 -0.037707 0.192301
v -0.832826 0.037707 0.192301
v -0.833830 -0.037707 0.173700
v -0.833830 0.037707 0.173700
v -0.836864 -0.037707 0.155764
v -0.836864 0.037707 0.155764
v -0.841960 -0.037707 0.138673
v -0.841960 0.037707 0.138673
v -0.849151 -0.037707 0.122610
v -0.849151 0.037707 0.122610
v -0.858470 -0.037707 0.107756
v -0.858470 0.037707 0.107756
v -0.869949 -0.037707 0.094293
v -0.869949 0.037707 0.094293
v -0.883620 -0.037707 0.082402
v -0.883620 0.037707 0.082402
v -0.899516 -0.037707 0.072266
v -0.899516 0.037707 0.072266
v -0.917670 -0.037707 0.064066
v -0.917670 0.037707 0.064066
v -0.938114 -0.037707 0.057983
v -0.938114 0.037707 0.057983
v -0.960880 -0.037707 0.054201
v -0.960880 0.037707 0.054201
v -0.986002 -0.037707 0.052899
v -0.986002 0.037707 0.052899
v -1.069202 -0.037707 0.052899
v -1.069202 0.037707 0.052899
v -1.069202 -0.037707 0.331702
v -1.069202 0.037707 0.331702
v -0.517886 -0.037707 0.360687
v -0.517886 0.037707 0.360687
v -0.525224 -0.037707 0.364996
v -0.525224 0.037707 0.364996
v -0.532569 -0.037707 0.368877
v -0.532569 0.037707 0.368877
v -0.539983 -0.037707 0.372332
v -0.539983 0.037707 0.372332
v -0.547528 -0.037707 0.375367
v -0.547528 0.037707 0.375367
v -0.555263 -0.037707 0.377985
v -0.555263 0.037707 0.377985
v -0.563251 -0.037707 0.380190
v -0.563251 0.037707 0.380190
v -0.571553 -0.037707 0.381985
v -0.571553 0.037707 0.381985
v -0.580230 -0.037707 0.383375
v -0.580230 0.037707 0.383375
v -0.589343 -0.037707 0.384362
v -0.589343 0.037707 0.384362
v -0.598953 -0.037707 0.384952
v -0.598953 0.037707 0.384952
v -0.609123 -0.037707 0.385148
v -0.609123 0.037707 0.385148
v -0.627690 -0.037707 0.383862
v -0.627690 0.037707 0.383862
v -0.644804 -0.037707 0.380138
v -0.644804 0.037707 0.380138
v -0.660434 -0.037707 0.374180
v -0.660434 0.037707 0.374180
v -0.674548 -0.037707 0.366190
v -0.674548 0.037707 0.366190
v -0.687116 -0.037707 0.356371
v -0.687116 0.037707 0.356371
v -0.698108 -0.037707 0.344926
v -0.698108 0.037707 0.344926
v -0.707493 -0.037707 0.332057
v -0.707493 0.037707 0.332057
v -0.715240 -0.037707 0.317968
v -0.715240 0.037707 0.317968
v -0.721318 -0.037707 0.302861
v -0.721318 0.037707 0.302861
v -0.725698 -0.037707 0.286939
v -0.725698 0.037707 0.286939
v -0.728349 -0.037707 0.270404
v -0.728349 0.037707 0.270404
v -0.729239 -0.037707 0.253461
v -0.729239 0.037707 0.253461
v -0.728267 -0.037707 0.235247
v -0.728267 0.037707 0.235247
v -0.725413 -0.037707 0.218136
v -0.725413 0.037707 0.218136
v -0.720768 -0.037707 0.202218
v -0.720768 0.037707 0.202218
v -0.714423 -0.037707 0.187587
v -0.714423 0.037707 0.187587
v -0.706472 -0.037707 0.174332
v -0.706472 0.037707 0.174332
v -0.697006 -0.037707 0.162547
v -0.697006 0.037707 0.162547
v -0.686116 -0.037707 0.152323
v -0.686116 0.037707 0.152323
v -0.673895 -0.037707 0.143752
v -0.673895 0.037707 0.143752
v -0.660434 -0.037707 0.136926
v -0.660434 0.037707 0.136926
v -0.645825 -0.037707 0.131936
v -0.645825 0.037707 0.131936
v -0.630160 -0.037707 0.128875
v -0.630160 0.037707 0.128875
v -0.613531 -0.037707 0.127834
v -0.613531 0.037707 0.127834
v -0.597643 -0.037707 0.128765
v -0.597643 0.037707 0.128765
v -0.582805 -0.037707 0.131564
v -0.582805 0.037707 0.131564
v -0.569081 -0.037707 0.136237
v -0.569081 0.037707 0.136237
v -0.556533 -0.037707 0.142793
v -0.556533 0.037707 0.142793
v -0.545226 -0.037707 0.151239
v -0.545226 0.037707 0.151239
v -0.535221 -0.037707 0.161583
v -0.535221 0.037707 0.161583
v -0.526582 -0.037707 0.173832
v -0.526582 0.037707 0.173832
v -0.519372 -0.037707 0.187995
v -0.519372 0.037707 0.187995
v -0.513655 -0.037707 0.204078
v -0.513655 0.037707 0.204078
v -0.509492 -0.037707 0.222090
v -0.509492 0.037707 0.222090
v -0.506949 -0.037707 0.242038
v -0.506949 0.037707 0.242038
v -0.506087 -0.037707 0.263930
v -0.506087 0.037707 0.263930
v -0.680201 -0.037707 0.263930
v -0.680201 0.037707 0.263930
v -0.677848 -0.037707 0.275695
v -0.677848 0.037707 0.275695
v -0.674650 -0.037707 0.286467
v -0.674650 0.037707 0.286467
v -0.670610 -0.037707 0.296240
v -0.670610 0.037707 0.296240
v -0.665732 -0.037707 0.305009
v -0.665732 0.037707 0.305009
v -0.660020 -0.037707 0.312768
v -0.660020 0.037707 0.312768
v -0.653478 -0.037707 0.319511
v -0.653478 0.037707 0.319511
v -0.646109 -0.037707 0.325232
v -0.646109 0.037707 0.325232
v -0.637917 -0.037707 0.329926
v -0.637917 0.037707 0.329926
v -0.628907 -0.037707 0.333587
v -0.628907 0.037707 0.333587
v -0.619081 -0.037707 0.336209
v -0.619081 0.037707 0.336209
v -0.608445 -0.037707 0.337787
v -0.608445 0.037707 0.337787
v -0.597001 -0.037707 0.338314
v -0.597001 0.037707 0.338314
v -0.589596 -0.037707 0.338086
v -0.589596 0.037707 0.338086
v -0.582252 -0.037707 0.337411
v -0.582252 0.037707 0.337411
v -0.574961 -0.037707 0.336299
v -0.574961 0.037707 0.336299
v -0.567717 -0.037707 0.334763
v -0.567717 0.037707 0.334763
v -0.560510 -0.037707 0.332813
v -0.560510 0.037707 0.332813
v -0.553335 -0.037707 0.330462
v -0.553335 0.037707 0.330462
v -0.546182 -0.037707 0.327720
v -0.546182 0.037707 0.327720
v -0.539044 -0.037707 0.324600
v -0.539044 0.037707 0.324600
v -0.531915 -0.037707 0.321112
v -0.531915 0.037707 0.321112
v -0.524785 -0.037707 0.317269
v -0.524785 0.037707 0.317269
v -0.517648 -0.037707 0.313081
v -0.517648 0.037707 0.313081
v -0.510495 -0.037707 0.308560
v -0.510495 0.037707 0.308560
v -0.510495 -0.037707 0.355945
v -0.510495 0.037707 0.355945
v -0.555397 -0.037707 0.222347
v -0.555397 0.037707 0.222347
v -0.557023 -0.037707 0.213881
v -0.557023 0.037707 0.213881
v -0.559430 -0.037707 0.206058
v -0.559430 0.037707 0.206058
v -0.562594 -0.037707 0.198912
v -0.562594 0.037707 0.198912
v -0.566493 -0.037707 0.192478
v -0.566493 0.037707 0.192478
v -0.571104 -0.037707 0.186791
v -0.571104 0.037707 0.186791
v -0.576404 -0.037707 0.181883
v -0.576404 0.037707 0.181883
v -0.582369 -0.037707 0.177791
v -0.582369 0.037707 0.177791
v -0.588977 -0.037707 0.174548
v -0.588977 0.037707 0.174548
v -0.596205 -0.037707 0.172189
v -0.596205 0.037707 0.172189
v -0.604030 -0.037707 0.170749
v -0.604030 0.037707 0.170749
v -0.612429 -0.037707 0.170261
v -0.612429 0.037707 0.170261
v -0.621485 -0.037707 0.170717
v -0.621485 0.037707 0.170717
v -0.629918 -0.037707 0.172074
v -0.629918 0.037707 0.172074
v -0.637723 -0.037707 0.174316
v -0.637723 0.037707 0.174316
v -0.644896 -0.037707 0.177424
v -0.644896 0.037707 0.177424
v -0.651435 -0.037707 0.181381
v -0.651435 0.037707 0.181381
v -0.657335 -0.037707 0.186171
v -0.657335 0.037707 0.186171
v -0.662591 -0.037707 0.191775
v -0.662591 0.037707 0.191775
v -0.667201 -0.037707 0.198178
v -0.667201 0.037707 0.198178
v -0.671161 -0.037707 0.205361
v -0.671161 0.037707 0.205361
v -0.674466 -0.037707 0.213307
v -0.674466 0.037707 0.213307
v -0.677114 -0.037707 0.222000
v -0.677114 0.037707 0.222000
v -0.679099 -0.037707 0.231421
v -0.679099 0.037707 0.231421
v -0.554574 -0.037707 0.231421
v -0.554574 0.037707 0.231421
v -0.400972 -0.037707 0.146740
v -0.400972 0.037707 0.146740
v -0.395557 -0.037707 0.143395
v -0.395557 0.037707 0.143395
v -0.390103 -0.037707 0.140387
v -0.390103 0.037707 0.140387
v -0.384603 -0.037707 0.137711
v -0.384603 0.037707 0.137711
v -0.379050 -0.037707 0.135365
v -0.379050 0.037707 0.135365
v -0.373435 -0.037707 0.133344
v -0.373435 0.037707 0.133344
v -0.367752 -0.037707 0.131645
v -0.367752 0.037707 0.131645
v -0.361992 -0.037707 0.130263
v -0.361992 0.037707 0.130263
v -0.356148 -0.037707 0.129195
v -0.356148 0.037707 0.129195
v -0.350212 -0.037707 0.128436
v -0.350212 0.037707 0.128436
v -0.344177 -0.037707 0.127984
v -0.344177 0.037707 0.127984
v -0.338034 -0.037707 0.127834
v -0.338034 0.037707 0.127834
v -0.322967 -0.037707 0.128905
v -0.322967 0.037707 0.128905
v -0.308689 -0.037707 0.132041
v -0.308689 0.037707 0.132041
v -0.295298 -0.037707 0.137124
v -0.295298 0.037707 0.137124
v -0.282894 -0.037707 0.144038
v -0.282894 0.037707 0.144038
v -0.271577 -0.037707 0.152666
v -0.271577 0.037707 0.152666
v -0.261446 -0.037707 0.162891
v -0.261446 0.037707 0.162891
v -0.252601 -0.037707 0.174598
v -0.252601 0.037707 0.174598
v -0.245141 -0.037707 0.187668
v -0.245141 0.037707 0.187668
v -0.239165 -0.037707 0.201986
v -0.239165 0.037707 0.201986
v -0.234774 -0.037707 0.217435
v -0.234774 0.037707 0.217435
v -0.232066 -0.037707 0.233897
v -0.232066 0.037707 0.233897
v -0.231141 -0.037707 0.251257
v -0.231141 0.037707 0.251257
v -0.232165 -0.037707 0.271485
v -0.232165 0.037707 0.271485
v -0.235197 -0.037707 0.290255
v -0.235197 0.037707 0.290255
v -0.240181 -0.037707 0.307510
v -0.240181 0.037707 0.307510
v -0.247059 -0.037707 0.323192
v -0.247059 0.037707 0.323192
v -0.255774 -0.037707 0.337244
v -0.255774 0.037707 0.337244
v -0.266267 -0.037707 0.349609
v -0.266267 0.037707 0.349609
v -0.278483 -0.037707 0.360229
v -0.278483 0.037707 0.360229
v -0.292363 -0.037707 0.369047
v -0.292363 0.037707 0.369047
v -0.307850 -0.037707 0.376005
v -0.307850 0.037707 0.376005
v -0.324887 -0.037707 0.381046
v -0.324887 0.037707 0.381046
v -0.343416 -0.037707 0.384113
v -0.343416 0.037707 0.384113
v -0.363380 -0.037707 0.385148
v -0.363380 0.037707 0.385148
v -0.371556 -0.037707 0.385000
v -0.371556 0.037707 0.385000
v -0.379800 -0.037707 0.384564
v -0.379800 0.037707 0.384564
v -0.388062 -0.037707 0.383848
v -0.388062 0.037707 0.383848
v -0.396296 -0.037707 0.382862
v -0.396296 0.037707 0.382862
v -0.404454 -0.037707 0.381617
v -0.404454 0.037707 0.381617
v -0.412487 -0.037707 0.380120
v -0.412487 0.037707 0.380120
v -0.420348 -0.037707 0.378383
v -0.420348 0.037707 0.378383
v -0.427989 -0.037707 0.376414
v -0.427989 0.037707 0.376414
v -0.435362 -0.037707 0.374223
v -0.435362 0.037707 0.374223
v -0.442419 -0.037707 0.371820
v -0.442419 0.037707 0.371820
v -0.449113 -0.037707 0.369214
v -0.449113 0.037707 0.369214
v -0.455396 -0.037707 0.366414
v -0.455396 0.037707 0.366414
v -0.455396 -0.037707 0.004412
v -0.455396 0.037707 0.004412
v -0.406357 -0.037707 0.004412
v -0.406357 0.037707 0.004412
v -0.406357 -0.037707 0.150425
v -0.406357 0.037707 0.150425
v -0.402646 -0.037707 0.332229
v -0.402646 0.037707 0.332229
v -0.398705 -0.037707 0.333253
v -0.398705 0.037707 0.333253
v -0.394580 -0.037707 0.334216
v -0.394580 0.037707 0.334216
v -0.390317 -0.037707 0.335110
v -0.390317 0.037707 0.335110
v -0.385963 -0.037707 0.335927
v -0.385963 0.037707 0.335927
v -0.381563 -0.037707 0.336661
v -0.381563 0.037707 0.336661
v -0.377162 -0.037707 0.337302
v -0.377162 0.037707 0.337302
v -0.372808 -0.037707 0.337844
v -0.372808 0.037707 0.337844
v -0.368545 -0.037707 0.338279
v -0.368545 0.037707 0.338279
v -0.364421 -0.037707 0.338599
v -0.364421 0.037707 0.338599
v -0.360479 -0.037707 0.338797
v -0.360479 0.037707 0.338797
v -0.356768 -0.037707 0.338865
v -0.356768 0.037707 0.338865
v -0.346023 -0.037707 0.338176
v -0.346023 0.037707 0.338176
v -0.335871 -0.037707 0.336158
v -0.335871 0.037707 0.336158
v -0.326377 -0.037707 0.332881
v -0.326377 0.037707 0.332881
v -0.317607 -0.037707 0.328416
v -0.317607 0.037707 0.328416
v -0.309624 -0.037707 0.322834
v -0.309624 0.037707 0.322834
v -0.302495 -0.037707 0.316205
v -0.302495 0.037707 0.316205
v -0.296284 -0.037707 0.308601
v -0.296284 0.037707 0.308601
v -0.291057 -0.037707 0.300091
v -0.291057 0.037707 0.300091
v -0.286878 -0.037707 0.290747
v -0.286878 0.037707 0.290747
v -0.283812 -0.037707 0.280641
v -0.283812 0.037707 0.280641
v -0.281925 -0.037707 0.269841
v -0.281925 0.037707 0.269841
v -0.281282 -0.037707 0.258420
v -0.281282 0.037707 0.258420
v -0.281848 -0.037707 0.245722
v -0.281848 0.037707 0.245722
v -0.283514 -0.037707 0.233837
v -0.283514 0.037707 0.233837
v -0.286232 -0.037707 0.222820
v -0.286232 0.037707 0.222820
v -0.289955 -0.037707 0.212728
v -0.289955 0.037707 0.212728
v -0.294634 -0.037707 0.203615
v -0.294634 0.037707 0.203615
v -0.300222 -0.037707 0.195538
v -0.300222 0.037707 0.195538
v -0.306671 -0.037707 0.188550
v -0.306671 0.037707 0.188550
v -0.313933 -0.037707 0.182709
v -0.313933 0.037707 0.182709
v -0.321961 -0.037707 0.178069
v -0.321961 0.037707 0.178069
v -0.330705 -0.037707 0.174687
v -0.330705 0.037707 0.174687
v -0.340120 -0.037707 0.172616
v -0.340120 0.037707 0.172616
v -0.350156 -0.037707 0.171914
v -0.350156 0.037707 0.171914
v -0.355145 -0.037707 0.172055
v -0.355145 0.037707 0.172055
v -0.359944 -0.037707 0.172490
v -0.359944 0.037707 0.172490
v -0.364594 -0.037707 0.173240
v -0.364594 0.037707 0.173240
v -0.369135 -0.037707 0.174322
v -0.369135 0.037707 0.174322
v -0.373607 -0.037707 0.175756
v -0.373607 0.037707 0.175756
v -0.378050 -0.037707 0.177562
v -0.378050 0.037707 0.177562
v -0.382505 -0.037707 0.179757
v -0.382505 0.037707 0.179757
v -0.387011 -0.037707 0.182362
v -0.387011 0.037707 0.182362
v -0.391610 -0.037707 0.185396
v -0.391610 0.037707 0.185396
v -0.396340 -0.037707 0.188877
v -0.396340 0.037707 0.188877
v -0.401242 -0.037707 0.192825
v -0.401242 0.037707 0.192825
v -0.406357 -0.037707 0.197260
v -0.406357 0.037707 0.197260
v -0.406357 -0.037707 0.331151
v -0.406357 0.037707 0.331151
v -0.020662 -0.037707 0.348783
v -0.020662 0.037707 0.348783
v -0.025924 -0.037707 0.354128
v -0.025924 0.037707 0.354128
v -0.031486 -0.037707 0.359129
v -0.031486 0.037707 0.359129
v -0.037304 -0.037707 0.363763
v -0.037304 0.037707 0.363763
v -0.043335 -0.037707 0.368006
v -0.043335 0.037707 0.368006
v -0.049534 -0.037707 0.371836
v -0.049534 0.037707 0.371836
v -0.055857 -0.037707 0.375230
v -0.055857 0.037707 0.375230
v -0.062261 -0.037707 0.378165
v -0.062261 0.037707 0.378165
v -0.068701 -0.037707 0.380618
v -0.068701 0.037707 0.380618
v -0.075133 -0.037707 0.382565
v -0.075133 0.037707 0.382565
v -0.081514 -0.037707 0.383985
v -0.081514 0.037707 0.383985
v -0.087799 -0.037707 0.384853
v -0.087799 0.037707 0.384853
v -0.093944 -0.037707 0.385148
v -0.093944 0.037707 0.385148
v -0.106158 -0.037707 0.384407
v -0.106158 0.037707 0.384407
v -0.117680 -0.037707 0.382204
v -0.117680 0.037707 0.382204
v -0.128442 -0.037707 0.378571
v -0.128442 0.037707 0.378571
v -0.138371 -0.037707 0.373536
v -0.138371 0.037707 0.373536
v -0.147397 -0.037707 0.367132
v -0.147397 0.037707 0.367132
v -0.155449 -0.037707 0.359389
v -0.155449 0.037707 0.359389
v -0.162456 -0.037707 0.350337
v -0.162456 0.037707 0.350337
v -0.168349 -0.037707 0.340008
v -0.168349 0.037707 0.340008
v -0.173055 -0.037707 0.328430
v -0.173055 0.037707 0.328430
v -0.176504 -0.037707 0.315636
v -0.176504 0.037707 0.315636
v -0.178625 -0.037707 0.301656
v -0.178625 0.037707 0.301656
v -0.179348 -0.037707 0.286520
v -0.179348 0.037707 0.286520
v -0.179348 -0.037707 0.132793
v -0.179348 0.037707 0.132793
v -0.130310 -0.037707 0.132793
v -0.130310 0.037707 0.132793
v -0.130310 -0.037707 0.289826
v -0.130310 0.037707 0.289826
v -0.129954 -0.037707 0.298192
v -0.129954 0.037707 0.298192
v -0.128889 -0.037707 0.305920
v -0.128889 0.037707 0.305920
v -0.127116 -0.037707 0.312994
v -0.127116 0.037707 0.312994
v -0.124637 -0.037707 0.319396
v -0.124637 0.037707 0.319396
v -0.121453 -0.037707 0.325110
v -0.121453 0.037707 0.325110
v -0.117568 -0.037707 0.330118
v -0.117568 0.037707 0.330118
v -0.112983 -0.037707 0.334402
v -0.112983 0.037707 0.334402
v -0.107699 -0.037707 0.337946
v -0.107699 0.037707 0.337946
v -0.101718 -0.037707 0.340733
v -0.101718 0.037707 0.340733
v -0.095044 -0.037707 0.342745
v -0.095044 0.037707 0.342745
v -0.087676 -0.037707 0.343964
v -0.087676 0.037707 0.343964
v -0.079618 -0.037707 0.344375
v -0.079618 0.037707 0.344375
v -0.074134 -0.037707 0.344123
v -0.074134 0.037707 0.344123
v -0.068708 -0.037707 0.343372
v -0.068708 0.037707 0.343372
v -0.063356 -0.037707 0.342128
v -0.063356 0.037707 0.342128
v -0.058089 -0.037707 0.340395
v -0.058089 0.037707 0.340395
v -0.052922 -0.037707 0.338181
v -0.052922 0.037707 0.338181
v -0.047867 -0.037707 0.335490
v -0.047867 0.037707 0.335490
v -0.042939 -0.037707 0.332328
v -0.042939 0.037707 0.332328
v -0.038151 -0.037707 0.328702
v -0.038151 0.037707 0.328702
v -0.033516 -0.037707 0.324616
v -0.033516 0.037707 0.324616
v -0.029047 -0.037707 0.320077
v -0.029047 0.037707 0.320077
v -0.024758 -0.037707 0.315091
v -0.024758 0.037707 0.315091
v -0.020662 -0.037707 0.309662
v -0.020662 0.037707 0.309662
v -0.020662 -0.037707 0.132793
v -0.020662 0.037707 0.132793
v 0.028376 -0.037707 0.132793
v 0.028376 0.037707 0.132793
v 0.028376 -0.037707 0.380189
v 0.028376 0.037707 0.380189
v -0.020662 -0.037707 0.380189
v -0.020662 0.037707 0.380189
v 0.244365 -0.037707 0.170812
v 0.244365 0.037707 0.170812
v 0.248926 -0.037707 0.175526
v 0.248926 0.037707 0.175526
v 0.252980 -0.037707 0.180054
v 0.252980 0.037707 0.180054
v 0.256548 -0.037707 0.184440
v 0.256548 0.037707 0.184440
v 0.259650 -0.037707 0.188729
v 0.259650 0.037707 0.188729
v 0.262309 -0.037707 0.192965
v 0.262309 0.037707 0.192965
v 0.264546 -0.037707 0.197191
v 0.264546 0.037707 0.197191
v 0.266380 -0.037707 0.201451
v 0.266380 0.037707 0.201451
v 0.267834 -0.037707 0.205790
v 0.267834 0.037707 0.205790
v 0.268928 -0.037707 0.210251
v 0.268928 0.037707 0.210251
v 0.269683 -0.037707 0.214879
v 0.269683 0.037707 0.214879
v 0.270121 -0.037707 0.219717
v 0.270121 0.037707 0.219717
v 0.270262 -0.037707 0.224809
v 0.270262 0.037707 0.224809
v 0.270028 -0.037707 0.229966
v 0.270028 0.037707 0.229966
v 0.269351 -0.037707 0.235207
v 0.269351 0.037707 0.235207
v 0.268273 -0.037707 0.240478
v 0.268273 0.037707 0.240478
v 0.266834 -0.037707 0.245726
v 0.266834 0.037707 0.245726
v 0.265073 -0.037707 0.250898
v 0.265073 0.037707 0.250898
v 0.263030 -0.037707 0.255940
v 0.263030 0.037707 0.255940
v 0.260747 -0.037707 0.260798
v 0.260747 0.037707 0.260798
v 0.258263 -0.037707 0.265419
v 0.258263 0.037707 0.265419
v 0.255618 -0.037707 0.269750
v 0.255618 0.037707 0.269750
v 0.252852 -0.037707 0.273735
v 0.252852 0.037707 0.273735
v 0.250006 -0.037707 0.277323
v 0.250006 0.037707 0.277323
v 0.247120 -0.037707 0.280459
v 0.247120 0.037707 0.280459
v 0.238202 -0.037707 0.288231
v 0.238202 0.037707 0.288231
v 0.228213 -0.037707 0.294145
v 0.228213 0.037707 0.294145
v 0.217504 -0.037707 0.298548
v 0.217504 0.037707 0.298548
v 0.206428 -0.037707 0.301785
v 0.206428 0.037707 0.301785
v 0.195337 -0.037707 0.304204
v 0.195337 0.037707 0.304204
v 0.184583 -0.037707 0.306150
v 0.184583 0.037707 0.306150
v 0.174517 -0.037707 0.307969
v 0.174517 0.037707 0.307969
v 0.165492 -0.037707 0.310009
v 0.165492 0.037707 0.310009
v 0.157859 -0.037707 0.312615
v 0.157859 0.037707 0.312615
v 0.151972 -0.037707 0.316134
v 0.151972 0.037707 0.316134
v 0.148181 -0.037707 0.320911
v 0.148181 0.037707 0.320911
v 0.146840 -0.037707 0.327294
v 0.146840 0.037707 0.327294
v 0.147378 -0.037707 0.330627
v 0.147378 0.037707 0.330627
v 0.148987 -0.037707 0.333755
v 0.148987 0.037707 0.333755
v 0.151661 -0.037707 0.336704
v 0.151661 0.037707 0.336704
v 0.155390 -0.037707 0.339497
v 0.155390 0.037707 0.339497
v 0.160168 -0.037707 0.342161
v 0.160168 0.037707 0.342161
v 0.165987 -0.037707 0.344719
v 0.165987 0.037707 0.344719
v 0.172838 -0.037707 0.347197
v 0.172838 0.037707 0.347197
v 0.180715 -0.037707 0.349619
v 0.180715 0.037707 0.349619
v 0.189610 -0.037707 0.352011
v 0.189610 0.037707 0.352011
v 0.199516 -0.037707 0.354397
v 0.199516 0.037707 0.354397
v 0.210423 -0.037707 0.356802
v 0.210423 0.037707 0.356802
v 0.222326 -0.037707 0.359251
v 0.222326 0.037707 0.359251
v 0.234847 -0.037707 0.362206
v 0.234847 0.037707 0.362206
v 0.245998 -0.037707 0.365807
v 0.245998 0.037707 0.365807
v 0.255833 -0.037707 0.370013
v 0.255833 0.037707 0.370013
v 0.264405 -0.037707 0.374781
v 0.264405 0.037707 0.374781
v 0.271768 -0.037707 0.380070
v 0.271768 0.037707 0.380070
v 0.277976 -0.037707 0.385837
v 0.277976 0.037707 0.385837
v 0.283081 -0.037707 0.392040
v 0.283081 0.037707 0.392040
v 0.287139 -0.037707 0.398637
v 0.287139 0.037707 0.398637
v 0.290201 -0.037707 0.405586
v 0.290201 0.037707 0.405586
v 0.292322 -0.037707 0.412846
v 0.292322 0.037707 0.412846
v 0.293555 -0.037707 0.420373
v 0.293555 0.037707 0.420373
v 0.293955 -0.037707 0.428126
v 0.293955 0.037707 0.428126
v 0.293056 -0.037707 0.439977
v 0.293056 0.037707 0.439977
v 0.290391 -0.037707 0.450989
v 0.290391 0.037707 0.450989
v 0.286008 -0.037707 0.461125
v 0.286008 0.037707 0.461125
v 0.279955 -0.037707 0.470348
v 0.279955 0.037707 0.470348
v 0.272280 -0.037707 0.478622
v 0.272280 0.037707 0.478622
v 0.263030 -0.037707 0.485911
v 0.263030 0.037707 0.485911
v 0.252254 -0.037707 0.492178
v 0.252254 0.037707 0.492178
v 0.239998 -0.037707 0.497387
v 0.239998 0.037707 0.497387
v 0.226312 -0.037707 0.501502
v 0.226312 0.037707 0.501502
v 0.211242 -0.037707 0.504487
v 0.211242 0.037707 0.504487
v 0.194837 -0.037707 0.506304
v 0.194837 0.037707 0.506304
v 0.177144 -0.037707 0.506917
v 0.177144 0.037707 0.506917
v 0.160895 -0.037707 0.506274
v 0.160895 0.037707 0.506274
v 0.145546 -0.037707 0.504390
v 0.145546 0.037707 0.504390
v 0.131197 -0.037707 0.501330
v 0.131197 0.037707 0.501330
v 0.117943 -0.037707 0.497163
v 0.117943 0.037707 0.497163
v 0.105883 -0.037707 0.491955
v 0.105883 0.037707 0.491955
v 0.095115 -0.037707 0.485773
v 0.095115 0.037707 0.485773
v 0.085736 -0.037707 0.478685
v 0.085736 0.037707 0.478685
v 0.077843 -0.037707 0.470756
v 0.077843 0.037707 0.470756
v 0.071534 -0.037707 0.462055
v 0.071534 0.037707 0.462055
v 0.066907 -0.037707 0.452647
v 0.066907 0.037707 0.452647
v 0.064060 -0.037707 0.442601
v 0.064060 0.037707 0.442601
v 0.063089 -0.037707 0.431982
v 0.063089 0.037707 0.431982
v 0.063493 -0.037707 0.423199
v 0.063493 0.037707 0.423199
v 0.064716 -0.037707 0.415022
v 0.064716 0.037707 0.415022
v 0.066773 -0.037707 0.407438
v 0.066773 0.037707 0.407438
v 0.069680 -0.037707 0.400433
v 0.069680 0.037707 0.400433
v 0.073452 -0.037707 0.393995
v 0.073452 0.037707 0.393995
v 0.078103 -0.037707 0.388110
v 0.078103 0.037707 0.388110
v 0.083650 -0.037707 0.382764
v 0.083650 0.037707 0.382764
v 0.090108 -0.037707 0.377944
v 0.090108 0.037707 0.377944
v 0.097491 -0.037707 0.373638
v 0.097491 0.037707 0.373638
v 0.105816 -0.037707 0.369830
v 0.105816 0.037707 0.369830
v 0.115098 -0.037707 0.366508
v 0.115098 0.037707 0.366508
v 0.125351 -0.037707 0.363659
v 0.125351 0.037707 0.363659
v 0.121275 -0.037707 0.361053
v 0.121275 0.037707 0.361053
v 0.117583 -0.037707 0.358463
v 0.117583 0.037707 0.358463
v 0.114271 -0.037707 0.355885
v 0.114271 0.037707 0.355885
v 0.111331 -0.037707 0.353313
v 0.111331 0.037707 0.353313
v 0.108759 -0.037707 0.350741
v 0.108759 0.037707 0.350741
v 0.106548 -0.037707 0.348163
v 0.106548 0.037707 0.348163
v 0.104693 -0.037707 0.345573
v 0.104693 0.037707 0.345573
v 0.103189 -0.037707 0.342966
v 0.103189 0.037707 0.342966
v 0.102028 -0.037707 0.340337
v 0.102028 0.037707 0.340337
v 0.101207 -0.037707 0.337679
v 0.101207 0.037707 0.337679
v 0.100718 -0.037707 0.334986
v 0.100718 0.037707 0.334986
v 0.100556 -0.037707 0.332253
v 0.100556 0.037707 0.332253
v 0.100873 -0.037707 0.328307
v 0.100873 0.037707 0.328307
v 0.101809 -0.037707 0.324475
v 0.101809 0.037707 0.324475
v 0.103337 -0.037707 0.320777
v 0.103337 0.037707 0.320777
v 0.105434 -0.037707 0.317233
v 0.105434 0.037707 0.317233
v 0.108073 -0.037707 0.313866
v 0.108073 0.037707 0.313866
v 0.111232 -0.037707 0.310695
v 0.111232 0.037707 0.310695
v 0.114884 -0.037707 0.307743
v 0.114884 0.037707 0.307743
v 0.119004 -0.037707 0.305030
v 0.119004 0.037707 0.305030
v 0.123569 -0.037707 0.302577
v 0.123569 0.037707 0.302577
v 0.128552 -0.037707 0.300405
v 0.128552 0.037707 0.300405
v 0.133930 -0.037707 0.298535
v 0.133930 0.037707 0.298535
v 0.139677 -0.037707 0.296989
v 0.139677 0.037707 0.296989
v 0.139677 -0.037707 0.295887
v 0.139677 0.037707 0.295887
v 0.135223 -0.037707 0.293901
v 0.135223 0.037707 0.293901
v 0.130953 -0.037707 0.291801
v 0.130953 0.037707 0.291801
v 0.126866 -0.037707 0.289585
v 0.126866 0.037707 0.289585
v 0.122963 -0.037707 0.287255
v 0.122963 0.037707 0.287255
v 0.119244 -0.037707 0.284810
v 0.119244 0.037707 0.284810
v 0.115709 -0.037707 0.282250
v 0.115709 0.037707 0.282250
v 0.112357 -0.037707 0.279576
v 0.112357 0.037707 0.279576
v 0.109188 -0.037707 0.276786
v 0.109188 0.037707 0.276786
v 0.106204 -0.037707 0.273882
v 0.106204 0.037707 0.273882
v 0.103403 -0.037707 0.270863
v 0.103403 0.037707 0.270863
v 0.100786 -0.037707 0.267729
v 0.100786 0.037707 0.267729
v 0.098352 -0.037707 0.264481
v 0.098352 0.037707 0.264481
v 0.096240 -0.037707 0.261255
v 0.096240 0.037707 0.261255
v 0.094312 -0.037707 0.257915
v 0.094312 0.037707 0.257915
v 0.092567 -0.037707 0.254459
v 0.092567 0.037707 0.254459
v 0.091006 -0.037707 0.250889
v 0.091006 0.037707 0.250889
v 0.089628 -0.037707 0.247205
v 0.089628 0.037707 0.247205
v 0.088434 -0.037707 0.243405
v 0.088434 0.037707 0.243405
v 0.087424 -0.037707 0.239491
v 0.087424 0.037707 0.239491
v 0.086598 -0.037707 0.235462
v 0.086598 0.037707 0.235462
v 0.085955 -0.037707 0.231318
v 0.085955 0.037707 0.231318
v 0.085496 -0.037707 0.227059
v 0.085496 0.037707 0.227059
v 0.085220 -0.037707 0.222686
v 0.085220 0.037707 0.222686
v 0.085128 -0.037707 0.218197
v 0.085128 0.037707 0.218197
v 0.085980 -0.037707 0.205405
v 0.085980 0.037707 0.205405
v 0.088498 -0.037707 0.193505
v 0.088498 0.037707 0.193505
v 0.092627 -0.037707 0.182538
v 0.092627 0.037707 0.182538
v 0.098311 -0.037707 0.172546
v 0.098311 0.037707 0.172546
v 0.105496 -0.037707 0.163573
v 0.105496 0.037707 0.163573
v 0.114124 -0.037707 0.155660
v 0.114124 0.037707 0.155660
v 0.124142 -0.037707 0.148848
v 0.124142 0.037707 0.148848
v 0.135493 -0.037707 0.143181
v 0.135493 0.037707 0.143181
v 0.148122 -0.037707 0.138699
v 0.148122 0.037707 0.138699
v 0.161974 -0.037707 0.135446
v 0.161974 0.037707 0.135446
v 0.176993 -0.037707 0.133464
v 0.176993 0.037707 0.133464
v 0.193123 -0.037707 0.132793
v 0.193123 0.037707 0.132793
v 0.295057 -0.037707 0.132793
v 0.295057 0.037707 0.132793
v 0.295057 -0.037707 0.170812
v 0.295057 0.037707 0.170812
v 0.171610 -0.037707 0.175635
v 0.171610 0.037707 0.175635
v 0.165239 -0.037707 0.176842
v 0.165239 0.037707 0.176842
v 0.159194 -0.037707 0.178784
v 0.159194 0.037707 0.178784
v 0.153533 -0.037707 0.181403
v 0.153533 0.037707 0.181403
v 0.148316 -0.037707 0.184642
v 0.148316 0.037707 0.184642
v 0.143603 -0.037707 0.188444
v 0.143603 0.037707 0.188444
v 0.139451 -0.037707 0.192750
v 0.139451 0.037707 0.192750
v 0.135922 -0.037707 0.197504
v 0.135922 0.037707 0.197504
v 0.133073 -0.037707 0.202649
v 0.133073 0.037707 0.202649
v 0.130965 -0.037707 0.208126
v 0.130965 0.037707 0.208126
v 0.129657 -0.037707 0.213879
v 0.129657 0.037707 0.213879
v 0.129208 -0.037707 0.219850
v 0.129208 0.037707 0.219850
v 0.129615 -0.037707 0.226411
v 0.129615 0.037707 0.226411
v 0.130815 -0.037707 0.232572
v 0.130815 0.037707 0.232572
v 0.132772 -0.037707 0.238300
v 0.132772 0.037707 0.238300
v 0.135452 -0.037707 0.243563
v 0.135452 0.037707 0.243563
v 0.138822 -0.037707 0.248329
v 0.138822 0.037707 0.248329
v 0.142845 -0.037707 0.252565
v 0.142845 0.037707 0.252565
v 0.147488 -0.037707 0.256239
v 0.147488 0.037707 0.256239
v 0.152717 -0.037707 0.259318
v 0.152717 0.037707 0.259318
v 0.158497 -0.037707 0.261769
v 0.158497 0.037707 0.261769
v 0.164793 -0.037707 0.263560
v 0.164793 0.037707 0.263560
v 0.171571 -0.037707 0.264658
v 0.171571 0.037707 0.264658
v 0.178797 -0.037707 0.265032
v 0.178797 0.037707 0.265032
v 0.185517 -0.037707 0.264637
v 0.185517 0.037707 0.264637
v 0.191873 -0.037707 0.263478
v 0.191873 0.037707 0.263478
v 0.197824 -0.037707 0.261597
v 0.197824 0.037707 0.261597
v 0.203327 -0.037707 0.259032
v 0.203327 0.037707 0.259032
v 0.208340 -0.037707 0.255825
v 0.208340 0.037707 0.255825
v 0.212821 -0.037707 0.252014
v 0.212821 0.037707 0.252014
v 0.216728 -0.037707 0.247642
v 0.216728 0.037707 0.247642
v 0.220020 -0.037707 0.242747
v 0.220020 0.037707 0.242747
v 0.222653 -0.037707 0.237370
v 0.222653 0.037707 0.237370
v 0.224586 -0.037707 0.231551
v 0.224586 0.037707 0.231551
v 0.225776 -0.037707 0.225331
v 0.225776 0.037707 0.225331
v 0.226183 -0.037707 0.218748
v 0.226183 0.037707 0.218748
v 0.225734 -0.037707 0.212915
v 0.225734 0.037707 0.212915
v 0.224430 -0.037707 0.207297
v 0.224430 0.037707 0.207297
v 0.222334 -0.037707 0.201952
v 0.222334 0.037707 0.201952
v 0.219509 -0.037707 0.196933
v 0.219509 0.037707 0.196933
v 0.216019 -0.037707 0.192297
v 0.216019 0.037707 0.192297
v 0.211926 -0.037707 0.188099
v 0.211926 0.037707 0.188099
v 0.207293 -0.037707 0.184395
v 0.207293 0.037707 0.184395
v 0.202184 -0.037707 0.181240
v 0.202184 0.037707 0.181240
v 0.196661 -0.037707 0.178689
v 0.196661 0.037707 0.178689
v 0.190789 -0.037707 0.176799
v 0.190789 0.037707 0.176799
v 0.184629 -0.037707 0.175624
v 0.184629 0.037707 0.175624
v 0.178246 -0.037707 0.175220
v 0.178246 0.037707 0.175220
v 0.157523 -0.037707 0.392627
v 0.157523 0.037707 0.392627
v 0.149931 -0.037707 0.393556
v 0.149931 0.037707 0.393556
v 0.142845 -0.037707 0.395066
v 0.142845 0.037707 0.395066
v 0.136310 -0.037707 0.397127
v 0.136310 0.037707 0.397127
v 0.130371 -0.037707 0.399709
v 0.130371 0.037707 0.399709
v 0.125075 -0.037707 0.402780
v 0.125075 0.037707 0.402780
v 0.120468 -0.037707 0.406310
v 0.120468 0.037707 0.406310
v 0.116596 -0.037707 0.410269
v 0.116596 0.037707 0.410269
v 0.113505 -0.037707 0.414626
v 0.113505 0.037707 0.414626
v 0.111239 -0.037707 0.419350
v 0.111239 0.037707 0.419350
v 0.109847 -0.037707 0.424411
v 0.109847 0.037707 0.424411
v 0.109372 -0.037707 0.429779
v 0.109372 0.037707 0.429779
v 0.109875 -0.037707 0.435735
v 0.109875 0.037707 0.435735
v 0.111375 -0.037707 0.441204
v 0.111375 0.037707 0.441204
v 0.113858 -0.037707 0.446179
v 0.113858 0.037707 0.446179
v 0.117310 -0.037707 0.450655
v 0.117310 0.037707 0.450655
v 0.121720 -0.037707 0.454626
v 0.121720 0.037707 0.454626
v 0.127073 -0.037707 0.458086
v 0.127073 0.037707 0.458086
v 0.133355 -0.037707 0.461029
v 0.133355 0.037707 0.461029
v 0.140554 -0.037707 0.463450
v 0.140554 0.037707 0.463450
v 0.148656 -0.037707 0.465343
v 0.148656 0.037707 0.465343
v 0.157648 -0.037707 0.466703
v 0.157648 0.037707 0.466703
v 0.167516 -0.037707 0.467522
v 0.167516 0.037707 0.467522
v 0.178246 -0.037707 0.467797
v 0.178246 0.037707 0.467797
v 0.188619 -0.037707 0.467524
v 0.188619 0.037707 0.467524
v 0.198230 -0.037707 0.466713
v 0.198230 0.037707 0.466713
v 0.207053 -0.037707 0.465378
v 0.207053 0.037707 0.465378
v 0.215061 -0.037707 0.463532
v 0.215061 0.037707 0.463532
v 0.222227 -0.037707 0.461189
v 0.222227 0.037707 0.461189
v 0.228524 -0.037707 0.458361
v 0.228524 0.037707 0.458361
v 0.233926 -0.037707 0.455063
v 0.233926 0.037707 0.455063
v 0.238406 -0.037707 0.451308
v 0.238406 0.037707 0.451308
v 0.241938 -0.037707 0.447109
v 0.241938 0.037707 0.447109
v 0.244493 -0.037707 0.442479
v 0.244493 0.037707 0.442479
v 0.246046 -0.037707 0.437433
v 0.246046 0.037707 0.437433
v 0.246569 -0.037707 0.431982
v 0.246569 0.037707 0.431982
v 0.245554 -0.037707 0.424604
v 0.245554 0.037707 0.424604
v 0.242674 -0.037707 0.418139
v 0.242674 0.037707 0.418139
v 0.238175 -0.037707 0.412534
v 0.238175 0.037707 0.412534
v 0.232305 -0.037707 0.407739
v 0.232305 0.037707 0.407739
v 0.225309 -0.037707 0.403701
v 0.225309 0.037707 0.403701
v 0.217436 -0.037707 0.400369
v 0.217436 0.037707 0.400369
v 0.208931 -0.037707 0.397692
v 0.208931 0.037707 0.397692
v 0.200041 -0.037707 0.395617
v 0.200041 0.037707 0.395617
v 0.191014 -0.037707 0.394093
v 0.191014 0.037707 0.394093
v 0.182095 -0.037707 0.393069
v 0.182095 0.037707 0.393069
v 0.173533 -0.037707 0.392492
v 0.173533 0.037707 0.392492
v 0.165573 -0.037707 0.392311
v 0.165573 0.037707 0.392311
v 0.479639 -0.037707 0.170812
v 0.479639 0.037707 0.170812
v 0.484200 -0.037707 0.175526
v 0.484200 0.037707 0.175526
v 0.488254 -0.037707 0.180054
v 0.488254 0.037707 0.180054
v 0.491821 -0.037707 0.184440
v 0.491821 0.037707 0.184440
v 0.494924 -0.037707 0.188729
v 0.494924 0.037707 0.188729
v 0.497583 -0.037707 0.192965
v 0.497583 0.037707 0.192965
v 0.499819 -0.037707 0.197191
v 0.499819 0.037707 0.197191
v 0.501654 -0.037707 0.201451
v 0.501654 0.037707 0.201451
v 0.503108 -0.037707 0.205790
v 0.503108 0.037707 0.205790
v 0.504202 -0.037707 0.210251
v 0.504202 0.037707 0.210251
v 0.504957 -0.037707 0.214879
v 0.504957 0.037707 0.214879
v 0.505395 -0.037707 0.219717
v 0.505395 0.037707 0.219717
v 0.505536 -0.037707 0.224809
v 0.505536 0.037707 0.224809
v 0.505302 -0.037707 0.229966
v 0.505302 0.037707 0.229966
v 0.504625 -0.037707 0.235207
v 0.504625 0.037707 0.235207
v 0.503547 -0.037707 0.240478
v 0.503547 0.037707 0.240478
v 0.502108 -0.037707 0.245726
v 0.502108 0.037707 0.245726
v 0.500347 -0.037707 0.250898
v 0.500347 0.037707 0.250898
v 0.498304 -0.037707 0.255940
v 0.498304 0.037707 0.255940
v 0.496021 -0.037707 0.260798
v 0.496021 0.037707 0.260798
v 0.493537 -0.037707 0.265419
v 0.493537 0.037707 0.265419
v 0.490892 -0.037707 0.269750
v 0.490892 0.037707 0.269750
v 0.488126 -0.037707 0.273735
v 0.488126 0.037707 0.273735
v 0.485280 -0.037707 0.277323
v 0.485280 0.037707 0.277323
v 0.482394 -0.037707 0.280459
v 0.482394 0.037707 0.280459
v 0.473476 -0.037707 0.288231
v 0.473476 0.037707 0.288231
v 0.463487 -0.037707 0.294145
v 0.463487 0.037707 0.294145
v 0.452778 -0.037707 0.298548
v 0.452778 0.037707 0.298548
v 0.441702 -0.037707 0.301785
v 0.441702 0.037707 0.301785
v 0.430611 -0.037707 0.304204
v 0.430611 0.037707 0.304204
v 0.419857 -0.037707 0.306150
v 0.419857 0.037707 0.306150
v 0.409791 -0.037707 0.307969
v 0.409791 0.037707 0.307969
v 0.400766 -0.037707 0.310009
v 0.400766 0.037707 0.310009
v 0.393133 -0.037707 0.312615
v 0.393133 0.037707 0.312615
v 0.387246 -0.037707 0.316134
v 0.387246 0.037707 0.316134
v 0.383455 -0.037707 0.320911
v 0.383455 0.037707 0.320911
v 0.382114 -0.037707 0.327294
v 0.382114 0.037707 0.327294
v 0.382652 -0.037707 0.330627
v 0.382652 0.037707 0.330627
v 0.384261 -0.037707 0.333755
v 0.384261 0.037707 0.333755
v 0.386935 -0.037707 0.336704
v 0.386935 0.037707 0.336704
v 0.390664 -0.037707 0.339497
v 0.390664 0.037707 0.339497
v 0.395442 -0.037707 0.342161
v 0.395442 0.037707 0.342161
v 0.401261 -0.037707 0.344719
v 0.401261 0.037707 0.344719
v 0.408112 -0.037707 0.347197
v 0.408112 0.037707 0.347197
v 0.415989 -0.037707 0.349619
v 0.415989 0.037707 0.349619
v 0.424884 -0.037707 0.352011
v 0.424884 0.037707 0.352011
v 0.434790 -0.037707 0.354397
v 0.434790 0.037707 0.354397
v 0.445697 -0.037707 0.356802
v 0.445697 0.037707 0.356802
v 0.457600 -0.037707 0.359251
v 0.457600 0.037707 0.359251
v 0.470121 -0.037707 0.362206
v 0.470121 0.037707 0.362206
v 0.481272 -0.037707 0.365807
v 0.481272 0.037707 0.365807
v 0.491107 -0.037707 0.370013
v 0.491107 0.037707 0.370013
v 0.499679 -0.037707 0.374781
v 0.499679 0.037707 0.374781
v 0.507042 -0.037707 0.380070
v 0.507042 0.037707 0.380070
v 0.513250 -0.037707 0.385837
v 0.513250 0.037707 0.385837
v 0.518355 -0.037707 0.392040
v 0.518355 0.037707 0.392040
v 0.522413 -0.037707 0.398637
v 0.522413 0.037707 0.398637
v 0.525475 -0.037707 0.405586
v 0.525475 0.037707 0.405586
v 0.527596 -0.037707 0.412846
v 0.527596 0.037707 0.412846
v 0.528829 -0.037707 0.420373
v 0.528829 0.037707 0.420373
v 0.529229 -0.037707 0.428126
v 0.529229 0.037707 0.428126
v 0.528330 -0.037707 0.439977
v 0.528330 0.037707 0.439977
v 0.525665 -0.037707 0.450989
v 0.525665 0.037707 0.450989
v 0.521282 -0.037707 0.461125
v 0.521282 0.037707 0.461125
v 0.515229 -0.037707 0.470348
v 0.515229 0.037707 0.470348
v 0.507554 -0.037707 0.478622
v 0.507554 0.037707 0.478622
v 0.498304 -0.037707 0.485911
v 0.498304 0.037707 0.485911
v 0.487528 -0.037707 0.492178
v 0.487528 0.037707 0.492178
v 0.475272 -0.037707 0.497387
v 0.475272 0.037707 0.497387
v 0.461586 -0.037707 0.501502
v 0.461586 0.037707 0.501502
v 0.446516 -0.037707 0.504487
v 0.446516 0.037707 0.504487
v 0.430111 -0.037707 0.506304
v 0.430111 0.037707 0.506304
v 0.412418 -0.037707 0.506917
v 0.412418 0.037707 0.506917
v 0.396169 -0.037707 0.506274
v 0.396169 0.037707 0.506274
v 0.380820 -0.037707 0.504390
v 0.380820 0.037707 0.504390
v 0.366471 -0.037707 0.501330
v 0.366471 0.037707 0.501330
v 0.353217 -0.037707 0.497163
v 0.353217 0.037707 0.497163
v 0.341157 -0.037707 0.491955
v 0.341157 0.037707 0.491955
v 0.330389 -0.037707 0.485773
v 0.330389 0.037707 0.485773
v 0.321010 -0.037707 0.478685
v 0.321010 0.037707 0.478685
v 0.313117 -0.037707 0.470756
v 0.313117 0.037707 0.470756
v 0.306808 -0.037707 0.462055
v 0.306808 0.037707 0.462055
v 0.302181 -0.037707 0.452647
v 0.302181 0.037707 0.452647
v 0.299334 -0.037707 0.442601
v 0.299334 0.037707 0.442601
v 0.298363 -0.037707 0.431982
v 0.298363 0.037707 0.431982
v 0.298767 -0.037707 0.423199
v 0.298767 0.037707 0.423199
v 0.299990 -0.037707 0.415022
v 0.299990 0.037707 0.415022
v 0.302047 -0.037707 0.407438
v 0.302047 0.037707 0.407438
v 0.304954 -0.037707 0.400433
v 0.304954 0.037707 0.400433
v 0.308726 -0.037707 0.393995
v 0.308726 0.037707 0.393995
v 0.313377 -0.037707 0.388110
v 0.313377 0.037707 0.388110
v 0.318924 -0.037707 0.382764
v 0.318924 0.037707 0.382764
v 0.325382 -0.037707 0.377944
v 0.325382 0.037707 0.377944
v 0.332765 -0.037707 0.373638
v 0.332765 0.037707 0.373638
v 0.341090 -0.037707 0.369830
v 0.341090 0.037707 0.369830
v 0.350372 -0.037707 0.366508
v 0.350372 0.037707 0.366508
v 0.360625 -0.037707 0.363659
v 0.360625 0.037707 0.363659
v 0.356549 -0.037707 0.361053
v 0.356549 0.037707 0.361053
v 0.352857 -0.037707 0.358463
v 0.352857 0.037707 0.358463
v 0.349545 -0.037707 0.355885
v 0.349545 0.037707 0.355885
v 0.346605 -0.037707 0.353313
v 0.346605 0.037707 0.353313
v 0.344033 -0.037707 0.350741
v 0.344033 0.037707 0.350741
v 0.341822 -0.037707 0.348163
v 0.341822 0.037707 0.348163
v 0.339967 -0.037707 0.345573
v 0.339967 0.037707 0.345573
v 0.338463 -0.037707 0.342966
v 0.338463 0.037707 0.342966
v 0.337302 -0.037707 0.340337
v 0.337302 0.037707 0.340337
v 0.336481 -0.037707 0.337679
v 0.336481 0.037707 0.337679
v 0.335992 -0.037707 0.334986
v 0.335992 0.037707 0.334986
v 0.335830 -0.037707 0.332253
v 0.335830 0.037707 0.332253
v 0.336147 -0.037707 0.328307
v 0.336147 0.037707 0.328307
v 0.337083 -0.037707 0.324475
v 0.337083 0.037707 0.324475
v 0.338611 -0.037707 0.320777
v 0.338611 0.037707 0.320777
v 0.340707 -0.037707 0.317233
v 0.340707 0.037707 0.317233
v 0.343347 -0.037707 0.313866
v 0.343347 0.037707 0.313866
v 0.346506 -0.037707 0.310695
v 0.346506 0.037707 0.310695
v 0.350158 -0.037707 0.307743
v 0.350158 0.037707 0.307743
v 0.354278 -0.037707 0.305030
v 0.354278 0.037707 0.305030
v 0.358843 -0.037707 0.302577
v 0.358843 0.037707 0.302577
v 0.363826 -0.037707 0.300405
v 0.363826 0.037707 0.300405
v 0.369204 -0.037707 0.298535
v 0.369204 0.037707 0.298535
v 0.374951 -0.037707 0.296989
v 0.374951 0.037707 0.296989
v 0.374951 -0.037707 0.295887
v 0.374951 0.037707 0.295887
v 0.370497 -0.037707 0.293901
v 0.370497 0.037707 0.293901
v 0.366227 -0.037707 0.291801
v 0.366227 0.037707 0.291801
v 0.362140 -0.037707 0.289585
v 0.362140 0.037707 0.289585
v 0.358237 -0.037707 0.287255
v 0.358237 0.037707 0.287255
v 0.354518 -0.037707 0.284810
v 0.354518 0.037707 0.284810
v 0.350982 -0.037707 0.282250
v 0.350982 0.037707 0.282250
v 0.347631 -0.037707 0.279576
v 0.347631 0.037707 0.279576
v 0.344462 -0.037707 0.276786
v 0.344462 0.037707 0.276786
v 0.341478 -0.037707 0.273882
v 0.341478 0.037707 0.273882
v 0.338677 -0.037707 0.270863
v 0.338677 0.037707 0.270863
v 0.336060 -0.037707 0.267729
v 0.336060 0.037707 0.267729
v 0.333626 -0.037707 0.264481
v 0.333626 0.037707 0.264481
v 0.331514 -0.037707 0.261255
v 0.331514 0.037707 0.261255
v 0.329586 -0.037707 0.257915
v 0.329586 0.037707 0.257915
v 0.327841 -0.037707 0.254459
v 0.327841 0.037707 0.254459
v 0.326280 -0.037707 0.250889
v 0.326280 0.037707 0.250889
v 0.324902 -0.037707 0.247205
v 0.324902 0.037707 0.247205
v 0.323708 -0.037707 0.243405
v 0.323708 0.037707 0.243405
v 0.322698 -0.037707 0.239491
v 0.322698 0.037707 0.239491
v 0.321872 -0.037707 0.235462
v 0.321872 0.037707 0.235462
v 0.321229 -0.037707 0.231318
v 0.321229 0.037707 0.231318
v 0.320770 -0.037707 0.227059
v 0.320770 0.037707 0.227059
v 0.320494 -0.037707 0.222686
v 0.320494 0.037707 0.222686
v 0.320402 -0.037707 0.218197
v 0.320402 0.037707 0.218197
v 0.321254 -0.037707 0.205405
v 0.321254 0.037707 0.205405
v 0.323772 -0.037707 0.193505
v 0.323772 0.037707 0.193505
v 0.327901 -0.037707 0.182538
v 0.327901 0.037707 0.182538
v 0.333585 -0.037707 0.172546
v 0.333585 0.037707 0.172546
v 0.340770 -0.037707 0.163573
v 0.340770 0.037707 0.163573
v 0.349398 -0.037707 0.155660
v 0.349398 0.037707 0.155660
v 0.359416 -0.037707 0.148848
v 0.359416 0.037707 0.148848
v 0.370767 -0.037707 0.143181
v 0.370767 0.037707 0.143181
v 0.383396 -0.037707 0.138699
v 0.383396 0.037707 0.138699
v 0.397248 -0.037707 0.135446
v 0.397248 0.037707 0.135446
v 0.412267 -0.037707 0.133464
v 0.412267 0.037707 0.133464
v 0.428397 -0.037707 0.132793
v 0.428397 0.037707 0.132793
v 0.530331 -0.037707 0.132793
v 0.530331 0.037707 0.132793
v 0.530331 -0.037707 0.170812
v 0.530331 0.037707 0.170812
v 0.406884 -0.037707 0.175635
v 0.406884 0.037707 0.175635
v 0.400513 -0.037707 0.176842
v 0.400513 0.037707 0.176842
v 0.394468 -0.037707 0.178784
v 0.394468 0.037707 0.178784
v 0.388807 -0.037707 0.181403
v 0.388807 0.037707 0.181403
v 0.383590 -0.037707 0.184642
v 0.383590 0.037707 0.184642
v 0.378876 -0.037707 0.188444
v 0.378876 0.037707 0.188444
v 0.374725 -0.037707 0.192750
v 0.374725 0.037707 0.192750
v 0.371196 -0.037707 0.197504
v 0.371196 0.037707 0.197504
v 0.368347 -0.037707 0.202649
v 0.368347 0.037707 0.202649
v 0.366239 -0.037707 0.208126
v 0.366239 0.037707 0.208126
v 0.364931 -0.037707 0.213879
v 0.364931 0.037707 0.213879
v 0.364482 -0.037707 0.219850
v 0.364482 0.037707 0.219850
v 0.364889 -0.037707 0.226411
v 0.364889 0.037707 0.226411
v 0.366089 -0.037707 0.232572
v 0.366089 0.037707 0.232572
v 0.368046 -0.037707 0.238300
v 0.368046 0.037707 0.238300
v 0.370726 -0.037707 0.243563
v 0.370726 0.037707 0.243563
v 0.374095 -0.037707 0.248329
v 0.374095 0.037707 0.248329
v 0.378119 -0.037707 0.252565
v 0.378119 0.037707 0.252565
v 0.382762 -0.037707 0.256239
v 0.382762 0.037707 0.256239
v 0.387991 -0.037707 0.259318
v 0.387991 0.037707 0.259318
v 0.393771 -0.037707 0.261769
v 0.393771 0.037707 0.261769
v 0.400067 -0.037707 0.263560
v 0.400067 0.037707 0.263560
v 0.406845 -0.037707 0.264658
v 0.406845 0.037707 0.264658
v 0.414071 -0.037707 0.265032
v 0.414071 0.037707 0.265032
v 0.420791 -0.037707 0.264637
v 0.420791 0.037707 0.264637
v 0.427147 -0.037707 0.263478
v 0.427147 0.037707 0.263478
v 0.433098 -0.037707 0.261597
v 0.433098 0.037707 0.261597
v 0.438601 -0.037707 0.259032
v 0.438601 0.037707 0.259032
v 0.443614 -0.037707 0.255825
v 0.443614 0.037707 0.255825
v 0.448095 -0.037707 0.252014
v 0.448095 0.037707 0.252014
v 0.452002 -0.037707 0.247642
v 0.452002 0.037707 0.247642
v 0.455294 -0.037707 0.242747
v 0.455294 0.037707 0.242747
v 0.457927 -0.037707 0.237370
v 0.457927 0.037707 0.237370
v 0.459860 -0.037707 0.231551
v 0.459860 0.037707 0.231551
v 0.461050 -0.037707 0.225331
v 0.461050 0.037707 0.225331
v 0.461457 -0.037707 0.218748
v 0.461457 0.037707 0.218748
v 0.461008 -0.037707 0.212915
v 0.461008 0.037707 0.212915
v 0.459704 -0.037707 0.207297
v 0.459704 0.037707 0.207297
v 0.457608 -0.037707 0.201952
v 0.457608 0.037707 0.201952
v 0.454783 -0.037707 0.196933
v 0.454783 0.037707 0.196933
v 0.451293 -0.037707 0.192297
v 0.451293 0.037707 0.192297
v 0.447200 -0.037707 0.188099
v 0.447200 0.037707 0.188099
v 0.442567 -0.037707 0.184395
v 0.442567 0.037707 0.184395
v 0.437458 -0.037707 0.181240
v 0.437458 0.037707 0.181240
v 0.431935 -0.037707 0.178689
v 0.431935 0.037707 0.178689
v 0.426063 -0.037707 0.176799
v 0.426063 0.037707 0.176799
v 0.419903 -0.037707 0.175624
v 0.419903 0.037707 0.175624
v 0.413520 -0.037707 0.175220
v 0.413520 0.037707 0.175220
v 0.392797 -0.037707 0.392627
v 0.392797 0.037707 0.392627
v 0.385205 -0.037707 0.393556
v 0.385205 0.037707 0.393556
v 0.378119 -0.037707 0.395066
v 0.378119 0.037707 0.395066
v 0.371584 -0.037707 0.397127
v 0.371584 0.037707 0.397127
v 0.365645 -0.037707 0.399709
v 0.365645 0.037707 0.399709
v 0.360349 -0.037707 0.402780
v 0.360349 0.037707 0.402780
v 0.355742 -0.037707 0.406310
v 0.355742 0.037707 0.406310
v 0.351870 -0.037707 0.410269
v 0.351870 0.037707 0.410269
v 0.348779 -0.037707 0.414626
v 0.348779 0.037707 0.414626
v 0.346513 -0.037707 0.419350
v 0.346513 0.037707 0.419350
v 0.345121 -0.037707 0.424411
v 0.345121 0.037707 0.424411
v 0.344646 -0.037707 0.429779
v 0.344646 0.037707 0.429779
v 0.345149 -0.037707 0.435735
v 0.345149 0.037707 0.435735
v 0.346649 -0.037707 0.441204
v 0.346649 0.037707 0.441204
v 0.349131 -0.037707 0.446179
v 0.349131 0.037707 0.446179
v 0.352584 -0.037707 0.450655
v 0.352584 0.037707 0.450655
v 0.356994 -0.037707 0.454626
v 0.356994 0.037707 0.454626
v 0.362347 -0.037707 0.458086
v 0.362347 0.037707 0.458086
v 0.368629 -0.037707 0.461029
v 0.368629 0.037707 0.461029
v 0.375828 -0.037707 0.463450
v 0.375828 0.037707 0.463450
v 0.383930 -0.037707 0.465343
v 0.383930 0.037707 0.465343
v 0.392922 -0.037707 0.466703
v 0.392922 0.037707 0.466703
v 0.402790 -0.037707 0.467522
v 0.402790 0.037707 0.467522
v 0.413520 -0.037707 0.467797
v 0.413520 0.037707 0.467797
v 0.423893 -0.037707 0.467524
v 0.423893 0.037707 0.467524
v 0.433504 -0.037707 0.466713
v 0.433504 0.037707 0.466713
v 0.442327 -0.037707 0.465378
v 0.442327 0.037707 0.465378
v 0.450335 -0.037707 0.463532
v 0.450335 0.037707 0.463532
v 0.457501 -0.037707 0.461189
v 0.457501 0.037707 0.461189
v 0.463798 -0.037707 0.458361
v 0.463798 0.037707 0.458361
v 0.469200 -0.037707 0.455063
v 0.469200 0.037707 0.455063
v 0.473680 -0.037707 0.451308
v 0.473680 0.037707 0.451308
v 0.477212 -0.037707 0.447109
v 0.477212 0.037707 0.447109
v 0.479767 -0.037707 0.442479
v 0.479767 0.037707 0.442479
v 0.481320 -0.037707 0.437433
v 0.481320 0.037707 0.437433
v 0.481843 -0.037707 0.431982
v 0.481843 0.037707 0.431982
v 0.480828 -0.037707 0.424604
v 0.480828 0.037707 0.424604
v 0.477948 -0.037707 0.418139
v 0.477948 0.037707 0.418139
v 0.473449 -0.037707 0.412534
v 0.473449 0.037707 0.412534
v 0.467579 -0.037707 0.407739
v 0.467579 0.037707 0.407739
v 0.460583 -0.037707 0.403701
v 0.460583 0.037707 0.403701
v 0.452710 -0.037707 0.400369
v 0.452710 0.037707 0.400369
v 0.444205 -0.037707 0.397692
v 0.444205 0.037707 0.397692
v 0.435315 -0.037707 0.395617
v 0.435315 0.037707 0.395617
v 0.426288 -0.037707 0.394093
v 0.426288 0.037707 0.394093
v 0.417369 -0.037707 0.393069
v 0.417369 0.037707 0.393069
v 0.408807 -0.037707 0.392492
v 0.408807 0.037707 0.392492
v 0.400847 -0.037707 0.392311
v 0.400847 0.037707 0.392311
v 0.569451 -0.037707 0.380189
v 0.569451 0.037707 0.380189
v 0.569451 -0.037707 0.132793
v 0.569451 0.037707 0.132793
v 0.618490 -0.037707 0.132793
v 0.618490 0.037707 0.132793
v 0.618490 -0.037707 0.380189
v 0.618490 0.037707 0.380189
v 0.590315 -0.037707 0.086792
v 0.590315 0.037707 0.086792
v 0.586535 -0.037707 0.086007
v 0.586535 0.037707 0.086007
v 0.582942 -0.037707 0.084745
v 0.582942 0.037707 0.084745
v 0.579573 -0.037707 0.083041
v 0.579573 0.037707 0.083041
v 0.576464 -0.037707 0.080931
v 0.576464 0.037707 0.080931
v 0.573652 -0.037707 0.078452
v 0.573652 0.037707 0.078452
v 0.571173 -0.037707 0.075640
v 0.571173 0.037707 0.075640
v 0.569063 -0.037707 0.072531
v 0.569063 0.037707 0.072531
v 0.567359 -0.037707 0.069162
v 0.567359 0.037707 0.069162
v 0.566097 -0.037707 0.065570
v 0.566097 0.037707 0.065570
v 0.565313 -0.037707 0.061790
v 0.565313 0.037707 0.061790
v 0.565043 -0.037707 0.057858
v 0.565043 0.037707 0.057858
v 0.565313 -0.037707 0.053927
v 0.565313 0.037707 0.053927
v 0.566097 -0.037707 0.050147
v 0.566097 0.037707 0.050147
v 0.567359 -0.037707 0.046554
v 0.567359 0.037707 0.046554
v 0.569063 -0.037707 0.043186
v 0.569063 0.037707 0.043186
v 0.571173 -0.037707 0.040077
v 0.571173 0.037707 0.040077
v 0.573653 -0.037707 0.037265
v 0.573653 0.037707 0.037265
v 0.576465 -0.037707 0.034786
v 0.576465 0.037707 0.034786
v 0.579573 -0.037707 0.032676
v 0.579573 0.037707 0.032676
v 0.582942 -0.037707 0.030972
v 0.582942 0.037707 0.030972
v 0.586535 -0.037707 0.029709
v 0.586535 0.037707 0.029709
v 0.590315 -0.037707 0.028925
v 0.590315 0.037707 0.028925
v 0.594246 -0.037707 0.028656
v 0.594246 0.037707 0.028656
v 0.598177 -0.037707 0.028925
v 0.598177 0.037707 0.028925
v 0.601957 -0.037707 0.029709
v 0.601957 0.037707 0.029709
v 0.605550 -0.037707 0.030972
v 0.605550 0.037707 0.030972
v 0.608919 -0.037707 0.032676
v 0.608919 0.037707 0.032676
v 0.612027 -0.037707 0.034786
v 0.612027 0.037707 0.034786
v 0.614839 -0.037707 0.037265
v 0.614839 0.037707 0.037265
v 0.617318 -0.037707 0.040077
v 0.617318 0.037707 0.040077
v 0.619428 -0.037707 0.043186
v 0.619428 0.037707 0.043186
v 0.621133 -0.037707 0.046554
v 0.621133 0.037707 0.046554
v 0.622395 -0.037707 0.050147
v 0.622395 0.037707 0.050147
v 0.623179 -0.037707 0.053927
v 0.623179 0.037707 0.053927
v 0.623448 -0.037707 0.057858
v 0.623448 0.037707 0.057858
v 0.623179 -0.037707 0.061790
v 0.623179 0.037707 0.061790
v 0.622395 -0.037707 0.065570
v 0.622395 0.037707 0.065570
v 0.621133 -0.037707 0.069162
v 0.621133 0.037707 0.069162
v 0.619428 -0.037707 0.072531
v 0.619428 0.037707 0.072531
v 0.617318 -0.037707 0.075640
v 0.617318 0.037707 0.075640
v 0.614839 -0.037707 0.078452
v 0.614839 0.037707 0.078452
v 0.612027 -0.037707 0.080931
v 0.612027 0.037707 0.080931
v 0.608919 -0.037707 0.083041
v 0.608919 0.037707 0.083041
v 0.605550 -0.037707 0.084745
v 0.605550 0.037707 0.084745
v 0.601957 -0.037707 0.086007
v 0.601957 0.037707 0.086007
v 0.598177 -0.037707 0.086792
v 0.598177 0.037707 0.086792
v 0.594246 -0.037707 0.087061
v 0.594246 0.037707 0.087061
v 0.738055 -0.037707 0.165302
v 0.738055 0.037707 0.165302
v 0.742917 -0.037707 0.159588
v 0.742917 0.037707 0.159588
v 0.748116 -0.037707 0.154300
v 0.748116 0.037707 0.154300
v 0.753621 -0.037707 0.149452
v 0.753621 0.037707 0.149452
v 0.759401 -0.037707 0.145058
v 0.759401 0.037707 0.145058
v 0.765426 -0.037707 0.141131
v 0.765426 0.037707 0.141131
v 0.771666 -0.037707 0.137683
v 0.771666 0.037707 0.137683
v 0.778089 -0.037707 0.134730
v 0.778089 0.037707 0.134730
v 0.784665 -0.037707 0.132283
v 0.784665 0.037707 0.132283
v 0.791364 -0.037707 0.130357
v 0.791364 0.037707 0.130357
v 0.798154 -0.037707 0.128964
v 0.798154 0.037707 0.128964
v 0.805006 -0.037707 0.128119
v 0.805006 0.037707 0.128119
v 0.811888 -0.037707 0.127834
v 0.811888 0.037707 0.127834
v 0.823385 -0.037707 0.128502
v 0.823385 0.037707 0.128502
v 0.834395 -0.037707 0.130515
v 0.834395 0.037707 0.130515
v 0.844819 -0.037707 0.133887
v 0.844819 0.037707 0.133887
v 0.854559 -0.037707 0.138630
v 0.854559 0.037707 0.138630
v 0.863520 -0.037707 0.144758
v 0.863520 0.037707 0.144758
v 0.871602 -0.037707 0.152285
v 0.871602 0.037707 0.152285
v 0.878708 -0.037707 0.161223
v 0.878708 0.037707 0.161223
v 0.884742 -0.037707 0.171587
v 0.884742 0.037707 0.171587
v 0.889604 -0.037707 0.183390
v 0.889604 0.037707 0.183390
v 0.893198 -0.037707 0.196645
v 0.893198 0.037707 0.196645
v 0.895426 -0.037707 0.211365
v 0.895426 0.037707 0.211365
v 0.896190 -0.037707 0.227564
v 0.896190 0.037707 0.227564
v 0.896190 -0.037707 0.380189
v 0.896190 0.037707 0.380189
v 0.847152 -0.037707 0.380189
v 0.847152 0.037707 0.380189
v 0.847152 -0.037707 0.227013
v 0.847152 0.037707 0.227013
v 0.846766 -0.037707 0.218192
v 0.846766 0.037707 0.218192
v 0.845626 -0.037707 0.209937
v 0.845626 0.037707 0.209937
v 0.843760 -0.037707 0.202287
v 0.843760 0.037707 0.202287
v 0.841193 -0.037707 0.195280
v 0.841193 0.037707 0.195280
v 0.837953 -0.037707 0.188954
v 0.837953 0.037707 0.188954
v 0.834066 -0.037707 0.183347
v 0.834066 0.037707 0.183347
v 0.829559 -0.037707 0.178498
v 0.829559 0.037707 0.178498
v 0.824459 -0.037707 0.174444
v 0.824459 0.037707 0.174444
v 0.818793 -0.037707 0.171225
v 0.818793 0.037707 0.171225
v 0.812587 -0.037707 0.168878
v 0.812587 0.037707 0.168878
v 0.805869 -0.037707 0.167442
v 0.805869 0.037707 0.167442
v 0.798664 -0.037707 0.166955
v 0.798664 0.037707 0.166955
v 0.793378 -0.037707 0.167165
v 0.793378 0.037707 0.167165
v 0.788239 -0.037707 0.167809
v 0.788239 0.037707 0.167809
v 0.783211 -0.037707 0.168909
v 0.783211 0.037707 0.168909
v 0.778257 -0.037707 0.170485
v 0.778257 0.037707 0.170485
v 0.773342 -0.037707 0.172559
v 0.773342 0.037707 0.172559
v 0.768429 -0.037707 0.175151
v 0.768429 0.037707 0.175151
v 0.763481 -0.037707 0.178282
v 0.763481 0.037707 0.178282
v 0.758462 -0.037707 0.181975
v 0.758462 0.037707 0.181975
v 0.753336 -0.037707 0.186248
v 0.753336 0.037707 0.186248
v 0.748067 -0.037707 0.191125
v 0.748067 0.037707 0.191125
v 0.742618 -0.037707 0.196625
v 0.742618 0.037707 0.196625
v 0.736953 -0.037707 0.202769
v 0.736953 0.037707 0.202769
v 0.736953 -0.037707 0.380189
v 0.736953 0.037707 0.380189
v 0.687915 -0.037707 0.380189
v 0.687915 0.037707 0.380189
v 0.687915 -0.037707 0.132793
v 0.687915 0.037707 0.132793
v 0.736953 -0.037707 0.132793
v 0.736953 0.037707 0.132793
v 0.736953 -0.037707 0.165302
v 0.736953 0.037707 0.165302
v 1.111077 -0.037707 0.170812
v 1.111077 0.037707 0.170812
v 1.115638 -0.037707 0.175526
v 1.115638 0.037707 0.175526
v 1.119691 -0.037707 0.180054
v 1.119691 0.037707 0.180054
v 1.123259 -0.037707 0.184440
v 1.123259 0.037707 0.184440
v 1.126362 -0.037707 0.188729
v 1.126362 0.037707 0.188729
v 1.129021 -0.037707 0.192965
v 1.129021 0.037707 0.192965
v 1.131257 -0.037707 0.197191
v 1.131257 0.037707 0.197191
v 1.133092 -0.037707 0.201451
v 1.133092 0.037707 0.201451
v 1.134545 -0.037707 0.205790
v 1.134545 0.037707 0.205790
v 1.135639 -0.037707 0.210251
v 1.135639 0.037707 0.210251
v 1.136395 -0.037707 0.214879
v 1.136395 0.037707 0.214879
v 1.136833 -0.037707 0.219717
v 1.136833 0.037707 0.219717
v 1.136974 -0.037707 0.224809
v 1.136974 0.037707 0.224809
v 1.136740 -0.037707 0.229966
v 1.136740 0.037707 0.229966
v 1.136063 -0.037707 0.235207
v 1.136063 0.037707 0.235207
v 1.134985 -0.037707 0.240478
v 1.134985 0.037707 0.240478
v 1.133546 -0.037707 0.245726
v 1.133546 0.037707 0.245726
v 1.131785 -0.037707 0.250898
v 1.131785 0.037707 0.250898
v 1.129742 -0.037707 0.255940
v 1.129742 0.037707 0.255940
v 1.127459 -0.037707 0.260798
v 1.127459 0.037707 0.260798
v 1.124974 -0.037707 0.265419
v 1.124974 0.037707 0.265419
v 1.122330 -0.037707 0.269750
v 1.122330 0.037707 0.269750
v 1.119564 -0.037707 0.273735
v 1.119564 0.037707 0.273735
v 1.116718 -0.037707 0.277323
v 1.116718 0.037707 0.277323
v 1.113832 -0.037707 0.280459
v 1.113832 0.037707 0.280459
v 1.104914 -0.037707 0.288231
v 1.104914 0.037707 0.288231
v 1.094925 -0.037707 0.294145
v 1.094925 0.037707 0.294145
v 1.084216 -0.037707 0.298548
v 1.084216 0.037707 0.298548
v 1.073140 -0.037707 0.301785
v 1.073140 0.037707 0.301785
v 1.062049 -0.037707 0.304204
v 1.062049 0.037707 0.304204
v 1.051295 -0.037707 0.306150
v 1.051295 0.037707 0.306150
v 1.041229 -0.037707 0.307969
v 1.041229 0.037707 0.307969
v 1.032204 -0.037707 0.310009
v 1.032204 0.037707 0.310009
v 1.024571 -0.037707 0.312615
v 1.024571 0.037707 0.312615
v 1.018684 -0.037707 0.316134
v 1.018684 0.037707 0.316134
v 1.014893 -0.037707 0.320911
v 1.014893 0.037707 0.320911
v 1.013551 -0.037707 0.327294
v 1.013551 0.037707 0.327294
v 1.014090 -0.037707 0.330627
v 1.014090 0.037707 0.330627
v 1.015699 -0.037707 0.333755
v 1.015699 0.037707 0.333755
v 1.018373 -0.037707 0.336704
v 1.018373 0.037707 0.336704
v 1.022102 -0.037707 0.339497
v 1.022102 0.037707 0.339497
v 1.026880 -0.037707 0.342161
v 1.026880 0.037707 0.342161
v 1.032698 -0.037707 0.344719
v 1.032698 0.037707 0.344719
v 1.039550 -0.037707 0.347197
v 1.039550 0.037707 0.347197
v 1.047427 -0.037707 0.349619
v 1.047427 0.037707 0.349619
v 1.056322 -0.037707 0.352011
v 1.056322 0.037707 0.352011
v 1.066227 -0.037707 0.354397
v 1.066227 0.037707 0.354397
v 1.077135 -0.037707 0.356802
v 1.077135 0.037707 0.356802
v 1.089038 -0.037707 0.359251
v 1.089038 0.037707 0.359251
v 1.101559 -0.037707 0.362206
v 1.101559 0.037707 0.362206
v 1.112710 -0.037707 0.365807
v 1.112710 0.037707 0.365807
v 1.122545 -0.037707 0.370013
v 1.122545 0.037707 0.370013
v 1.131117 -0.037707 0.374781
v 1.131117 0.037707 0.374781
v 1.138480 -0.037707 0.380070
v 1.138480 0.037707 0.380070
v 1.144688 -0.037707 0.385837
v 1.144688 0.037707 0.385837
v 1.149793 -0.037707 0.392040
v 1.149793 0.037707 0.392040
v 1.153851 -0.037707 0.398637
v 1.153851 0.037707 0.398637
v 1.156913 -0.037707 0.405586
v 1.156913 0.037707 0.405586
v 1.159034 -0.037707 0.412846
v 1.159034 0.037707 0.412846
v 1.160267 -0.037707 0.420373
v 1.160267 0.037707 0.420373
v 1.160666 -0.037707 0.428126
v 1.160666 0.037707 0.428126
v 1.159768 -0.037707 0.439977
v 1.159768 0.037707 0.439977
v 1.157103 -0.037707 0.450989
v 1.157103 0.037707 0.450989
v 1.152720 -0.037707 0.461125
v 1.152720 0.037707 0.461125
v 1.146667 -0.037707 0.470348
v 1.146667 0.037707 0.470348
v 1.138992 -0.037707 0.478622
v 1.138992 0.037707 0.478622
v 1.129742 -0.037707 0.485911
v 1.129742 0.037707 0.485911
v 1.118966 -0.037707 0.492178
v 1.118966 0.037707 0.492178
v 1.106710 -0.037707 0.497387
v 1.106710 0.037707 0.497387
v 1.093024 -0.037707 0.501502
v 1.093024 0.037707 0.501502
v 1.077954 -0.037707 0.504487
v 1.077954 0.037707 0.504487
v 1.061549 -0.037707 0.506304
v 1.061549 0.037707 0.506304
v 1.043856 -0.037707 0.506917
v 1.043856 0.037707 0.506917
v 1.027607 -0.037707 0.506274
v 1.027607 0.037707 0.506274
v 1.012258 -0.037707 0.504390
v 1.012258 0.037707 0.504390
v 0.997909 -0.037707 0.501330
v 0.997909 0.037707 0.501330
v 0.984655 -0.037707 0.497163
v 0.984655 0.037707 0.497163
v 0.972595 -0.037707 0.491955
v 0.972595 0.037707 0.491955
v 0.961827 -0.037707 0.485773
v 0.961827 0.037707 0.485773
v 0.952448 -0.037707 0.478685
v 0.952448 0.037707 0.478685
v 0.944555 -0.037707 0.470756
v 0.944555 0.037707 0.470756
v 0.938246 -0.037707 0.462055
v 0.938246 0.037707 0.462055
v 0.933619 -0.037707 0.452647
v 0.933619 0.037707 0.452647
v 0.930771 -0.037707 0.442601
v 0.930771 0.037707 0.442601
v 0.929801 -0.037707 0.431982
v 0.929801 0.037707 0.431982
v 0.930205 -0.037707 0.423199
v 0.930205 0.037707 0.423199
v 0.931428 -0.037707 0.415022
v 0.931428 0.037707 0.415022
v 0.933485 -0.037707 0.407438
v 0.933485 0.037707 0.407438
v 0.936392 -0.037707 0.400433
v 0.936392 0.037707 0.400433
v 0.940164 -0.037707 0.393995
v 0.940164 0.037707 0.393995
v 0.944815 -0.037707 0.388110
v 0.944815 0.037707 0.388110
v 0.950362 -0.037707 0.382764
v 0.950362 0.037707 0.382764
v 0.956820 -0.037707 0.377944
v 0.956820 0.037707 0.377944
v 0.964203 -0.037707 0.373638
v 0.964203 0.037707 0.373638
v 0.972528 -0.037707 0.369830
v 0.972528 0.037707 0.369830
v 0.981809 -0.037707 0.366508
v 0.981809 0.037707 0.366508
v 0.992063 -0.037707 0.363659
v 0.992063 0.037707 0.363659
v 0.987987 -0.037707 0.361053
v 0.987987 0.037707 0.361053
v 0.984295 -0.037707 0.358463
v 0.984295 0.037707 0.358463
v 0.980983 -0.037707 0.355885
v 0.980983 0.037707 0.355885
v 0.978043 -0.037707 0.353313
v 0.978043 0.037707 0.353313
v 0.975471 -0.037707 0.350741
v 0.975471 0.037707 0.350741
v 0.973260 -0.037707 0.348163
v 0.973260 0.037707 0.348163
v 0.971405 -0.037707 0.345573
v 0.971405 0.037707 0.345573
v 0.969901 -0.037707 0.342966
v 0.969901 0.037707 0.342966
v 0.968740 -0.037707 0.340337
v 0.968740 0.037707 0.340337
v 0.967919 -0.037707 0.337679
v 0.967919 0.037707 0.337679
v 0.967430 -0.037707 0.334986
v 0.967430 0.037707 0.334986
v 0.967268 -0.037707 0.332253
v 0.967268 0.037707 0.332253
v 0.967585 -0.037707 0.328307
v 0.967585 0.037707 0.328307
v 0.968521 -0.037707 0.324475
v 0.968521 0.037707 0.324475
v 0.970049 -0.037707 0.320777
v 0.970049 0.037707 0.320777
v 0.972145 -0.037707 0.317233
v 0.972145 0.037707 0.317233
v 0.974785 -0.037707 0.313866
v 0.974785 0.037707 0.313866
v 0.977944 -0.037707 0.310695
v 0.977944 0.037707 0.310695
v 0.981595 -0.037707 0.307743
v 0.981595 0.037707 0.307743
v 0.985716 -0.037707 0.305030
v 0.985716 0.037707 0.305030
v 0.990281 -0.037707 0.302577
v 0.990281 0.037707 0.302577
v 0.995264 -0.037707 0.300405
v 0.995264 0.037707 0.300405
v 1.000642 -0.037707 0.298535
v 1.000642 0.037707 0.298535
v 1.006389 -0.037707 0.296989
v 1.006389 0.037707 0.296989
v 1.006389 -0.037707 0.295887
v 1.006389 0.037707 0.295887
v 1.001935 -0.037707 0.293901
v 1.001935 0.037707 0.293901
v 0.997665 -0.037707 0.291801
v 0.997665 0.037707 0.291801
v 0.993578 -0.037707 0.289585
v 0.993578 0.037707 0.289585
v 0.989675 -0.037707 0.287255
v 0.989675 0.037707 0.287255
v 0.985956 -0.037707 0.284810
v 0.985956 0.037707 0.284810
v 0.982420 -0.037707 0.282250
v 0.982420 0.037707 0.282250
v 0.979068 -0.037707 0.279576
v 0.979068 0.037707 0.279576
v 0.975900 -0.037707 0.276786
v 0.975900 0.037707 0.276786
v 0.972916 -0.037707 0.273882
v 0.972916 0.037707 0.273882
v 0.970115 -0.037707 0.270863
v 0.970115 0.037707 0.270863
v 0.967498 -0.037707 0.267729
v 0.967498 0.037707 0.267729
v 0.965064 -0.037707 0.264481
v 0.965064 0.037707 0.264481
v 0.962952 -0.037707 0.261255
v 0.962952 0.037707 0.261255
v 0.961024 -0.037707 0.257915
v 0.961024 0.037707 0.257915
v 0.959279 -0.037707 0.254459
v 0.959279 0.037707 0.254459
v 0.957718 -0.037707 0.250889
v 0.957718 0.037707 0.250889
v 0.956340 -0.037707 0.247205
v 0.956340 0.037707 0.247205
v 0.955146 -0.037707 0.243405
v 0.955146 0.037707 0.243405
v 0.954136 -0.037707 0.239491
v 0.954136 0.037707 0.239491
v 0.953310 -0.037707 0.235462
v 0.953310 0.037707 0.235462
v 0.952667 -0.037707 0.231318
v 0.952667 0.037707 0.231318
v 0.952208 -0.037707 0.227059
v 0.952208 0.037707 0.227059
v 0.951932 -0.037707 0.222686
v 0.951932 0.037707 0.222686
v 0.951840 -0.037707 0.218197
v 0.951840 0.037707 0.218197
v 0.952692 -0.037707 0.205405
v 0.952692 0.037707 0.205405
v 0.955210 -0.037707 0.193505
v 0.955210 0.037707 0.193505
v 0.959339 -0.037707 0.182538
v 0.959339 0.037707 0.182538
v 0.965023 -0.037707 0.172546
v 0.965023 0.037707 0.172546
v 0.972208 -0.037707 0.163573
v 0.972208 0.037707 0.163573
v 0.980836 -0.037707 0.155660
v 0.980836 0.037707 0.155660
v 0.990854 -0.037707 0.148848
v 0.990854 0.037707 0.148848
v 1.002205 -0.037707 0.143181
v 1.002205 0.037707 0.143181
v 1.014834 -0.037707 0.138699
v 1.014834 0.037707 0.138699
v 1.028686 -0.037707 0.135446
v 1.028686 0.037707 0.135446
v 1.043705 -0.037707 0.133464
v 1.043705 0.037707 0.133464
v 1.059835 -0.037707 0.132793
v 1.059835 0.037707 0.132793
v 1.161769 -0.037707 0.132793
v 1.161769 0.037707 0.132793
v 1.161769 -0.037707 0.170812
v 1.161769 0.037707 0.170812
v 1.038321 -0.037707 0.175635
v 1.038321 0.037707 0.175635
v 1.031951 -0.037707 0.176842
v 1.031951 0.037707 0.176842
v 1.025906 -0.037707 0.178784
v 1.025906 0.037707 0.178784
v 1.020245 -0.037707 0.181403
v 1.020245 0.037707 0.181403
v 1.015028 -0.037707 0.184642
v 1.015028 0.037707 0.184642
v 1.010314 -0.037707 0.188444
v 1.010314 0.037707 0.188444
v 1.006163 -0.037707 0.192750
v 1.006163 0.037707 0.192750
v 1.002634 -0.037707 0.197504
v 1.002634 0.037707 0.197504
v 0.999785 -0.037707 0.202649
v 0.999785 0.037707 0.202649
v 0.997677 -0.037707 0.208126
v 0.997677 0.037707 0.208126
v 0.996369 -0.037707 0.213879
v 0.996369 0.037707 0.213879
v 0.995920 -0.037707 0.219850
v 0.995920 0.037707 0.219850
v 0.996327 -0.037707 0.226411
v 0.996327 0.037707 0.226411
v 0.997527 -0.037707 0.232572
v 0.997527 0.037707 0.232572
v 0.999484 -0.037707 0.238300
v 0.999484 0.037707 0.238300
v 1.002164 -0.037707 0.243563
v 1.002164 0.037707 0.243563
v 1.005533 -0.037707 0.248329
v 1.005533 0.037707 0.248329
v 1.009557 -0.037707 0.252565
v 1.009557 0.037707 0.252565
v 1.014200 -0.037707 0.256239
v 1.014200 0.037707 0.256239
v 1.019429 -0.037707 0.259318
v 1.019429 0.037707 0.259318
v 1.025208 -0.037707 0.261769
v 1.025208 0.037707 0.261769
v 1.031505 -0.037707 0.263560
v 1.031505 0.037707 0.263560
v 1.038283 -0.037707 0.264658
v 1.038283 0.037707 0.264658
v 1.045509 -0.037707 0.265032
v 1.045509 0.037707 0.265032
v 1.052229 -0.037707 0.264637
v 1.052229 0.037707 0.264637
v 1.058585 -0.037707 0.263478
v 1.058585 0.037707 0.263478
v 1.064535 -0.037707 0.261597
v 1.064535 0.037707 0.261597
v 1.070038 -0.037707 0.259032
v 1.070038 0.037707 0.259032
v 1.075052 -0.037707 0.255825
v 1.075052 0.037707 0.255825
v 1.079533 -0.037707 0.252014
v 1.079533 0.037707 0.252014
v 1.083440 -0.037707 0.247642
v 1.083440 0.037707 0.247642
v 1.086731 -0.037707 0.242747
v 1.086731 0.037707 0.242747
v 1.089365 -0.037707 0.237370
v 1.089365 0.037707 0.237370
v 1.091298 -0.037707 0.231551
v 1.091298 0.037707 0.231551
v 1.092488 -0.037707 0.225331
v 1.092488 0.037707 0.225331
v 1.092894 -0.037707 0.218748
v 1.092894 0.037707 0.218748
v 1.092446 -0.037707 0.212915
v 1.092446 0.037707 0.212915
v 1.091142 -0.037707 0.207297
v 1.091142 0.037707 0.207297
v 1.089046 -0.037707 0.201952
v 1.089046 0.037707 0.201952
v 1.086221 -0.037707 0.196933
v 1.086221 0.037707 0.196933
v 1.082731 -0.037707 0.192297
v 1.082731 0.037707 0.192297
v 1.078637 -0.037707 0.188099
v 1.078637 0.037707 0.188099
v 1.074005 -0.037707 0.184395
v 1.074005 0.037707 0.184395
v 1.068896 -0.037707 0.181240
v 1.068896 0.037707 0.181240
v 1.063373 -0.037707 0.178689
v 1.063373 0.037707 0.178689
v 1.057501 -0.037707 0.176799
v 1.057501 0.037707 0.176799
v 1.051341 -0.037707 0.175624
v 1.051341 0.037707 0.175624
v 1.044958 -0.037707 0.175220
v 1.044958 0.037707 0.175220
v 1.024235 -0.037707 0.392627
v 1.024235 0.037707 0.392627
v 1.016643 -0.037707 0.393556
v 1.016643 0.037707 0.393556
v 1.009557 -0.037707 0.395066
v 1.009557 0.037707 0.395066
v 1.003021 -0.037707 0.397127
v 1.003021 0.037707 0.397127
v 0.997083 -0.037707 0.399709
v 0.997083 0.037707 0.399709
v 0.991787 -0.037707 0.402780
v 0.991787 0.037707 0.402780
v 0.987180 -0.037707 0.406310
v 0.987180 0.037707 0.406310
v 0.983308 -0.037707 0.410269
v 0.983308 0.037707 0.410269
v 0.980217 -0.037707 0.414626
v 0.980217 0.037707 0.414626
v 0.977951 -0.037707 0.419350
v 0.977951 0.037707 0.419350
v 0.976558 -0.037707 0.424411
v 0.976558 0.037707 0.424411
v 0.976084 -0.037707 0.429779
v 0.976084 0.037707 0.429779
v 0.976587 -0.037707 0.435735
v 0.976587 0.037707 0.435735
v 0.978086 -0.037707 0.441204
v 0.978086 0.037707 0.441204
v 0.980569 -0.037707 0.446179
v 0.980569 0.037707 0.446179
v 0.984022 -0.037707 0.450655
v 0.984022 0.037707 0.450655
v 0.988432 -0.037707 0.454626
v 0.988432 0.037707 0.454626
v 0.993785 -0.037707 0.458086
v 0.993785 0.037707 0.458086
v 1.000067 -0.037707 0.461029
v 1.000067 0.037707 0.461029
v 1.007266 -0.037707 0.463450
v 1.007266 0.037707 0.463450
v 1.015368 -0.037707 0.465343
v 1.015368 0.037707 0.465343
v 1.024360 -0.037707 0.466703
v 1.024360 0.037707 0.466703
v 1.034227 -0.037707 0.467522
v 1.034227 0.037707 0.467522
v 1.044958 -0.037707 0.467797
v 1.044958 0.037707 0.467797
v 1.055331 -0.037707 0.467524
v 1.055331 0.037707 0.467524
v 1.064942 -0.037707 0.466713
v 1.064942 0.037707 0.466713
v 1.073765 -0.037707 0.465378
v 1.073765 0.037707 0.465378
v 1.081773 -0.037707 0.463532
v 1.081773 0.037707 0.463532
v 1.088939 -0.037707 0.461189
v 1.088939 0.037707 0.461189
v 1.095236 -0.037707 0.458361
v 1.095236 0.037707 0.458361
v 1.100638 -0.037707 0.455063
v 1.100638 0.037707 0.455063
v 1.105118 -0.037707 0.451308
v 1.105118 0.037707 0.451308
v 1.108649 -0.037707 0.447109
v 1.108649 0.037707 0.447109
v 1.111205 -0.037707 0.442479
v 1.111205 0.037707 0.442479
v 1.112758 -0.037707 0.437433
v 1.112758 0.037707 0.437433
v 1.113281 -0.037707 0.431982
v 1.113281 0.037707 0.431982
v 1.112266 -0.037707 0.424604
v 1.112266 0.037707 0.424604
v 1.109386 -0.037707 0.418139
v 1.109386 0.037707 0.418139
v 1.104887 -0.037707 0.412534
v 1.104887 0.037707 0.412534
v 1.099016 -0.037707 0.407739
v 1.099016 0.037707 0.407739
v 1.092021 -0.037707 0.403701
v 1.092021 0.037707 0.403701
v 1.084147 -0.037707 0.400369
v 1.084147 0.037707 0.400369
v 1.075642 -0.037707 0.397692
v 1.075642 0.037707 0.397692
v 1.066753 -0.037707 0.395617
v 1.066753 0.037707 0.395617
v 1.057726 -0.037707 0.394093
v 1.057726 0.037707 0.394093
v 1.048807 -0.037707 0.393069
v 1.048807 0.037707 0.393069
v 1.040245 -0.037707 0.392492
v 1.040245 0.037707 0.392492
v 1.032285 -0.037707 0.392311
v 1.032285 0.037707 0.392311
vt 0.611765 0.000000
vt 0.619608 0.000000
vt 0.615686 0.000000
vt 0.623529 0.000000
vt 0.607843 0.000000
vt 0.603922 0.000000
vt 0.600000 0.000000
vt 0.596078 0.000000
vt 0.592157 0.000000
vt 0.588235 0.000000
vt 0.584314 0.000000
vt 0.000000 0.000000
vt 0.003922 0.000000
vt 0.580392 0.000000
vt 0.627451 0.000000
vt 0.811765 0.000000
vt 0.807843 0.000000
vt 0.007843 0.000000
vt 0.803922 0.000000
vt 0.631373 0.000000
vt 0.800000 0.000000
vt 0.635294 0.000000
vt 0.796078 0.000000
vt 0.639216 0.000000
vt 0.011765 0.000000
vt 0.792157 0.000000
vt 0.643137 0.000000
vt 0.576471 0.000000
vt 0.788235 0.000000
vt 0.015686 0.000000
vt 0.647059 0.000000
vt 0.784314 0.000000
vt 0.650980 0.000000
vt 0.019608 0.000000
vt 0.780392 0.000000
vt 0.654902 0.000000
vt 0.023529 0.000000
vt 0.572549 0.000000
vt 0.776471 0.000000
vt 0.027451 0.000000
vt 0.658824 0.000000
vt 0.031373 0.000000
vt 0.772549 0.000000
vt 0.662745 0.000000
vt 0.568627 0.000000
vt 0.035294 0.000000
vt 0.768627 0.000000
vt 0.666667 0.000000
vt 0.039216 0.000000
vt 0.764706 0.000000
vt 0.670588 0.000000
vt 0.043137 0.000000
vt 0.564706 0.000000
vt 0.760784 0.000000
vt 0.047059 0.000000
vt 0.674510 0.000000
vt 0.560784 0.000000
vt 0.050980 0.000000
vt 0.756863 0.000000
vt 0.678431 0.000000
vt 0.556863 0.000000
vt 0.054902 0.000000
vt 0.552941 0.000000
vt 0.752941 0.000000
vt 0.682353 0.000000
vt 0.058824 0.000000
vt 0.549020 0.000000
vt 0.749020 0.000000
vt 0.686275 0.000000
vt 0.545098 0.000000
vt 0.062745 0.000000
vt 0.745098 0.000000
vt 0.541176 0.000000
vt 0.690196 0.000000
vt 0.066667 0.000000
vt 0.537255 0.000000
vt 0.741176 0.000000
vt 0.694118 0.000000
vt 0.533333 0.000000
vt 0.070588 0.000000
vt 0.737255 0.000000
vt 0.698039 0.000000
vt 0.529412 0.000000
vt 0.733333 0.000000
vt 0.074510 0.000000
vt 0.701961 0.000000
vt 0.525490 0.000000
vt 0.729412 0.000000
vt 0.705882 0.000000
vt 0.078431 0.000000
vt 0.521569 0.000000
vt 0.725490 0.000000
vt 0.709804 0.000000
vt 0.721569 0.000000
vt 0.713726 0.000000
vt 0.517647 0.000000
vt 0.717647 0.000000
vt 0.082353 0.000000
vt 0.513726 0.000000
vt 0.086275 0.000000
vt 0.509804 0.000000
vt 0.090196 0.000000
vt 0.505882 0.000000
vt 0.501961 0.000000
vt 0.094118 0.000000
vt 0.498039 0.000000
vt 0.098039 0.000000
vt 0.494118 0.000000
vt 0.490196 0.000000
vt 0.486275 0.000000
vt 0.101961 0.000000
vt 0.482353 0.000000
vt 0.478431 0.000000
vt 0.474510 0.000000
vt 0.105882 0.000000
vt 0.470588 0.000000
vt 0.466667 0.000000
vt 0.462745 0.000000
vt 0.109804 0.000000
vt 0.458824 0.000000
vt 0.113725 0.000000
vt 0.454902 0.000000
vt 0.117647 0.000000
vt 0.450980 0.000000
vt 0.121569 0.000000
vt 0.447059 0.000000
vt 0.125490 0.000000
vt 0.129412 0.000000
vt 0.443137 0.000000
vt 0.133333 0.000000
vt 0.439216 0.000000
vt 0.137255 0.000000
vt 0.435294 0.000000
vt 0.431373 0.000000
vt 0.141176 0.000000
vt 0.427451 0.000000
vt 0.145098 0.000000
vt 0.423529 0.000000
vt 0.149020 0.000000
vt 0.419608 0.000000
vt 0.152941 0.000000
vt 0.415686 0.000000
vt 0.156863 0.000000
vt 0.411765 0.000000
vt 0.160784 0.000000
vt 0.407843 0.000000
vt 0.164706 0.000000
vt 0.403922 0.000000
vt 0.168627 0.000000
vt 0.400000 0.000000
vt 0.172549 0.000000
vt 0.396078 0.000000
vt 0.176471 0.000000
vt 0.392157 0.000000
vt 0.180392 0.000000
vt 0.388235 0.000000
vt 0.184314 0.000000
vt 0.384314 0.000000
vt 0.188235 0.000000
vt 0.380392 0.000000
vt 0.192157 0.000000
vt 0.376471 0.000000
vt 0.196078 0.000000
vt 0.372549 0.000000
vt 0.200000 0.000000
vt 0.368627 0.000000
vt 0.364706 0.000000
vt 0.203922 0.000000
vt 0.360784 0.000000
vt 0.207843 0.000000
vt 0.356863 0.000000
vt 0.211765 0.000000
vt 0.352941 0.000000
vt 0.215686 0.000000
vt 0.349020 0.000000
vt 1.000000 0.000000
vt 0.996078 0.000000
vt 0.219608 0.000000
vt 0.815686 0.000000
vt 0.992157 0.000000
vt 0.819608 0.000000
vt 0.988235 0.000000
vt 0.823529 0.000000
vt 0.345098 0.000000
vt 0.984314 0.000000
vt 0.827451 0.000000
vt 0.980392 0.000000
vt 0.831373 0.000000
vt 0.976471 0.000000
vt 0.223529 0.000000
vt 0.835294 0.000000
vt 0.972549 0.000000
vt 0.341176 0.000000
vt 0.839216 0.000000
vt 0.968627 0.000000
vt 0.227451 0.000000
vt 0.843137 0.000000
vt 0.337255 0.000000
vt 0.964706 0.000000
vt 0.847059 0.000000
vt 0.960784 0.000000
vt 0.231373 0.000000
vt 0.850980 0.000000
vt 0.333333 0.000000
vt 0.956863 0.000000
vt 0.854902 0.000000
vt 0.235294 0.000000
vt 0.329412 0.000000
vt 0.858824 0.000000
vt 0.952941 0.000000
vt 0.239216 0.000000
vt 0.862745 0.000000
vt 0.325490 0.000000
vt 0.949020 0.000000
vt 0.866667 0.000000
vt 0.945098 0.000000
vt 0.243137 0.000000
vt 0.870588 0.000000
vt 0.941176 0.000000
vt 0.321569 0.000000
vt 0.874510 0.000000
vt 0.937255 0.000000
vt 0.878431 0.000000
vt 0.247059 0.000000
vt 0.933333 0.000000
vt 0.317647 0.000000
vt 0.882353 0.000000
vt 0.929412 0.000000
vt 0.886275 0.000000
vt 0.925490 0.000000
vt 0.890196 0.000000
vt 0.250980 0.000000
vt 0.921569 0.000000
vt 0.313726 0.000000
vt 0.894118 0.000000
vt 0.917647 0.000000
vt 0.898039 0.000000
vt 0.913725 0.000000
vt 0.901961 0.000000
vt 0.909804 0.000000
vt 0.905882 0.000000
vt 0.254902 0.000000
vt 0.309804 0.000000
vt 0.258824 0.000000
vt 0.305882 0.000000
vt 0.301961 0.000000
vt 0.262745 0.000000
vt 0.298039 0.000000
vt 0.266667 0.000000
vt 0.294118 0.000000
vt 0.270588 0.000000
vt 0.290196 0.000000
vt 0.274510 0.000000
vt 0.286275 0.000000
vt 0.278431 0.000000
vt 0.282353 0.000000
vt 0.196429 0.000000
vt 0.232143 0.000000
vt 0.214286 0.000000
vt 0.178571 0.000000
vt 0.250000 0.000000
vt 0.160714 0.000000
vt 0.142857 0.000000
vt 0.267857 0.000000
vt 0.125000 0.000000
vt 0.946429 0.000000
vt 0.982143 0.000000
vt 0.964286 0.000000
vt 1.000000 0.000000
vt 0.285714 0.000000
vt 0.107143 0.000000
vt 0.089286 0.000000
vt 0.303571 0.000000
vt 0.071429 0.000000
vt 0.321429 0.000000
vt 0.053571 0.000000
vt 0.035714 0.000000
vt 0.339286 0.000000
vt 0.017857 0.000000
vt 0.000000 0.000000
vt 0.696429 0.000000
vt 0.357143 0.000000
vt 0.910714 0.000000
vt 0.892857 0.000000
vt 0.875000 0.000000
vt 0.857143 0.000000
vt 0.839286 0.000000
vt 0.821429 0.000000
vt 0.803571 0.000000
vt 0.785714 0.000000
vt 0.767857 0.000000
vt 0.750000 0.000000
vt 0.732143 0.000000
vt 0.714286 0.000000
vt 0.678571 0.000000
vt 0.660714 0.000000
vt 0.642857 0.000000
vt 0.625000 0.000000
vt 0.375000 0.000000
vt 0.607143 0.000000
vt 0.589286 0.000000
vt 0.571429 0.000000
vt 0.392857 0.000000
vt 0.553571 0.000000
vt 0.535714 0.000000
vt 0.410714 0.000000
vt 0.517857 0.000000
vt 0.928571 0.000000
vt 0.500000 0.000000
vt 0.428571 0.000000
vt 0.482143 0.000000
vt 0.464286 0.000000
vt 0.446429 0.000000
vt 0.509804 0.000000
vt 0.549020 0.000000
vt 0.529412 0.000000
vt 0.490196 0.000000
vt 0.568627 0.000000
vt 0.470588 0.000000
vt 0.588235 0.000000
vt 0.450980 0.000000
vt 0.607843 0.000000
vt 0.431373 0.000000
vt 0.627451 0.000000
vt 0.411765 0.000000
vt 0.647059 0.000000
vt 0.392157 0.000000
vt 0.666667 0.000000
vt 0.372549 0.000000
vt 0.686275 0.000000
vt 0.352941 0.000000
vt 0.705882 0.000000
vt 0.333333 0.000000
vt 0.725490 0.000000
vt 0.313726 0.000000
vt 0.745098 0.000000
vt 0.294118 0.000000
vt 0.764706 0.000000
vt 0.274510 0.000000
vt 0.784314 0.000000
vt 0.254902 0.000000
vt 0.803922 0.000000
vt 0.235294 0.000000
vt 0.823529 0.000000
vt 0.215686 0.000000
vt 0.843137 0.000000
vt 0.196078 0.000000
vt 0.862745 0.000000
vt 0.176471 0.000000
vt 0.882353 0.000000
vt 0.156863 0.000000
vt 0.901961 0.000000
vt 0.137255 0.000000
vt 0.921569 0.000000
vt 0.117647 0.000000
vt 0.941176 0.000000
vt 0.098039 0.000000
vt 0.960784 0.000000
vt 0.078431 0.000000
vt 0.980392 0.000000
vt 1.000000 0.000000
vt 0.000000 0.000000
vt 0.039216 0.000000
vt 0.019608 0.000000
vt 0.058824 0.000000
vt 0.611765 0.000000
vt 0.619608 0.000000
vt 0.615686 0.000000
vt 0.623529 0.000000
vt 0.607843 0.000000
vt 0.603922 0.000000
vt 0.600000 0.000000
vt 0.596078 0.000000
vt 0.592157 0.000000
vt 0.588235 0.000000
vt 0.584314 0.000000
vt 0.000000 0.000000
vt 0.003922 0.000000
vt 0.580392 0.000000
vt 0.627451 0.000000
vt 0.811765 0.000000
vt 0.807843 0.000000
vt 0.007843 0.000000
vt 0.803922 0.000000
vt 0.631373 0.000000
vt 0.800000 0.000000
vt 0.635294 0.000000
vt 0.796078 0.000000
vt 0.639216 0.000000
vt 0.011765 0.000000
vt 0.792157 0.000000
vt 0.643137 0.000000
vt 0.576471 0.000000
vt 0.788235 0.000000
vt 0.015686 0.000000
vt 0.647059 0.000000
vt 0.784314 0.000000
vt 0.650980 0.000000
vt 0.019608 0.000000
vt 0.780392 0.000000
vt 0.654902 0.000000
vt 0.023529 0.000000
vt 0.572549 0.000000
vt 0.776471 0.000000
vt 0.027451 0.000000
vt 0.658824 0.000000
vt 0.031373 0.000000
vt 0.772549 0.000000
vt 0.662745 0.000000
vt 0.568627 0.000000
vt 0.035294 0.000000
vt 0.768627 0.000000
vt 0.666667 0.000000
vt 0.039216 0.000000
vt 0.764706 0.000000
vt 0.670588 0.000000
vt 0.043137 0.000000
vt 0.564706 0.000000
vt 0.760784 0.000000
vt 0.047059 0.000000
vt 0.674510 0.000000
vt 0.560784 0.000000
vt 0.050980 0.000000
vt 0.756863 0.000000
vt 0.678431 0.000000
vt 0.556863 0.000000
vt 0.054902 0.000000
vt 0.552941 0.000000
vt 0.752941 0.000000
vt 0.682353 0.000000
vt 0.058824 0.000000
vt 0.549020 0.000000
vt 0.749020 0.000000
vt 0.686275 0.000000
vt 0.545098 0.000000
vt 0.062745 0.000000
vt 0.745098 0.000000
vt 0.541176 0.000000
vt 0.690196 0.000000
vt 0.066667 0.000000
vt 0.537255 0.000000
vt 0.741176 0.000000
vt 0.694118 0.000000
vt 0.533333 0.000000
vt 0.070588 0.000000
vt 0.737255 0.000000
vt 0.698039 0.000000
vt 0.529412 0.000000
vt 0.733333 0.000000
vt 0.074510 0.000000
vt 0.701961 0.000000
vt 0.525490 0.000000
vt 0.729412 0.000000
vt 0.705882 0.000000
vt 0.078431 0.000000
vt 0.521569 0.000000
vt 0.725490 0.000000
vt 0.709804 0.000000
vt 0.721569 0.000000
vt 0.713726 0.000000
vt 0.517647 0.000000
vt 0.717647 0.000000
vt 0.082353 0.000000
vt 0.513726 0.000000
vt 0.086275 0.000000
vt 0.509804 0.000000
vt 0.090196 0.000000
vt 0.505882 0.000000
vt 0.501961 0.000000
vt 0.094118 0.000000
vt 0.498039 0.000000
vt 0.098039 0.000000
vt 0.494118 0.000000
vt 0.490196 0.000000
vt 0.486275 0.000000
vt 0.101961 0.000000
vt 0.482353 0.000000
vt 0.478431 0.000000
vt 0.474510 0.000000
vt 0.105882 0.000000
vt 0.470588 0.000000
vt 0.466667 0.000000
vt 0.462745 0.000000
vt 0.109804 0.000000
vt 0.458824 0.000000
vt 0.113725 0.000000
vt 0.454902 0.000000
vt 0.117647 0.000000
vt 0.450980 0.000000
vt 0.121569 0.000000
vt 0.447059 0.000000
vt 0.125490 0.000000
vt 0.129412 0.000000
vt 0.443137 0.000000
vt 0.133333 0.000000
vt 0.439216 0.000000
vt 0.137255 0.000000
vt 0.435294 0.000000
vt 0.431373 0.000000
vt 0.141176 0.000000
vt 0.427451 0.000000
vt 0.145098 0.000000
vt 0.423529 0.000000
vt 0.149020 0.000000
vt 0.419608 0.000000
vt 0.152941 0.000000
vt 0.415686 0.000000
vt 0.156863 0.000000
vt 0.411765 0.000000
vt 0.160784 0.000000
vt 0.407843 0.000000
vt 0.164706 0.000000
vt 0.403922 0.000000
vt 0.168627 0.000000
vt 0.400000 0.000000
vt 0.172549 0.000000
vt 0.396078 0.000000
vt 0.176471 0.000000
vt 0.392157 0.000000
vt 0.180392 0.000000
vt 0.388235 0.000000
vt 0.184314 0.000000
vt 0.384314 0.000000
vt 0.188235 0.000000
vt 0.380392 0.000000
vt 0.192157 0.000000
vt 0.376471 0.000000
vt 0.196078 0.000000
vt 0.372549 0.000000
vt 0.200000 0.000000
vt 0.368627 0.000000
vt 0.364706 0.000000
vt 0.203922 0.000000
vt 0.360784 0.000000
vt 0.207843 0.000000
vt 0.356863 0.000000
vt 0.211765 0.000000
vt 0.352941 0.000000
vt 0.215686 0.000000
vt 0.349020 0.000000
vt 1.000000 0.000000
vt 0.996078 0.000000
vt 0.219608 0.000000
vt 0.815686 0.000000
vt 0.992157 0.000000
vt 0.819608 0.000000
vt 0.988235 0.000000
vt 0.823529 0.000000
vt 0.345098 0.000000
vt 0.984314 0.000000
vt 0.827451 0.000000
vt 0.980392 0.000000
vt 0.831373 0.000000
vt 0.976471 0.000000
vt 0.223529 0.000000
vt 0.835294 0.000000
vt 0.972549 0.000000
vt 0.341176 0.000000
vt 0.839216 0.000000
vt 0.968627 0.000000
vt 0.227451 0.000000
vt 0.843137 0.000000
vt 0.337255 0.000000
vt 0.964706 0.000000
vt 0.847059 0.000000
vt 0.960784 0.000000
vt 0.231373 0.000000
vt 0.850980 0.000000
vt 0.333333 0.000000
vt 0.956863 0.000000
vt 0.854902 0.000000
vt 0.235294 0.000000
vt 0.329412 0.000000
vt 0.858824 0.000000
vt 0.952941 0.000000
vt 0.239216 0.000000
vt 0.862745 0.000000
vt 0.325490 0.000000
vt 0.949020 0.000000
vt 0.866667 0.000000
vt 0.945098 0.000000
vt 0.243137 0.000000
vt 0.870588 0.000000
vt 0.941176 0.000000
vt 0.321569 0.000000
vt 0.874510 0.000000
vt 0.937255 0.000000
vt 0.878431 0.000000
vt 0.247059 0.000000
vt 0.933333 0.000000
vt 0.317647 0.000000
vt 0.882353 0.000000
vt 0.929412 0.000000
vt 0.886275 0.000000
vt 0.925490 0.000000
vt 0.890196 0.000000
vt 0.250980 0.000000
vt 0.921569 0.000000
vt 0.313726 0.000000
vt 0.894118 0.000000
vt 0.917647 0.000000
vt 0.898039 0.000000
vt 0.913725 0.000000
vt 0.901961 0.000000
vt 0.909804 0.000000
vt 0.905882 0.000000
vt 0.254902 0.000000
vt 0.309804 0.000000
vt 0.258824 0.000000
vt 0.305882 0.000000
vt 0.301961 0.000000
vt 0.262745 0.000000
vt 0.298039 0.000000
vt 0.266667 0.000000
vt 0.294118 0.000000
vt 0.270588 0.000000
vt 0.290196 0.000000
vt 0.274510 0.000000
vt 0.286275 0.000000
vt 0.278431 0.000000
vt 0.282353 0.000000
vt 0.611765 0.000000
vt 0.619608 0.000000
vt 0.615686 0.000000
vt 0.623529 0.000000
vt 0.607843 0.000000
vt 0.603922 0.000000
vt 0.600000 0.000000
vt 0.596078 0.000000
vt 0.592157 0.000000
vt 0.588235 0.000000
vt 0.584314 0.000000
vt 0.000000 0.000000
vt 0.003922 0.000000
vt 0.580392 0.000000
vt 0.627451 0.000000
vt 0.811765 0.000000
vt 0.807843 0.000000
vt 0.007843 0.000000
vt 0.803922 0.000000
vt 0.631373 0.000000
vt 0.800000 0.000000
vt 0.635294 0.000000
vt 0.796078 0.000000
vt 0.639216 0.000000
vt 0.011765 0.000000
vt 0.792157 0.000000
vt 0.643137 0.000000
vt 0.576471 0.000000
vt 0.788235 0.000000
vt 0.015686 0.000000
vt 0.647059 0.000000
vt 0.784314 0.000000
vt 0.650980 0.000000
vt 0.019608 0.000000
vt 0.780392 0.000000
vt 0.654902 0.000000
vt 0.023529 0.000000
vt 0.572549 0.000000
vt 0.776471 0.000000
vt 0.027451 0.000000
vt 0.658824 0.000000
vt 0.031373 0.000000
vt 0.772549 0.000000
vt 0.662745 0.000000
vt 0.568627 0.000000
vt 0.035294 0.000000
vt 0.768627 0.000000
vt 0.666667 0.000000
vt 0.039216 0.000000
vt 0.764706 0.000000
vt 0.670588 0.000000
vt 0.043137 0.000000
vt 0.564706 0.000000
vt 0.760784 0.000000
vt 0.047059 0.000000
vt 0.674510 0.000000
vt 0.560784 0.000000
vt 0.050980 0.000000
vt 0.756863 0.000000
vt 0.678431 0.000000
vt 0.556863 0.000000
vt 0.054902 0.000000
vt 0.552941 0.000000
vt 0.752941 0.000000
vt 0.682353 0.000000
vt 0.058824 0.000000
vt 0.549020 0.000000
vt 0.749020 0.000000
vt 0.686275 0.000000
vt 0.545098 0.000000
vt 0.062745 0.000000
vt 0.745098 0.000000
vt 0.541176 0.000000
vt 0.690196 0.000000
vt 0.066667 0.000000
vt 0.537255 0.000000
vt 0.741176 0.000000
vt 0.694118 0.000000
vt 0.533333 0.000000
vt 0.070588 0.000000
vt 0.737255 0.000000
vt 0.698039 0.000000
vt 0.529412 0.000000
vt 0.733333 0.000000
vt 0.074510 0.000000
vt 0.701961 0.000000
vt 0.525490 0.000000
vt 0.729412 0.000000
vt 0.705882 0.000000
vt 0.078431 0.000000
vt 0.521569 0.000000
vt 0.725490 0.000000
vt 0.709804 0.000000
vt 0.721569 0.000000
vt 0.713726 0.000000
vt 0.517647 0.000000
vt 0.717647 0.000000
vt 0.082353 0.000000
vt 0.513726 0.000000
vt 0.086275 0.000000
vt 0.509804 0.000000
vt 0.090196 0.000000
vt 0.505882 0.000000
vt 0.501961 0.000000
vt 0.094118 0.000000
vt 0.498039 0.000000
vt 0.098039 0.000000
vt 0.494118 0.000000
vt 0.490196 0.000000
vt 0.486275 0.000000
vt 0.101961 0.000000
vt 0.482353 0.000000
vt 0.478431 0.000000
vt 0.474510 0.000000
vt 0.105882 0.000000
vt 0.470588 0.000000
vt 0.466667 0.000000
vt 0.462745 0.000000
vt 0.109804 0.000000
vt 0.458824 0.000000
vt 0.113725 0.000000
vt 0.454902 0.000000
vt 0.117647 0.000000
vt 0.450980 0.000000
vt 0.121569 0.000000
vt 0.447059 0.000000
vt 0.125490 0.000000
vt 0.129412 0.000000
vt 0.443137 0.000000
vt 0.133333 0.000000
vt 0.439216 0.000000
vt 0.137255 0.000000
vt 0.435294 0.000000
vt 0.431373 0.000000
vt 0.141176 0.000000
vt 0.427451 0.000000
vt 0.145098 0.000000
vt 0.423529 0.000000
vt 0.149020 0.000000
vt 0.419608 0.000000
vt 0.152941 0.000000
vt 0.415686 0.000000
vt 0.156863 0.000000
vt 0.411765 0.000000
vt 0.160784 0.000000
vt 0.407843 0.000000
vt 0.164706 0.000000
vt 0.403922 0.000000
vt 0.168627 0.000000
vt 0.400000 0.000000
vt 0.172549 0.000000
vt 0.396078 0.000000
vt 0.176471 0.000000
vt 0.392157 0.000000
vt 0.180392 0.000000
vt 0.388235 0.000000
vt 0.184314 0.000000
vt 0.384314 0.000000
vt 0.188235 0.000000
vt 0.380392 0.000000
vt 0.192157 0.000000
vt 0.376471 0.000000
vt 0.196078 0.000000
vt 0.372549 0.000000
vt 0.200000 0.000000
vt 0.368627 0.000000
vt 0.364706 0.000000
vt 0.203922 0.000000
vt 0.360784 0.000000
vt 0.207843 0.000000
vt 0.356863 0.000000
vt 0.211765 0.000000
vt 0.352941 0.000000
vt 0.215686 0.000000
vt 0.349020 0.000000
vt 1.000000 0.000000
vt 0.996078 0.000000
vt 0.219608 0.000000
vt 0.815686 0.000000
vt 0.992157 0.000000
vt 0.819608 0.000000
vt 0.988235 0.000000
vt 0.823529 0.000000
vt 0.345098 0.000000
vt 0.984314 0.000000
vt 0.827451 0.000000
vt 0.980392 0.000000
vt 0.831373 0.000000
vt 0.976471 0.000000
vt 0.223529 0.000000
vt 0.835294 0.000000
vt 0.972549 0.000000
vt 0.341176 0.000000
vt 0.839216 0.000000
vt 0.968627 0.000000
vt 0.227451 0.000000
vt 0.843137 0.000000
vt 0.337255 0.000000
vt 0.964706 0.000000
vt 0.847059 0.000000
vt 0.960784 0.000000
vt 0.231373 0.000000
vt 0.850980 0.000000
vt 0.333333 0.000000
vt 0.956863 0.000000
vt 0.854902 0.000000
vt 0.235294 0.000000
vt 0.329412 0.000000
vt 0.858824 0.000000
vt 0.952941 0.000000
vt 0.239216 0.000000
vt 0.862745 0.000000
vt 0.325490 0.000000
vt 0.949020 0.000000
vt 0.866667 0.000000
vt 0.945098 0.000000
vt 0.243137 0.000000
vt 0.870588 0.000000
vt 0.941176 0.000000
vt 0.321569 0.000000
vt 0.874510 0.000000
vt 0.937255 0.000000
vt 0.878431 0.000000
vt 0.247059 0.000000
vt 0.933333 0.000000
vt 0.317647 0.000000
vt 0.882353 0.000000
vt 0.929412 0.000000
vt 0.886275 0.000000
vt 0.925490 0.000000
vt 0.890196 0.000000
vt 0.250980 0.000000
vt 0.921569 0.000000
vt 0.313726 0.000000
vt 0.894118 0.000000
vt 0.917647 0.000000
vt 0.898039 0.000000
vt 0.913725 0.000000
vt 0.901961 0.000000
vt 0.909804 0.000000
vt 0.905882 0.000000
vt 0.254902 0.000000
vt 0.309804 0.000000
vt 0.258824 0.000000
vt 0.305882 0.000000
vt 0.301961 0.000000
vt 0.262745 0.000000
vt 0.298039 0.000000
vt 0.266667 0.000000
vt 0.294118 0.000000
vt 0.270588 0.000000
vt 0.290196 0.000000
vt 0.274510 0.000000
vt 0.286275 0.000000
vt 0.278431 0.000000
vt 0.282353 0.000000
vt 0.436364 0.000000
vt 0.472727 0.000000
vt 0.454545 0.000000
vt 0.490909 0.000000
vt 0.927273 0.000000
vt 0.963636 0.000000
vt 0.945455 0.000000
vt 0.981818 0.000000
vt 0.418182 0.000000
vt 0.509091 0.000000
vt 0.527273 0.000000
vt 0.400000 0.000000
vt 0.545455 0.000000
vt 0.909091 0.000000
vt 0.563636 0.000000
vt 0.890909 0.000000
vt 0.381818 0.000000
vt 0.581818 0.000000
vt 0.872727 0.000000
vt 0.854545 0.000000
vt 0.600000 0.000000
vt 0.363636 0.000000
vt 0.836364 0.000000
vt 0.618182 0.000000
vt 0.818182 0.000000
vt 0.000000 0.000000
vt 0.636364 0.000000
vt 0.800000 0.000000
vt 0.654545 0.000000
vt 0.781818 0.000000
vt 0.345455 0.000000
vt 0.763636 0.000000
vt 0.672727 0.000000
vt 0.745455 0.000000
vt 0.690909 0.000000
vt 0.727273 0.000000
vt 0.709091 0.000000
vt 0.018182 0.000000
vt 1.000000 0.000000
vt 0.327273 0.000000
vt 0.036364 0.000000
vt 0.054545 0.000000
vt 0.309091 0.000000
vt 0.072727 0.000000
vt 0.290909 0.000000
vt 0.090909 0.000000
vt 0.109091 0.000000
vt 0.272727 0.000000
vt 0.127273 0.000000
vt 0.145455 0.000000
vt 0.254545 0.000000
vt 0.163636 0.000000
vt 0.236364 0.000000
vt 0.181818 0.000000
vt 0.200000 0.000000
vt 0.218182 0.000000
vt 0.474747 0.000000
vt 0.494949 0.000000
vt 0.484848 0.000000
vt 0.505050 0.000000
vt 0.101010 0.000000
vt 0.121212 0.000000
vt 0.111111 0.000000
vt 0.090909 0.000000
vt 0.080808 0.000000
vt 0.131313 0.000000
vt 0.070707 0.000000
vt 0.060606 0.000000
vt 0.050505 0.000000
vt 0.141414 0.000000
vt 0.040404 0.000000
vt 0.030303 0.000000
vt 0.151515 0.000000
vt 0.020202 0.000000
vt 0.010101 0.000000
vt 0.000000 0.000000
vt 0.161616 0.000000
vt 0.989899 0.000000
vt 0.979798 0.000000
vt 0.969697 0.000000
vt 0.959596 0.000000
vt 0.949495 0.000000
vt 0.939394 0.000000
vt 0.929293 0.000000
vt 0.919192 0.000000
vt 0.909091 0.000000
vt 0.898990 0.000000
vt 0.888889 0.000000
vt 0.171717 0.000000
vt 0.878788 0.000000
vt 0.868687 0.000000
vt 0.181818 0.000000
vt 0.858586 0.000000
vt 0.848485 0.000000
vt 0.191919 0.000000
vt 0.838384 0.000000
vt 0.828283 0.000000
vt 0.818182 0.000000
vt 0.202020 0.000000
vt 0.808081 0.000000
vt 0.797980 0.000000
vt 1.000000 0.000000
vt 0.212121 0.000000
vt 0.787879 0.000000
vt 0.777778 0.000000
vt 0.222222 0.000000
vt 0.767677 0.000000
vt 0.757576 0.000000
vt 0.232323 0.000000
vt 0.747475 0.000000
vt 0.242424 0.000000
vt 0.737374 0.000000
vt 0.727273 0.000000
vt 0.252525 0.000000
vt 0.717172 0.000000
vt 0.262626 0.000000
vt 0.707071 0.000000
vt 0.696970 0.000000
vt 0.272727 0.000000
vt 0.686869 0.000000
vt 0.676768 0.000000
vt 0.666667 0.000000
vt 0.282828 0.000000
vt 0.656566 0.000000
vt 0.515152 0.000000
vt 0.525253 0.000000
vt 0.646465 0.000000
vt 0.535354 0.000000
vt 0.545455 0.000000
vt 0.555556 0.000000
vt 0.565657 0.000000
vt 0.636364 0.000000
vt 0.575758 0.000000
vt 0.292929 0.000000
vt 0.585859 0.000000
vt 0.595960 0.000000
vt 0.626263 0.000000
vt 0.606061 0.000000
vt 0.616162 0.000000
vt 0.303030 0.000000
vt 0.313131 0.000000
vt 0.464646 0.000000
vt 0.323232 0.000000
vt 0.454545 0.000000
vt 0.444444 0.000000
vt 0.434343 0.000000
vt 0.333333 0.000000
vt 0.424242 0.000000
vt 0.414141 0.000000
vt 0.404040 0.000000
vt 0.343434 0.000000
vt 0.393939 0.000000
vt 0.383838 0.000000
vt 0.373737 0.000000
vt 0.353535 0.000000
vt 0.363636 0.000000
vt 0.346939 0.000000
vt 0.367347 0.000000
vt 0.357143 0.000000
vt 0.377551 0.000000
vt 0.336735 0.000000
vt 0.387755 0.000000
vt 0.326531 0.000000
vt 0.397959 0.000000
vt 0.316327 0.000000
vt 0.408163 0.000000
vt 0.306122 0.000000
vt 0.418367 0.000000
vt 0.295918 0.000000
vt 0.428571 0.000000
vt 0.285714 0.000000
vt 0.867347 0.000000
vt 0.877551 0.000000
vt 0.857143 0.000000
vt 0.887755 0.000000
vt 0.846939 0.000000
vt 0.897959 0.000000
vt 0.836735 0.000000
vt 0.438776 0.000000
vt 0.908163 0.000000
vt 0.275510 0.000000
vt 0.826531 0.000000
vt 0.918367 0.000000
vt 0.816327 0.000000
vt 0.928571 0.000000
vt 0.806122 0.000000
vt 0.938776 0.000000
vt 0.795918 0.000000
vt 0.265306 0.000000
vt 0.448980 0.000000
vt 0.948980 0.000000
vt 0.785714 0.000000
vt 0.959184 0.000000
vt 0.775510 0.000000
vt 0.255102 0.000000
vt 0.459184 0.000000
vt 0.969388 0.000000
vt 0.765306 0.000000
vt 0.979592 0.000000
vt 0.755102 0.000000
vt 0.244898 0.000000
vt 0.989796 0.000000
vt 0.469388 0.000000
vt 1.000000 0.000000
vt 0.234694 0.000000
vt 0.479592 0.000000
vt 0.224490 0.000000
vt 0.489796 0.000000
vt 0.500000 0.000000
vt 0.214286 0.000000
vt 0.510204 0.000000
vt 0.520408 0.000000
vt 0.204082 0.000000
vt 0.530612 0.000000
vt 0.193878 0.000000
vt 0.540816 0.000000
vt 0.724490 0.000000
vt 0.744898 0.000000
vt 0.734694 0.000000
vt 0.551020 0.000000
vt 0.714286 0.000000
vt 0.704082 0.000000
vt 0.183673 0.000000
vt 0.561224 0.000000
vt 0.693878 0.000000
vt 0.683673 0.000000
vt 0.571429 0.000000
vt 0.673469 0.000000
vt 0.581633 0.000000
vt 0.663265 0.000000
vt 0.173469 0.000000
vt 0.653061 0.000000
vt 0.591837 0.000000
vt 0.642857 0.000000
vt 0.602041 0.000000
vt 0.632653 0.000000
vt 0.622449 0.000000
vt 0.612245 0.000000
vt 0.163265 0.000000
vt 0.000000 0.000000
vt 0.153061 0.000000
vt 0.010204 0.000000
vt 0.020408 0.000000
vt 0.142857 0.000000
vt 0.030612 0.000000
vt 0.040816 0.000000
vt 0.132653 0.000000
vt 0.051020 0.000000
vt 0.061224 0.000000
vt 0.122449 0.000000
vt 0.071429 0.000000
vt 0.081633 0.000000
vt 0.091837 0.000000
vt 0.112245 0.000000
vt 0.102041 0.000000
vt 0.471698 0.000000
vt 0.981132 0.000000
vt 0.490566 0.000000
vt 0.000000 0.000000
vt 0.018868 0.000000
vt 0.037736 0.000000
vt 0.056604 0.000000
vt 0.075472 0.000000
vt 0.094340 0.000000
vt 0.962264 0.000000
vt 0.943396 0.000000
vt 0.113208 0.000000
vt 1.000000 0.000000
vt 0.924528 0.000000
vt 0.905660 0.000000
vt 0.886792 0.000000
vt 0.132075 0.000000
vt 0.867925 0.000000
vt 0.849057 0.000000
vt 0.150943 0.000000
vt 0.830189 0.000000
vt 0.169811 0.000000
vt 0.811321 0.000000
vt 0.792453 0.000000
vt 0.188679 0.000000
vt 0.773585 0.000000
vt 0.207547 0.000000
vt 0.754717 0.000000
vt 0.226415 0.000000
vt 0.735849 0.000000
vt 0.716981 0.000000
vt 0.245283 0.000000
vt 0.698113 0.000000
vt 0.264151 0.000000
vt 0.679245 0.000000
vt 0.660377 0.000000
vt 0.283019 0.000000
vt 0.641509 0.000000
vt 0.301887 0.000000
vt 0.622642 0.000000
vt 0.603774 0.000000
vt 0.320755 0.000000
vt 0.584906 0.000000
vt 0.339623 0.000000
vt 0.566038 0.000000
vt 0.547170 0.000000
vt 0.358491 0.000000
vt 0.528302 0.000000
vt 0.509434 0.000000
vt 0.377358 0.000000
vt 0.396226 0.000000
vt 0.415094 0.000000
vt 0.433962 0.000000
vt 0.452830 0.000000
vt 0.346939 0.000000
vt 0.367347 0.000000
vt 0.357143 0.000000
vt 0.377551 0.000000
vt 0.336735 0.000000
vt 0.387755 0.000000
vt 0.326531 0.000000
vt 0.397959 0.000000
vt 0.316327 0.000000
vt 0.408163 0.000000
vt 0.306122 0.000000
vt 0.418367 0.000000
vt 0.295918 0.000000
vt 0.428571 0.000000
vt 0.285714 0.000000
vt 0.867347 0.000000
vt 0.877551 0.000000
vt 0.857143 0.000000
vt 0.887755 0.000000
vt 0.846939 0.000000
vt 0.897959 0.000000
vt 0.836735 0.000000
vt 0.438776 0.000000
vt 0.908163 0.000000
vt 0.275510 0.000000
vt 0.826531 0.000000
vt 0.918367 0.000000
vt 0.816327 0.000000
vt 0.928571 0.000000
vt 0.806122 0.000000
vt 0.938776 0.000000
vt 0.795918 0.000000
vt 0.265306 0.000000
vt 0.448980 0.000000
vt 0.948980 0.000000
vt 0.785714 0.000000
vt 0.959184 0.000000
vt 0.775510 0.000000
vt 0.255102 0.000000
vt 0.459184 0.000000
vt 0.969388 0.000000
vt 0.765306 0.000000
vt 0.979592 0.000000
vt 0.755102 0.000000
vt 0.244898 0.000000
vt 0.989796 0.000000
vt 0.469388 0.000000
vt 1.000000 0.000000
vt 0.234694 0.000000
vt 0.479592 0.000000
vt 0.224490 0.000000
vt 0.489796 0.000000
vt 0.500000 0.000000
vt 0.214286 0.000000
vt 0.510204 0.000000
vt 0.520408 0.000000
vt 0.204082 0.000000
vt 0.530612 0.000000
vt 0.193878 0.000000
vt 0.540816 0.000000
vt 0.724490 0.000000
vt 0.744898 0.000000
vt 0.734694 0.000000
vt 0.551020 0.000000
vt 0.714286 0.000000
vt 0.704082 0.000000
vt 0.183673 0.000000
vt 0.561224 0.000000
vt 0.693878 0.000000
vt 0.683673 0.000000
vt 0.571429 0.000000
vt 0.673469 0.000000
vt 0.581633 0.000000
vt 0.663265 0.000000
vt 0.173469 0.000000
vt 0.653061 0.000000
vt 0.591837 0.000000
vt 0.642857 0.000000
vt 0.602041 0.000000
vt 0.632653 0.000000
vt 0.622449 0.000000
vt 0.612245 0.000000
vt 0.163265 0.000000
vt 0.000000 0.000000
vt 0.153061 0.000000
vt 0.010204 0.000000
vt 0.020408 0.000000
vt 0.142857 0.000000
vt 0.030612 0.000000
vt 0.040816 0.000000
vt 0.132653 0.000000
vt 0.051020 0.000000
vt 0.061224 0.000000
vt 0.122449 0.000000
vt 0.071429 0.000000
vt 0.081633 0.000000
vt 0.091837 0.000000
vt 0.112245 0.000000
vt 0.102041 0.000000
vt 0.000000 0.000000
vt 0.666667 0.000000
vt 0.333333 0.000000
vt 1.000000 0.000000
vt 0.474747 0.000000
vt 0.494949 0.000000
vt 0.484848 0.000000
vt 0.505050 0.000000
vt 0.101010 0.000000
vt 0.121212 0.000000
vt 0.111111 0.000000
vt 0.090909 0.000000
vt 0.080808 0.000000
vt 0.131313 0.000000
vt 0.070707 0.000000
vt 0.060606 0.000000
vt 0.050505 0.000000
vt 0.141414 0.000000
vt 0.040404 0.000000
vt 0.030303 0.000000
vt 0.151515 0.000000
vt 0.020202 0.000000
vt 0.010101 0.000000
vt 0.000000 0.000000
vt 0.161616 0.000000
vt 0.989899 0.000000
vt 0.979798 0.000000
vt 0.969697 0.000000
vt 0.959596 0.000000
vt 0.949495 0.000000
vt 0.939394 0.000000
vt 0.929293 0.000000
vt 0.919192 0.000000
vt 0.909091 0.000000
vt 0.898990 0.000000
vt 0.888889 0.000000
vt 0.171717 0.000000
vt 0.878788 0.000000
vt 0.868687 0.000000
vt 0.181818 0.000000
vt 0.858586 0.000000
vt 0.848485 0.000000
vt 0.191919 0.000000
vt 0.838384 0.000000
vt 0.828283 0.000000
vt 0.818182 0.000000
vt 0.202020 0.000000
vt 0.808081 0.000000
vt 0.797980 0.000000
vt 1.000000 0.000000
vt 0.212121 0.000000
vt 0.787879 0.000000
vt 0.777778 0.000000
vt 0.222222 0.000000
vt 0.767677 0.000000
vt 0.757576 0.000000
vt 0.232323 0.000000
vt 0.747475 0.000000
vt 0.242424 0.000000
vt 0.737374 0.000000
vt 0.727273 0.000000
vt 0.252525 0.000000
vt 0.717172 0.000000
vt 0.262626 0.000000
vt 0.707071 0.000000
vt 0.696970 0.000000
vt 0.272727 0.000000
vt 0.686869 0.000000
vt 0.676768 0.000000
vt 0.666667 0.000000
vt 0.282828 0.000000
vt 0.656566 0.000000
vt 0.515152 0.000000
vt 0.525253 0.000000
vt 0.646465 0.000000
vt 0.535354 0.000000
vt 0.545455 0.000000
vt 0.555556 0.000000
vt 0.565657 0.000000
vt 0.636364 0.000000
vt 0.575758 0.000000
vt 0.292929 0.000000
vt 0.585859 0.000000
vt 0.595960 0.000000
vt 0.626263 0.000000
vt 0.606061 0.000000
vt 0.616162 0.000000
vt 0.303030 0.000000
vt 0.313131 0.000000
vt 0.464646 0.000000
vt 0.323232 0.000000
vt 0.454545 0.000000
vt 0.444444 0.000000
vt 0.434343 0.000000
vt 0.333333 0.000000
vt 0.424242 0.000000
vt 0.414141 0.000000
vt 0.404040 0.000000
vt 0.343434 0.000000
vt 0.393939 0.000000
vt 0.383838 0.000000
vt 0.373737 0.000000
vt 0.353535 0.000000
vt 0.363636 0.000000
vt 0.560694 0.000000
vt 0.572254 0.000000
vt 0.566474 0.000000
vt 0.554913 0.000000
vt 0.578035 0.000000
vt 0.549133 0.000000
vt 0.543353 0.000000
vt 0.583815 0.000000
vt 0.537572 0.000000
vt 0.589595 0.000000
vt 0.531792 0.000000
vt 0.526012 0.000000
vt 0.595376 0.000000
vt 0.520231 0.000000
vt 0.601156 0.000000
vt 0.514451 0.000000
vt 0.508671 0.000000
vt 0.606936 0.000000
vt 0.502890 0.000000
vt 0.612717 0.000000
vt 0.497110 0.000000
vt 0.491329 0.000000
vt 0.485549 0.000000
vt 0.479769 0.000000
vt 0.473988 0.000000
vt 0.468208 0.000000
vt 0.462428 0.000000
vt 0.456647 0.000000
vt 0.450867 0.000000
vt 0.445087 0.000000
vt 0.439306 0.000000
vt 0.433526 0.000000
vt 0.427746 0.000000
vt 0.421965 0.000000
vt 0.618497 0.000000
vt 0.416185 0.000000
vt 0.624277 0.000000
vt 0.410405 0.000000
vt 0.404624 0.000000
vt 0.398844 0.000000
vt 0.393064 0.000000
vt 0.387283 0.000000
vt 0.630058 0.000000
vt 0.381503 0.000000
vt 0.375723 0.000000
vt 0.369942 0.000000
vt 0.635838 0.000000
vt 0.364162 0.000000
vt 0.358382 0.000000
vt 0.641618 0.000000
vt 0.352601 0.000000
vt 0.346821 0.000000
vt 0.341040 0.000000
vt 1.000000 0.000000
vt 0.335260 0.000000
vt 0.329480 0.000000
vt 0.323699 0.000000
vt 0.317919 0.000000
vt 0.791907 0.000000
vt 0.994220 0.000000
vt 0.797688 0.000000
vt 0.312139 0.000000
vt 0.803468 0.000000
vt 0.306358 0.000000
vt 0.809249 0.000000
vt 0.300578 0.000000
vt 0.815029 0.000000
vt 0.820809 0.000000
vt 0.294798 0.000000
vt 0.826590 0.000000
vt 0.289017 0.000000
vt 0.832370 0.000000
vt 0.838150 0.000000
vt 0.283237 0.000000
vt 0.843931 0.000000
vt 0.849711 0.000000
vt 0.277457 0.000000
vt 0.855491 0.000000
vt 0.271676 0.000000
vt 0.861272 0.000000
vt 0.867052 0.000000
vt 0.265896 0.000000
vt 0.872832 0.000000
vt 0.878613 0.000000
vt 0.988439 0.000000
vt 0.260116 0.000000
vt 0.982659 0.000000
vt 0.884393 0.000000
vt 0.976879 0.000000
vt 0.774566 0.000000
vt 0.786127 0.000000
vt 0.780347 0.000000
vt 0.647399 0.000000
vt 0.890173 0.000000
vt 0.768786 0.000000
vt 0.971098 0.000000
vt 0.653179 0.000000
vt 0.763006 0.000000
vt 0.254335 0.000000
vt 0.895954 0.000000
vt 0.658960 0.000000
vt 0.965318 0.000000
vt 0.757225 0.000000
vt 0.664740 0.000000
vt 0.959538 0.000000
vt 0.751445 0.000000
vt 0.901734 0.000000
vt 0.670520 0.000000
vt 0.745665 0.000000
vt 0.953757 0.000000
vt 0.676301 0.000000
vt 0.739884 0.000000
vt 0.907514 0.000000
vt 0.682081 0.000000
vt 0.947977 0.000000
vt 0.734104 0.000000
vt 0.687861 0.000000
vt 0.248555 0.000000
vt 0.728324 0.000000
vt 0.913295 0.000000
vt 0.942197 0.000000
vt 0.693642 0.000000
vt 0.722543 0.000000
vt 0.699422 0.000000
vt 0.716763 0.000000
vt 0.936416 0.000000
vt 0.705202 0.000000
vt 0.710983 0.000000
vt 0.919075 0.000000
vt 0.930636 0.000000
vt 0.924855 0.000000
vt 0.132948 0.000000
vt 0.242775 0.000000
vt 0.138728 0.000000
vt 0.127168 0.000000
vt 0.236994 0.000000
vt 0.144509 0.000000
vt 0.121387 0.000000
vt 0.000000 0.000000
vt 0.231214 0.000000
vt 0.150289 0.000000
vt 0.115607 0.000000
vt 0.005780 0.000000
vt 0.156069 0.000000
vt 0.109827 0.000000
vt 0.225434 0.000000
vt 0.011561 0.000000
vt 0.161850 0.000000
vt 0.104046 0.000000
vt 0.017341 0.000000
vt 0.219653 0.000000
vt 0.167630 0.000000
vt 0.098266 0.000000
vt 0.023121 0.000000
vt 0.173410 0.000000
vt 0.092486 0.000000
vt 0.028902 0.000000
vt 0.213873 0.000000
vt 0.179191 0.000000
vt 0.086705 0.000000
vt 0.034682 0.000000
vt 0.184971 0.000000
vt 0.040462 0.000000
vt 0.080925 0.000000
vt 0.208092 0.000000
vt 0.046243 0.000000
vt 0.190751 0.000000
vt 0.075145 0.000000
vt 0.052023 0.000000
vt 0.196532 0.000000
vt 0.069364 0.000000
vt 0.202312 0.000000
vt 0.057803 0.000000
vt 0.063584 0.000000
vt 0.196429 0.000000
vt 0.232143 0.000000
vt 0.214286 0.000000
vt 0.178571 0.000000
vt 0.250000 0.000000
vt 0.160714 0.000000
vt 0.142857 0.000000
vt 0.267857 0.000000
vt 0.125000 0.000000
vt 0.946429 0.000000
vt 0.982143 0.000000
vt 0.964286 0.000000
vt 1.000000 0.000000
vt 0.285714 0.000000
vt 0.107143 0.000000
vt 0.089286 0.000000
vt 0.303571 0.000000
vt 0.071429 0.000000
vt 0.321429 0.000000
vt 0.053571 0.000000
vt 0.035714 0.000000
vt 0.339286 0.000000
vt 0.017857 0.000000
vt 0.000000 0.000000
vt 0.696429 0.000000
vt 0.357143 0.000000
vt 0.910714 0.000000
vt 0.892857 0.000000
vt 0.875000 0.000000
vt 0.857143 0.000000
vt 0.839286 0.000000
vt 0.821429 0.000000
vt 0.803571 0.000000
vt 0.785714 0.000000
vt 0.767857 0.000000
vt 0.750000 0.000000
vt 0.732143 0.000000
vt 0.714286 0.000000
vt 0.678571 0.000000
vt 0.660714 0.000000
vt 0.642857 0.000000
vt 0.625000 0.000000
vt 0.375000 0.000000
vt 0.607143 0.000000
vt 0.589286 0.000000
vt 0.571429 0.000000
vt 0.392857 0.000000
vt 0.553571 0.000000
vt 0.535714 0.000000
vt 0.410714 0.000000
vt 0.517857 0.000000
vt 0.928571 0.000000
vt 0.500000 0.000000
vt 0.428571 0.000000
vt 0.482143 0.000000
vt 0.464286 0.000000
vt 0.446429 0.000000
vt 0.727273 0.000000
vt 0.000000 0.000000
vt 0.818182 0.000000
vt 0.909091 0.000000
vt 1.000000 0.000000
vt 0.090909 0.000000
vt 0.363636 0.000000
vt 0.181818 0.000000
vt 0.272727 0.000000
vt 0.454545 0.000000
vt 0.545455 0.000000
vt 0.636364 0.000000
vt 0.619608 0.000000
vt 0.611765 0.000000
vt 0.615686 0.000000
vt 0.623529 0.000000
vt 0.607843 0.000000
vt 0.603922 0.000000
vt 0.600000 0.000000
vt 0.596078 0.000000
vt 0.592157 0.000000
vt 0.588235 0.000000
vt 0.000000 0.000000
vt 0.584314 0.000000
vt 0.003922 0.000000
vt 0.627451 0.000000
vt 0.580392 0.000000
vt 0.811765 0.000000
vt 0.807843 0.000000
vt 0.007843 0.000000
vt 0.803922 0.000000
vt 0.631373 0.000000
vt 0.800000 0.000000
vt 0.635294 0.000000
vt 0.796078 0.000000
vt 0.639216 0.000000
vt 0.011765 0.000000
vt 0.792157 0.000000
vt 0.643137 0.000000
vt 0.576471 0.000000
vt 0.788235 0.000000
vt 0.015686 0.000000
vt 0.647059 0.000000
vt 0.784314 0.000000
vt 0.650980 0.000000
vt 0.019608 0.000000
vt 0.780392 0.000000
vt 0.654902 0.000000
vt 0.023529 0.000000
vt 0.572549 0.000000
vt 0.776471 0.000000
vt 0.027451 0.000000
vt 0.658824 0.000000
vt 0.031373 0.000000
vt 0.772549 0.000000
vt 0.662745 0.000000
vt 0.568627 0.000000
vt 0.035294 0.000000
vt 0.768627 0.000000
vt 0.666667 0.000000
vt 0.039216 0.000000
vt 0.764706 0.000000
vt 0.670588 0.000000
vt 0.043137 0.000000
vt 0.564706 0.000000
vt 0.760784 0.000000
vt 0.047059 0.000000
vt 0.674510 0.000000
vt 0.560784 0.000000
vt 0.050980 0.000000
vt 0.756863 0.000000
vt 0.678431 0.000000
vt 0.556863 0.000000
vt 0.054902 0.000000
vt 0.552941 0.000000
vt 0.752941 0.000000
vt 0.682353 0.000000
vt 0.058824 0.000000
vt 0.549020 0.000000
vt 0.749020 0.000000
vt 0.686275 0.000000
vt 0.545098 0.000000
vt 0.062745 0.000000
vt 0.745098 0.000000
vt 0.541176 0.000000
vt 0.690196 0.000000
vt 0.066667 0.000000
vt 0.537255 0.000000
vt 0.741176 0.000000
vt 0.694118 0.000000
vt 0.533333 0.000000
vt 0.070588 0.000000
vt 0.737255 0.000000
vt 0.698039 0.000000
vt 0.529412 0.000000
vt 0.733333 0.000000
vt 0.074510 0.000000
vt 0.701961 0.000000
vt 0.525490 0.000000
vt 0.729412 0.000000
vt 0.705882 0.000000
vt 0.078431 0.000000
vt 0.521569 0.000000
vt 0.725490 0.000000
vt 0.709804 0.000000
vt 0.721569 0.000000
vt 0.713726 0.000000
vt 0.517647 0.000000
vt 0.717647 0.000000
vt 0.082353 0.000000
vt 0.513726 0.000000
vt 0.086275 0.000000
vt 0.509804 0.000000
vt 0.090196 0.000000
vt 0.505882 0.000000
vt 0.501961 0.000000
vt 0.094118 0.000000
vt 0.498039 0.000000
vt 0.098039 0.000000
vt 0.494118 0.000000
vt 0.490196 0.000000
vt 0.486275 0.000000
vt 0.101961 0.000000
vt 0.482353 0.000000
vt 0.478431 0.000000
vt 0.474510 0.000000
vt 0.105882 0.000000
vt 0.470588 0.000000
vt 0.466667 0.000000
vt 0.462745 0.000000
vt 0.109804 0.000000
vt 0.458824 0.000000
vt 0.113725 0.000000
vt 0.454902 0.000000
vt 0.117647 0.000000
vt 0.450980 0.000000
vt 0.121569 0.000000
vt 0.447059 0.000000
vt 0.125490 0.000000
vt 0.129412 0.000000
vt 0.443137 0.000000
vt 0.133333 0.000000
vt 0.439216 0.000000
vt 0.137255 0.000000
vt 0.435294 0.000000
vt 0.431373 0.000000
vt 0.141176 0.000000
vt 0.427451 0.000000
vt 0.145098 0.000000
vt 0.423529 0.000000
vt 0.149020 0.000000
vt 0.419608 0.000000
vt 0.152941 0.000000
vt 0.415686 0.000000
vt 0.156863 0.000000
vt 0.411765 0.000000
vt 0.160784 0.000000
vt 0.407843 0.000000
vt 0.164706 0.000000
vt 0.403922 0.000000
vt 0.168627 0.000000
vt 0.400000 0.000000
vt 0.172549 0.000000
vt 0.396078 0.000000
vt 0.176471 0.000000
vt 0.392157 0.000000
vt 0.180392 0.000000
vt 0.388235 0.000000
vt 0.184314 0.000000
vt 0.384314 0.000000
vt 0.188235 0.000000
vt 0.380392 0.000000
vt 0.192157 0.000000
vt 0.376471 0.000000
vt 0.196078 0.000000
vt 0.372549 0.000000
vt 0.200000 0.000000
vt 0.368627 0.000000
vt 0.364706 0.000000
vt 0.203922 0.000000
vt 0.360784 0.000000
vt 0.207843 0.000000
vt 0.356863 0.000000
vt 0.211765 0.000000
vt 0.352941 0.000000
vt 0.215686 0.000000
vt 1.000000 0.000000
vt 0.349020 0.000000
vt 0.996078 0.000000
vt 0.219608 0.000000
vt 0.815686 0.000000
vt 0.992157 0.000000
vt 0.819608 0.000000
vt 0.988235 0.000000
vt 0.823529 0.000000
vt 0.345098 0.000000
vt 0.984314 0.000000
vt 0.827451 0.000000
vt 0.980392 0.000000
vt 0.831373 0.000000
vt 0.976471 0.000000
vt 0.223529 0.000000
vt 0.835294 0.000000
vt 0.972549 0.000000
vt 0.341176 0.000000
vt 0.839216 0.000000
vt 0.968627 0.000000
vt 0.227451 0.000000
vt 0.843137 0.000000
vt 0.337255 0.000000
vt 0.964706 0.000000
vt 0.847059 0.000000
vt 0.960784 0.000000
vt 0.231373 0.000000
vt 0.850980 0.000000
vt 0.333333 0.000000
vt 0.956863 0.000000
vt 0.854902 0.000000
vt 0.235294 0.000000
vt 0.329412 0.000000
vt 0.858824 0.000000
vt 0.952941 0.000000
vt 0.239216 0.000000
vt 0.862745 0.000000
vt 0.325490 0.000000
vt 0.949020 0.000000
vt 0.866667 0.000000
vt 0.945098 0.000000
vt 0.243137 0.000000
vt 0.870588 0.000000
vt 0.941176 0.000000
vt 0.321569 0.000000
vt 0.874510 0.000000
vt 0.937255 0.000000
vt 0.878431 0.000000
vt 0.247059 0.000000
vt 0.933333 0.000000
vt 0.317647 0.000000
vt 0.882353 0.000000
vt 0.929412 0.000000
vt 0.886275 0.000000
vt 0.925490 0.000000
vt 0.890196 0.000000
vt 0.250980 0.000000
vt 0.921569 0.000000
vt 0.313726 0.000000
vt 0.894118 0.000000
vt 0.917647 0.000000
vt 0.898039 0.000000
vt 0.913725 0.000000
vt 0.901961 0.000000
vt 0.909804 0.000000
vt 0.905882 0.000000
vt 0.254902 0.000000
vt 0.309804 0.000000
vt 0.258824 0.000000
vt 0.305882 0.000000
vt 0.301961 0.000000
vt 0.262745 0.000000
vt 0.298039 0.000000
vt 0.266667 0.000000
vt 0.294118 0.000000
vt 0.270588 0.000000
vt 0.290196 0.000000
vt 0.274510 0.000000
vt 0.286275 0.000000
vt 0.278431 0.000000
vt 0.282353 0.000000
vt 0.232143 0.000000
vt 0.196429 0.000000
vt 0.214286 0.000000
vt 0.178571 0.000000
vt 0.250000 0.000000
vt 0.160714 0.000000
vt 0.142857 0.000000
vt 0.267857 0.000000
vt 0.125000 0.000000
vt 0.982143 0.000000
vt 0.946429 0.000000
vt 0.964286 0.000000
vt 1.000000 0.000000
vt 0.285714 0.000000
vt 0.107143 0.000000
vt 0.089286 0.000000
vt 0.303571 0.000000
vt 0.071429 0.000000
vt 0.321429 0.000000
vt 0.053571 0.000000
vt 0.035714 0.000000
vt 0.339286 0.000000
vt 0.017857 0.000000
vt 0.000000 0.000000
vt 0.696429 0.000000
vt 0.357143 0.000000
vt 0.910714 0.000000
vt 0.892857 0.000000
vt 0.875000 0.000000
vt 0.857143 0.000000
vt 0.839286 0.000000
vt 0.821429 0.000000
vt 0.803571 0.000000
vt 0.785714 0.000000
vt 0.767857 0.000000
vt 0.750000 0.000000
vt 0.732143 0.000000
vt 0.714286 0.000000
vt 0.678571 0.000000
vt 0.660714 0.000000
vt 0.642857 0.000000
vt 0.625000 0.000000
vt 0.375000 0.000000
vt 0.607143 0.000000
vt 0.589286 0.000000
vt 0.571429 0.000000
vt 0.392857 0.000000
vt 0.553571 0.000000
vt 0.535714 0.000000
vt 0.410714 0.000000
vt 0.517857 0.000000
vt 0.928571 0.000000
vt 0.500000 0.000000
vt 0.428571 0.000000
vt 0.482143 0.000000
vt 0.464286 0.000000
vt 0.446429 0.000000
vt 0.549020 0.000000
vt 0.509804 0.000000
vt 0.529412 0.000000
vt 0.490196 0.000000
vt 0.568627 0.000000
vt 0.470588 0.000000
vt 0.588235 0.000000
vt 0.450980 0.000000
vt 0.607843 0.000000
vt 0.431373 0.000000
vt 0.627451 0.000000
vt 0.411765 0.000000
vt 0.647059 0.000000
vt 0.392157 0.000000
vt 0.666667 0.000000
vt 0.372549 0.000000
vt 0.686275 0.000000
vt 0.352941 0.000000
vt 0.705882 0.000000
vt 0.333333 0.000000
vt 0.725490 0.000000
vt 0.313726 0.000000
vt 0.745098 0.000000
vt 0.294118 0.000000
vt 0.764706 0.000000
vt 0.274510 0.000000
vt 0.784314 0.000000
vt 0.254902 0.000000
vt 0.803922 0.000000
vt 0.235294 0.000000
vt 0.823529 0.000000
vt 0.215686 0.000000
vt 0.843137 0.000000
vt 0.196078 0.000000
vt 0.862745 0.000000
vt 0.176471 0.000000
vt 0.882353 0.000000
vt 0.156863 0.000000
vt 0.901961 0.000000
vt 0.137255 0.000000
vt 0.921569 0.000000
vt 0.117647 0.000000
vt 0.941176 0.000000
vt 0.098039 0.000000
vt 0.960784 0.000000
vt 0.078431 0.000000
vt 0.980392 0.000000
vt 1.000000 0.000000
vt 0.039216 0.000000
vt 0.000000 0.000000
vt 0.019608 0.000000
vt 0.058824 0.000000
vt 0.619608 0.000000
vt 0.611765 0.000000
vt 0.615686 0.000000
vt 0.623529 0.000000
vt 0.607843 0.000000
vt 0.603922 0.000000
vt 0.600000 0.000000
vt 0.596078 0.000000
vt 0.592157 0.000000
vt 0.588235 0.000000
vt 0.000000 0.000000
vt 0.584314 0.000000
vt 0.003922 0.000000
vt 0.627451 0.000000
vt 0.580392 0.000000
vt 0.811765 0.000000
vt 0.807843 0.000000
vt 0.007843 0.000000
vt 0.803922 0.000000
vt 0.631373 0.000000
vt 0.800000 0.000000
vt 0.635294 0.000000
vt 0.796078 0.000000
vt 0.639216 0.000000
vt 0.011765 0.000000
vt 0.792157 0.000000
vt 0.643137 0.000000
vt 0.576471 0.000000
vt 0.788235 0.000000
vt 0.015686 0.000000
vt 0.647059 0.000000
vt 0.784314 0.000000
vt 0.650980 0.000000
vt 0.019608 0.000000
vt 0.780392 0.000000
vt 0.654902 0.000000
vt 0.023529 0.000000
vt 0.572549 0.000000
vt 0.776471 0.000000
vt 0.027451 0.000000
vt 0.658824 0.000000
vt 0.031373 0.000000
vt 0.772549 0.000000
vt 0.662745 0.000000
vt 0.568627 0.000000
vt 0.035294 0.000000
vt 0.768627 0.000000
vt 0.666667 0.000000
vt 0.039216 0.000000
vt 0.764706 0.000000
vt 0.670588 0.000000
vt 0.043137 0.000000
vt 0.564706 0.000000
vt 0.760784 0.000000
vt 0.047059 0.000000
vt 0.674510 0.000000
vt 0.560784 0.000000
vt 0.050980 0.000000
vt 0.756863 0.000000
vt 0.678431 0.000000
vt 0.556863 0.000000
vt 0.054902 0.000000
vt 0.552941 0.000000
vt 0.752941 0.000000
vt 0.682353 0.000000
vt 0.058824 0.000000
vt 0.549020 0.000000
vt 0.749020 0.000000
vt 0.686275 0.000000
vt 0.545098 0.000000
vt 0.062745 0.000000
vt 0.745098 0.000000
vt 0.541176 0.000000
vt 0.690196 0.000000
vt 0.066667 0.000000
vt 0.537255 0.000000
vt 0.741176 0.000000
vt 0.694118 0.000000
vt 0.533333 0.000000
vt 0.070588 0.000000
vt 0.737255 0.000000
vt 0.698039 0.000000
vt 0.529412 0.000000
vt 0.733333 0.000000
vt 0.074510 0.000000
vt 0.701961 0.000000
vt 0.525490 0.000000
vt 0.729412 0.000000
vt 0.705882 0.000000
vt 0.078431 0.000000
vt 0.521569 0.000000
vt 0.725490 0.000000
vt 0.709804 0.000000
vt 0.721569 0.000000
vt 0.713726 0.000000
vt 0.517647 0.000000
vt 0.717647 0.000000
vt 0.082353 0.000000
vt 0.513726 0.000000
vt 0.086275 0.000000
vt 0.509804 0.000000
vt 0.090196 0.000000
vt 0.505882 0.000000
vt 0.501961 0.000000
vt 0.094118 0.000000
vt 0.498039 0.000000
vt 0.098039 0.000000
vt 0.494118 0.000000
vt 0.490196 0.000000
vt 0.486275 0.000000
vt 0.101961 0.000000
vt 0.482353 0.000000
vt 0.478431 0.000000
vt 0.474510 0.000000
vt 0.105882 0.000000
vt 0.470588 0.000000
vt 0.466667 0.000000
vt 0.462745 0.000000
vt 0.109804 0.000000
vt 0.458824 0.000000
vt 0.113725 0.000000
vt 0.454902 0.000000
vt 0.117647 0.000000
vt 0.450980 0.000000
vt 0.121569 0.000000
vt 0.447059 0.000000
vt 0.125490 0.000000
vt 0.129412 0.000000
vt 0.443137 0.000000
vt 0.133333 0.000000
vt 0.439216 0.000000
vt 0.137255 0.000000
vt 0.435294 0.000000
vt 0.431373 0.000000
vt 0.141176 0.000000
vt 0.427451 0.000000
vt 0.145098 0.000000
vt 0.423529 0.000000
vt 0.149020 0.000000
vt 0.419608 0.000000
vt 0.152941 0.000000
vt 0.415686 0.000000
vt 0.156863 0.000000
vt 0.411765 0.000000
vt 0.160784 0.000000
vt 0.407843 0.000000
vt 0.164706 0.000000
vt 0.403922 0.000000
vt 0.168627 0.000000
vt 0.400000 0.000000
vt 0.172549 0.000000
vt 0.396078 0.000000
vt 0.176471 0.000000
vt 0.392157 0.000000
vt 0.180392 0.000000
vt 0.388235 0.000000
vt 0.184314 0.000000
vt 0.384314 0.000000
vt 0.188235 0.000000
vt 0.380392 0.000000
vt 0.192157 0.000000
vt 0.376471 0.000000
vt 0.196078 0.000000
vt 0.372549 0.000000
vt 0.200000 0.000000
vt 0.368627 0.000000
vt 0.364706 0.000000
vt 0.203922 0.000000
vt 0.360784 0.000000
vt 0.207843 0.000000
vt 0.356863 0.000000
vt 0.211765 0.000000
vt 0.352941 0.000000
vt 0.215686 0.000000
vt 1.000000 0.000000
vt 0.349020 0.000000
vt 0.996078 0.000000
vt 0.219608 0.000000
vt 0.815686 0.000000
vt 0.992157 0.000000
vt 0.819608 0.000000
vt 0.988235 0.000000
vt 0.823529 0.000000
vt 0.345098 0.000000
vt 0.984314 0.000000
vt 0.827451 0.000000
vt 0.980392 0.000000
vt 0.831373 0.000000
vt 0.976471 0.000000
vt 0.223529 0.000000
vt 0.835294 0.000000
vt 0.972549 0.000000
vt 0.341176 0.000000
vt 0.839216 0.000000
vt 0.968627 0.000000
vt 0.227451 0.000000
vt 0.843137 0.000000
vt 0.337255 0.000000
vt 0.964706 0.000000
vt 0.847059 0.000000
vt 0.960784 0.000000
vt 0.231373 0.000000
vt 0.850980 0.000000
vt 0.333333 0.000000
vt 0.956863 0.000000
vt 0.854902 0.000000
vt 0.235294 0.000000
vt 0.329412 0.000000
vt 0.858824 0.000000
vt 0.952941 0.000000
vt 0.239216 0.000000
vt 0.862745 0.000000
vt 0.325490 0.000000
vt 0.949020 0.000000
vt 0.866667 0.000000
vt 0.945098 0.000000
vt 0.243137 0.000000
vt 0.870588 0.000000
vt 0.941176 0.000000
vt 0.321569 0.000000
vt 0.874510 0.000000
vt 0.937255 0.000000
vt 0.878431 0.000000
vt 0.247059 0.000000
vt 0.933333 0.000000
vt 0.317647 0.000000
vt 0.882353 0.000000
vt 0.929412 0.000000
vt 0.886275 0.000000
vt 0.925490 0.000000
vt 0.890196 0.000000
vt 0.250980 0.000000
vt 0.921569 0.000000
vt 0.313726 0.000000
vt 0.894118 0.000000
vt 0.917647 0.000000
vt 0.898039 0.000000
vt 0.913725 0.000000
vt 0.901961 0.000000
vt 0.909804 0.000000
vt 0.905882 0.000000
vt 0.254902 0.000000
vt 0.309804 0.000000
vt 0.258824 0.000000
vt 0.305882 0.000000
vt 0.301961 0.000000
vt 0.262745 0.000000
vt 0.298039 0.000000
vt 0.266667 0.000000
vt 0.294118 0.000000
vt 0.270588 0.000000
vt 0.290196 0.000000
vt 0.274510 0.000000
vt 0.286275 0.000000
vt 0.278431 0.000000
vt 0.282353 0.000000
vt 0.619608 0.000000
vt 0.611765 0.000000
vt 0.615686 0.000000
vt 0.623529 0.000000
vt 0.607843 0.000000
vt 0.603922 0.000000
vt 0.600000 0.000000
vt 0.596078 0.000000
vt 0.592157 0.000000
vt 0.588235 0.000000
vt 0.000000 0.000000
vt 0.584314 0.000000
vt 0.003922 0.000000
vt 0.627451 0.000000
vt 0.580392 0.000000
vt 0.811765 0.000000
vt 0.807843 0.000000
vt 0.007843 0.000000
vt 0.803922 0.000000
vt 0.631373 0.000000
vt 0.800000 0.000000
vt 0.635294 0.000000
vt 0.796078 0.000000
vt 0.639216 0.000000
vt 0.011765 0.000000
vt 0.792157 0.000000
vt 0.643137 0.000000
vt 0.576471 0.000000
vt 0.788235 0.000000
vt 0.015686 0.000000
vt 0.647059 0.000000
vt 0.784314 0.000000
vt 0.650980 0.000000
vt 0.019608 0.000000
vt 0.780392 0.000000
vt 0.654902 0.000000
vt 0.023529 0.000000
vt 0.572549 0.000000
vt 0.776471 0.000000
vt 0.027451 0.000000
vt 0.658824 0.000000
vt 0.031373 0.000000
vt 0.772549 0.000000
vt 0.662745 0.000000
vt 0.568627 0.000000
vt 0.035294 0.000000
vt 0.768627 0.000000
vt 0.666667 0.000000
vt 0.039216 0.000000
vt 0.764706 0.000000
vt 0.670588 0.000000
vt 0.043137 0.000000
vt 0.564706 0.000000
vt 0.760784 0.000000
vt 0.047059 0.000000
vt 0.674510 0.000000
vt 0.560784 0.000000
vt 0.050980 0.000000
vt 0.756863 0.000000
vt 0.678431 0.000000
vt 0.556863 0.000000
vt 0.054902 0.000000
vt 0.552941 0.000000
vt 0.752941 0.000000
vt 0.682353 0.000000
vt 0.058824 0.000000
vt 0.549020 0.000000
vt 0.749020 0.000000
vt 0.686275 0.000000
vt 0.545098 0.000000
vt 0.062745 0.000000
vt 0.745098 0.000000
vt 0.541176 0.000000
vt 0.690196 0.000000
vt 0.066667 0.000000
vt 0.537255 0.000000
vt 0.741176 0.000000
vt 0.694118 0.000000
vt 0.533333 0.000000
vt 0.070588 0.000000
vt 0.737255 0.000000
vt 0.698039 0.000000
vt 0.529412 0.000000
vt 0.733333 0.000000
vt 0.074510 0.000000
vt 0.701961 0.000000
vt 0.525490 0.000000
vt 0.729412 0.000000
vt 0.705882 0.000000
vt 0.078431 0.000000
vt 0.521569 0.000000
vt 0.725490 0.000000
vt 0.709804 0.000000
vt 0.721569 0.000000
vt 0.713726 0.000000
vt 0.517647 0.000000
vt 0.717647 0.000000
vt 0.082353 0.000000
vt 0.513726 0.000000
vt 0.086275 0.000000
vt 0.509804 0.000000
vt 0.090196 0.000000
vt 0.505882 0.000000
vt 0.501961 0.000000
vt 0.094118 0.000000
vt 0.498039 0.000000
vt 0.098039 0.000000
vt 0.494118 0.000000
vt 0.490196 0.000000
vt 0.486275 0.000000
vt 0.101961 0.000000
vt 0.482353 0.000000
vt 0.478431 0.000000
vt 0.474510 0.000000
vt 0.105882 0.000000
vt 0.470588 0.000000
vt 0.466667 0.000000
vt 0.462745 0.000000
vt 0.109804 0.000000
vt 0.458824 0.000000
vt 0.113725 0.000000
vt 0.454902 0.000000
vt 0.117647 0.000000
vt 0.450980 0.000000
vt 0.121569 0.000000
vt 0.447059 0.000000
vt 0.125490 0.000000
vt 0.129412 0.000000
vt 0.443137 0.000000
vt 0.133333 0.000000
vt 0.439216 0.000000
vt 0.137255 0.000000
vt 0.435294 0.000000
vt 0.431373 0.000000
vt 0.141176 0.000000
vt 0.427451 0.000000
vt 0.145098 0.000000
vt 0.423529 0.000000
vt 0.149020 0.000000
vt 0.419608 0.000000
vt 0.152941 0.000000
vt 0.415686 0.000000
vt 0.156863 0.000000
vt 0.411765 0.000000
vt 0.160784 0.000000
vt 0.407843 0.000000
vt 0.164706 0.000000
vt 0.403922 0.000000
vt 0.168627 0.000000
vt 0.400000 0.000000
vt 0.172549 0.000000
vt 0.396078 0.000000
vt 0.176471 0.000000
vt 0.392157 0.000000
vt 0.180392 0.000000
vt 0.388235 0.000000
vt 0.184314 0.000000
vt 0.384314 0.000000
vt 0.188235 0.000000
vt 0.380392 0.000000
vt 0.192157 0.000000
vt 0.376471 0.000000
vt 0.196078 0.000000
vt 0.372549 0.000000
vt 0.200000 0.000000
vt 0.368627 0.000000
vt 0.364706 0.000000
vt 0.203922 0.000000
vt 0.360784 0.000000
vt 0.207843 0.000000
vt 0.356863 0.000000
vt 0.211765 0.000000
vt 0.352941 0.000000
vt 0.215686 0.000000
vt 1.000000 0.000000
vt 0.349020 0.000000
vt 0.996078 0.000000
vt 0.219608 0.000000
vt 0.815686 0.000000
vt 0.992157 0.000000
vt 0.819608 0.000000
vt 0.988235 0.000000
vt 0.823529 0.000000
vt 0.345098 0.000000
vt 0.984314 0.000000
vt 0.827451 0.000000
vt 0.980392 0.000000
vt 0.831373 0.000000
vt 0.976471 0.000000
vt 0.223529 0.000000
vt 0.835294 0.000000
vt 0.972549 0.000000
vt 0.341176 0.000000
vt 0.839216 0.000000
vt 0.968627 0.000000
vt 0.227451 0.000000
vt 0.843137 0.000000
vt 0.337255 0.000000
vt 0.964706 0.000000
vt 0.847059 0.000000
vt 0.960784 0.000000
vt 0.231373 0.000000
vt 0.850980 0.000000
vt 0.333333 0.000000
vt 0.956863 0.000000
vt 0.854902 0.000000
vt 0.235294 0.000000
vt 0.329412 0.000000
vt 0.858824 0.000000
vt 0.952941 0.000000
vt 0.239216 0.000000
vt 0.862745 0.000000
vt 0.325490 0.000000
vt 0.949020 0.000000
vt 0.866667 0.000000
vt 0.945098 0.000000
vt 0.243137 0.000000
vt 0.870588 0.000000
vt 0.941176 0.000000
vt 0.321569 0.000000
vt 0.874510 0.000000
vt 0.937255 0.000000
vt 0.878431 0.000000
vt 0.247059 0.000000
vt 0.933333 0.000000
vt 0.317647 0.000000
vt 0.882353 0.000000
vt 0.929412 0.000000
vt 0.886275 0.000000
vt 0.925490 0.000000
vt 0.890196 0.000000
vt 0.250980 0.000000
vt 0.921569 0.000000
vt 0.313726 0.000000
vt 0.894118 0.000000
vt 0.917647 0.000000
vt 0.898039 0.000000
vt 0.913725 0.000000
vt 0.901961 0.000000
vt 0.909804 0.000000
vt 0.905882 0.000000
vt 0.254902 0.000000
vt 0.309804 0.000000
vt 0.258824 0.000000
vt 0.305882 0.000000
vt 0.301961 0.000000
vt 0.262745 0.000000
vt 0.298039 0.000000
vt 0.266667 0.000000
vt 0.294118 0.000000
vt 0.270588 0.000000
vt 0.290196 0.000000
vt 0.274510 0.000000
vt 0.286275 0.000000
vt 0.278431 0.000000
vt 0.282353 0.000000
vt 0.472727 0.000000
vt 0.436364 0.000000
vt 0.454545 0.000000
vt 0.490909 0.000000
vt 0.963636 0.000000
vt 0.927273 0.000000
vt 0.945455 0.000000
vt 0.981818 0.000000
vt 0.418182 0.000000
vt 0.509091 0.000000
vt 0.527273 0.000000
vt 0.400000 0.000000
vt 0.545455 0.000000
vt 0.909091 0.000000
vt 0.563636 0.000000
vt 0.890909 0.000000
vt 0.381818 0.000000
vt 0.581818 0.000000
vt 0.872727 0.000000
vt 0.854545 0.000000
vt 0.600000 0.000000
vt 0.363636 0.000000
vt 0.836364 0.000000
vt 0.618182 0.000000
vt 0.000000 0.000000
vt 0.818182 0.000000
vt 0.636364 0.000000
vt 0.800000 0.000000
vt 0.654545 0.000000
vt 0.781818 0.000000
vt 0.345455 0.000000
vt 0.763636 0.000000
vt 0.672727 0.000000
vt 0.745455 0.000000
vt 0.690909 0.000000
vt 0.727273 0.000000
vt 0.709091 0.000000
vt 0.018182 0.000000
vt 1.000000 0.000000
vt 0.327273 0.000000
vt 0.036364 0.000000
vt 0.054545 0.000000
vt 0.309091 0.000000
vt 0.072727 0.000000
vt 0.290909 0.000000
vt 0.090909 0.000000
vt 0.109091 0.000000
vt 0.272727 0.000000
vt 0.127273 0.000000
vt 0.145455 0.000000
vt 0.254545 0.000000
vt 0.163636 0.000000
vt 0.236364 0.000000
vt 0.181818 0.000000
vt 0.200000 0.000000
vt 0.218182 0.000000
vt 0.494949 0.000000
vt 0.474747 0.000000
vt 0.484848 0.000000
vt 0.505050 0.000000
vt 0.121212 0.000000
vt 0.101010 0.000000
vt 0.111111 0.000000
vt 0.090909 0.000000
vt 0.080808 0.000000
vt 0.131313 0.000000
vt 0.070707 0.000000
vt 0.060606 0.000000
vt 0.050505 0.000000
vt 0.141414 0.000000
vt 0.040404 0.000000
vt 0.030303 0.000000
vt 0.151515 0.000000
vt 0.020202 0.000000
vt 0.010101 0.000000
vt 0.000000 0.000000
vt 0.161616 0.000000
vt 0.989899 0.000000
vt 0.979798 0.000000
vt 0.969697 0.000000
vt 0.959596 0.000000
vt 0.949495 0.000000
vt 0.939394 0.000000
vt 0.929293 0.000000
vt 0.919192 0.000000
vt 0.909091 0.000000
vt 0.898990 0.000000
vt 0.888889 0.000000
vt 0.171717 0.000000
vt 0.878788 0.000000
vt 0.868687 0.000000
vt 0.181818 0.000000
vt 0.858586 0.000000
vt 0.848485 0.000000
vt 0.191919 0.000000
vt 0.838384 0.000000
vt 0.828283 0.000000
vt 0.818182 0.000000
vt 0.202020 0.000000
vt 0.808081 0.000000
vt 0.797980 0.000000
vt 1.000000 0.000000
vt 0.212121 0.000000
vt 0.787879 0.000000
vt 0.777778 0.000000
vt 0.222222 0.000000
vt 0.767677 0.000000
vt 0.757576 0.000000
vt 0.232323 0.000000
vt 0.747475 0.000000
vt 0.242424 0.000000
vt 0.737374 0.000000
vt 0.727273 0.000000
vt 0.252525 0.000000
vt 0.717172 0.000000
vt 0.262626 0.000000
vt 0.707071 0.000000
vt 0.696970 0.000000
vt 0.272727 0.000000
vt 0.686869 0.000000
vt 0.676768 0.000000
vt 0.666667 0.000000
vt 0.282828 0.000000
vt 0.656566 0.000000
vt 0.515152 0.000000
vt 0.525253 0.000000
vt 0.646465 0.000000
vt 0.535354 0.000000
vt 0.545455 0.000000
vt 0.555556 0.000000
vt 0.565657 0.000000
vt 0.636364 0.000000
vt 0.575758 0.000000
vt 0.292929 0.000000
vt 0.585859 0.000000
vt 0.595960 0.000000
vt 0.626263 0.000000
vt 0.606061 0.000000
vt 0.616162 0.000000
vt 0.303030 0.000000
vt 0.313131 0.000000
vt 0.464646 0.000000
vt 0.323232 0.000000
vt 0.454545 0.000000
vt 0.444444 0.000000
vt 0.434343 0.000000
vt 0.333333 0.000000
vt 0.424242 0.000000
vt 0.414141 0.000000
vt 0.404040 0.000000
vt 0.343434 0.000000
vt 0.393939 0.000000
vt 0.383838 0.000000
vt 0.373737 0.000000
vt 0.353535 0.000000
vt 0.363636 0.000000
vt 0.367347 0.000000
vt 0.346939 0.000000
vt 0.357143 0.000000
vt 0.377551 0.000000
vt 0.336735 0.000000
vt 0.387755 0.000000
vt 0.326531 0.000000
vt 0.397959 0.000000
vt 0.316327 0.000000
vt 0.408163 0.000000
vt 0.306122 0.000000
vt 0.418367 0.000000
vt 0.295918 0.000000
vt 0.428571 0.000000
vt 0.867347 0.000000
vt 0.285714 0.000000
vt 0.877551 0.000000
vt 0.857143 0.000000
vt 0.887755 0.000000
vt 0.846939 0.000000
vt 0.897959 0.000000
vt 0.836735 0.000000
vt 0.438776 0.000000
vt 0.908163 0.000000
vt 0.275510 0.000000
vt 0.826531 0.000000
vt 0.918367 0.000000
vt 0.816327 0.000000
vt 0.928571 0.000000
vt 0.806122 0.000000
vt 0.938776 0.000000
vt 0.795918 0.000000
vt 0.265306 0.000000
vt 0.448980 0.000000
vt 0.948980 0.000000
vt 0.785714 0.000000
vt 0.959184 0.000000
vt 0.775510 0.000000
vt 0.255102 0.000000
vt 0.459184 0.000000
vt 0.969388 0.000000
vt 0.765306 0.000000
vt 0.979592 0.000000
vt 0.755102 0.000000
vt 0.244898 0.000000
vt 0.989796 0.000000
vt 0.469388 0.000000
vt 1.000000 0.000000
vt 0.234694 0.000000
vt 0.479592 0.000000
vt 0.489796 0.000000
vt 0.224490 0.000000
vt 0.500000 0.000000
vt 0.214286 0.000000
vt 0.510204 0.000000
vt 0.520408 0.000000
vt 0.204082 0.000000
vt 0.530612 0.000000
vt 0.193878 0.000000
vt 0.540816 0.000000
vt 0.744898 0.000000
vt 0.724490 0.000000
vt 0.734694 0.000000
vt 0.551020 0.000000
vt 0.714286 0.000000
vt 0.704082 0.000000
vt 0.183673 0.000000
vt 0.561224 0.000000
vt 0.693878 0.000000
vt 0.683673 0.000000
vt 0.571429 0.000000
vt 0.673469 0.000000
vt 0.581633 0.000000
vt 0.663265 0.000000
vt 0.173469 0.000000
vt 0.653061 0.000000
vt 0.591837 0.000000
vt 0.642857 0.000000
vt 0.602041 0.000000
vt 0.632653 0.000000
vt 0.622449 0.000000
vt 0.612245 0.000000
vt 0.163265 0.000000
vt 0.000000 0.000000
vt 0.153061 0.000000
vt 0.010204 0.000000
vt 0.020408 0.000000
vt 0.142857 0.000000
vt 0.030612 0.000000
vt 0.040816 0.000000
vt 0.132653 0.000000
vt 0.051020 0.000000
vt 0.061224 0.000000
vt 0.122449 0.000000
vt 0.071429 0.000000
vt 0.081633 0.000000
vt 0.091837 0.000000
vt 0.112245 0.000000
vt 0.102041 0.000000
vt 0.981132 0.000000
vt 0.471698 0.000000
vt 0.490566 0.000000
vt 0.000000 0.000000
vt 0.018868 0.000000
vt 0.037736 0.000000
vt 0.056604 0.000000
vt 0.075472 0.000000
vt 0.094340 0.000000
vt 0.962264 0.000000
vt 0.943396 0.000000
vt 0.113208 0.000000
vt 1.000000 0.000000
vt 0.924528 0.000000
vt 0.905660 0.000000
vt 0.886792 0.000000
vt 0.132075 0.000000
vt 0.867925 0.000000
vt 0.849057 0.000000
vt 0.150943 0.000000
vt 0.830189 0.000000
vt 0.169811 0.000000
vt 0.811321 0.000000
vt 0.792453 0.000000
vt 0.188679 0.000000
vt 0.773585 0.000000
vt 0.207547 0.000000
vt 0.754717 0.000000
vt 0.226415 0.000000
vt 0.735849 0.000000
vt 0.716981 0.000000
vt 0.245283 0.000000
vt 0.698113 0.000000
vt 0.264151 0.000000
vt 0.679245 0.000000
vt 0.660377 0.000000
vt 0.283019 0.000000
vt 0.641509 0.000000
vt 0.301887 0.000000
vt 0.622642 0.000000
vt 0.603774 0.000000
vt 0.320755 0.000000
vt 0.584906 0.000000
vt 0.339623 0.000000
vt 0.566038 0.000000
vt 0.547170 0.000000
vt 0.358491 0.000000
vt 0.528302 0.000000
vt 0.509434 0.000000
vt 0.377358 0.000000
vt 0.396226 0.000000
vt 0.415094 0.000000
vt 0.433962 0.000000
vt 0.452830 0.000000
vt 0.367347 0.000000
vt 0.346939 0.000000
vt 0.357143 0.000000
vt 0.377551 0.000000
vt 0.336735 0.000000
vt 0.387755 0.000000
vt 0.326531 0.000000
vt 0.397959 0.000000
vt 0.316327 0.000000
vt 0.408163 0.000000
vt 0.306122 0.000000
vt 0.418367 0.000000
vt 0.295918 0.000000
vt 0.428571 0.000000
vt 0.867347 0.000000
vt 0.285714 0.000000
vt 0.877551 0.000000
vt 0.857143 0.000000
vt 0.887755 0.000000
vt 0.846939 0.000000
vt 0.897959 0.000000
vt 0.836735 0.000000
vt 0.438776 0.000000
vt 0.908163 0.000000
vt 0.275510 0.000000
vt 0.826531 0.000000
vt 0.918367 0.000000
vt 0.816327 0.000000
vt 0.928571 0.000000
vt 0.806122 0.000000
vt 0.938776 0.000000
vt 0.795918 0.000000
vt 0.265306 0.000000
vt 0.448980 0.000000
vt 0.948980 0.000000
vt 0.785714 0.000000
vt 0.959184 0.000000
vt 0.775510 0.000000
vt 0.255102 0.000000
vt 0.459184 0.000000
vt 0.969388 0.000000
vt 0.765306 0.000000
vt 0.979592 0.000000
vt 0.755102 0.000000
vt 0.244898 0.000000
vt 0.989796 0.000000
vt 0.469388 0.000000
vt 1.000000 0.000000
vt 0.234694 0.000000
vt 0.479592 0.000000
vt 0.489796 0.000000
vt 0.224490 0.000000
vt 0.500000 0.000000
vt 0.214286 0.000000
vt 0.510204 0.000000
vt 0.520408 0.000000
vt 0.204082 0.000000
vt 0.530612 0.000000
vt 0.193878 0.000000
vt 0.540816 0.000000
vt 0.744898 0.000000
vt 0.724490 0.000000
vt 0.734694 0.000000
vt 0.551020 0.000000
vt 0.714286 0.000000
vt 0.704082 0.000000
vt 0.183673 0.000000
vt 0.561224 0.000000
vt 0.693878 0.000000
vt 0.683673 0.000000
vt 0.571429 0.000000
vt 0.673469 0.000000
vt 0.581633 0.000000
vt 0.663265 0.000000
vt 0.173469 0.000000
vt 0.653061 0.000000
vt 0.591837 0.000000
vt 0.642857 0.000000
vt 0.602041 0.000000
vt 0.632653 0.000000
vt 0.622449 0.000000
vt 0.612245 0.000000
vt 0.163265 0.000000
vt 0.000000 0.000000
vt 0.153061 0.000000
vt 0.010204 0.000000
vt 0.020408 0.000000
vt 0.142857 0.000000
vt 0.030612 0.000000
vt 0.040816 0.000000
vt 0.132653 0.000000
vt 0.051020 0.000000
vt 0.061224 0.000000
vt 0.122449 0.000000
vt 0.071429 0.000000
vt 0.081633 0.000000
vt 0.091837 0.000000
vt 0.112245 0.000000
vt 0.102041 0.000000
vt 0.666667 0.000000
vt 0.000000 0.000000
vt 0.333333 0.000000
vt 1.000000 0.000000
vt 0.494949 0.000000
vt 0.474747 0.000000
vt 0.484848 0.000000
vt 0.505050 0.000000
vt 0.121212 0.000000
vt 0.101010 0.000000
vt 0.111111 0.000000
vt 0.090909 0.000000
vt 0.080808 0.000000
vt 0.131313 0.000000
vt 0.070707 0.000000
vt 0.060606 0.000000
vt 0.050505 0.000000
vt 0.141414 0.000000
vt 0.040404 0.000000
vt 0.030303 0.000000
vt 0.151515 0.000000
vt 0.020202 0.000000
vt 0.010101 0.000000
vt 0.000000 0.000000
vt 0.161616 0.000000
vt 0.989899 0.000000
vt 0.979798 0.000000
vt 0.969697 0.000000
vt 0.959596 0.000000
vt 0.949495 0.000000
vt 0.939394 0.000000
vt 0.929293 0.000000
vt 0.919192 0.000000
vt 0.909091 0.000000
vt 0.898990 0.000000
vt 0.888889 0.000000
vt 0.171717 0.000000
vt 0.878788 0.000000
vt 0.868687 0.000000
vt 0.181818 0.000000
vt 0.858586 0.000000
vt 0.848485 0.000000
vt 0.191919 0.000000
vt 0.838384 0.000000
vt 0.828283 0.000000
vt 0.818182 0.000000
vt 0.202020 0.000000
vt 0.808081 0.000000
vt 0.797980 0.000000
vt 1.000000 0.000000
vt 0.212121 0.000000
vt 0.787879 0.000000
vt 0.777778 0.000000
vt 0.222222 0.000000
vt 0.767677 0.000000
vt 0.757576 0.000000
vt 0.232323 0.000000
vt 0.747475 0.000000
vt 0.242424 0.000000
vt 0.737374 0.000000
vt 0.727273 0.000000
vt 0.252525 0.000000
vt 0.717172 0.000000
vt 0.262626 0.000000
vt 0.707071 0.000000
vt 0.696970 0.000000
vt 0.272727 0.000000
vt 0.686869 0.000000
vt 0.676768 0.000000
vt 0.666667 0.000000
vt 0.282828 0.000000
vt 0.656566 0.000000
vt 0.515152 0.000000
vt 0.525253 0.000000
vt 0.646465 0.000000
vt 0.535354 0.000000
vt 0.545455 0.000000
vt 0.555556 0.000000
vt 0.565657 0.000000
vt 0.636364 0.000000
vt 0.575758 0.000000
vt 0.292929 0.000000
vt 0.585859 0.000000
vt 0.595960 0.000000
vt 0.626263 0.000000
vt 0.606061 0.000000
vt 0.616162 0.000000
vt 0.303030 0.000000
vt 0.313131 0.000000
vt 0.464646 0.000000
vt 0.323232 0.000000
vt 0.454545 0.000000
vt 0.444444 0.000000
vt 0.434343 0.000000
vt 0.333333 0.000000
vt 0.424242 0.000000
vt 0.414141 0.000000
vt 0.404040 0.000000
vt 0.343434 0.000000
vt 0.393939 0.000000
vt 0.383838 0.000000
vt 0.373737 0.000000
vt 0.353535 0.000000
vt 0.363636 0.000000
vt 0.572254 0.000000
vt 0.560694 0.000000
vt 0.566474 0.000000
vt 0.554913 0.000000
vt 0.578035 0.000000
vt 0.549133 0.000000
vt 0.543353 0.000000
vt 0.583815 0.000000
vt 0.537572 0.000000
vt 0.589595 0.000000
vt 0.531792 0.000000
vt 0.526012 0.000000
vt 0.595376 0.000000
vt 0.520231 0.000000
vt 0.601156 0.000000
vt 0.514451 0.000000
vt 0.508671 0.000000
vt 0.606936 0.000000
vt 0.502890 0.000000
vt 0.612717 0.000000
vt 0.497110 0.000000
vt 0.485549 0.000000
vt 0.491329 0.000000
vt 0.479769 0.000000
vt 0.473988 0.000000
vt 0.468208 0.000000
vt 0.462428 0.000000
vt 0.456647 0.000000
vt 0.450867 0.000000
vt 0.445087 0.000000
vt 0.439306 0.000000
vt 0.433526 0.000000
vt 0.427746 0.000000
vt 0.421965 0.000000
vt 0.618497 0.000000
vt 0.416185 0.000000
vt 0.624277 0.000000
vt 0.410405 0.000000
vt 0.404624 0.000000
vt 0.398844 0.000000
vt 0.393064 0.000000
vt 0.387283 0.000000
vt 0.630058 0.000000
vt 0.381503 0.000000
vt 0.375723 0.000000
vt 0.369942 0.000000
vt 0.635838 0.000000
vt 0.364162 0.000000
vt 0.358382 0.000000
vt 0.641618 0.000000
vt 0.352601 0.000000
vt 0.346821 0.000000
vt 1.000000 0.000000
vt 0.341040 0.000000
vt 0.335260 0.000000
vt 0.329480 0.000000
vt 0.323699 0.000000
vt 0.317919 0.000000
vt 0.791907 0.000000
vt 0.994220 0.000000
vt 0.797688 0.000000
vt 0.312139 0.000000
vt 0.803468 0.000000
vt 0.306358 0.000000
vt 0.809249 0.000000
vt 0.300578 0.000000
vt 0.815029 0.000000
vt 0.820809 0.000000
vt 0.294798 0.000000
vt 0.826590 0.000000
vt 0.289017 0.000000
vt 0.832370 0.000000
vt 0.838150 0.000000
vt 0.283237 0.000000
vt 0.843931 0.000000
vt 0.849711 0.000000
vt 0.277457 0.000000
vt 0.855491 0.000000
vt 0.271676 0.000000
vt 0.861272 0.000000
vt 0.867052 0.000000
vt 0.265896 0.000000
vt 0.872832 0.000000
vt 0.878613 0.000000
vt 0.988439 0.000000
vt 0.260116 0.000000
vt 0.982659 0.000000
vt 0.884393 0.000000
vt 0.976879 0.000000
vt 0.786127 0.000000
vt 0.774566 0.000000
vt 0.780347 0.000000
vt 0.647399 0.000000
vt 0.890173 0.000000
vt 0.768786 0.000000
vt 0.971098 0.000000
vt 0.653179 0.000000
vt 0.763006 0.000000
vt 0.254335 0.000000
vt 0.895954 0.000000
vt 0.658960 0.000000
vt 0.965318 0.000000
vt 0.757225 0.000000
vt 0.664740 0.000000
vt 0.959538 0.000000
vt 0.751445 0.000000
vt 0.901734 0.000000
vt 0.670520 0.000000
vt 0.745665 0.000000
vt 0.953757 0.000000
vt 0.676301 0.000000
vt 0.739884 0.000000
vt 0.907514 0.000000
vt 0.682081 0.000000
vt 0.947977 0.000000
vt 0.734104 0.000000
vt 0.687861 0.000000
vt 0.248555 0.000000
vt 0.728324 0.000000
vt 0.913295 0.000000
vt 0.942197 0.000000
vt 0.693642 0.000000
vt 0.722543 0.000000
vt 0.699422 0.000000
vt 0.716763 0.000000
vt 0.936416 0.000000
vt 0.705202 0.000000
vt 0.710983 0.000000
vt 0.919075 0.000000
vt 0.930636 0.000000
vt 0.924855 0.000000
vt 0.132948 0.000000
vt 0.242775 0.000000
vt 0.138728 0.000000
vt 0.127168 0.000000
vt 0.236994 0.000000
vt 0.144509 0.000000
vt 0.121387 0.000000
vt 0.000000 0.000000
vt 0.231214 0.000000
vt 0.150289 0.000000
vt 0.115607 0.000000
vt 0.005780 0.000000
vt 0.156069 0.000000
vt 0.109827 0.000000
vt 0.225434 0.000000
vt 0.011561 0.000000
vt 0.161850 0.000000
vt 0.104046 0.000000
vt 0.017341 0.000000
vt 0.219653 0.000000
vt 0.167630 0.000000
vt 0.098266 0.000000
vt 0.023121 0.000000
vt 0.173410 0.000000
vt 0.092486 0.000000
vt 0.028902 0.000000
vt 0.213873 0.000000
vt 0.179191 0.000000
vt 0.086705 0.000000
vt 0.034682 0.000000
vt 0.184971 0.000000
vt 0.040462 0.000000
vt 0.080925 0.000000
vt 0.208092 0.000000
vt 0.046243 0.000000
vt 0.190751 0.000000
vt 0.075145 0.000000
vt 0.052023 0.000000
vt 0.196532 0.000000
vt 0.069364 0.000000
vt 0.202312 0.000000
vt 0.057803 0.000000
vt 0.063584 0.000000
vt 0.232143 0.000000
vt 0.196429 0.000000
vt 0.214286 0.000000
vt 0.178571 0.000000
vt 0.250000 0.000000
vt 0.160714 0.000000
vt 0.142857 0.000000
vt 0.267857 0.000000
vt 0.125000 0.000000
vt 0.982143 0.000000
vt 0.946429 0.000000
vt 0.964286 0.000000
vt 1.000000 0.000000
vt 0.285714 0.000000
vt 0.107143 0.000000
vt 0.089286 0.000000
vt 0.303571 0.000000
vt 0.071429 0.000000
vt 0.321429 0.000000
vt 0.053571 0.000000
vt 0.035714 0.000000
vt 0.339286 0.000000
vt 0.017857 0.000000
vt 0.000000 0.000000
vt 0.696429 0.000000
vt 0.357143 0.000000
vt 0.910714 0.000000
vt 0.892857 0.000000
vt 0.875000 0.000000
vt 0.857143 0.000000
vt 0.839286 0.000000
vt 0.821429 0.000000
vt 0.803571 0.000000
vt 0.785714 0.000000
vt 0.767857 0.000000
vt 0.750000 0.000000
vt 0.732143 0.000000
vt 0.714286 0.000000
vt 0.678571 0.000000
vt 0.660714 0.000000
vt 0.642857 0.000000
vt 0.625000 0.000000
vt 0.375000 0.000000
vt 0.607143 0.000000
vt 0.589286 0.000000
vt 0.571429 0.000000
vt 0.392857 0.000000
vt 0.553571 0.000000
vt 0.535714 0.000000
vt 0.410714 0.000000
vt 0.517857 0.000000
vt 0.928571 0.000000
vt 0.500000 0.000000
vt 0.428571 0.000000
vt 0.482143 0.000000
vt 0.464286 0.000000
vt 0.446429 0.000000
vt 0.000000 0.000000
vt 0.727273 0.000000
vt 0.818182 0.000000
vt 0.909091 0.000000
vt 1.000000 0.000000
vt 0.090909 0.000000
vt 0.363636 0.000000
vt 0.181818 0.000000
vt 0.272727 0.000000
vt 0.454545 0.000000
vt 0.545455 0.000000
vt 0.636364 0.000000
vt 0.083333 1.000000
vt 0.000000 0.000000
vt 0.000000 1.000000
vt 0.166667 1.000000
vt 0.083333 0.000000
vt 0.250000 1.000000
vt 0.166667 0.000000
vt 0.333333 1.000000
vt 0.250000 0.000000
vt 0.416667 1.000000
vt 0.333333 0.000000
vt 0.500000 1.000000
vt 0.416667 0.000000
vt 0.583333 1.000000
vt 0.500000 0.000000
vt 0.666667 1.000000
vt 0.583333 0.000000
vt 0.750000 1.000000
vt 0.666667 0.000000
vt 0.833333 1.000000
vt 0.750000 0.000000
vt 0.916667 1.000000
vt 0.833333 0.000000
vt 1.000000 1.000000
vt 0.916667 0.000000
vt 0.017544 1.000000
vt 0.000000 0.000000
vt 0.000000 1.000000
vt 0.035088 1.000000
vt 0.017544 0.000000
vt 0.052632 1.000000
vt 0.035088 0.000000
vt 0.070175 1.000000
vt 0.052632 0.000000
vt 0.087719 1.000000
vt 0.070175 0.000000
vt 0.105263 1.000000
vt 0.087719 0.000000
vt 0.122807 1.000000
vt 0.105263 0.000000
vt 0.140351 1.000000
vt 0.122807 0.000000
vt 0.157895 1.000000
vt 0.140351 0.000000
vt 0.175439 1.000000
vt 0.157895 0.000000
vt 0.192982 1.000000
vt 0.175439 0.000000
vt 0.210526 1.000000
vt 0.192982 0.000000
vt 0.228070 1.000000
vt 0.210526 0.000000
vt 0.245614 1.000000
vt 0.228070 0.000000
vt 0.263158 1.000000
vt 0.245614 0.000000
vt 0.280702 1.000000
vt 0.263158 0.000000
vt 0.298246 1.000000
vt 0.280702 0.000000
vt 0.315789 1.000000
vt 0.298246 0.000000
vt 0.333333 1.000000
vt 0.315789 0.000000
vt 0.350877 1.000000
vt 0.333333 0.000000
vt 0.368421 1.000000
vt 0.350877 0.000000
vt 0.385965 1.000000
vt 0.368421 0.000000
vt 0.403509 1.000000
vt 0.385965 0.000000
vt 0.421053 1.000000
vt 0.403509 0.000000
vt 0.438596 1.000000
vt 0.421053 0.000000
vt 0.456140 1.000000
vt 0.438596 0.000000
vt 0.473684 1.000000
vt 0.456140 0.000000
vt 0.491228 1.000000
vt 0.473684 0.000000
vt 0.508772 1.000000
vt 0.491228 0.000000
vt 0.526316 1.000000
vt 0.508772 0.000000
vt 0.543860 1.000000
vt 0.526316 0.000000
vt 0.561404 1.000000
vt 0.543860 0.000000
vt 0.578947 1.000000
vt 0.561404 0.000000
vt 0.596491 1.000000
vt 0.578947 0.000000
vt 0.614035 1.000000
vt 0.596491 0.000000
vt 0.631579 1.000000
vt 0.614035 0.000000
vt 0.649123 1.000000
vt 0.631579 0.000000
vt 0.666667 1.000000
vt 0.649123 0.000000
vt 0.684211 1.000000
vt 0.666667 0.000000
vt 0.701754 1.000000
vt 0.684211 0.000000
vt 0.719298 1.000000
vt 0.701754 0.000000
vt 0.736842 1.000000
vt 0.719298 0.000000
vt 0.754386 1.000000
vt 0.736842 0.000000
vt 0.771930 1.000000
vt 0.754386 0.000000
vt 0.789474 1.000000
vt 0.771930 0.000000
vt 0.807018 1.000000
vt 0.789474 0.000000
vt 0.824561 1.000000
vt 0.807018 0.000000
vt 0.842105 1.000000
vt 0.824561 0.000000
vt 0.859649 1.000000
vt 0.842105 0.000000
vt 0.877193 1.000000
vt 0.859649 0.000000
vt 0.894737 1.000000
vt 0.877193 0.000000
vt 0.912281 1.000000
vt 0.894737 0.000000
vt 0.929825 1.000000
vt 0.912281 0.000000
vt 0.947368 1.000000
vt 0.929825 0.000000
vt 0.964912 1.000000
vt 0.947368 0.000000
vt 0.982456 1.000000
vt 0.964912 0.000000
vt 1.000000 1.000000
vt 0.982456 0.000000
vt 0.007299 1.000000
vt 0.000000 0.000000
vt 0.000000 1.000000
vt 0.014599 1.000000
vt 0.007299 0.000000
vt 0.021898 1.000000
vt 0.014599 0.000000
vt 0.029197 1.000000
vt 0.021898 0.000000
vt 0.036496 1.000000
vt 0.029197 0.000000
vt 0.043796 1.000000
vt 0.036496 0.000000
vt 0.051095 1.000000
vt 0.043796 0.000000
vt 0.058394 1.000000
vt 0.051095 0.000000
vt 0.065693 1.000000
vt 0.058394 0.000000
vt 0.072993 1.000000
vt 0.065693 0.000000
vt 0.080292 1.000000
vt 0.072993 0.000000
vt 0.087591 1.000000
vt 0.080292 0.000000
vt 0.094891 1.000000
vt 0.087591 0.000000
vt 0.102190 1.000000
vt 0.094891 0.000000
vt 0.109489 1.000000
vt 0.102190 0.000000
vt 0.116788 1.000000
vt 0.109489 0.000000
vt 0.124088 1.000000
vt 0.116788 0.000000
vt 0.131387 1.000000
vt 0.124088 0.000000
vt 0.138686 1.000000
vt 0.131387 0.000000
vt 0.145985 1.000000
vt 0.138686 0.000000
vt 0.153285 1.000000
vt 0.145985 0.000000
vt 0.160584 1.000000
vt 0.153285 0.000000
vt 0.167883 1.000000
vt 0.160584 0.000000
vt 0.175182 1.000000
vt 0.167883 0.000000
vt 0.182482 1.000000
vt 0.175182 0.000000
vt 0.189781 1.000000
vt 0.182482 0.000000
vt 0.197080 1.000000
vt 0.189781 0.000000
vt 0.204380 1.000000
vt 0.197080 0.000000
vt 0.211679 1.000000
vt 0.204380 0.000000
vt 0.218978 1.000000
vt 0.211679 0.000000
vt 0.226277 1.000000
vt 0.218978 0.000000
vt 0.233577 1.000000
vt 0.226277 0.000000
vt 0.240876 1.000000
vt 0.233577 0.000000
vt 0.248175 1.000000
vt 0.240876 0.000000
vt 0.255474 1.000000
vt 0.248175 0.000000
vt 0.262774 1.000000
vt 0.255474 0.000000
vt 0.270073 1.000000
vt 0.262774 0.000000
vt 0.277372 1.000000
vt 0.270073 0.000000
vt 0.284672 1.000000
vt 0.277372 0.000000
vt 0.291971 1.000000
vt 0.284672 0.000000
vt 0.299270 1.000000
vt 0.291971 0.000000
vt 0.306569 1.000000
vt 0.299270 0.000000
vt 0.313869 1.000000
vt 0.306569 0.000000
vt 0.321168 1.000000
vt 0.313869 0.000000
vt 0.328467 1.000000
vt 0.321168 0.000000
vt 0.335766 1.000000
vt 0.328467 0.000000
vt 0.343066 1.000000
vt 0.335766 0.000000
vt 0.350365 1.000000
vt 0.343066 0.000000
vt 0.357664 1.000000
vt 0.350365 0.000000
vt 0.364964 1.000000
vt 0.357664 0.000000
vt 0.372263 1.000000
vt 0.364964 0.000000
vt 0.379562 1.000000
vt 0.372263 0.000000
vt 0.386861 1.000000
vt 0.379562 0.000000
vt 0.394161 1.000000
vt 0.386861 0.000000
vt 0.401460 1.000000
vt 0.394161 0.000000
vt 0.408759 1.000000
vt 0.401460 0.000000
vt 0.416058 1.000000
vt 0.408759 0.000000
vt 0.423358 1.000000
vt 0.416058 0.000000
vt 0.430657 1.000000
vt 0.423358 0.000000
vt 0.437956 1.000000
vt 0.430657 0.000000
vt 0.445255 1.000000
vt 0.437956 0.000000
vt 0.452555 1.000000
vt 0.445255 0.000000
vt 0.459854 1.000000
vt 0.452555 0.000000
vt 0.467153 1.000000
vt 0.459854 0.000000
vt 0.474453 1.000000
vt 0.467153 0.000000
vt 0.481752 1.000000
vt 0.474453 0.000000
vt 0.489051 1.000000
vt 0.481752 0.000000
vt 0.496350 1.000000
vt 0.489051 0.000000
vt 0.503650 1.000000
vt 0.496350 0.000000
vt 0.510949 1.000000
vt 0.503650 0.000000
vt 0.518248 1.000000
vt 0.510949 0.000000
vt 0.525547 1.000000
vt 0.518248 0.000000
vt 0.532847 1.000000
vt 0.525547 0.000000
vt 0.540146 1.000000
vt 0.532847 0.000000
vt 0.547445 1.000000
vt 0.540146 0.000000
vt 0.554745 1.000000
vt 0.547445 0.000000
vt 0.562044 1.000000
vt 0.554745 0.000000
vt 0.569343 1.000000
vt 0.562044 0.000000
vt 0.576642 1.000000
vt 0.569343 0.000000
vt 0.583942 1.000000
vt 0.576642 0.000000
vt 0.591241 1.000000
vt 0.583942 0.000000
vt 0.598540 1.000000
vt 0.591241 0.000000
vt 0.605839 1.000000
vt 0.598540 0.000000
vt 0.613139 1.000000
vt 0.605839 0.000000
vt 0.620438 1.000000
vt 0.613139 0.000000
vt 0.627737 1.000000
vt 0.620438 0.000000
vt 0.635036 1.000000
vt 0.627737 0.000000
vt 0.642336 1.000000
vt 0.635036 0.000000
vt 0.649635 1.000000
vt 0.642336 0.000000
vt 0.656934 1.000000
vt 0.649635 0.000000
vt 0.664234 1.000000
vt 0.656934 0.000000
vt 0.671533 1.000000
vt 0.664234 0.000000
vt 0.678832 1.000000
vt 0.671533 0.000000
vt 0.686131 1.000000
vt 0.678832 0.000000
vt 0.693431 1.000000
vt 0.686131 0.000000
vt 0.700730 1.000000
vt 0.693431 0.000000
vt 0.708029 1.000000
vt 0.700730 0.000000
vt 0.715328 1.000000
vt 0.708029 0.000000
vt 0.722628 1.000000
vt 0.715328 0.000000
vt 0.729927 1.000000
vt 0.722628 0.000000
vt 0.737226 1.000000
vt 0.729927 0.000000
vt 0.744526 1.000000
vt 0.737226 0.000000
vt 0.751825 1.000000
vt 0.744526 0.000000
vt 0.759124 1.000000
vt 0.751825 0.000000
vt 0.766423 1.000000
vt 0.759124 0.000000
vt 0.773723 1.000000
vt 0.766423 0.000000
vt 0.781022 1.000000
vt 0.773723 0.000000
vt 0.788321 1.000000
vt 0.781022 0.000000
vt 0.795620 1.000000
vt 0.788321 0.000000
vt 0.802920 1.000000
vt 0.795620 0.000000
vt 0.810219 1.000000
vt 0.802920 0.000000
vt 0.817518 1.000000
vt 0.810219 0.000000
vt 0.824818 1.000000
vt 0.817518 0.000000
vt 0.832117 1.000000
vt 0.824818 0.000000
vt 0.839416 1.000000
vt 0.832117 0.000000
vt 0.846715 1.000000
vt 0.839416 0.000000
vt 0.854015 1.000000
vt 0.846715 0.000000
vt 0.861314 1.000000
vt 0.854015 0.000000
vt 0.868613 1.000000
vt 0.861314 0.000000
vt 0.875912 1.000000
vt 0.868613 0.000000
vt 0.883212 1.000000
vt 0.875912 0.000000
vt 0.890511 1.000000
vt 0.883212 0.000000
vt 0.897810 1.000000
vt 0.890511 0.000000
vt 0.905109 1.000000
vt 0.897810 0.000000
vt 0.912409 1.000000
vt 0.905109 0.000000
vt 0.919708 1.000000
vt 0.912409 0.000000
vt 0.927007 1.000000
vt 0.919708 0.000000
vt 0.934307 1.000000
vt 0.927007 0.000000
vt 0.941606 1.000000
vt 0.934307 0.000000
vt 0.948905 1.000000
vt 0.941606 0.000000
vt 0.956204 1.000000
vt 0.948905 0.000000
vt 0.963504 1.000000
vt 0.956204 0.000000
vt 0.970803 1.000000
vt 0.963504 0.000000
vt 0.978102 1.000000
vt 0.970803 0.000000
vt 0.985401 1.000000
vt 0.978102 0.000000
vt 0.992701 1.000000
vt 0.985401 0.000000
vt 1.000000 1.000000
vt 0.992701 0.000000
vt 0.027027 1.000000
vt 0.000000 0.000000
vt 0.000000 1.000000
vt 0.054054 1.000000
vt 0.027027 0.000000
vt 0.081081 1.000000
vt 0.054054 0.000000
vt 0.108108 1.000000
vt 0.081081 0.000000
vt 0.135135 1.000000
vt 0.108108 0.000000
vt 0.162162 1.000000
vt 0.135135 0.000000
vt 0.189189 1.000000
vt 0.162162 0.000000
vt 0.216216 1.000000
vt 0.189189 0.000000
vt 0.243243 1.000000
vt 0.216216 0.000000
vt 0.270270 1.000000
vt 0.243243 0.000000
vt 0.297297 1.000000
vt 0.270270 0.000000
vt 0.324324 1.000000
vt 0.297297 0.000000
vt 0.351351 1.000000
vt 0.324324 0.000000
vt 0.378378 1.000000
vt 0.351351 0.000000
vt 0.405405 1.000000
vt 0.378378 0.000000
vt 0.432432 1.000000
vt 0.405405 0.000000
vt 0.459459 1.000000
vt 0.432432 0.000000
vt 0.486486 1.000000
vt 0.459459 0.000000
vt 0.513514 1.000000
vt 0.486486 0.000000
vt 0.540541 1.000000
vt 0.513514 0.000000
vt 0.567568 1.000000
vt 0.540541 0.000000
vt 0.594595 1.000000
vt 0.567568 0.000000
vt 0.621622 1.000000
vt 0.594595 0.000000
vt 0.648649 1.000000
vt 0.621622 0.000000
vt 0.675676 1.000000
vt 0.648649 0.000000
vt 0.702703 1.000000
vt 0.675676 0.000000
vt 0.729730 1.000000
vt 0.702703 0.000000
vt 0.756757 1.000000
vt 0.729730 0.000000
vt 0.783784 1.000000
vt 0.756757 0.000000
vt 0.810811 1.000000
vt 0.783784 0.000000
vt 0.837838 1.000000
vt 0.810811 0.000000
vt 0.864865 1.000000
vt 0.837838 0.000000
vt 0.891892 1.000000
vt 0.864865 0.000000
vt 0.918919 1.000000
vt 0.891892 0.000000
vt 0.945946 1.000000
vt 0.918919 0.000000
vt 0.972973 1.000000
vt 0.945946 0.000000
vt 1.000000 1.000000
vt 0.972973 0.000000
vt 0.019608 1.000000
vt 0.000000 0.000000
vt 0.000000 1.000000
vt 0.039216 1.000000
vt 0.019608 0.000000
vt 0.058824 1.000000
vt 0.039216 0.000000
vt 0.078431 1.000000
vt 0.058824 0.000000
vt 0.098039 1.000000
vt 0.078431 0.000000
vt 0.117647 1.000000
vt 0.098039 0.000000
vt 0.137255 1.000000
vt 0.117647 0.000000
vt 0.156863 1.000000
vt 0.137255 0.000000
vt 0.176471 1.000000
vt 0.156863 0.000000
vt 0.196078 1.000000
vt 0.176471 0.000000
vt 0.215686 1.000000
vt 0.196078 0.000000
vt 0.235294 1.000000
vt 0.215686 0.000000
vt 0.254902 1.000000
vt 0.235294 0.000000
vt 0.274510 1.000000
vt 0.254902 0.000000
vt 0.294118 1.000000
vt 0.274510 0.000000
vt 0.313726 1.000000
vt 0.294118 0.000000
vt 0.333333 1.000000
vt 0.313726 0.000000
vt 0.352941 1.000000
vt 0.333333 0.000000
vt 0.372549 1.000000
vt 0.352941 0.000000
vt 0.392157 1.000000
vt 0.372549 0.000000
vt 0.411765 1.000000
vt 0.392157 0.000000
vt 0.431373 1.000000
vt 0.411765 0.000000
vt 0.450980 1.000000
vt 0.431373 0.000000
vt 0.470588 1.000000
vt 0.450980 0.000000
vt 0.490196 1.000000
vt 0.470588 0.000000
vt 0.509804 1.000000
vt 0.490196 0.000000
vt 0.529412 1.000000
vt 0.509804 0.000000
vt 0.549020 1.000000
vt 0.529412 0.000000
vt 0.568627 1.000000
vt 0.549020 0.000000
vt 0.588235 1.000000
vt 0.568627 0.000000
vt 0.607843 1.000000
vt 0.588235 0.000000
vt 0.627451 1.000000
vt 0.607843 0.000000
vt 0.647059 1.000000
vt 0.627451 0.000000
vt 0.666667 1.000000
vt 0.647059 0.000000
vt 0.686275 1.000000
vt 0.666667 0.000000
vt 0.705882 1.000000
vt 0.686275 0.000000
vt 0.725490 1.000000
vt 0.705882 0.000000
vt 0.745098 1.000000
vt 0.725490 0.000000
vt 0.764706 1.000000
vt 0.745098 0.000000
vt 0.784314 1.000000
vt 0.764706 0.000000
vt 0.803922 1.000000
vt 0.784314 0.000000
vt 0.823529 1.000000
vt 0.803922 0.000000
vt 0.843137 1.000000
vt 0.823529 0.000000
vt 0.862745 1.000000
vt 0.843137 0.000000
vt 0.882353 1.000000
vt 0.862745 0.000000
vt 0.901961 1.000000
vt 0.882353 0.000000
vt 0.921569 1.000000
vt 0.901961 0.000000
vt 0.941176 1.000000
vt 0.921569 0.000000
vt 0.960784 1.000000
vt 0.941176 0.000000
vt 0.980392 1.000000
vt 0.960784 0.000000
vt 1.000000 1.000000
vt 0.980392 0.000000
vt 0.020408 1.000000
vt 0.000000 0.000000
vt 0.000000 1.000000
vt 0.040816 1.000000
vt 0.020408 0.000000
vt 0.061224 1.000000
vt 0.040816 0.000000
vt 0.081633 1.000000
vt 0.061224 0.000000
vt 0.102041 1.000000
vt 0.081633 0.000000
vt 0.122449 1.000000
vt 0.102041 0.000000
vt 0.142857 1.000000
vt 0.122449 0.000000
vt 0.163265 1.000000
vt 0.142857 0.000000
vt 0.183673 1.000000
vt 0.163265 0.000000
vt 0.204082 1.000000
vt 0.183673 0.000000
vt 0.224490 1.000000
vt 0.204082 0.000000
vt 0.244898 1.000000
vt 0.224490 0.000000
vt 0.265306 1.000000
vt 0.244898 0.000000
vt 0.285714 1.000000
vt 0.265306 0.000000
vt 0.306122 1.000000
vt 0.285714 0.000000
vt 0.326531 1.000000
vt 0.306122 0.000000
vt 0.346939 1.000000
vt 0.326531 0.000000
vt 0.367347 1.000000
vt 0.346939 0.000000
vt 0.387755 1.000000
vt 0.367347 0.000000
vt 0.408163 1.000000
vt 0.387755 0.000000
vt 0.428571 1.000000
vt 0.408163 0.000000
vt 0.448980 1.000000
vt 0.428571 0.000000
vt 0.469388 1.000000
vt 0.448980 0.000000
vt 0.489796 1.000000
vt 0.469388 0.000000
vt 0.510204 1.000000
vt 0.489796 0.000000
vt 0.530612 1.000000
vt 0.510204 0.000000
vt 0.551020 1.000000
vt 0.530612 0.000000
vt 0.571429 1.000000
vt 0.551020 0.000000
vt 0.591837 1.000000
vt 0.571429 0.000000
vt 0.612245 1.000000
vt 0.591837 0.000000
vt 0.632653 1.000000
vt 0.612245 0.000000
vt 0.653061 1.000000
vt 0.632653 0.000000
vt 0.673469 1.000000
vt 0.653061 0.000000
vt 0.693878 1.000000
vt 0.673469 0.000000
vt 0.714286 1.000000
vt 0.693878 0.000000
vt 0.734694 1.000000
vt 0.714286 0.000000
vt 0.755102 1.000000
vt 0.734694 0.000000
vt 0.775510 1.000000
vt 0.755102 0.000000
vt 0.795918 1.000000
vt 0.775510 0.000000
vt 0.816327 1.000000
vt 0.795918 0.000000
vt 0.836735 1.000000
vt 0.816327 0.000000
vt 0.857143 1.000000
vt 0.836735 0.000000
vt 0.877551 1.000000
vt 0.857143 0.000000
vt 0.897959 1.000000
vt 0.877551 0.000000
vt 0.918367 1.000000
vt 0.897959 0.000000
vt 0.938776 1.000000
vt 0.918367 0.000000
vt 0.959184 1.000000
vt 0.938776 0.000000
vt 0.979592 1.000000
vt 0.959184 0.000000
vt 1.000000 1.000000
vt 0.979592 0.000000
vt 0.250000 1.000000
vt 0.000000 0.000000
vt 0.000000 1.000000
vt 0.500000 1.000000
vt 0.250000 0.000000
vt 0.750000 1.000000
vt 0.500000 0.000000
vt 1.000000 1.000000
vt 0.750000 0.000000
vt 0.013514 1.000000
vt 0.000000 0.000000
vt 0.000000 1.000000
vt 0.027027 1.000000
vt 0.013514 0.000000
vt 0.040541 1.000000
vt 0.027027 0.000000
vt 0.054054 1.000000
vt 0.040541 0.000000
vt 0.067568 1.000000
vt 0.054054 0.000000
vt 0.081081 1.000000
vt 0.067568 0.000000
vt 0.094595 1.000000
vt 0.081081 0.000000
vt 0.108108 1.000000
vt 0.094595 0.000000
vt 0.121622 1.000000
vt 0.108108 0.000000
vt 0.135135 1.000000
vt 0.121622 0.000000
vt 0.148649 1.000000
vt 0.135135 0.000000
vt 0.162162 1.000000
vt 0.148649 0.000000
vt 0.175676 1.000000
vt 0.162162 0.000000
vt 0.189189 1.000000
vt 0.175676 0.000000
vt 0.202703 1.000000
vt 0.189189 0.000000
vt 0.216216 1.000000
vt 0.202703 0.000000
vt 0.229730 1.000000
vt 0.216216 0.000000
vt 0.243243 1.000000
vt 0.229730 0.000000
vt 0.256757 1.000000
vt 0.243243 0.000000
vt 0.270270 1.000000
vt 0.256757 0.000000
vt 0.283784 1.000000
vt 0.270270 0.000000
vt 0.297297 1.000000
vt 0.283784 0.000000
vt 0.310811 1.000000
vt 0.297297 0.000000
vt 0.324324 1.000000
vt 0.310811 0.000000
vt 0.337838 1.000000
vt 0.324324 0.000000
vt 0.351351 1.000000
vt 0.337838 0.000000
vt 0.364865 1.000000
vt 0.351351 0.000000
vt 0.378378 1.000000
vt 0.364865 0.000000
vt 0.391892 1.000000
vt 0.378378 0.000000
vt 0.405405 1.000000
vt 0.391892 0.000000
vt 0.418919 1.000000
vt 0.405405 0.000000
vt 0.432432 1.000000
vt 0.418919 0.000000
vt 0.445946 1.000000
vt 0.432432 0.000000
vt 0.459459 1.000000
vt 0.445946 0.000000
vt 0.472973 1.000000
vt 0.459459 0.000000
vt 0.486486 1.000000
vt 0.472973 0.000000
vt 0.500000 1.000000
vt 0.486486 0.000000
vt 0.513514 1.000000
vt 0.500000 0.000000
vt 0.527027 1.000000
vt 0.513514 0.000000
vt 0.540541 1.000000
vt 0.527027 0.000000
vt 0.554054 1.000000
vt 0.540541 0.000000
vt 0.567568 1.000000
vt 0.554054 0.000000
vt 0.581081 1.000000
vt 0.567568 0.000000
vt 0.594595 1.000000
vt 0.581081 0.000000
vt 0.608108 1.000000
vt 0.594595 0.000000
vt 0.621622 1.000000
vt 0.608108 0.000000
vt 0.635135 1.000000
vt 0.621622 0.000000
vt 0.648649 1.000000
vt 0.635135 0.000000
vt 0.662162 1.000000
vt 0.648649 0.000000
vt 0.675676 1.000000
vt 0.662162 0.000000
vt 0.689189 1.000000
vt 0.675676 0.000000
vt 0.702703 1.000000
vt 0.689189 0.000000
vt 0.716216 1.000000
vt 0.702703 0.000000
vt 0.729730 1.000000
vt 0.716216 0.000000
vt 0.743243 1.000000
vt 0.729730 0.000000
vt 0.756757 1.000000
vt 0.743243 0.000000
vt 0.770270 1.000000
vt 0.756757 0.000000
vt 0.783784 1.000000
vt 0.770270 0.000000
vt 0.797297 1.000000
vt 0.783784 0.000000
vt 0.810811 1.000000
vt 0.797297 0.000000
vt 0.824324 1.000000
vt 0.810811 0.000000
vt 0.837838 1.000000
vt 0.824324 0.000000
vt 0.851351 1.000000
vt 0.837838 0.000000
vt 0.864865 1.000000
vt 0.851351 0.000000
vt 0.878378 1.000000
vt 0.864865 0.000000
vt 0.891892 1.000000
vt 0.878378 0.000000
vt 0.905405 1.000000
vt 0.891892 0.000000
vt 0.918919 1.000000
vt 0.905405 0.000000
vt 0.932432 1.000000
vt 0.918919 0.000000
vt 0.945946 1.000000
vt 0.932432 0.000000
vt 0.959459 1.000000
vt 0.945946 0.000000
vt 0.972973 1.000000
vt 0.959459 0.000000
vt 0.986486 1.000000
vt 0.972973 0.000000
vt 1.000000 1.000000
vt 0.986486 0.000000
vt 0.040000 1.000000
vt 0.000000 0.000000
vt 0.000000 1.000000
vt 0.080000 1.000000
vt 0.040000 0.000000
vt 0.120000 1.000000
vt 0.080000 0.000000
vt 0.160000 1.000000
vt 0.120000 0.000000
vt 0.200000 1.000000
vt 0.160000 0.000000
vt 0.240000 1.000000
vt 0.200000 0.000000
vt 0.280000 1.000000
vt 0.240000 0.000000
vt 0.320000 1.000000
vt 0.280000 0.000000
vt 0.360000 1.000000
vt 0.320000 0.000000
vt 0.400000 1.000000
vt 0.360000 0.000000
vt 0.440000 1.000000
vt 0.400000 0.000000
vt 0.480000 1.000000
vt 0.440000 0.000000
vt 0.520000 1.000000
vt 0.480000 0.000000
vt 0.560000 1.000000
vt 0.520000 0.000000
vt 0.600000 1.000000
vt 0.560000 0.000000
vt 0.640000 1.000000
vt 0.600000 0.000000
vt 0.680000 1.000000
vt 0.640000 0.000000
vt 0.720000 1.000000
vt 0.680000 0.000000
vt 0.760000 1.000000
vt 0.720000 0.000000
vt 0.800000 1.000000
vt 0.760000 0.000000
vt 0.840000 1.000000
vt 0.800000 0.000000
vt 0.880000 1.000000
vt 0.840000 0.000000
vt 0.920000 1.000000
vt 0.880000 0.000000
vt 0.960000 1.000000
vt 0.920000 0.000000
vt 1.000000 1.000000
vt 0.960000 0.000000
vt 0.037037 1.000000
vt 0.000000 0.000000
vt 0.000000 1.000000
vt 0.074074 1.000000
vt 0.037037 0.000000
vt 0.111111 1.000000
vt 0.074074 0.000000
vt 0.148148 1.000000
vt 0.111111 0.000000
vt 0.185185 1.000000
vt 0.148148 0.000000
vt 0.222222 1.000000
vt 0.185185 0.000000
vt 0.259259 1.000000
vt 0.222222 0.000000
vt 0.296296 1.000000
vt 0.259259 0.000000
vt 0.333333 1.000000
vt 0.296296 0.000000
vt 0.370370 1.000000
vt 0.333333 0.000000
vt 0.407407 1.000000
vt 0.370370 0.000000
vt 0.444444 1.000000
vt 0.407407 0.000000
vt 0.481481 1.000000
vt 0.444444 0.000000
vt 0.518519 1.000000
vt 0.481481 0.000000
vt 0.555556 1.000000
vt 0.518519 0.000000
vt 0.592593 1.000000
vt 0.555556 0.000000
vt 0.629630 1.000000
vt 0.592593 0.000000
vt 0.666667 1.000000
vt 0.629630 0.000000
vt 0.703704 1.000000
vt 0.666667 0.000000
vt 0.740741 1.000000
vt 0.703704 0.000000
vt 0.777778 1.000000
vt 0.740741 0.000000
vt 0.814815 1.000000
vt 0.777778 0.000000
vt 0.851852 1.000000
vt 0.814815 0.000000
vt 0.888889 1.000000
vt 0.851852 0.000000
vt 0.925926 1.000000
vt 0.888889 0.000000
vt 0.962963 1.000000
vt 0.925926 0.000000
vt 1.000000 1.000000
vt 0.962963 0.000000
vt 0.037037 1.000000
vt 0.000000 0.000000
vt 0.000000 1.000000
vt 0.074074 1.000000
vt 0.037037 0.000000
vt 0.111111 1.000000
vt 0.074074 0.000000
vt 0.148148 1.000000
vt 0.111111 0.000000
vt 0.185185 1.000000
vt 0.148148 0.000000
vt 0.222222 1.000000
vt 0.185185 0.000000
vt 0.259259 1.000000
vt 0.222222 0.000000
vt 0.296296 1.000000
vt 0.259259 0.000000
vt 0.333333 1.000000
vt 0.296296 0.000000
vt 0.370370 1.000000
vt 0.333333 0.000000
vt 0.407407 1.000000
vt 0.370370 0.000000
vt 0.444444 1.000000
vt 0.407407 0.000000
vt 0.481481 1.000000
vt 0.444444 0.000000
vt 0.518519 1.000000
vt 0.481481 0.000000
vt 0.555556 1.000000
vt 0.518519 0.000000
vt 0.592593 1.000000
vt 0.555556 0.000000
vt 0.629630 1.000000
vt 0.592593 0.000000
vt 0.666667 1.000000
vt 0.629630 0.000000
vt 0.703704 1.000000
vt 0.666667 0.000000
vt 0.740741 1.000000
vt 0.703704 0.000000
vt 0.777778 1.000000
vt 0.740741 0.000000
vt 0.814815 1.000000
vt 0.777778 0.000000
vt 0.851852 1.000000
vt 0.814815 0.000000
vt 0.888889 1.000000
vt 0.851852 0.000000
vt 0.925926 1.000000
vt 0.888889 0.000000
vt 0.962963 1.000000
vt 0.925926 0.000000
vt 1.000000 1.000000
vt 0.962963 0.000000
vt 0.013514 1.000000
vt 0.000000 0.000000
vt 0.000000 1.000000
vt 0.027027 1.000000
vt 0.013514 0.000000
vt 0.040541 1.000000
vt 0.027027 0.000000
vt 0.054054 1.000000
vt 0.040541 0.000000
vt 0.067568 1.000000
vt 0.054054 0.000000
vt 0.081081 1.000000
vt 0.067568 0.000000
vt 0.094595 1.000000
vt 0.081081 0.000000
vt 0.108108 1.000000
vt 0.094595 0.000000
vt 0.121622 1.000000
vt 0.108108 0.000000
vt 0.135135 1.000000
vt 0.121622 0.000000
vt 0.148649 1.000000
vt 0.135135 0.000000
vt 0.162162 1.000000
vt 0.148649 0.000000
vt 0.175676 1.000000
vt 0.162162 0.000000
vt 0.189189 1.000000
vt 0.175676 0.000000
vt 0.202703 1.000000
vt 0.189189 0.000000
vt 0.216216 1.000000
vt 0.202703 0.000000
vt 0.229730 1.000000
vt 0.216216 0.000000
vt 0.243243 1.000000
vt 0.229730 0.000000
vt 0.256757 1.000000
vt 0.243243 0.000000
vt 0.270270 1.000000
vt 0.256757 0.000000
vt 0.283784 1.000000
vt 0.270270 0.000000
vt 0.297297 1.000000
vt 0.283784 0.000000
vt 0.310811 1.000000
vt 0.297297 0.000000
vt 0.324324 1.000000
vt 0.310811 0.000000
vt 0.337838 1.000000
vt 0.324324 0.000000
vt 0.351351 1.000000
vt 0.337838 0.000000
vt 0.364865 1.000000
vt 0.351351 0.000000
vt 0.378378 1.000000
vt 0.364865 0.000000
vt 0.391892 1.000000
vt 0.378378 0.000000
vt 0.405405 1.000000
vt 0.391892 0.000000
vt 0.418919 1.000000
vt 0.405405 0.000000
vt 0.432432 1.000000
vt 0.418919 0.000000
vt 0.445946 1.000000
vt 0.432432 0.000000
vt 0.459459 1.000000
vt 0.445946 0.000000
vt 0.472973 1.000000
vt 0.459459 0.000000
vt 0.486486 1.000000
vt 0.472973 0.000000
vt 0.500000 1.000000
vt 0.486486 0.000000
vt 0.513514 1.000000
vt 0.500000 0.000000
vt 0.527027 1.000000
vt 0.513514 0.000000
vt 0.540541 1.000000
vt 0.527027 0.000000
vt 0.554054 1.000000
vt 0.540541 0.000000
vt 0.567568 1.000000
vt 0.554054 0.000000
vt 0.581081 1.000000
vt 0.567568 0.000000
vt 0.594595 1.000000
vt 0.581081 0.000000
vt 0.608108 1.000000
vt 0.594595 0.000000
vt 0.621622 1.000000
vt 0.608108 0.000000
vt 0.635135 1.000000
vt 0.621622 0.000000
vt 0.648649 1.000000
vt 0.635135 0.000000
vt 0.662162 1.000000
vt 0.648649 0.000000
vt 0.675676 1.000000
vt 0.662162 0.000000
vt 0.689189 1.000000
vt 0.675676 0.000000
vt 0.702703 1.000000
vt 0.689189 0.000000
vt 0.716216 1.000000
vt 0.702703 0.000000
vt 0.729730 1.000000
vt 0.716216 0.000000
vt 0.743243 1.000000
vt 0.729730 0.000000
vt 0.756757 1.000000
vt 0.743243 0.000000
vt 0.770270 1.000000
vt 0.756757 0.000000
vt 0.783784 1.000000
vt 0.770270 0.000000
vt 0.797297 1.000000
vt 0.783784 0.000000
vt 0.810811 1.000000
vt 0.797297 0.000000
vt 0.824324 1.000000
vt 0.810811 0.000000
vt 0.837838 1.000000
vt 0.824324 0.000000
vt 0.851351 1.000000
vt 0.837838 0.000000
vt 0.864865 1.000000
vt 0.851351 0.000000
vt 0.878378 1.000000
vt 0.864865 0.000000
vt 0.891892 1.000000
vt 0.878378 0.000000
vt 0.905405 1.000000
vt 0.891892 0.000000
vt 0.918919 1.000000
vt 0.905405 0.000000
vt 0.932432 1.000000
vt 0.918919 0.000000
vt 0.945946 1.000000
vt 0.932432 0.000000
vt 0.959459 1.000000
vt 0.945946 0.000000
vt 0.972973 1.000000
vt 0.959459 0.000000
vt 0.986486 1.000000
vt 0.972973 0.000000
vt 1.000000 1.000000
vt 0.986486 0.000000
vt 0.040000 1.000000
vt 0.000000 0.000000
vt 0.000000 1.000000
vt 0.080000 1.000000
vt 0.040000 0.000000
vt 0.120000 1.000000
vt 0.080000 0.000000
vt 0.160000 1.000000
vt 0.120000 0.000000
vt 0.200000 1.000000
vt 0.160000 0.000000
vt 0.240000 1.000000
vt 0.200000 0.000000
vt 0.280000 1.000000
vt 0.240000 0.000000
vt 0.320000 1.000000
vt 0.280000 0.000000
vt 0.360000 1.000000
vt 0.320000 0.000000
vt 0.400000 1.000000
vt 0.360000 0.000000
vt 0.440000 1.000000
vt 0.400000 0.000000
vt 0.480000 1.000000
vt 0.440000 0.000000
vt 0.520000 1.000000
vt 0.480000 0.000000
vt 0.560000 1.000000
vt 0.520000 0.000000
vt 0.600000 1.000000
vt 0.560000 0.000000
vt 0.640000 1.000000
vt 0.600000 0.000000
vt 0.680000 1.000000
vt 0.640000 0.000000
vt 0.720000 1.000000
vt 0.680000 0.000000
vt 0.760000 1.000000
vt 0.720000 0.000000
vt 0.800000 1.000000
vt 0.760000 0.000000
vt 0.840000 1.000000
vt 0.800000 0.000000
vt 0.880000 1.000000
vt 0.840000 0.000000
vt 0.920000 1.000000
vt 0.880000 0.000000
vt 0.960000 1.000000
vt 0.920000 0.000000
vt 1.000000 1.000000
vt 0.960000 0.000000
vt 0.019608 1.000000
vt 0.000000 0.000000
vt 0.000000 1.000000
vt 0.039216 1.000000
vt 0.019608 0.000000
vt 0.058824 1.000000
vt 0.039216 0.000000
vt 0.078431 1.000000
vt 0.058824 0.000000
vt 0.098039 1.000000
vt 0.078431 0.000000
vt 0.117647 1.000000
vt 0.098039 0.000000
vt 0.137255 1.000000
vt 0.117647 0.000000
vt 0.156863 1.000000
vt 0.137255 0.000000
vt 0.176471 1.000000
vt 0.156863 0.000000
vt 0.196078 1.000000
vt 0.176471 0.000000
vt 0.215686 1.000000
vt 0.196078 0.000000
vt 0.235294 1.000000
vt 0.215686 0.000000
vt 0.254902 1.000000
vt 0.235294 0.000000
vt 0.274510 1.000000
vt 0.254902 0.000000
vt 0.294118 1.000000
vt 0.274510 0.000000
vt 0.313726 1.000000
vt 0.294118 0.000000
vt 0.333333 1.000000
vt 0.313726 0.000000
vt 0.352941 1.000000
vt 0.333333 0.000000
vt 0.372549 1.000000
vt 0.352941 0.000000
vt 0.392157 1.000000
vt 0.372549 0.000000
vt 0.411765 1.000000
vt 0.392157 0.000000
vt 0.431373 1.000000
vt 0.411765 0.000000
vt 0.450980 1.000000
vt 0.431373 0.000000
vt 0.470588 1.000000
vt 0.450980 0.000000
vt 0.490196 1.000000
vt 0.470588 0.000000
vt 0.509804 1.000000
vt 0.490196 0.000000
vt 0.529412 1.000000
vt 0.509804 0.000000
vt 0.549020 1.000000
vt 0.529412 0.000000
vt 0.568627 1.000000
vt 0.549020 0.000000
vt 0.588235 1.000000
vt 0.568627 0.000000
vt 0.607843 1.000000
vt 0.588235 0.000000
vt 0.627451 1.000000
vt 0.607843 0.000000
vt 0.647059 1.000000
vt 0.627451 0.000000
vt 0.666667 1.000000
vt 0.647059 0.000000
vt 0.686275 1.000000
vt 0.666667 0.000000
vt 0.705882 1.000000
vt 0.686275 0.000000
vt 0.725490 1.000000
vt 0.705882 0.000000
vt 0.745098 1.000000
vt 0.725490 0.000000
vt 0.764706 1.000000
vt 0.745098 0.000000
vt 0.784314 1.000000
vt 0.764706 0.000000
vt 0.803922 1.000000
vt 0.784314 0.000000
vt 0.823529 1.000000
vt 0.803922 0.000000
vt 0.843137 1.000000
vt 0.823529 0.000000
vt 0.862745 1.000000
vt 0.843137 0.000000
vt 0.882353 1.000000
vt 0.862745 0.000000
vt 0.901961 1.000000
vt 0.882353 0.000000
vt 0.921569 1.000000
vt 0.901961 0.000000
vt 0.941176 1.000000
vt 0.921569 0.000000
vt 0.960784 1.000000
vt 0.941176 0.000000
vt 0.980392 1.000000
vt 0.960784 0.000000
vt 1.000000 1.000000
vt 0.980392 0.000000
vt 0.020408 1.000000
vt 0.000000 0.000000
vt 0.000000 1.000000
vt 0.040816 1.000000
vt 0.020408 0.000000
vt 0.061224 1.000000
vt 0.040816 0.000000
vt 0.081633 1.000000
vt 0.061224 0.000000
vt 0.102041 1.000000
vt 0.081633 0.000000
vt 0.122449 1.000000
vt 0.102041 0.000000
vt 0.142857 1.000000
vt 0.122449 0.000000
vt 0.163265 1.000000
vt 0.142857 0.000000
vt 0.183673 1.000000
vt 0.163265 0.000000
vt 0.204082 1.000000
vt 0.183673 0.000000
vt 0.224490 1.000000
vt 0.204082 0.000000
vt 0.244898 1.000000
vt 0.224490 0.000000
vt 0.265306 1.000000
vt 0.244898 0.000000
vt 0.285714 1.000000
vt 0.265306 0.000000
vt 0.306122 1.000000
vt 0.285714 0.000000
vt 0.326531 1.000000
vt 0.306122 0.000000
vt 0.346939 1.000000
vt 0.326531 0.000000
vt 0.367347 1.000000
vt 0.346939 0.000000
vt 0.387755 1.000000
vt 0.367347 0.000000
vt 0.408163 1.000000
vt 0.387755 0.000000
vt 0.428571 1.000000
vt 0.408163 0.000000
vt 0.448980 1.000000
vt 0.428571 0.000000
vt 0.469388 1.000000
vt 0.448980 0.000000
vt 0.489796 1.000000
vt 0.469388 0.000000
vt 0.510204 1.000000
vt 0.489796 0.000000
vt 0.530612 1.000000
vt 0.510204 0.000000
vt 0.551020 1.000000
vt 0.530612 0.000000
vt 0.571429 1.000000
vt 0.551020 0.000000
vt 0.591837 1.000000
vt 0.571429 0.000000
vt 0.612245 1.000000
vt 0.591837 0.000000
vt 0.632653 1.000000
vt 0.612245 0.000000
vt 0.653061 1.000000
vt 0.632653 0.000000
vt 0.673469 1.000000
vt 0.653061 0.000000
vt 0.693878 1.000000
vt 0.673469 0.000000
vt 0.714286 1.000000
vt 0.693878 0.000000
vt 0.734694 1.000000
vt 0.714286 0.000000
vt 0.755102 1.000000
vt 0.734694 0.000000
vt 0.775510 1.000000
vt 0.755102 0.000000
vt 0.795918 1.000000
vt 0.775510 0.000000
vt 0.816327 1.000000
vt 0.795918 0.000000
vt 0.836735 1.000000
vt 0.816327 0.000000
vt 0.857143 1.000000
vt 0.836735 0.000000
vt 0.877551 1.000000
vt 0.857143 0.000000
vt 0.897959 1.000000
vt 0.877551 0.000000
vt 0.918367 1.000000
vt 0.897959 0.000000
vt 0.938776 1.000000
vt 0.918367 0.000000
vt 0.959184 1.000000
vt 0.938776 0.000000
vt 0.979592 1.000000
vt 0.959184 0.000000
vt 1.000000 1.000000
vt 0.979592 0.000000
vt 0.017857 1.000000
vt 0.000000 0.000000
vt 0.000000 1.000000
vt 0.035714 1.000000
vt 0.017857 0.000000
vt 0.053571 1.000000
vt 0.035714 0.000000
vt 0.071429 1.000000
vt 0.053571 0.000000
vt 0.089286 1.000000
vt 0.071429 0.000000
vt 0.107143 1.000000
vt 0.089286 0.000000
vt 0.125000 1.000000
vt 0.107143 0.000000
vt 0.142857 1.000000
vt 0.125000 0.000000
vt 0.160714 1.000000
vt 0.142857 0.000000
vt 0.178571 1.000000
vt 0.160714 0.000000
vt 0.196429 1.000000
vt 0.178571 0.000000
vt 0.214286 1.000000
vt 0.196429 0.000000
vt 0.232143 1.000000
vt 0.214286 0.000000
vt 0.250000 1.000000
vt 0.232143 0.000000
vt 0.267857 1.000000
vt 0.250000 0.000000
vt 0.285714 1.000000
vt 0.267857 0.000000
vt 0.303571 1.000000
vt 0.285714 0.000000
vt 0.321429 1.000000
vt 0.303571 0.000000
vt 0.339286 1.000000
vt 0.321429 0.000000
vt 0.357143 1.000000
vt 0.339286 0.000000
vt 0.375000 1.000000
vt 0.357143 0.000000
vt 0.392857 1.000000
vt 0.375000 0.000000
vt 0.410714 1.000000
vt 0.392857 0.000000
vt 0.428571 1.000000
vt 0.410714 0.000000
vt 0.446429 1.000000
vt 0.428571 0.000000
vt 0.464286 1.000000
vt 0.446429 0.000000
vt 0.482143 1.000000
vt 0.464286 0.000000
vt 0.500000 1.000000
vt 0.482143 0.000000
vt 0.517857 1.000000
vt 0.500000 0.000000
vt 0.535714 1.000000
vt 0.517857 0.000000
vt 0.553571 1.000000
vt 0.535714 0.000000
vt 0.571429 1.000000
vt 0.553571 0.000000
vt 0.589286 1.000000
vt 0.571429 0.000000
vt 0.607143 1.000000
vt 0.589286 0.000000
vt 0.625000 1.000000
vt 0.607143 0.000000
vt 0.642857 1.000000
vt 0.625000 0.000000
vt 0.660714 1.000000
vt 0.642857 0.000000
vt 0.678571 1.000000
vt 0.660714 0.000000
vt 0.696429 1.000000
vt 0.678571 0.000000
vt 0.714286 1.000000
vt 0.696429 0.000000
vt 0.732143 1.000000
vt 0.714286 0.000000
vt 0.750000 1.000000
vt 0.732143 0.000000
vt 0.767857 1.000000
vt 0.750000 0.000000
vt 0.785714 1.000000
vt 0.767857 0.000000
vt 0.803571 1.000000
vt 0.785714 0.000000
vt 0.821429 1.000000
vt 0.803571 0.000000
vt 0.839286 1.000000
vt 0.821429 0.000000
vt 0.857143 1.000000
vt 0.839286 0.000000
vt 0.875000 1.000000
vt 0.857143 0.000000
vt 0.892857 1.000000
vt 0.875000 0.000000
vt 0.910714 1.000000
vt 0.892857 0.000000
vt 0.928571 1.000000
vt 0.910714 0.000000
vt 0.946429 1.000000
vt 0.928571 0.000000
vt 0.964286 1.000000
vt 0.946429 0.000000
vt 0.982143 1.000000
vt 0.964286 0.000000
vt 1.000000 1.000000
vt 0.982143 0.000000
vt 0.006250 1.000000
vt 0.000000 0.000000
vt 0.000000 1.000000
vt 0.012500 1.000000
vt 0.006250 0.000000
vt 0.018750 1.000000
vt 0.012500 0.000000
vt 0.025000 1.000000
vt 0.018750 0.000000
vt 0.031250 1.000000
vt 0.025000 0.000000
vt 0.037500 1.000000
vt 0.031250 0.000000
vt 0.043750 1.000000
vt 0.037500 0.000000
vt 0.050000 1.000000
vt 0.043750 0.000000
vt 0.056250 1.000000
vt 0.050000 0.000000
vt 0.062500 1.000000
vt 0.056250 0.000000
vt 0.068750 1.000000
vt 0.062500 0.000000
vt 0.075000 1.000000
vt 0.068750 0.000000
vt 0.081250 1.000000
vt 0.075000 0.000000
vt 0.087500 1.000000
vt 0.081250 0.000000
vt 0.093750 1.000000
vt 0.087500 0.000000
vt 0.100000 1.000000
vt 0.093750 0.000000
vt 0.106250 1.000000
vt 0.100000 0.000000
vt 0.112500 1.000000
vt 0.106250 0.000000
vt 0.118750 1.000000
vt 0.112500 0.000000
vt 0.125000 1.000000
vt 0.118750 0.000000
vt 0.131250 1.000000
vt 0.125000 0.000000
vt 0.137500 1.000000
vt 0.131250 0.000000
vt 0.143750 1.000000
vt 0.137500 0.000000
vt 0.150000 1.000000
vt 0.143750 0.000000
vt 0.156250 1.000000
vt 0.150000 0.000000
vt 0.162500 1.000000
vt 0.156250 0.000000
vt 0.168750 1.000000
vt 0.162500 0.000000
vt 0.175000 1.000000
vt 0.168750 0.000000
vt 0.181250 1.000000
vt 0.175000 0.000000
vt 0.187500 1.000000
vt 0.181250 0.000000
vt 0.193750 1.000000
vt 0.187500 0.000000
vt 0.200000 1.000000
vt 0.193750 0.000000
vt 0.206250 1.000000
vt 0.200000 0.000000
vt 0.212500 1.000000
vt 0.206250 0.000000
vt 0.218750 1.000000
vt 0.212500 0.000000
vt 0.225000 1.000000
vt 0.218750 0.000000
vt 0.231250 1.000000
vt 0.225000 0.000000
vt 0.237500 1.000000
vt 0.231250 0.000000
vt 0.243750 1.000000
vt 0.237500 0.000000
vt 0.250000 1.000000
vt 0.243750 0.000000
vt 0.256250 1.000000
vt 0.250000 0.000000
vt 0.262500 1.000000
vt 0.256250 0.000000
vt 0.268750 1.000000
vt 0.262500 0.000000
vt 0.275000 1.000000
vt 0.268750 0.000000
vt 0.281250 1.000000
vt 0.275000 0.000000
vt 0.287500 1.000000
vt 0.281250 0.000000
vt 0.293750 1.000000
vt 0.287500 0.000000
vt 0.300000 1.000000
vt 0.293750 0.000000
vt 0.306250 1.000000
vt 0.300000 0.000000
vt 0.312500 1.000000
vt 0.306250 0.000000
vt 0.318750 1.000000
vt 0.312500 0.000000
vt 0.325000 1.000000
vt 0.318750 0.000000
vt 0.331250 1.000000
vt 0.325000 0.000000
vt 0.337500 1.000000
vt 0.331250 0.000000
vt 0.343750 1.000000
vt 0.337500 0.000000
vt 0.350000 1.000000
vt 0.343750 0.000000
vt 0.356250 1.000000
vt 0.350000 0.000000
vt 0.362500 1.000000
vt 0.356250 0.000000
vt 0.368750 1.000000
vt 0.362500 0.000000
vt 0.375000 1.000000
vt 0.368750 0.000000
vt 0.381250 1.000000
vt 0.375000 0.000000
vt 0.387500 1.000000
vt 0.381250 0.000000
vt 0.393750 1.000000
vt 0.387500 0.000000
vt 0.400000 1.000000
vt 0.393750 0.000000
vt 0.406250 1.000000
vt 0.400000 0.000000
vt 0.412500 1.000000
vt 0.406250 0.000000
vt 0.418750 1.000000
vt 0.412500 0.000000
vt 0.425000 1.000000
vt 0.418750 0.000000
vt 0.431250 1.000000
vt 0.425000 0.000000
vt 0.437500 1.000000
vt 0.431250 0.000000
vt 0.443750 1.000000
vt 0.437500 0.000000
vt 0.450000 1.000000
vt 0.443750 0.000000
vt 0.456250 1.000000
vt 0.450000 0.000000
vt 0.462500 1.000000
vt 0.456250 0.000000
vt 0.468750 1.000000
vt 0.462500 0.000000
vt 0.475000 1.000000
vt 0.468750 0.000000
vt 0.481250 1.000000
vt 0.475000 0.000000
vt 0.487500 1.000000
vt 0.481250 0.000000
vt 0.493750 1.000000
vt 0.487500 0.000000
vt 0.500000 1.000000
vt 0.493750 0.000000
vt 0.506250 1.000000
vt 0.500000 0.000000
vt 0.512500 1.000000
vt 0.506250 0.000000
vt 0.518750 1.000000
vt 0.512500 0.000000
vt 0.525000 1.000000
vt 0.518750 0.000000
vt 0.531250 1.000000
vt 0.525000 0.000000
vt 0.537500 1.000000
vt 0.531250 0.000000
vt 0.543750 1.000000
vt 0.537500 0.000000
vt 0.550000 1.000000
vt 0.543750 0.000000
vt 0.556250 1.000000
vt 0.550000 0.000000
vt 0.562500 1.000000
vt 0.556250 0.000000
vt 0.568750 1.000000
vt 0.562500 0.000000
vt 0.575000 1.000000
vt 0.568750 0.000000
vt 0.581250 1.000000
vt 0.575000 0.000000
vt 0.587500 1.000000
vt 0.581250 0.000000
vt 0.593750 1.000000
vt 0.587500 0.000000
vt 0.600000 1.000000
vt 0.593750 0.000000
vt 0.606250 1.000000
vt 0.600000 0.000000
vt 0.612500 1.000000
vt 0.606250 0.000000
vt 0.618750 1.000000
vt 0.612500 0.000000
vt 0.625000 1.000000
vt 0.618750 0.000000
vt 0.631250 1.000000
vt 0.625000 0.000000
vt 0.637500 1.000000
vt 0.631250 0.000000
vt 0.643750 1.000000
vt 0.637500 0.000000
vt 0.650000 1.000000
vt 0.643750 0.000000
vt 0.656250 1.000000
vt 0.650000 0.000000
vt 0.662500 1.000000
vt 0.656250 0.000000
vt 0.668750 1.000000
vt 0.662500 0.000000
vt 0.675000 1.000000
vt 0.668750 0.000000
vt 0.681250 1.000000
vt 0.675000 0.000000
vt 0.687500 1.000000
vt 0.681250 0.000000
vt 0.693750 1.000000
vt 0.687500 0.000000
vt 0.700000 1.000000
vt 0.693750 0.000000
vt 0.706250 1.000000
vt 0.700000 0.000000
vt 0.712500 1.000000
vt 0.706250 0.000000
vt 0.718750 1.000000
vt 0.712500 0.000000
vt 0.725000 1.000000
vt 0.718750 0.000000
vt 0.731250 1.000000
vt 0.725000 0.000000
vt 0.737500 1.000000
vt 0.731250 0.000000
vt 0.743750 1.000000
vt 0.737500 0.000000
vt 0.750000 1.000000
vt 0.743750 0.000000
vt 0.756250 1.000000
vt 0.750000 0.000000
vt 0.762500 1.000000
vt 0.756250 0.000000
vt 0.768750 1.000000
vt 0.762500 0.000000
vt 0.775000 1.000000
vt 0.768750 0.000000
vt 0.781250 1.000000
vt 0.775000 0.000000
vt 0.787500 1.000000
vt 0.781250 0.000000
vt 0.793750 1.000000
vt 0.787500 0.000000
vt 0.800000 1.000000
vt 0.793750 0.000000
vt 0.806250 1.000000
vt 0.800000 0.000000
vt 0.812500 1.000000
vt 0.806250 0.000000
vt 0.818750 1.000000
vt 0.812500 0.000000
vt 0.825000 1.000000
vt 0.818750 0.000000
vt 0.831250 1.000000
vt 0.825000 0.000000
vt 0.837500 1.000000
vt 0.831250 0.000000
vt 0.843750 1.000000
vt 0.837500 0.000000
vt 0.850000 1.000000
vt 0.843750 0.000000
vt 0.856250 1.000000
vt 0.850000 0.000000
vt 0.862500 1.000000
vt 0.856250 0.000000
vt 0.868750 1.000000
vt 0.862500 0.000000
vt 0.875000 1.000000
vt 0.868750 0.000000
vt 0.881250 1.000000
vt 0.875000 0.000000
vt 0.887500 1.000000
vt 0.881250 0.000000
vt 0.893750 1.000000
vt 0.887500 0.000000
vt 0.900000 1.000000
vt 0.893750 0.000000
vt 0.906250 1.000000
vt 0.900000 0.000000
vt 0.912500 1.000000
vt 0.906250 0.000000
vt 0.918750 1.000000
vt 0.912500 0.000000
vt 0.925000 1.000000
vt 0.918750 0.000000
vt 0.931250 1.000000
vt 0.925000 0.000000
vt 0.937500 1.000000
vt 0.931250 0.000000
vt 0.943750 1.000000
vt 0.937500 0.000000
vt 0.950000 1.000000
vt 0.943750 0.000000
vt 0.956250 1.000000
vt 0.950000 0.000000
vt 0.962500 1.000000
vt 0.956250 0.000000
vt 0.968750 1.000000
vt 0.962500 0.000000
vt 0.975000 1.000000
vt 0.968750 0.000000
vt 0.981250 1.000000
vt 0.975000 0.000000
vt 0.987500 1.000000
vt 0.981250 0.000000
vt 0.993750 1.000000
vt 0.987500 0.000000
vt 1.000000 1.000000
vt 0.993750 0.000000
vt 0.020833 1.000000
vt 0.000000 0.000000
vt 0.000000 1.000000
vt 0.041667 1.000000
vt 0.020833 0.000000
vt 0.062500 1.000000
vt 0.041667 0.000000
vt 0.083333 1.000000
vt 0.062500 0.000000
vt 0.104167 1.000000
vt 0.083333 0.000000
vt 0.125000 1.000000
vt 0.104167 0.000000
vt 0.145833 1.000000
vt 0.125000 0.000000
vt 0.166667 1.000000
vt 0.145833 0.000000
vt 0.187500 1.000000
vt 0.166667 0.000000
vt 0.208333 1.000000
vt 0.187500 0.000000
vt 0.229167 1.000000
vt 0.208333 0.000000
vt 0.250000 1.000000
vt 0.229167 0.000000
vt 0.270833 1.000000
vt 0.250000 0.000000
vt 0.291667 1.000000
vt 0.270833 0.000000
vt 0.312500 1.000000
vt 0.291667 0.000000
vt 0.333333 1.000000
vt 0.312500 0.000000
vt 0.354167 1.000000
vt 0.333333 0.000000
vt 0.375000 1.000000
vt 0.354167 0.000000
vt 0.395833 1.000000
vt 0.375000 0.000000
vt 0.416667 1.000000
vt 0.395833 0.000000
vt 0.437500 1.000000
vt 0.416667 0.000000
vt 0.458333 1.000000
vt 0.437500 0.000000
vt 0.479167 1.000000
vt 0.458333 0.000000
vt 0.500000 1.000000
vt 0.479167 0.000000
vt 0.520833 1.000000
vt 0.500000 0.000000
vt 0.541667 1.000000
vt 0.520833 0.000000
vt 0.562500 1.000000
vt 0.541667 0.000000
vt 0.583333 1.000000
vt 0.562500 0.000000
vt 0.604167 1.000000
vt 0.583333 0.000000
vt 0.625000 1.000000
vt 0.604167 0.000000
vt 0.645833 1.000000
vt 0.625000 0.000000
vt 0.666667 1.000000
vt 0.645833 0.000000
vt 0.687500 1.000000
vt 0.666667 0.000000
vt 0.708333 1.000000
vt 0.687500 0.000000
vt 0.729167 1.000000
vt 0.708333 0.000000
vt 0.750000 1.000000
vt 0.729167 0.000000
vt 0.770833 1.000000
vt 0.750000 0.000000
vt 0.791667 1.000000
vt 0.770833 0.000000
vt 0.812500 1.000000
vt 0.791667 0.000000
vt 0.833333 1.000000
vt 0.812500 0.000000
vt 0.854167 1.000000
vt 0.833333 0.000000
vt 0.875000 1.000000
vt 0.854167 0.000000
vt 0.895833 1.000000
vt 0.875000 0.000000
vt 0.916667 1.000000
vt 0.895833 0.000000
vt 0.937500 1.000000
vt 0.916667 0.000000
vt 0.958333 1.000000
vt 0.937500 0.000000
vt 0.979167 1.000000
vt 0.958333 0.000000
vt 1.000000 1.000000
vt 0.979167 0.000000
vt 0.020833 1.000000
vt 0.000000 0.000000
vt 0.000000 1.000000
vt 0.041667 1.000000
vt 0.020833 0.000000
vt 0.062500 1.000000
vt 0.041667 0.000000
vt 0.083333 1.000000
vt 0.062500 0.000000
vt 0.104167 1.000000
vt 0.083333 0.000000
vt 0.125000 1.000000
vt 0.104167 0.000000
vt 0.145833 1.000000
vt 0.125000 0.000000
vt 0.166667 1.000000
vt 0.145833 0.000000
vt 0.187500 1.000000
vt 0.166667 0.000000
vt 0.208333 1.000000
vt 0.187500 0.000000
vt 0.229167 1.000000
vt 0.208333 0.000000
vt 0.250000 1.000000
vt 0.229167 0.000000
vt 0.270833 1.000000
vt 0.250000 0.000000
vt 0.291667 1.000000
vt 0.270833 0.000000
vt 0.312500 1.000000
vt 0.291667 0.000000
vt 0.333333 1.000000
vt 0.312500 0.000000
vt 0.354167 1.000000
vt 0.333333 0.000000
vt 0.375000 1.000000
vt 0.354167 0.000000
vt 0.395833 1.000000
vt 0.375000 0.000000
vt 0.416667 1.000000
vt 0.395833 0.000000
vt 0.437500 1.000000
vt 0.416667 0.000000
vt 0.458333 1.000000
vt 0.437500 0.000000
vt 0.479167 1.000000
vt 0.458333 0.000000
vt 0.500000 1.000000
vt 0.479167 0.000000
vt 0.520833 1.000000
vt 0.500000 0.000000
vt 0.541667 1.000000
vt 0.520833 0.000000
vt 0.562500 1.000000
vt 0.541667 0.000000
vt 0.583333 1.000000
vt 0.562500 0.000000
vt 0.604167 1.000000
vt 0.583333 0.000000
vt 0.625000 1.000000
vt 0.604167 0.000000
vt 0.645833 1.000000
vt 0.625000 0.000000
vt 0.666667 1.000000
vt 0.645833 0.000000
vt 0.687500 1.000000
vt 0.666667 0.000000
vt 0.708333 1.000000
vt 0.687500 0.000000
vt 0.729167 1.000000
vt 0.708333 0.000000
vt 0.750000 1.000000
vt 0.729167 0.000000
vt 0.770833 1.000000
vt 0.750000 0.000000
vt 0.791667 1.000000
vt 0.770833 0.000000
vt 0.812500 1.000000
vt 0.791667 0.000000
vt 0.833333 1.000000
vt 0.812500 0.000000
vt 0.854167 1.000000
vt 0.833333 0.000000
vt 0.875000 1.000000
vt 0.854167 0.000000
vt 0.895833 1.000000
vt 0.875000 0.000000
vt 0.916667 1.000000
vt 0.895833 0.000000
vt 0.937500 1.000000
vt 0.916667 0.000000
vt 0.958333 1.000000
vt 0.937500 0.000000
vt 0.979167 1.000000
vt 0.958333 0.000000
vt 1.000000 1.000000
vt 0.979167 0.000000
vt 0.006250 1.000000
vt 0.000000 0.000000
vt 0.000000 1.000000
vt 0.012500 1.000000
vt 0.006250 0.000000
vt 0.018750 1.000000
vt 0.012500 0.000000
vt 0.025000 1.000000
vt 0.018750 0.000000
vt 0.031250 1.000000
vt 0.025000 0.000000
vt 0.037500 1.000000
vt 0.031250 0.000000
vt 0.043750 1.000000
vt 0.037500 0.000000
vt 0.050000 1.000000
vt 0.043750 0.000000
vt 0.056250 1.000000
vt 0.050000 0.000000
vt 0.062500 1.000000
vt 0.056250 0.000000
vt 0.068750 1.000000
vt 0.062500 0.000000
vt 0.075000 1.000000
vt 0.068750 0.000000
vt 0.081250 1.000000
vt 0.075000 0.000000
vt 0.087500 1.000000
vt 0.081250 0.000000
vt 0.093750 1.000000
vt 0.087500 0.000000
vt 0.100000 1.000000
vt 0.093750 0.000000
vt 0.106250 1.000000
vt 0.100000 0.000000
vt 0.112500 1.000000
vt 0.106250 0.000000
vt 0.118750 1.000000
vt 0.112500 0.000000
vt 0.125000 1.000000
vt 0.118750 0.000000
vt 0.131250 1.000000
vt 0.125000 0.000000
vt 0.137500 1.000000
vt 0.131250 0.000000
vt 0.143750 1.000000
vt 0.137500 0.000000
vt 0.150000 1.000000
vt 0.143750 0.000000
vt 0.156250 1.000000
vt 0.150000 0.000000
vt 0.162500 1.000000
vt 0.156250 0.000000
vt 0.168750 1.000000
vt 0.162500 0.000000
vt 0.175000 1.000000
vt 0.168750 0.000000
vt 0.181250 1.000000
vt 0.175000 0.000000
vt 0.187500 1.000000
vt 0.181250 0.000000
vt 0.193750 1.000000
vt 0.187500 0.000000
vt 0.200000 1.000000
vt 0.193750 0.000000
vt 0.206250 1.000000
vt 0.200000 0.000000
vt 0.212500 1.000000
vt 0.206250 0.000000
vt 0.218750 1.000000
vt 0.212500 0.000000
vt 0.225000 1.000000
vt 0.218750 0.000000
vt 0.231250 1.000000
vt 0.225000 0.000000
vt 0.237500 1.000000
vt 0.231250 0.000000
vt 0.243750 1.000000
vt 0.237500 0.000000
vt 0.250000 1.000000
vt 0.243750 0.000000
vt 0.256250 1.000000
vt 0.250000 0.000000
vt 0.262500 1.000000
vt 0.256250 0.000000
vt 0.268750 1.000000
vt 0.262500 0.000000
vt 0.275000 1.000000
vt 0.268750 0.000000
vt 0.281250 1.000000
vt 0.275000 0.000000
vt 0.287500 1.000000
vt 0.281250 0.000000
vt 0.293750 1.000000
vt 0.287500 0.000000
vt 0.300000 1.000000
vt 0.293750 0.000000
vt 0.306250 1.000000
vt 0.300000 0.000000
vt 0.312500 1.000000
vt 0.306250 0.000000
vt 0.318750 1.000000
vt 0.312500 0.000000
vt 0.325000 1.000000
vt 0.318750 0.000000
vt 0.331250 1.000000
vt 0.325000 0.000000
vt 0.337500 1.000000
vt 0.331250 0.000000
vt 0.343750 1.000000
vt 0.337500 0.000000
vt 0.350000 1.000000
vt 0.343750 0.000000
vt 0.356250 1.000000
vt 0.350000 0.000000
vt 0.362500 1.000000
vt 0.356250 0.000000
vt 0.368750 1.000000
vt 0.362500 0.000000
vt 0.375000 1.000000
vt 0.368750 0.000000
vt 0.381250 1.000000
vt 0.375000 0.000000
vt 0.387500 1.000000
vt 0.381250 0.000000
vt 0.393750 1.000000
vt 0.387500 0.000000
vt 0.400000 1.000000
vt 0.393750 0.000000
vt 0.406250 1.000000
vt 0.400000 0.000000
vt 0.412500 1.000000
vt 0.406250 0.000000
vt 0.418750 1.000000
vt 0.412500 0.000000
vt 0.425000 1.000000
vt 0.418750 0.000000
vt 0.431250 1.000000
vt 0.425000 0.000000
vt 0.437500 1.000000
vt 0.431250 0.000000
vt 0.443750 1.000000
vt 0.437500 0.000000
vt 0.450000 1.000000
vt 0.443750 0.000000
vt 0.456250 1.000000
vt 0.450000 0.000000
vt 0.462500 1.000000
vt 0.456250 0.000000
vt 0.468750 1.000000
vt 0.462500 0.000000
vt 0.475000 1.000000
vt 0.468750 0.000000
vt 0.481250 1.000000
vt 0.475000 0.000000
vt 0.487500 1.000000
vt 0.481250 0.000000
vt 0.493750 1.000000
vt 0.487500 0.000000
vt 0.500000 1.000000
vt 0.493750 0.000000
vt 0.506250 1.000000
vt 0.500000 0.000000
vt 0.512500 1.000000
vt 0.506250 0.000000
vt 0.518750 1.000000
vt 0.512500 0.000000
vt 0.525000 1.000000
vt 0.518750 0.000000
vt 0.531250 1.000000
vt 0.525000 0.000000
vt 0.537500 1.000000
vt 0.531250 0.000000
vt 0.543750 1.000000
vt 0.537500 0.000000
vt 0.550000 1.000000
vt 0.543750 0.000000
vt 0.556250 1.000000
vt 0.550000 0.000000
vt 0.562500 1.000000
vt 0.556250 0.000000
vt 0.568750 1.000000
vt 0.562500 0.000000
vt 0.575000 1.000000
vt 0.568750 0.000000
vt 0.581250 1.000000
vt 0.575000 0.000000
vt 0.587500 1.000000
vt 0.581250 0.000000
vt 0.593750 1.000000
vt 0.587500 0.000000
vt 0.600000 1.000000
vt 0.593750 0.000000
vt 0.606250 1.000000
vt 0.600000 0.000000
vt 0.612500 1.000000
vt 0.606250 0.000000
vt 0.618750 1.000000
vt 0.612500 0.000000
vt 0.625000 1.000000
vt 0.618750 0.000000
vt 0.631250 1.000000
vt 0.625000 0.000000
vt 0.637500 1.000000
vt 0.631250 0.000000
vt 0.643750 1.000000
vt 0.637500 0.000000
vt 0.650000 1.000000
vt 0.643750 0.000000
vt 0.656250 1.000000
vt 0.650000 0.000000
vt 0.662500 1.000000
vt 0.656250 0.000000
vt 0.668750 1.000000
vt 0.662500 0.000000
vt 0.675000 1.000000
vt 0.668750 0.000000
vt 0.681250 1.000000
vt 0.675000 0.000000
vt 0.687500 1.000000
vt 0.681250 0.000000
vt 0.693750 1.000000
vt 0.687500 0.000000
vt 0.700000 1.000000
vt 0.693750 0.000000
vt 0.706250 1.000000
vt 0.700000 0.000000
vt 0.712500 1.000000
vt 0.706250 0.000000
vt 0.718750 1.000000
vt 0.712500 0.000000
vt 0.725000 1.000000
vt 0.718750 0.000000
vt 0.731250 1.000000
vt 0.725000 0.000000
vt 0.737500 1.000000
vt 0.731250 0.000000
vt 0.743750 1.000000
vt 0.737500 0.000000
vt 0.750000 1.000000
vt 0.743750 0.000000
vt 0.756250 1.000000
vt 0.750000 0.000000
vt 0.762500 1.000000
vt 0.756250 0.000000
vt 0.768750 1.000000
vt 0.762500 0.000000
vt 0.775000 1.000000
vt 0.768750 0.000000
vt 0.781250 1.000000
vt 0.775000 0.000000
vt 0.787500 1.000000
vt 0.781250 0.000000
vt 0.793750 1.000000
vt 0.787500 0.000000
vt 0.800000 1.000000
vt 0.793750 0.000000
vt 0.806250 1.000000
vt 0.800000 0.000000
vt 0.812500 1.000000
vt 0.806250 0.000000
vt 0.818750 1.000000
vt 0.812500 0.000000
vt 0.825000 1.000000
vt 0.818750 0.000000
vt 0.831250 1.000000
vt 0.825000 0.000000
vt 0.837500 1.000000
vt 0.831250 0.000000
vt 0.843750 1.000000
vt 0.837500 0.000000
vt 0.850000 1.000000
vt 0.843750 0.000000
vt 0.856250 1.000000
vt 0.850000 0.000000
vt 0.862500 1.000000
vt 0.856250 0.000000
vt 0.868750 1.000000
vt 0.862500 0.000000
vt 0.875000 1.000000
vt 0.868750 0.000000
vt 0.881250 1.000000
vt 0.875000 0.000000
vt 0.887500 1.000000
vt 0.881250 0.000000
vt 0.893750 1.000000
vt 0.887500 0.000000
vt 0.900000 1.000000
vt 0.893750 0.000000
vt 0.906250 1.000000
vt 0.900000 0.000000
vt 0.912500 1.000000
vt 0.906250 0.000000
vt 0.918750 1.000000
vt 0.912500 0.000000
vt 0.925000 1.000000
vt 0.918750 0.000000
vt 0.931250 1.000000
vt 0.925000 0.000000
vt 0.937500 1.000000
vt 0.931250 0.000000
vt 0.943750 1.000000
vt 0.937500 0.000000
vt 0.950000 1.000000
vt 0.943750 0.000000
vt 0.956250 1.000000
vt 0.950000 0.000000
vt 0.962500 1.000000
vt 0.956250 0.000000
vt 0.968750 1.000000
vt 0.962500 0.000000
vt 0.975000 1.000000
vt 0.968750 0.000000
vt 0.981250 1.000000
vt 0.975000 0.000000
vt 0.987500 1.000000
vt 0.981250 0.000000
vt 0.993750 1.000000
vt 0.987500 0.000000
vt 1.000000 1.000000
vt 0.993750 0.000000
vt 0.020833 1.000000
vt 0.000000 0.000000
vt 0.000000 1.000000
vt 0.041667 1.000000
vt 0.020833 0.000000
vt 0.062500 1.000000
vt 0.041667 0.000000
vt 0.083333 1.000000
vt 0.062500 0.000000
vt 0.104167 1.000000
vt 0.083333 0.000000
vt 0.125000 1.000000
vt 0.104167 0.000000
vt 0.145833 1.000000
vt 0.125000 0.000000
vt 0.166667 1.000000
vt 0.145833 0.000000
vt 0.187500 1.000000
vt 0.166667 0.000000
vt 0.208333 1.000000
vt 0.187500 0.000000
vt 0.229167 1.000000
vt 0.208333 0.000000
vt 0.250000 1.000000
vt 0.229167 0.000000
vt 0.270833 1.000000
vt 0.250000 0.000000
vt 0.291667 1.000000
vt 0.270833 0.000000
vt 0.312500 1.000000
vt 0.291667 0.000000
vt 0.333333 1.000000
vt 0.312500 0.000000
vt 0.354167 1.000000
vt 0.333333 0.000000
vt 0.375000 1.000000
vt 0.354167 0.000000
vt 0.395833 1.000000
vt 0.375000 0.000000
vt 0.416667 1.000000
vt 0.395833 0.000000
vt 0.437500 1.000000
vt 0.416667 0.000000
vt 0.458333 1.000000
vt 0.437500 0.000000
vt 0.479167 1.000000
vt 0.458333 0.000000
vt 0.500000 1.000000
vt 0.479167 0.000000
vt 0.520833 1.000000
vt 0.500000 0.000000
vt 0.541667 1.000000
vt 0.520833 0.000000
vt 0.562500 1.000000
vt 0.541667 0.000000
vt 0.583333 1.000000
vt 0.562500 0.000000
vt 0.604167 1.000000
vt 0.583333 0.000000
vt 0.625000 1.000000
vt 0.604167 0.000000
vt 0.645833 1.000000
vt 0.625000 0.000000
vt 0.666667 1.000000
vt 0.645833 0.000000
vt 0.687500 1.000000
vt 0.666667 0.000000
vt 0.708333 1.000000
vt 0.687500 0.000000
vt 0.729167 1.000000
vt 0.708333 0.000000
vt 0.750000 1.000000
vt 0.729167 0.000000
vt 0.770833 1.000000
vt 0.750000 0.000000
vt 0.791667 1.000000
vt 0.770833 0.000000
vt 0.812500 1.000000
vt 0.791667 0.000000
vt 0.833333 1.000000
vt 0.812500 0.000000
vt 0.854167 1.000000
vt 0.833333 0.000000
vt 0.875000 1.000000
vt 0.854167 0.000000
vt 0.895833 1.000000
vt 0.875000 0.000000
vt 0.916667 1.000000
vt 0.895833 0.000000
vt 0.937500 1.000000
vt 0.916667 0.000000
vt 0.958333 1.000000
vt 0.937500 0.000000
vt 0.979167 1.000000
vt 0.958333 0.000000
vt 1.000000 1.000000
vt 0.979167 0.000000
vt 0.020833 1.000000
vt 0.000000 0.000000
vt 0.000000 1.000000
vt 0.041667 1.000000
vt 0.020833 0.000000
vt 0.062500 1.000000
vt 0.041667 0.000000
vt 0.083333 1.000000
vt 0.062500 0.000000
vt 0.104167 1.000000
vt 0.083333 0.000000
vt 0.125000 1.000000
vt 0.104167 0.000000
vt 0.145833 1.000000
vt 0.125000 0.000000
vt 0.166667 1.000000
vt 0.145833 0.000000
vt 0.187500 1.000000
vt 0.166667 0.000000
vt 0.208333 1.000000
vt 0.187500 0.000000
vt 0.229167 1.000000
vt 0.208333 0.000000
vt 0.250000 1.000000
vt 0.229167 0.000000
vt 0.270833 1.000000
vt 0.250000 0.000000
vt 0.291667 1.000000
vt 0.270833 0.000000
vt 0.312500 1.000000
vt 0.291667 0.000000
vt 0.333333 1.000000
vt 0.312500 0.000000
vt 0.354167 1.000000
vt 0.333333 0.000000
vt 0.375000 1.000000
vt 0.354167 0.000000
vt 0.395833 1.000000
vt 0.375000 0.000000
vt 0.416667 1.000000
vt 0.395833 0.000000
vt 0.437500 1.000000
vt 0.416667 0.000000
vt 0.458333 1.000000
vt 0.437500 0.000000
vt 0.479167 1.000000
vt 0.458333 0.000000
vt 0.500000 1.000000
vt 0.479167 0.000000
vt 0.520833 1.000000
vt 0.500000 0.000000
vt 0.541667 1.000000
vt 0.520833 0.000000
vt 0.562500 1.000000
vt 0.541667 0.000000
vt 0.583333 1.000000
vt 0.562500 0.000000
vt 0.604167 1.000000
vt 0.583333 0.000000
vt 0.625000 1.000000
vt 0.604167 0.000000
vt 0.645833 1.000000
vt 0.625000 0.000000
vt 0.666667 1.000000
vt 0.645833 0.000000
vt 0.687500 1.000000
vt 0.666667 0.000000
vt 0.708333 1.000000
vt 0.687500 0.000000
vt 0.729167 1.000000
vt 0.708333 0.000000
vt 0.750000 1.000000
vt 0.729167 0.000000
vt 0.770833 1.000000
vt 0.750000 0.000000
vt 0.791667 1.000000
vt 0.770833 0.000000
vt 0.812500 1.000000
vt 0.791667 0.000000
vt 0.833333 1.000000
vt 0.812500 0.000000
vt 0.854167 1.000000
vt 0.833333 0.000000
vt 0.875000 1.000000
vt 0.854167 0.000000
vt 0.895833 1.000000
vt 0.875000 0.000000
vt 0.916667 1.000000
vt 0.895833 0.000000
vt 0.937500 1.000000
vt 0.916667 0.000000
vt 0.958333 1.000000
vt 0.937500 0.000000
vt 0.979167 1.000000
vt 0.958333 0.000000
vt 1.000000 1.000000
vt 0.979167 0.000000
vt 0.250000 1.000000
vt 0.000000 0.000000
vt 0.000000 1.000000
vt 0.500000 1.000000
vt 0.250000 0.000000
vt 0.750000 1.000000
vt 0.500000 0.000000
vt 1.000000 1.000000
vt 0.750000 0.000000
vt 0.020833 1.000000
vt 0.000000 0.000000
vt 0.000000 1.000000
vt 0.041667 1.000000
vt 0.020833 0.000000
vt 0.062500 1.000000
vt 0.041667 0.000000
vt 0.083333 1.000000
vt 0.062500 0.000000
vt 0.104167 1.000000
vt 0.083333 0.000000
vt 0.125000 1.000000
vt 0.104167 0.000000
vt 0.145833 1.000000
vt 0.125000 0.000000
vt 0.166667 1.000000
vt 0.145833 0.000000
vt 0.187500 1.000000
vt 0.166667 0.000000
vt 0.208333 1.000000
vt 0.187500 0.000000
vt 0.229167 1.000000
vt 0.208333 0.000000
vt 0.250000 1.000000
vt 0.229167 0.000000
vt 0.270833 1.000000
vt 0.250000 0.000000
vt 0.291667 1.000000
vt 0.270833 0.000000
vt 0.312500 1.000000
vt 0.291667 0.000000
vt 0.333333 1.000000
vt 0.312500 0.000000
vt 0.354167 1.000000
vt 0.333333 0.000000
vt 0.375000 1.000000
vt 0.354167 0.000000
vt 0.395833 1.000000
vt 0.375000 0.000000
vt 0.416667 1.000000
vt 0.395833 0.000000
vt 0.437500 1.000000
vt 0.416667 0.000000
vt 0.458333 1.000000
vt 0.437500 0.000000
vt 0.479167 1.000000
vt 0.458333 0.000000
vt 0.500000 1.000000
vt 0.479167 0.000000
vt 0.520833 1.000000
vt 0.500000 0.000000
vt 0.541667 1.000000
vt 0.520833 0.000000
vt 0.562500 1.000000
vt 0.541667 0.000000
vt 0.583333 1.000000
vt 0.562500 0.000000
vt 0.604167 1.000000
vt 0.583333 0.000000
vt 0.625000 1.000000
vt 0.604167 0.000000
vt 0.645833 1.000000
vt 0.625000 0.000000
vt 0.666667 1.000000
vt 0.645833 0.000000
vt 0.687500 1.000000
vt 0.666667 0.000000
vt 0.708333 1.000000
vt 0.687500 0.000000
vt 0.729167 1.000000
vt 0.708333 0.000000
vt 0.750000 1.000000
vt 0.729167 0.000000
vt 0.770833 1.000000
vt 0.750000 0.000000
vt 0.791667 1.000000
vt 0.770833 0.000000
vt 0.812500 1.000000
vt 0.791667 0.000000
vt 0.833333 1.000000
vt 0.812500 0.000000
vt 0.854167 1.000000
vt 0.833333 0.000000
vt 0.875000 1.000000
vt 0.854167 0.000000
vt 0.895833 1.000000
vt 0.875000 0.000000
vt 0.916667 1.000000
vt 0.895833 0.000000
vt 0.937500 1.000000
vt 0.916667 0.000000
vt 0.958333 1.000000
vt 0.937500 0.000000
vt 0.979167 1.000000
vt 0.958333 0.000000
vt 1.000000 1.000000
vt 0.979167 0.000000
vt 0.017544 1.000000
vt 0.000000 0.000000
vt 0.000000 1.000000
vt 0.035088 1.000000
vt 0.017544 0.000000
vt 0.052632 1.000000
vt 0.035088 0.000000
vt 0.070175 1.000000
vt 0.052632 0.000000
vt 0.087719 1.000000
vt 0.070175 0.000000
vt 0.105263 1.000000
vt 0.087719 0.000000
vt 0.122807 1.000000
vt 0.105263 0.000000
vt 0.140351 1.000000
vt 0.122807 0.000000
vt 0.157895 1.000000
vt 0.140351 0.000000
vt 0.175439 1.000000
vt 0.157895 0.000000
vt 0.192982 1.000000
vt 0.175439 0.000000
vt 0.210526 1.000000
vt 0.192982 0.000000
vt 0.228070 1.000000
vt 0.210526 0.000000
vt 0.245614 1.000000
vt 0.228070 0.000000
vt 0.263158 1.000000
vt 0.245614 0.000000
vt 0.280702 1.000000
vt 0.263158 0.000000
vt 0.298246 1.000000
vt 0.280702 0.000000
vt 0.315789 1.000000
vt 0.298246 0.000000
vt 0.333333 1.000000
vt 0.315789 0.000000
vt 0.350877 1.000000
vt 0.333333 0.000000
vt 0.368421 1.000000
vt 0.350877 0.000000
vt 0.385965 1.000000
vt 0.368421 0.000000
vt 0.403509 1.000000
vt 0.385965 0.000000
vt 0.421053 1.000000
vt 0.403509 0.000000
vt 0.438596 1.000000
vt 0.421053 0.000000
vt 0.456140 1.000000
vt 0.438596 0.000000
vt 0.473684 1.000000
vt 0.456140 0.000000
vt 0.491228 1.000000
vt 0.473684 0.000000
vt 0.508772 1.000000
vt 0.491228 0.000000
vt 0.526316 1.000000
vt 0.508772 0.000000
vt 0.543860 1.000000
vt 0.526316 0.000000
vt 0.561404 1.000000
vt 0.543860 0.000000
vt 0.578947 1.000000
vt 0.561404 0.000000
vt 0.596491 1.000000
vt 0.578947 0.000000
vt 0.614035 1.000000
vt 0.596491 0.000000
vt 0.631579 1.000000
vt 0.614035 0.000000
vt 0.649123 1.000000
vt 0.631579 0.000000
vt 0.666667 1.000000
vt 0.649123 0.000000
vt 0.684211 1.000000
vt 0.666667 0.000000
vt 0.701754 1.000000
vt 0.684211 0.000000
vt 0.719298 1.000000
vt 0.701754 0.000000
vt 0.736842 1.000000
vt 0.719298 0.000000
vt 0.754386 1.000000
vt 0.736842 0.000000
vt 0.771930 1.000000
vt 0.754386 0.000000
vt 0.789474 1.000000
vt 0.771930 0.000000
vt 0.807018 1.000000
vt 0.789474 0.000000
vt 0.824561 1.000000
vt 0.807018 0.000000
vt 0.842105 1.000000
vt 0.824561 0.000000
vt 0.859649 1.000000
vt 0.842105 0.000000
vt 0.877193 1.000000
vt 0.859649 0.000000
vt 0.894737 1.000000
vt 0.877193 0.000000
vt 0.912281 1.000000
vt 0.894737 0.000000
vt 0.929825 1.000000
vt 0.912281 0.000000
vt 0.947368 1.000000
vt 0.929825 0.000000
vt 0.964912 1.000000
vt 0.947368 0.000000
vt 0.982456 1.000000
vt 0.964912 0.000000
vt 1.000000 1.000000
vt 0.982456 0.000000
vt 0.006250 1.000000
vt 0.000000 0.000000
vt 0.000000 1.000000
vt 0.012500 1.000000
vt 0.006250 0.000000
vt 0.018750 1.000000
vt 0.012500 0.000000
vt 0.025000 1.000000
vt 0.018750 0.000000
vt 0.031250 1.000000
vt 0.025000 0.000000
vt 0.037500 1.000000
vt 0.031250 0.000000
vt 0.043750 1.000000
vt 0.037500 0.000000
vt 0.050000 1.000000
vt 0.043750 0.000000
vt 0.056250 1.000000
vt 0.050000 0.000000
vt 0.062500 1.000000
vt 0.056250 0.000000
vt 0.068750 1.000000
vt 0.062500 0.000000
vt 0.075000 1.000000
vt 0.068750 0.000000
vt 0.081250 1.000000
vt 0.075000 0.000000
vt 0.087500 1.000000
vt 0.081250 0.000000
vt 0.093750 1.000000
vt 0.087500 0.000000
vt 0.100000 1.000000
vt 0.093750 0.000000
vt 0.106250 1.000000
vt 0.100000 0.000000
vt 0.112500 1.000000
vt 0.106250 0.000000
vt 0.118750 1.000000
vt 0.112500 0.000000
vt 0.125000 1.000000
vt 0.118750 0.000000
vt 0.131250 1.000000
vt 0.125000 0.000000
vt 0.137500 1.000000
vt 0.131250 0.000000
vt 0.143750 1.000000
vt 0.137500 0.000000
vt 0.150000 1.000000
vt 0.143750 0.000000
vt 0.156250 1.000000
vt 0.150000 0.000000
vt 0.162500 1.000000
vt 0.156250 0.000000
vt 0.168750 1.000000
vt 0.162500 0.000000
vt 0.175000 1.000000
vt 0.168750 0.000000
vt 0.181250 1.000000
vt 0.175000 0.000000
vt 0.187500 1.000000
vt 0.181250 0.000000
vt 0.193750 1.000000
vt 0.187500 0.000000
vt 0.200000 1.000000
vt 0.193750 0.000000
vt 0.206250 1.000000
vt 0.200000 0.000000
vt 0.212500 1.000000
vt 0.206250 0.000000
vt 0.218750 1.000000
vt 0.212500 0.000000
vt 0.225000 1.000000
vt 0.218750 0.000000
vt 0.231250 1.000000
vt 0.225000 0.000000
vt 0.237500 1.000000
vt 0.231250 0.000000
vt 0.243750 1.000000
vt 0.237500 0.000000
vt 0.250000 1.000000
vt 0.243750 0.000000
vt 0.256250 1.000000
vt 0.250000 0.000000
vt 0.262500 1.000000
vt 0.256250 0.000000
vt 0.268750 1.000000
vt 0.262500 0.000000
vt 0.275000 1.000000
vt 0.268750 0.000000
vt 0.281250 1.000000
vt 0.275000 0.000000
vt 0.287500 1.000000
vt 0.281250 0.000000
vt 0.293750 1.000000
vt 0.287500 0.000000
vt 0.300000 1.000000
vt 0.293750 0.000000
vt 0.306250 1.000000
vt 0.300000 0.000000
vt 0.312500 1.000000
vt 0.306250 0.000000
vt 0.318750 1.000000
vt 0.312500 0.000000
vt 0.325000 1.000000
vt 0.318750 0.000000
vt 0.331250 1.000000
vt 0.325000 0.000000
vt 0.337500 1.000000
vt 0.331250 0.000000
vt 0.343750 1.000000
vt 0.337500 0.000000
vt 0.350000 1.000000
vt 0.343750 0.000000
vt 0.356250 1.000000
vt 0.350000 0.000000
vt 0.362500 1.000000
vt 0.356250 0.000000
vt 0.368750 1.000000
vt 0.362500 0.000000
vt 0.375000 1.000000
vt 0.368750 0.000000
vt 0.381250 1.000000
vt 0.375000 0.000000
vt 0.387500 1.000000
vt 0.381250 0.000000
vt 0.393750 1.000000
vt 0.387500 0.000000
vt 0.400000 1.000000
vt 0.393750 0.000000
vt 0.406250 1.000000
vt 0.400000 0.000000
vt 0.412500 1.000000
vt 0.406250 0.000000
vt 0.418750 1.000000
vt 0.412500 0.000000
vt 0.425000 1.000000
vt 0.418750 0.000000
vt 0.431250 1.000000
vt 0.425000 0.000000
vt 0.437500 1.000000
vt 0.431250 0.000000
vt 0.443750 1.000000
vt 0.437500 0.000000
vt 0.450000 1.000000
vt 0.443750 0.000000
vt 0.456250 1.000000
vt 0.450000 0.000000
vt 0.462500 1.000000
vt 0.456250 0.000000
vt 0.468750 1.000000
vt 0.462500 0.000000
vt 0.475000 1.000000
vt 0.468750 0.000000
vt 0.481250 1.000000
vt 0.475000 0.000000
vt 0.487500 1.000000
vt 0.481250 0.000000
vt 0.493750 1.000000
vt 0.487500 0.000000
vt 0.500000 1.000000
vt 0.493750 0.000000
vt 0.506250 1.000000
vt 0.500000 0.000000
vt 0.512500 1.000000
vt 0.506250 0.000000
vt 0.518750 1.000000
vt 0.512500 0.000000
vt 0.525000 1.000000
vt 0.518750 0.000000
vt 0.531250 1.000000
vt 0.525000 0.000000
vt 0.537500 1.000000
vt 0.531250 0.000000
vt 0.543750 1.000000
vt 0.537500 0.000000
vt 0.550000 1.000000
vt 0.543750 0.000000
vt 0.556250 1.000000
vt 0.550000 0.000000
vt 0.562500 1.000000
vt 0.556250 0.000000
vt 0.568750 1.000000
vt 0.562500 0.000000
vt 0.575000 1.000000
vt 0.568750 0.000000
vt 0.581250 1.000000
vt 0.575000 0.000000
vt 0.587500 1.000000
vt 0.581250 0.000000
vt 0.593750 1.000000
vt 0.587500 0.000000
vt 0.600000 1.000000
vt 0.593750 0.000000
vt 0.606250 1.000000
vt 0.600000 0.000000
vt 0.612500 1.000000
vt 0.606250 0.000000
vt 0.618750 1.000000
vt 0.612500 0.000000
vt 0.625000 1.000000
vt 0.618750 0.000000
vt 0.631250 1.000000
vt 0.625000 0.000000
vt 0.637500 1.000000
vt 0.631250 0.000000
vt 0.643750 1.000000
vt 0.637500 0.000000
vt 0.650000 1.000000
vt 0.643750 0.000000
vt 0.656250 1.000000
vt 0.650000 0.000000
vt 0.662500 1.000000
vt 0.656250 0.000000
vt 0.668750 1.000000
vt 0.662500 0.000000
vt 0.675000 1.000000
vt 0.668750 0.000000
vt 0.681250 1.000000
vt 0.675000 0.000000
vt 0.687500 1.000000
vt 0.681250 0.000000
vt 0.693750 1.000000
vt 0.687500 0.000000
vt 0.700000 1.000000
vt 0.693750 0.000000
vt 0.706250 1.000000
vt 0.700000 0.000000
vt 0.712500 1.000000
vt 0.706250 0.000000
vt 0.718750 1.000000
vt 0.712500 0.000000
vt 0.725000 1.000000
vt 0.718750 0.000000
vt 0.731250 1.000000
vt 0.725000 0.000000
vt 0.737500 1.000000
vt 0.731250 0.000000
vt 0.743750 1.000000
vt 0.737500 0.000000
vt 0.750000 1.000000
vt 0.743750 0.000000
vt 0.756250 1.000000
vt 0.750000 0.000000
vt 0.762500 1.000000
vt 0.756250 0.000000
vt 0.768750 1.000000
vt 0.762500 0.000000
vt 0.775000 1.000000
vt 0.768750 0.000000
vt 0.781250 1.000000
vt 0.775000 0.000000
vt 0.787500 1.000000
vt 0.781250 0.000000
vt 0.793750 1.000000
vt 0.787500 0.000000
vt 0.800000 1.000000
vt 0.793750 0.000000
vt 0.806250 1.000000
vt 0.800000 0.000000
vt 0.812500 1.000000
vt 0.806250 0.000000
vt 0.818750 1.000000
vt 0.812500 0.000000
vt 0.825000 1.000000
vt 0.818750 0.000000
vt 0.831250 1.000000
vt 0.825000 0.000000
vt 0.837500 1.000000
vt 0.831250 0.000000
vt 0.843750 1.000000
vt 0.837500 0.000000
vt 0.850000 1.000000
vt 0.843750 0.000000
vt 0.856250 1.000000
vt 0.850000 0.000000
vt 0.862500 1.000000
vt 0.856250 0.000000
vt 0.868750 1.000000
vt 0.862500 0.000000
vt 0.875000 1.000000
vt 0.868750 0.000000
vt 0.881250 1.000000
vt 0.875000 0.000000
vt 0.887500 1.000000
vt 0.881250 0.000000
vt 0.893750 1.000000
vt 0.887500 0.000000
vt 0.900000 1.000000
vt 0.893750 0.000000
vt 0.906250 1.000000
vt 0.900000 0.000000
vt 0.912500 1.000000
vt 0.906250 0.000000
vt 0.918750 1.000000
vt 0.912500 0.000000
vt 0.925000 1.000000
vt 0.918750 0.000000
vt 0.931250 1.000000
vt 0.925000 0.000000
vt 0.937500 1.000000
vt 0.931250 0.000000
vt 0.943750 1.000000
vt 0.937500 0.000000
vt 0.950000 1.000000
vt 0.943750 0.000000
vt 0.956250 1.000000
vt 0.950000 0.000000
vt 0.962500 1.000000
vt 0.956250 0.000000
vt 0.968750 1.000000
vt 0.962500 0.000000
vt 0.975000 1.000000
vt 0.968750 0.000000
vt 0.981250 1.000000
vt 0.975000 0.000000
vt 0.987500 1.000000
vt 0.981250 0.000000
vt 0.993750 1.000000
vt 0.987500 0.000000
vt 1.000000 1.000000
vt 0.993750 0.000000
vt 0.020833 1.000000
vt 0.000000 0.000000
vt 0.000000 1.000000
vt 0.041667 1.000000
vt 0.020833 0.000000
vt 0.062500 1.000000
vt 0.041667 0.000000
vt 0.083333 1.000000
vt 0.062500 0.000000
vt 0.104167 1.000000
vt 0.083333 0.000000
vt 0.125000 1.000000
vt 0.104167 0.000000
vt 0.145833 1.000000
vt 0.125000 0.000000
vt 0.166667 1.000000
vt 0.145833 0.000000
vt 0.187500 1.000000
vt 0.166667 0.000000
vt 0.208333 1.000000
vt 0.187500 0.000000
vt 0.229167 1.000000
vt 0.208333 0.000000
vt 0.250000 1.000000
vt 0.229167 0.000000
vt 0.270833 1.000000
vt 0.250000 0.000000
vt 0.291667 1.000000
vt 0.270833 0.000000
vt 0.312500 1.000000
vt 0.291667 0.000000
vt 0.333333 1.000000
vt 0.312500 0.000000
vt 0.354167 1.000000
vt 0.333333 0.000000
vt 0.375000 1.000000
vt 0.354167 0.000000
vt 0.395833 1.000000
vt 0.375000 0.000000
vt 0.416667 1.000000
vt 0.395833 0.000000
vt 0.437500 1.000000
vt 0.416667 0.000000
vt 0.458333 1.000000
vt 0.437500 0.000000
vt 0.479167 1.000000
vt 0.458333 0.000000
vt 0.500000 1.000000
vt 0.479167 0.000000
vt 0.520833 1.000000
vt 0.500000 0.000000
vt 0.541667 1.000000
vt 0.520833 0.000000
vt 0.562500 1.000000
vt 0.541667 0.000000
vt 0.583333 1.000000
vt 0.562500 0.000000
vt 0.604167 1.000000
vt 0.583333 0.000000
vt 0.625000 1.000000
vt 0.604167 0.000000
vt 0.645833 1.000000
vt 0.625000 0.000000
vt 0.666667 1.000000
vt 0.645833 0.000000
vt 0.687500 1.000000
vt 0.666667 0.000000
vt 0.708333 1.000000
vt 0.687500 0.000000
vt 0.729167 1.000000
vt 0.708333 0.000000
vt 0.750000 1.000000
vt 0.729167 0.000000
vt 0.770833 1.000000
vt 0.750000 0.000000
vt 0.791667 1.000000
vt 0.770833 0.000000
vt 0.812500 1.000000
vt 0.791667 0.000000
vt 0.833333 1.000000
vt 0.812500 0.000000
vt 0.854167 1.000000
vt 0.833333 0.000000
vt 0.875000 1.000000
vt 0.854167 0.000000
vt 0.895833 1.000000
vt 0.875000 0.000000
vt 0.916667 1.000000
vt 0.895833 0.000000
vt 0.937500 1.000000
vt 0.916667 0.000000
vt 0.958333 1.000000
vt 0.937500 0.000000
vt 0.979167 1.000000
vt 0.958333 0.000000
vt 1.000000 1.000000
vt 0.979167 0.000000
vt 0.020833 1.000000
vt 0.000000 0.000000
vt 0.000000 1.000000
vt 0.041667 1.000000
vt 0.020833 0.000000
vt 0.062500 1.000000
vt 0.041667 0.000000
vt 0.083333 1.000000
vt 0.062500 0.000000
vt 0.104167 1.000000
vt 0.083333 0.000000
vt 0.125000 1.000000
vt 0.104167 0.000000
vt 0.145833 1.000000
vt 0.125000 0.000000
vt 0.166667 1.000000
vt 0.145833 0.000000
vt 0.187500 1.000000
vt 0.166667 0.000000
vt 0.208333 1.000000
vt 0.187500 0.000000
vt 0.229167 1.000000
vt 0.208333 0.000000
vt 0.250000 1.000000
vt 0.229167 0.000000
vt 0.270833 1.000000
vt 0.250000 0.000000
vt 0.291667 1.000000
vt 0.270833 0.000000
vt 0.312500 1.000000
vt 0.291667 0.000000
vt 0.333333 1.000000
vt 0.312500 0.000000
vt 0.354167 1.000000
vt 0.333333 0.000000
vt 0.375000 1.000000
vt 0.354167 0.000000
vt 0.395833 1.000000
vt 0.375000 0.000000
vt 0.416667 1.000000
vt 0.395833 0.000000
vt 0.437500 1.000000
vt 0.416667 0.000000
vt 0.458333 1.000000
vt 0.437500 0.000000
vt 0.479167 1.000000
vt 0.458333 0.000000
vt 0.500000 1.000000
vt 0.479167 0.000000
vt 0.520833 1.000000
vt 0.500000 0.000000
vt 0.541667 1.000000
vt 0.520833 0.000000
vt 0.562500 1.000000
vt 0.541667 0.000000
vt 0.583333 1.000000
vt 0.562500 0.000000
vt 0.604167 1.000000
vt 0.583333 0.000000
vt 0.625000 1.000000
vt 0.604167 0.000000
vt 0.645833 1.000000
vt 0.625000 0.000000
vt 0.666667 1.000000
vt 0.645833 0.000000
vt 0.687500 1.000000
vt 0.666667 0.000000
vt 0.708333 1.000000
vt 0.687500 0.000000
vt 0.729167 1.000000
vt 0.708333 0.000000
vt 0.750000 1.000000
vt 0.729167 0.000000
vt 0.770833 1.000000
vt 0.750000 0.000000
vt 0.791667 1.000000
vt 0.770833 0.000000
vt 0.812500 1.000000
vt 0.791667 0.000000
vt 0.833333 1.000000
vt 0.812500 0.000000
vt 0.854167 1.000000
vt 0.833333 0.000000
vt 0.875000 1.000000
vt 0.854167 0.000000
vt 0.895833 1.000000
vt 0.875000 0.000000
vt 0.916667 1.000000
vt 0.895833 0.000000
vt 0.937500 1.000000
vt 0.916667 0.000000
vt 0.958333 1.000000
vt 0.937500 0.000000
vt 0.979167 1.000000
vt 0.958333 0.000000
vt 1.000000 1.000000
vt 0.979167 0.000000
vt 1.000000 0.000000
vt 1.000000 0.000000
vt 1.000000 0.000000
vt 1.000000 0.000000
vt 1.000000 0.000000
vt 1.000000 0.000000
vt 1.000000 0.000000
vt 1.000000 0.000000
vt 1.000000 0.000000
vt 1.000000 0.000000
vt 1.000000 0.000000
vt 1.000000 0.000000
vt 1.000000 0.000000
vt 1.000000 0.000000
vt 1.000000 0.000000
vt 1.000000 0.000000
vt 1.000000 0.000000
vt 1.000000 0.000000
vt 1.000000 0.000000
vt 1.000000 0.000000
vt 1.000000 0.000000
vt 1.000000 0.000000
vt 1.000000 0.000000
vt 1.000000 0.000000
vt 1.000000 0.000000
vt 1.000000 0.000000
vt 1.000000 0.000000
vt 1.000000 0.000000
vn 0.0000 1.0000 -0.0000
vn 0.0000 1.0000 -0.0001
vn 0.0000 1.0000 0.0001
vn 0.0000 -1.0000 -0.0000
vn 0.0000 -1.0000 -0.0001
vn 0.7071 0.0000 -0.7071
vn 0.7071 0.0000 0.7071
vn -0.7071 0.0000 0.7071
vn -0.7071 0.0000 -0.7071
vn -0.7378 0.0000 -0.6750
vn -0.4195 0.0000 -0.9077
vn -0.6874 0.0000 -0.7262
vn -0.6334 0.0000 -0.7738
vn -0.5760 0.0000 -0.8174
vn -0.5152 0.0000 -0.8571
vn -0.4510 0.0000 -0.8925
vn -0.3835 0.0000 -0.9235
vn -0.3128 0.0000 -0.9498
vn -0.2388 0.0000 -0.9710
vn -0.3127 0.0000 -0.9498
vn -0.1618 0.0000 -0.9868
vn -0.2388 0.0000 -0.9711
vn -0.0819 0.0000 -0.9966
vn 0.0083 0.0000 -0.9999
vn 0.1191 0.0000 -0.9929
vn 0.2443 0.0000 -0.9697
vn 0.3737 0.0000 -0.9275
vn 0.5025 0.0000 -0.8646
vn 0.6248 0.0000 -0.7808
vn 0.7342 0.0000 -0.6789
vn 0.6247 0.0000 -0.7808
vn 0.8256 0.0000 -0.5642
vn 0.8965 0.0000 -0.4430
vn 0.9467 0.0000 -0.3219
vn 0.9785 0.0000 -0.2060
vn 0.9951 0.0000 -0.0985
vn 0.9997 0.0000 -0.0236
vn -0.9998 0.0000 0.0219
vn -0.9959 0.0000 0.0903
vn -0.9823 0.0000 0.1871
vn -0.9567 0.0000 0.2909
vn -0.9162 0.0000 0.4006
vn -0.8578 0.0000 0.5139
vn -0.7791 0.0000 0.6268
vn -0.6793 0.0000 0.7339
vn -0.5598 0.0000 0.8286
vn -0.4251 0.0000 0.9051
vn -0.2822 0.0000 0.9593
vn -0.1386 0.0000 0.9903
vn -0.0139 0.0000 0.9999
vn 0.0821 0.0000 0.9966
vn 0.1692 0.0000 0.9856
vn 0.2587 0.0000 0.9659
vn 0.3463 0.0000 0.9381
vn 0.4280 0.0000 0.9037
vn 0.5011 0.0000 0.8654
vn 0.5640 0.0000 0.8257
vn 0.6167 0.0000 0.7871
vn 0.6600 0.0000 0.7512
vn 0.6950 0.0000 0.7190
vn 0.7229 0.0000 0.6909
vn 0.9314 0.0000 0.3638
vn 0.5244 0.0000 0.8515
vn 0.5395 0.0000 0.8420
vn 0.5027 0.0000 0.8645
vn 0.4729 0.0000 0.8811
vn 0.5027 0.0000 0.8644
vn 0.4336 0.0000 0.9011
vn 0.3841 0.0000 0.9233
vn 0.3247 0.0000 0.9458
vn 0.2576 0.0000 0.9662
vn 0.1869 0.0000 0.9824
vn 0.1177 0.0000 0.9930
vn 0.0548 0.0000 0.9985
vn -0.0029 0.0000 1.0000
vn -0.0670 0.0000 0.9977
vn -0.1444 0.0000 0.9895
vn -0.2344 0.0000 0.9721
vn -0.3361 0.0000 0.9418
vn -0.4464 0.0000 0.8948
vn -0.5597 0.0000 0.8287
vn -0.6682 0.0000 0.7439
vn -0.7643 0.0000 0.6449
vn -0.8426 0.0000 0.5385
vn -0.9015 0.0000 0.4326
vn -0.9428 0.0000 0.3334
vn -0.3111 0.0000 0.9503
vn 0.5845 0.0000 0.8114
vn 0.5440 0.0000 0.8390
vn 0.5005 0.0000 0.8657
vn 0.5440 0.0000 0.8391
vn 0.4539 0.0000 0.8910
vn 0.4045 0.0000 0.9145
vn 0.3522 0.0000 0.9359
vn 0.2975 0.0000 0.9547
vn 0.2405 0.0000 0.9706
vn 0.1819 0.0000 0.9833
vn 0.1218 0.0000 0.9925
vn 0.0610 0.0000 0.9981
vn -0.0176 0.0000 0.9998
vn 0.0611 0.0000 0.9981
vn -0.1330 0.0000 0.9911
vn -0.2663 0.0000 0.9639
vn -0.3956 0.0000 0.9184
vn -0.5169 0.0000 0.8560
vn -0.6272 0.0000 0.7789
vn -0.7244 0.0000 0.6893
vn -0.8076 0.0000 0.5897
vn -0.8761 0.0000 0.4821
vn -0.9298 0.0000 0.3680
vn -0.9686 0.0000 0.2487
vn -0.9921 0.0000 0.1254
vn -1.0000 0.0000 -0.0074
vn -0.9868 0.0000 -0.1617
vn -0.9441 0.0000 -0.3297
vn -0.8720 0.0000 -0.4894
vn -0.7800 0.0000 -0.6258
vn -0.6815 0.0000 -0.7318
vn -0.5887 0.0000 -0.8083
vn -0.5086 0.0000 -0.8610
vn -0.4442 0.0000 -0.8959
vn -0.3959 0.0000 -0.9183
vn -0.3631 0.0000 -0.9317
vn -0.3452 0.0000 -0.9385
vn -0.3370 0.0000 -0.9415
vn -0.8167 0.0000 -0.5770
vn -0.9998 0.0000 0.0211
vn -0.9958 0.0000 0.0909
vn -0.9803 0.0000 0.1975
vn -0.9470 0.0000 0.3213
vn -0.8889 0.0000 0.4580
vn -0.8017 0.0000 0.5977
vn -0.8889 0.0000 0.4581
vn -0.6870 0.0000 0.7266
vn -0.5545 0.0000 0.8322
vn -0.4179 0.0000 0.9085
vn -0.2895 0.0000 0.9572
vn -0.1765 0.0000 0.9843
vn -0.0809 0.0000 0.9967
vn 0.0009 0.0000 1.0000
vn 0.0786 0.0000 0.9969
vn 0.1570 0.0000 0.9876
vn 0.2344 0.0000 0.9721
vn 0.3096 0.0000 0.9508
vn 0.3821 0.0000 0.9241
vn 0.4508 0.0000 0.8926
vn 0.5152 0.0000 0.8571
vn 0.5749 0.0000 0.8182
vn 0.6297 0.0000 0.7768
vn 0.6795 0.0000 0.7336
vn 0.7243 0.0000 0.6894
vn -0.3569 0.0000 0.9341
vn -0.9315 0.0000 -0.3637
vn -0.7084 0.0000 -0.7058
vn -0.6504 0.0000 -0.7595
vn -0.5872 0.0000 -0.8094
vn -0.5199 0.0000 -0.8542
vn -0.4500 0.0000 -0.8930
vn -0.3789 0.0000 -0.9254
vn -0.3085 0.0000 -0.9512
vn -0.2398 0.0000 -0.9708
vn -0.1740 0.0000 -0.9847
vn -0.1120 0.0000 -0.9937
vn -0.0540 0.0000 -0.9985
vn 0.0085 0.0000 -0.9999
vn 0.0893 0.0000 -0.9960
vn 0.1859 0.0000 -0.9825
vn 0.2908 0.0000 -0.9568
vn 0.1859 0.0000 -0.9826
vn 0.4033 0.0000 -0.9150
vn 0.5206 0.0000 -0.8538
vn 0.6377 0.0000 -0.7702
vn 0.7476 0.0000 -0.6642
vn 0.8423 0.0000 -0.5390
vn 0.9158 0.0000 -0.4017
vn 0.9653 0.0000 -0.2612
vn 0.9920 0.0000 -0.1258
vn 0.9995 0.0000 -0.0301
vn 0.9999 0.0000 -0.0154
vn 0.9977 0.0000 -0.0670
vn 0.9891 0.0000 -0.1470
vn 0.9698 0.0000 -0.2438
vn 0.9337 0.0000 -0.3581
vn 0.8733 0.0000 -0.4872
vn 0.7825 0.0000 -0.6226
vn 0.6611 0.0000 -0.7502
vn 0.5178 0.0000 -0.8555
vn 0.6612 0.0000 -0.7502
vn 0.3681 0.0000 -0.9297
vn 0.2272 0.0000 -0.9738
vn 0.1045 0.0000 -0.9945
vn -0.0139 0.0000 -0.9999
vn 0.1044 0.0000 -0.9945
vn -0.1352 0.0000 -0.9908
vn -0.2368 0.0000 -0.9715
vn -0.1353 0.0000 -0.9908
vn -0.3115 0.0000 -0.9502
vn -0.2368 0.0000 -0.9716
vn -0.3688 0.0000 -0.9295
vn -0.4145 0.0000 -0.9100
vn -0.4521 0.0000 -0.8920
vn -0.4840 0.0000 -0.8751
vn -0.5118 0.0000 -0.8591
vn -0.4840 0.0000 -0.8750
vn -0.5367 0.0000 -0.8438
vn -0.5119 0.0000 -0.8591
vn -0.5593 0.0000 -0.8289
vn -0.5802 0.0000 -0.8144
vn -0.5593 0.0000 -0.8290
vn 0.4526 0.0000 -0.8917
vn 0.8791 0.0000 0.4766
vn 0.3536 0.0000 0.9354
vn 0.3352 0.0000 0.9421
vn 0.3812 0.0000 0.9245
vn 0.4196 0.0000 0.9077
vn 0.4704 0.0000 0.8824
vn 0.5358 0.0000 0.8443
vn 0.6169 0.0000 0.7870
vn 0.7125 0.0000 0.7016
vn 0.8158 0.0000 0.5784
vn 0.9110 0.0000 0.4124
vn 0.9772 0.0000 0.2122
vn 0.9998 0.0000 0.0220
vn 0.9922 0.0000 -0.1244
vn 0.9680 0.0000 -0.2510
vn 0.9262 0.0000 -0.3771
vn 0.8667 0.0000 -0.4988
vn 0.7905 0.0000 -0.6124
vn 0.6993 0.0000 -0.7148
vn 0.5957 0.0000 -0.8032
vn 0.4827 0.0000 -0.8758
vn 0.3635 0.0000 -0.9315
vn 0.2415 0.0000 -0.9704
vn 0.1196 0.0000 -0.9928
vn 0.0087 0.0000 -0.9999
vn -0.0825 0.0000 -0.9966
vn -0.1630 0.0000 -0.9866
vn -0.2399 0.0000 -0.9708
vn -0.3121 0.0000 -0.9500
vn -0.3788 0.0000 -0.9254
vn -0.4397 0.0000 -0.8981
vn -0.4947 0.0000 -0.8690
vn -0.5439 0.0000 -0.8391
vn -0.4947 0.0000 -0.8691
vn -0.5878 0.0000 -0.8090
vn -0.6267 0.0000 -0.7792
vn -0.6611 0.0000 -0.7503
vn -0.9157 0.0000 -0.4018
vn -0.5796 0.0000 0.8149
vn -0.5044 0.0000 -0.8635
vn -0.5453 0.0000 -0.8382
vn -0.4603 0.0000 -0.8877
vn -0.4134 0.0000 -0.9105
vn -0.3641 0.0000 -0.9314
vn -0.2600 0.0000 -0.9656
vn -0.2066 0.0000 -0.9784
vn -0.1533 0.0000 -0.9882
vn -0.1007 0.0000 -0.9949
vn -0.0495 0.0000 -0.9987
vn 0.0233 0.0000 -0.9997
vn -0.0496 0.0000 -0.9987
vn 0.1430 0.0000 -0.9897
vn 0.2854 0.0000 -0.9584
vn 0.4220 0.0000 -0.9066
vn 0.5480 0.0000 -0.8365
vn 0.6599 0.0000 -0.7513
vn 0.7558 0.0000 -0.6548
vn 0.8349 0.0000 -0.5504
vn 0.8974 0.0000 -0.4412
vn 0.9440 0.0000 -0.3298
vn 0.9759 0.0000 -0.2182
vn 0.9941 0.0000 -0.1079
vn 1.0000 0.0000 -0.0013
vn 0.9944 0.0000 0.1052
vn 0.9757 0.0000 0.2189
vn 0.9403 0.0000 0.3403
vn 0.8850 0.0000 0.4655
vn 0.8083 0.0000 0.5887
vn 0.7113 0.0000 0.7029
vn 0.5978 0.0000 0.8016
vn 0.4742 0.0000 0.8804
vn 0.3475 0.0000 0.9377
vn 0.2239 0.0000 0.9746
vn 0.1077 0.0000 0.9942
vn 0.0168 0.0000 0.9998
vn -0.0355 0.0000 0.9994
vn -0.0696 0.0000 0.9976
vn -0.1026 0.0000 0.9947
vn -0.1349 0.0000 0.9908
vn -0.1671 0.0000 0.9859
vn -0.1995 0.0000 0.9799
vn -0.2327 0.0000 0.9725
vn -0.2672 0.0000 0.9636
vn -0.3036 0.0000 0.9528
vn -0.3426 0.0000 0.9395
vn -0.3850 0.0000 0.9229
vn -0.8387 0.0000 0.5445
vn 0.4665 0.0000 -0.8845
vn 0.2394 0.0000 -0.9709
vn 0.2652 0.0000 -0.9642
vn 0.2163 0.0000 -0.9763
vn 0.1949 0.0000 -0.9808
vn 0.1744 0.0000 -0.9846
vn 0.1543 0.0000 -0.9880
vn 0.1745 0.0000 -0.9846
vn 0.1339 0.0000 -0.9910
vn 0.1125 0.0000 -0.9936
vn 0.0894 0.0000 -0.9960
vn 0.0637 0.0000 -0.9980
vn 0.0342 0.0000 -0.9994
vn -0.0229 0.0000 -0.9997
vn -0.1297 0.0000 -0.9915
vn -0.2612 0.0000 -0.9653
vn -0.3909 0.0000 -0.9204
vn -0.5146 0.0000 -0.8574
vn -0.6285 0.0000 -0.7778
vn -0.7294 0.0000 -0.6840
vn -0.8151 0.0000 -0.5793
vn -0.8843 0.0000 -0.4668
vn -0.9367 0.0000 -0.3500
vn -0.9728 0.0000 -0.2316
vn -0.9934 0.0000 -0.1144
vn -1.0000 0.0000 -0.0059
vn -0.9958 0.0000 0.0918
vn -0.9819 0.0000 0.1894
vn -0.9560 0.0000 0.2933
vn -0.9156 0.0000 0.4021
vn -0.7805 0.0000 0.6251
vn -0.6827 0.0000 0.7307
vn -0.5652 0.0000 0.8249
vn -0.4319 0.0000 0.9019
vn -0.2886 0.0000 0.9574
vn -0.1427 0.0000 0.9897
vn -0.0208 0.0000 0.9998
vn 0.0593 0.0000 0.9982
vn 0.1248 0.0000 0.9922
vn 0.1956 0.0000 0.9807
vn 0.2688 0.0000 0.9632
vn 0.3411 0.0000 0.9400
vn 0.4095 0.0000 0.9123
vn 0.4715 0.0000 0.8818
vn 0.5258 0.0000 0.8506
vn 0.5719 0.0000 0.8203
vn 0.6101 0.0000 0.7923
vn 0.6412 0.0000 0.7673
vn 0.9097 0.0000 0.4153
vn 0.7996 0.0000 -0.6005
vn 0.4869 0.0000 0.8734
vn 0.5233 0.0000 0.8521
vn 0.5232 0.0000 0.8521
vn 0.4449 0.0000 0.8955
vn 0.3980 0.0000 0.9174
vn 0.3470 0.0000 0.9378
vn 0.2934 0.0000 0.9560
vn 0.2388 0.0000 0.9711
vn 0.1848 0.0000 0.9828
vn 0.1330 0.0000 0.9911
vn 0.0845 0.0000 0.9964
vn 0.0403 0.0000 0.9992
vn -0.0249 0.0000 0.9997
vn -0.1412 0.0000 0.9900
vn -0.2852 0.0000 0.9584
vn -0.4256 0.0000 0.9049
vn -0.2852 0.0000 0.9585
vn -0.5557 0.0000 0.8314
vn -0.6701 0.0000 0.7422
vn -0.7664 0.0000 0.6424
vn -0.8438 0.0000 0.5366
vn -0.9036 0.0000 0.4283
vn -0.9475 0.0000 0.3198
vn -0.9772 0.0000 0.2120
vn -0.9944 0.0000 0.1055
vn -1.0000 0.0000 -0.0004
vn -0.9940 0.0000 -0.1091
vn -0.9749 0.0000 -0.2227
vn -0.9405 0.0000 -0.3396
vn -0.8894 0.0000 -0.4571
vn -0.8205 0.0000 -0.5716
vn -0.7338 0.0000 -0.6793
vn -0.6309 0.0000 -0.7758
vn -0.5145 0.0000 -0.8574
vn -0.3887 0.0000 -0.9214
vn -0.2581 0.0000 -0.9661
vn -0.1274 0.0000 -0.9919
vn -0.0020 0.0000 -1.0000
vn 0.1222 0.0000 -0.9925
vn 0.2545 0.0000 -0.9671
vn 0.1221 0.0000 -0.9925
vn 0.3938 0.0000 -0.9192
vn 0.5324 0.0000 -0.8464
vn 0.6607 0.0000 -0.7506
vn 0.7703 0.0000 -0.6377
vn 0.8564 0.0000 -0.5163
vn 0.9186 0.0000 -0.3951
vn 0.9598 0.0000 -0.2805
vn 0.9844 0.0000 -0.1760
vn 0.9965 0.0000 -0.0830
vn 0.7209 0.0000 0.6930
vn 0.7733 0.0000 0.6340
vn 0.9706 0.0000 -0.2406
vn 0.9427 0.0000 -0.3338
vn 0.9005 0.0000 -0.4348
vn 0.8413 0.0000 -0.5406
vn 0.7632 0.0000 -0.6461
vn 0.6671 0.0000 -0.7449
vn 0.5566 0.0000 -0.8308
vn 0.4378 0.0000 -0.8991
vn 0.3177 0.0000 -0.9481
vn 0.2026 0.0000 -0.9792
vn 0.0965 0.0000 -0.9953
vn 0.0076 0.0000 -1.0000
vn -0.0612 0.0000 -0.9981
vn -0.1212 0.0000 -0.9926
vn -0.1791 0.0000 -0.9838
vn -0.2344 0.0000 -0.9721
vn -0.2864 0.0000 -0.9581
vn -0.3347 0.0000 -0.9423
vn -0.3793 0.0000 -0.9252
vn -0.4201 0.0000 -0.9075
vn -0.4570 0.0000 -0.8894
vn -0.4904 0.0000 -0.8715
vn -0.5202 0.0000 -0.8540
vn 0.4825 0.0000 -0.8759
vn 0.8775 0.0000 0.4796
vn 0.4826 0.0000 -0.8759
vn -0.9703 0.0000 0.2417
vn -0.9902 0.0000 0.1396
vn -0.9367 0.0000 0.3501
vn -0.8866 0.0000 0.4625
vn -0.8179 0.0000 0.5753
vn -0.7300 0.0000 0.6834
vn -0.6242 0.0000 0.7812
vn -0.5044 0.0000 0.8634
vn -0.3763 0.0000 0.9265
vn -0.2462 0.0000 0.9692
vn -0.1198 0.0000 0.9928
vn -0.0038 0.0000 1.0000
vn 0.1048 0.0000 0.9945
vn 0.2178 0.0000 0.9760
vn 0.3374 0.0000 0.9413
vn 0.4587 0.0000 0.8886
vn 0.5754 0.0000 0.8179
vn 0.6814 0.0000 0.7319
vn 0.7721 0.0000 0.6355
vn 0.8451 0.0000 0.5345
vn 0.9009 0.0000 0.4340
vn 0.9411 0.0000 0.3381
vn 0.9685 0.0000 0.2490
vn 0.7766 0.0000 -0.6300
vn -0.7383 0.0000 -0.6744
vn 0.1249 0.0000 -0.9922
vn 0.0302 0.0000 -0.9995
vn 0.2562 0.0000 -0.9666
vn 0.3894 0.0000 -0.9210
vn 0.5182 0.0000 -0.8552
vn 0.6362 0.0000 -0.7714
vn 0.7389 0.0000 -0.6738
vn 0.8236 0.0000 -0.5671
vn 0.8902 0.0000 -0.4555
vn 0.9396 0.0000 -0.3421
vn 0.9736 0.0000 -0.2283
vn 0.9934 0.0000 -0.1144
vn 1.0000 0.0000 0.0037
vn 0.9916 0.0000 0.1291
vn 0.9668 0.0000 0.2554
vn 0.9261 0.0000 0.3772
vn 0.8699 0.0000 0.4933
vn 0.7984 0.0000 0.6020
vn 0.7124 0.0000 0.7018
vn 0.6126 0.0000 0.7903
vn 0.5010 0.0000 0.8654
vn 0.3802 0.0000 0.9249
vn 0.2537 0.0000 0.9673
vn 0.1257 0.0000 0.9920
vn 0.0309 0.0000 0.9995
vn -0.1357 0.0000 -0.9907
vn -0.0324 0.0000 -0.9995
vn -0.2813 0.0000 -0.9596
vn -0.4297 0.0000 -0.9030
vn -0.5699 0.0000 -0.8217
vn -0.6923 0.0000 -0.7215
vn -0.7915 0.0000 -0.6112
vn -0.8666 0.0000 -0.4989
vn -0.9207 0.0000 -0.3903
vn -0.9576 0.0000 -0.2879
vn -0.9815 0.0000 -0.1911
vn -0.9953 0.0000 -0.0970
vn -1.0000 0.0000 0.0020
vn -0.9939 0.0000 0.1105
vn -0.9739 0.0000 0.2267
vn -0.9375 0.0000 0.3479
vn -0.8820 0.0000 0.4711
vn -0.8061 0.0000 0.5917
vn -0.7106 0.0000 0.7036
vn -0.5986 0.0000 0.8010
vn -0.4759 0.0000 0.8795
vn -0.3492 0.0000 0.9370
vn -0.2250 0.0000 0.9744
vn -0.1080 0.0000 0.9941
vn -0.0258 0.0000 0.9997
vn 0.8083 0.0000 0.5886
vn 0.6909 0.0000 0.7229
vn -0.3790 0.0000 0.9254
vn 0.6461 0.0000 0.7632
vn 0.5995 0.0000 0.8004
vn 0.5508 0.0000 0.8346
vn 0.4995 0.0000 0.8663
vn 0.4450 0.0000 0.8955
vn 0.3865 0.0000 0.9223
vn 0.3230 0.0000 0.9464
vn 0.2536 0.0000 0.9673
vn 0.1772 0.0000 0.9842
vn 0.0925 0.0000 0.9957
vn -0.0063 0.0000 1.0000
vn -0.1244 0.0000 0.9922
vn -0.2544 0.0000 0.9671
vn -0.3870 0.0000 0.9220
vn -0.5168 0.0000 0.8561
vn -0.6377 0.0000 0.7703
vn -0.7439 0.0000 0.6683
vn -0.8317 0.0000 0.5552
vn -0.7439 0.0000 0.6682
vn -0.8995 0.0000 0.4370
vn -0.9477 0.0000 0.3190
vn -0.9786 0.0000 0.2055
vn -0.9951 0.0000 0.0990
vn -0.9997 0.0000 0.0238
vn 0.9998 0.0000 -0.0212
vn 0.9960 0.0000 -0.0896
vn 0.9817 0.0000 -0.1901
vn 0.9531 0.0000 -0.3027
vn 0.9052 0.0000 -0.4249
vn 0.8342 0.0000 -0.5514
vn 0.7387 0.0000 -0.6740
vn 0.6219 0.0000 -0.7831
vn 0.4912 0.0000 -0.8711
vn 0.3564 0.0000 -0.9343
vn 0.2264 0.0000 -0.9740
vn 0.1072 0.0000 -0.9942
vn 0.0025 0.0000 -1.0000
vn -0.0916 0.0000 -0.9958
vn -0.1820 0.0000 -0.9833
vn -0.2697 0.0000 -0.9629
vn -0.3535 0.0000 -0.9354
vn -0.4323 0.0000 -0.9017
vn -0.5054 0.0000 -0.8629
vn -0.5723 0.0000 -0.8200
vn -0.6329 0.0000 -0.7742
vn -0.6873 0.0000 -0.7263
vn -0.7358 0.0000 -0.6772
vn -0.7786 0.0000 -0.6275
vn -0.9482 0.0000 -0.3176
vn 0.7320 0.0000 -0.6813
vn 0.9207 0.0000 0.3903
vn 0.7606 0.0000 -0.6492
vn 0.7933 0.0000 -0.6088
vn 0.8290 0.0000 -0.5592
vn 0.8660 0.0000 -0.5000
vn 0.9019 0.0000 -0.4319
vn 0.9341 0.0000 -0.3569
vn 0.9605 0.0000 -0.2781
vn 0.9798 0.0000 -0.1998
vn 0.9921 0.0000 -0.1257
vn 0.9983 0.0000 -0.0589
vn 0.9999 0.0000 0.0088
vn 0.9962 0.0000 0.0868
vn 0.9864 0.0000 0.1643
vn 0.9726 0.0000 0.2326
vn 0.9559 0.0000 0.2936
vn 0.9371 0.0000 0.3490
vn 0.9163 0.0000 0.4005
vn 0.8932 0.0000 0.4496
vn 0.8674 0.0000 0.4976
vn 0.8378 0.0000 0.5459
vn 0.8029 0.0000 0.5961
vn 0.7602 0.0000 0.6497
vn 0.8029 0.0000 0.5960
vn 0.6975 0.0000 0.7166
vn 0.5856 0.0000 0.8105
vn 0.4460 0.0000 0.8950
vn 0.3309 0.0000 0.9437
vn 0.2469 0.0000 0.9690
vn 0.1780 0.0000 0.9840
vn 0.1992 0.0000 0.9799
vn 0.2722 0.0000 0.9622
vn 0.4204 0.0000 0.9073
vn 0.6589 0.0000 0.7522
vn 0.9052 0.0000 0.4250
vn 0.9997 0.0000 0.0235
vn 0.9499 0.0000 -0.3123
vn 0.8220 0.0000 -0.5694
vn 0.6732 0.0000 -0.7394
vn 0.5444 0.0000 -0.8388
vn 0.4452 0.0000 -0.8954
vn 0.3715 0.0000 -0.9284
vn 0.3171 0.0000 -0.9484
vn 0.2768 0.0000 -0.9609
vn 0.2469 0.0000 -0.9690
vn 0.2248 0.0000 -0.9744
vn 0.2084 0.0000 -0.9780
vn 0.2156 0.0000 -0.9765
vn 0.2687 0.0000 -0.9632
vn 0.3506 0.0000 -0.9365
vn 0.4402 0.0000 -0.8979
vn 0.5356 0.0000 -0.8444
vn 0.6332 0.0000 -0.7739
vn 0.7280 0.0000 -0.6856
vn 0.8139 0.0000 -0.5810
vn 0.8855 0.0000 -0.4646
vn 0.9395 0.0000 -0.3426
vn 0.9752 0.0000 -0.2215
vn 0.9943 0.0000 -0.1067
vn 0.9999 0.0000 0.0121
vn 0.9878 0.0000 0.1559
vn 0.9483 0.0000 0.3172
vn 0.8802 0.0000 0.4745
vn 0.7873 0.0000 0.6165
vn 0.6781 0.0000 0.7350
vn 0.5622 0.0000 0.8270
vn 0.4478 0.0000 0.8941
vn 0.3400 0.0000 0.9404
vn 0.2414 0.0000 0.9704
vn 0.1523 0.0000 0.9883
vn 0.0724 0.0000 0.9973
vn -0.0024 0.0000 1.0000
vn -0.0808 0.0000 0.9967
vn -0.1653 0.0000 0.9862
vn -0.2545 0.0000 0.9670
vn -0.3486 0.0000 0.9372
vn -0.4479 0.0000 0.8941
vn -0.5515 0.0000 0.8342
vn -0.6574 0.0000 0.7535
vn -0.7614 0.0000 0.6482
vn -0.8566 0.0000 0.5160
vn -0.9335 0.0000 0.3585
vn -0.9832 0.0000 0.1827
vn -0.9997 0.0000 0.0226
vn -0.9953 0.0000 -0.0971
vn -0.9787 0.0000 -0.2052
vn -0.9463 0.0000 -0.3232
vn -0.8953 0.0000 -0.4454
vn -0.8257 0.0000 -0.5641
vn -0.7409 0.0000 -0.6716
vn -0.6473 0.0000 -0.7622
vn -0.5519 0.0000 -0.8339
vn -0.4604 0.0000 -0.8877
vn -0.3768 0.0000 -0.9263
vn -0.3025 0.0000 -0.9531
vn -0.9889 0.0000 -0.1484
vn -0.5566 0.0000 0.8307
vn -0.5944 0.0000 0.8042
vn -0.6366 0.0000 0.7712
vn -0.6832 0.0000 0.7302
vn -0.7336 0.0000 0.6795
vn -0.7868 0.0000 0.6172
vn -0.8405 0.0000 0.5418
vn -0.8918 0.0000 0.4525
vn -0.9714 0.0000 0.2374
vn -0.9929 0.0000 0.1190
vn -0.9999 0.0000 -0.0106
vn -0.9872 0.0000 -0.1591
vn -0.9506 0.0000 -0.3104
vn -0.8947 0.0000 -0.4467
vn -0.8256 0.0000 -0.5643
vn -0.7490 0.0000 -0.6625
vn -0.6695 0.0000 -0.7428
vn -0.5900 0.0000 -0.8074
vn -0.5122 0.0000 -0.8589
vn -0.4368 0.0000 -0.8995
vn -0.3642 0.0000 -0.9313
vn -0.2943 0.0000 -0.9557
vn -0.7936 0.0000 -0.6084
vn -0.8388 0.0000 0.5444
vn -0.4244 0.0000 0.9055
vn -0.4591 0.0000 0.8884
vn -0.4947 0.0000 0.8690
vn -0.5311 0.0000 0.8473
vn -0.5680 0.0000 0.8230
vn -0.6052 0.0000 0.7960
vn -0.6424 0.0000 0.7663
vn -0.6793 0.0000 0.7338
vn -0.7155 0.0000 0.6986
vn -0.7505 0.0000 0.6608
vn -0.7154 0.0000 0.6986
vn -0.7842 0.0000 0.6205
vn -0.8189 0.0000 0.5740
vn -0.8516 0.0000 0.5241
vn -0.8797 0.0000 0.4755
vn -0.9048 0.0000 0.4259
vn -0.9268 0.0000 0.3755
vn -0.9457 0.0000 0.3251
vn -0.9615 0.0000 0.2749
vn -0.9742 0.0000 0.2255
vn -0.9842 0.0000 0.1772
vn -0.9915 0.0000 0.1303
vn -0.9964 0.0000 0.0850
vn -0.9991 0.0000 0.0417
vn -0.9997 0.0000 -0.0230
vn -0.9905 0.0000 -0.1371
vn -0.9598 0.0000 -0.2805
vn -0.9053 0.0000 -0.4247
vn -0.8275 0.0000 -0.5615
vn -0.7304 0.0000 -0.6830
vn -0.6207 0.0000 -0.7840
vn -0.5056 0.0000 -0.8627
vn -0.3913 0.0000 -0.9203
vn -0.2819 0.0000 -0.9594
vn -0.1800 0.0000 -0.9836
vn -0.0863 0.0000 -0.9962
vn -0.0208 0.0000 -0.9998
vn 0.2465 0.0000 0.9691
vn 0.1245 0.0000 0.9922
vn 0.3635 0.0000 0.9315
vn 0.4746 0.0000 0.8802
vn 0.5787 0.0000 0.8155
vn 0.6752 0.0000 0.7376
vn 0.7630 0.0000 0.6464
vn 0.8407 0.0000 0.5414
vn 0.9062 0.0000 0.4228
vn 0.9566 0.0000 0.2912
vn 0.9889 0.0000 0.1488
vn 1.0000 0.0000 0.0065
vn 0.9919 0.0000 -0.1268
vn 0.9662 0.0000 -0.2578
vn 0.9210 0.0000 -0.3895
vn 0.8560 0.0000 -0.5168
vn 0.7728 0.0000 -0.6346
vn 0.6745 0.0000 -0.7383
vn 0.5652 0.0000 -0.8249
vn 0.4498 0.0000 -0.8931
vn 0.3327 0.0000 -0.9430
vn 0.2171 0.0000 -0.9761
vn 0.1059 0.0000 -0.9944
vn -0.0035 0.0000 -1.0000
vn -0.1192 0.0000 -0.9929
vn -0.2409 0.0000 -0.9705
vn -0.3627 0.0000 -0.9319
vn -0.4817 0.0000 -0.8763
vn -0.5947 0.0000 -0.8039
vn -0.6983 0.0000 -0.7158
vn -0.7896 0.0000 -0.6136
vn -0.8660 0.0000 -0.5000
vn -0.9256 0.0000 -0.3784
vn -0.9677 0.0000 -0.2521
vn -0.9921 0.0000 -0.1250
vn -1.0000 0.0000 0.0075
vn -0.9884 0.0000 0.1518
vn -0.9551 0.0000 0.2963
vn -0.9034 0.0000 0.4288
vn -0.8370 0.0000 0.5472
vn -0.7589 0.0000 0.6511
vn -0.6715 0.0000 0.7410
vn -0.5760 0.0000 0.8174
vn -0.4732 0.0000 0.8809
vn -0.3635 0.0000 0.9316
vn -0.2474 0.0000 0.9689
vn -0.1255 0.0000 0.9921
vn -0.0003 0.0000 1.0000
vn 0.1650 0.0000 0.9863
vn 0.0804 0.0000 0.9967
vn 0.2549 0.0000 0.9669
vn 0.1651 0.0000 0.9863
vn 0.3502 0.0000 0.9367
vn 0.4509 0.0000 0.8925
vn 0.5561 0.0000 0.8311
vn 0.6633 0.0000 0.7484
vn 0.7676 0.0000 0.6409
vn 0.8617 0.0000 0.5073
vn 0.9366 0.0000 0.3502
vn 0.9841 0.0000 0.1774
vn 1.0000 0.0000 0.0020
vn 0.9846 0.0000 -0.1750
vn 0.9340 0.0000 -0.3572
vn 0.8472 0.0000 -0.5312
vn 0.7335 0.0000 -0.6797
vn 0.8473 0.0000 -0.5312
vn 0.6079 0.0000 -0.7940
vn 0.4847 0.0000 -0.8747
vn 0.3721 0.0000 -0.9282
vn 0.2734 0.0000 -0.9619
vn 0.1886 0.0000 -0.9820
vn 0.1162 0.0000 -0.9932
vn 0.0542 0.0000 -0.9985
vn -0.0004 0.0000 -1.0000
vn -0.0552 0.0000 -0.9984
vn -0.1169 0.0000 -0.9931
vn -0.1872 0.0000 -0.9823
vn -0.2680 0.0000 -0.9634
vn -0.3607 0.0000 -0.9327
vn -0.4662 0.0000 -0.8846
vn -0.5834 0.0000 -0.8122
vn -0.7065 0.0000 -0.7077
vn -0.5833 0.0000 -0.8122
vn -0.8243 0.0000 -0.5661
vn -0.9205 0.0000 -0.3907
vn -0.9806 0.0000 -0.1958
vn -0.9998 0.0000 0.0204
vn -0.9616 0.0000 0.2743
vn -0.8537 0.0000 0.5207
vn -0.7101 0.0000 0.7041
vn -0.5681 0.0000 0.8229
vn -0.4456 0.0000 0.8952
vn -0.3454 0.0000 0.9384
vn -0.2640 0.0000 0.9645
vn -0.1969 0.0000 0.9804
vn -0.1403 0.0000 0.9901
vn -0.0907 0.0000 0.9958
vn -0.0450 0.0000 0.9990
vn 0.0083 0.0000 0.9999
vn 0.5857 0.0000 0.8105
vn 0.4846 0.0000 -0.8747
vn -0.2679 0.0000 0.9634
vn -0.1361 0.0000 0.9907
vn -0.3923 0.0000 0.9198
vn -0.5075 0.0000 0.8616
vn -0.6127 0.0000 0.7903
vn -0.7903 0.0000 0.6127
vn -0.8616 0.0000 0.5075
vn -0.9198 0.0000 0.3923
vn -0.9634 0.0000 0.2679
vn -0.9907 0.0000 0.1361
vn -1.0000 0.0000 0.0000
vn -0.9907 0.0000 -0.1361
vn -0.9634 0.0000 -0.2679
vn -0.9198 0.0000 -0.3923
vn -0.8616 0.0000 -0.5075
vn -0.7903 0.0000 -0.6127
vn -0.6127 0.0000 -0.7903
vn -0.5076 0.0000 -0.8616
vn -0.3923 0.0000 -0.9198
vn -0.5075 0.0000 -0.8616
vn -0.2679 0.0000 -0.9634
vn -0.1361 0.0000 -0.9907
vn 0.0000 0.0000 -1.0000
vn 0.1361 0.0000 -0.9907
vn 0.2679 0.0000 -0.9634
vn 0.3923 0.0000 -0.9198
vn 0.5075 0.0000 -0.8616
vn 0.6127 0.0000 -0.7903
vn 0.7903 0.0000 -0.6127
vn 0.8616 0.0000 -0.5075
vn 0.9198 0.0000 -0.3923
vn 0.9634 0.0000 -0.2679
vn 0.9907 0.0000 -0.1361
vn 1.0000 0.0000 0.0000
vn 0.9907 0.0000 0.1361
vn 0.9634 0.0000 0.2679
vn 0.9198 0.0000 0.3923
vn 0.8616 0.0000 0.5075
vn 0.7903 0.0000 0.6127
vn 0.6127 0.0000 0.7903
vn 0.5075 0.0000 0.8616
vn 0.3923 0.0000 0.9198
vn 0.5076 0.0000 0.8616
vn 0.2679 0.0000 0.9634
vn 0.1361 0.0000 0.9907
vn 0.0000 0.0000 1.0000
vn -0.9998 0.0000 0.0218
vn 0.9982 0.0000 -0.0589
vn 0.9962 0.0000 0.0867
vn 0.9163 0.0000 0.4006
vn -0.9964 0.0000 0.0851
vn -0.7065 0.0000 -0.7076
vn -0.9806 0.0000 -0.1959
usemtl Material.002
s off
f 157/1/1 159/2/1 158/3/1
f 157/1/1 160/4/1 159/2/1
f 156/5/1 160/4/1 157/1/1
f 155/6/1 160/4/1 156/5/1
f 154/7/1 160/4/1 155/6/1
f 153/8/1 160/4/1 154/7/1
f 152/9/1 160/4/1 153/8/1
f 151/10/1 160/4/1 152/9/1
f 150/11/1 1/12/1 151/10/1
f 1/12/1 160/4/1 151/10/1
f 150/11/1 2/13/1 1/12/1
f 149/14/1 161/15/1 150/11/1
f 161/15/1 208/16/1 150/11/1
f 208/16/1 2/13/1 150/11/1
f 207/17/1 2/13/1 208/16/1
f 207/17/1 3/18/1 2/13/1
f 206/19/1 3/18/1 207/17/1
f 149/14/1 162/20/1 161/15/1
f 205/21/1 3/18/1 206/19/1
f 149/14/1 163/22/1 162/20/1
f 204/23/1 3/18/1 205/21/1
f 149/14/1 164/24/1 163/22/1
f 204/23/1 4/25/1 3/18/1
f 203/26/1 4/25/1 204/23/1
f 149/14/1 165/27/1 164/24/1
f 148/28/1 165/27/1 149/14/1
f 202/29/1 4/25/1 203/26/1
f 202/29/1 5/30/1 4/25/1
f 148/28/1 166/31/1 165/27/1
f 201/32/1 5/30/1 202/29/1
f 148/28/1 167/33/1 166/31/1
f 201/32/1 6/34/1 5/30/1
f 200/35/1 6/34/1 201/32/1
f 148/28/1 168/36/1 167/33/1
f 200/35/1 7/37/1 6/34/1
f 147/38/1 168/36/1 148/28/1
f 199/39/1 7/37/1 200/35/1
f 199/39/1 8/40/1 7/37/1
f 147/38/1 169/41/1 168/36/1
f 199/39/1 9/42/1 8/40/1
f 198/43/1 9/42/1 199/39/1
f 147/38/1 170/44/1 169/41/1
f 146/45/1 170/44/1 147/38/1
f 198/43/1 10/46/1 9/42/1
f 197/47/1 10/46/1 198/43/1
f 146/45/1 171/48/1 170/44/1
f 197/47/1 11/49/1 10/46/1
f 196/50/1 11/49/1 197/47/1
f 146/45/1 172/51/1 171/48/1
f 196/50/1 12/52/1 11/49/1
f 145/53/1 172/51/1 146/45/1
f 195/54/1 12/52/1 196/50/1
f 195/54/1 13/55/1 12/52/1
f 145/53/1 173/56/1 172/51/1
f 144/57/1 173/56/1 145/53/1
f 195/54/1 14/58/1 13/55/1
f 194/59/1 14/58/1 195/54/1
f 144/57/1 174/60/1 173/56/1
f 143/61/1 174/60/1 144/57/1
f 194/59/1 15/62/1 14/58/1
f 142/63/1 174/60/1 143/61/1
f 193/64/1 15/62/1 194/59/1
f 142/63/1 175/65/1 174/60/1
f 193/64/1 16/66/1 15/62/1
f 141/67/1 175/65/1 142/63/1
f 192/68/1 16/66/1 193/64/1
f 141/67/1 176/69/1 175/65/1
f 140/70/1 176/69/1 141/67/1
f 192/68/1 17/71/1 16/66/1
f 191/72/1 17/71/1 192/68/1
f 139/73/1 176/69/1 140/70/1
f 139/73/1 177/74/1 176/69/1
f 191/72/1 18/75/1 17/71/1
f 138/76/1 177/74/1 139/73/1
f 190/77/1 18/75/1 191/72/1
f 138/76/1 178/78/1 177/74/1
f 137/79/1 178/78/1 138/76/1
f 190/77/1 19/80/1 18/75/1
f 189/81/1 19/80/1 190/77/1
f 137/79/1 179/82/1 178/78/1
f 136/83/1 179/82/1 137/79/1
f 188/84/1 19/80/1 189/81/1
f 188/84/1 20/85/1 19/80/1
f 136/83/1 180/86/1 179/82/1
f 135/87/1 180/86/1 136/83/1
f 187/88/1 20/85/1 188/84/1
f 135/87/1 181/89/1 180/86/1
f 187/88/1 21/90/1 20/85/1
f 134/91/1 181/89/1 135/87/1
f 186/92/1 21/90/1 187/88/1
f 134/91/1 182/93/1 181/89/1
f 185/94/1 21/90/1 186/92/1
f 134/91/1 183/95/1 182/93/1
f 133/96/1 183/95/1 134/91/1
f 184/97/1 21/90/1 185/94/1
f 133/96/1 184/97/1 183/95/1
f 133/96/1 21/90/1 184/97/1
f 133/96/1 22/98/1 21/90/1
f 132/99/1 22/98/1 133/96/1
f 132/99/1 23/100/1 22/98/1
f 131/101/1 23/100/1 132/99/1
f 131/101/1 24/102/1 23/100/1
f 130/103/1 24/102/1 131/101/1
f 129/104/1 24/102/1 130/103/1
f 129/104/1 25/105/1 24/102/1
f 128/106/1 25/105/1 129/104/1
f 128/106/1 26/107/1 25/105/1
f 127/108/1 26/107/1 128/106/1
f 126/109/1 26/107/1 127/108/1
f 125/110/1 26/107/1 126/109/1
f 125/110/1 27/111/1 26/107/1
f 124/112/1 27/111/1 125/110/1
f 123/113/1 27/111/1 124/112/1
f 122/114/1 27/111/1 123/113/1
f 122/114/1 28/115/1 27/111/1
f 121/116/1 28/115/1 122/114/1
f 120/117/1 28/115/1 121/116/1
f 119/118/1 28/115/1 120/117/1
f 119/118/1 29/119/1 28/115/1
f 118/120/1 29/119/1 119/118/1
f 118/120/1 30/121/1 29/119/1
f 117/122/1 30/121/1 118/120/1
f 117/122/1 31/123/1 30/121/1
f 116/124/1 31/123/1 117/122/1
f 116/124/1 32/125/1 31/123/1
f 115/126/1 32/125/1 116/124/1
f 115/126/1 33/127/1 32/125/1
f 115/126/1 34/128/1 33/127/1
f 114/129/1 34/128/1 115/126/1
f 114/129/1 35/130/1 34/128/1
f 113/131/1 35/130/1 114/129/1
f 113/131/1 36/132/1 35/130/1
f 112/133/1 36/132/1 113/131/1
f 111/134/1 36/132/1 112/133/1
f 111/134/1 37/135/1 36/132/1
f 110/136/1 37/135/1 111/134/1
f 110/136/1 38/137/1 37/135/1
f 109/138/1 38/137/1 110/136/1
f 109/138/1 39/139/1 38/137/1
f 108/140/1 39/139/1 109/138/1
f 108/140/1 40/141/1 39/139/1
f 107/142/1 40/141/1 108/140/1
f 107/142/1 41/143/1 40/141/1
f 106/144/1 41/143/1 107/142/1
f 106/144/1 42/145/1 41/143/1
f 105/146/1 42/145/1 106/144/1
f 105/146/1 43/147/1 42/145/1
f 104/148/1 43/147/1 105/146/1
f 104/148/1 44/149/1 43/147/1
f 103/150/1 44/149/1 104/148/1
f 103/150/1 45/151/1 44/149/1
f 102/152/1 45/151/1 103/150/1
f 102/152/1 46/153/1 45/151/1
f 101/154/1 46/153/1 102/152/1
f 101/154/1 47/155/1 46/153/1
f 100/156/1 47/155/1 101/154/1
f 100/156/1 48/157/1 47/155/1
f 99/158/1 48/157/1 100/156/1
f 99/158/1 49/159/1 48/157/1
f 98/160/1 49/159/1 99/158/1
f 98/160/1 50/161/1 49/159/1
f 97/162/1 50/161/1 98/160/1
f 97/162/1 51/163/1 50/161/1
f 96/164/1 51/163/1 97/162/1
f 96/164/1 52/165/1 51/163/1
f 95/166/1 52/165/1 96/164/1
f 94/167/1 52/165/1 95/166/1
f 94/167/1 53/168/1 52/165/1
f 93/169/1 53/168/1 94/167/1
f 93/169/1 54/170/1 53/168/1
f 92/171/1 54/170/1 93/169/1
f 92/171/1 55/172/1 54/170/1
f 91/173/1 55/172/1 92/171/1
f 91/173/1 56/174/1 55/172/1
f 90/175/1 256/176/1 91/173/1
f 256/176/1 56/174/1 91/173/1
f 256/176/1 255/177/1 56/174/1
f 255/177/1 57/178/1 56/174/1
f 90/175/1 209/179/1 256/176/1
f 254/180/1 57/178/1 255/177/1
f 90/175/1 210/181/1 209/179/1
f 253/182/1 57/178/1 254/180/1
f 90/175/1 211/183/1 210/181/1
f 89/184/1 211/183/1 90/175/1
f 252/185/1 57/178/1 253/182/1
f 89/184/1 212/186/1 211/183/1
f 251/187/1 57/178/1 252/185/1
f 89/184/1 213/188/1 212/186/1
f 250/189/1 57/178/1 251/187/1
f 250/189/1 58/190/1 57/178/1
f 89/184/1 214/191/1 213/188/1
f 249/192/1 58/190/1 250/189/1
f 88/193/1 214/191/1 89/184/1
f 88/193/1 215/194/1 214/191/1
f 248/195/1 58/190/1 249/192/1
f 248/195/1 59/196/1 58/190/1
f 88/193/1 216/197/1 215/194/1
f 87/198/1 216/197/1 88/193/1
f 247/199/1 59/196/1 248/195/1
f 87/198/1 217/200/1 216/197/1
f 246/201/1 59/196/1 247/199/1
f 246/201/1 60/202/1 59/196/1
f 87/198/1 218/203/1 217/200/1
f 86/204/1 218/203/1 87/198/1
f 245/205/1 60/202/1 246/201/1
f 86/204/1 219/206/1 218/203/1
f 245/205/1 61/207/1 60/202/1
f 85/208/1 219/206/1 86/204/1
f 85/208/1 220/209/1 219/206/1
f 244/210/1 61/207/1 245/205/1
f 244/210/1 62/211/1 61/207/1
f 85/208/1 221/212/1 220/209/1
f 84/213/1 221/212/1 85/208/1
f 243/214/1 62/211/1 244/210/1
f 84/213/1 222/215/1 221/212/1
f 242/216/1 62/211/1 243/214/1
f 242/216/1 63/217/1 62/211/1
f 84/213/1 223/218/1 222/215/1
f 241/219/1 63/217/1 242/216/1
f 83/220/1 223/218/1 84/213/1
f 83/220/1 224/221/1 223/218/1
f 240/222/1 63/217/1 241/219/1
f 83/220/1 225/223/1 224/221/1
f 240/222/1 64/224/1 63/217/1
f 239/225/1 64/224/1 240/222/1
f 82/226/1 225/223/1 83/220/1
f 82/226/1 226/227/1 225/223/1
f 238/228/1 64/224/1 239/225/1
f 82/226/1 227/229/1 226/227/1
f 237/230/1 64/224/1 238/228/1
f 82/226/1 228/231/1 227/229/1
f 237/230/1 65/232/1 64/224/1
f 236/233/1 65/232/1 237/230/1
f 81/234/1 228/231/1 82/226/1
f 81/234/1 229/235/1 228/231/1
f 235/236/1 65/232/1 236/233/1
f 81/234/1 230/237/1 229/235/1
f 234/238/1 65/232/1 235/236/1
f 81/234/1 231/239/1 230/237/1
f 233/240/1 65/232/1 234/238/1
f 81/234/1 232/241/1 231/239/1
f 232/241/1 65/232/1 233/240/1
f 81/234/1 65/232/1 232/241/1
f 81/234/1 66/242/1 65/232/1
f 80/243/1 66/242/1 81/234/1
f 80/243/1 67/244/1 66/242/1
f 79/245/1 67/244/1 80/243/1
f 78/246/1 67/244/1 79/245/1
f 78/246/1 68/247/1 67/244/1
f 77/248/1 68/247/1 78/246/1
f 77/248/1 69/249/1 68/247/1
f 76/250/1 69/249/1 77/248/1
f 76/250/1 70/251/1 69/249/1
f 75/252/1 70/251/1 76/250/1
f 75/252/1 71/253/1 70/251/1
f 74/254/1 71/253/1 75/252/1
f 74/254/1 72/255/1 71/253/1
f 73/256/1 72/255/1 74/254/1
f 268/257/1 270/258/1 269/259/1
f 267/260/1 270/258/1 268/257/1
f 267/260/1 271/261/1 270/258/1
f 266/262/1 271/261/1 267/260/1
f 265/263/1 271/261/1 266/262/1
f 265/263/1 272/264/1 271/261/1
f 264/265/1 272/264/1 265/263/1
f 310/266/1 312/267/1 311/268/1
f 310/266/1 313/269/1 312/267/1
f 264/265/1 273/270/1 272/264/1
f 263/271/1 273/270/1 264/265/1
f 262/272/1 273/270/1 263/271/1
f 262/272/1 274/273/1 273/270/1
f 261/274/1 274/273/1 262/272/1
f 261/274/1 275/275/1 274/273/1
f 260/276/1 275/275/1 261/274/1
f 259/277/1 275/275/1 260/276/1
f 259/277/1 276/278/1 275/275/1
f 258/279/1 276/278/1 259/277/1
f 257/280/1 276/278/1 258/279/1
f 257/280/1 296/281/1 276/278/1
f 296/281/1 277/282/1 276/278/1
f 310/266/1 257/280/1 313/269/1
f 310/266/1 308/283/1 257/280/1
f 308/283/1 307/284/1 257/280/1
f 307/284/1 306/285/1 257/280/1
f 306/285/1 305/286/1 257/280/1
f 305/286/1 304/287/1 257/280/1
f 304/287/1 303/288/1 257/280/1
f 303/288/1 302/289/1 257/280/1
f 302/289/1 301/290/1 257/280/1
f 301/290/1 300/291/1 257/280/1
f 300/291/1 299/292/1 257/280/1
f 299/292/1 298/293/1 257/280/1
f 298/293/1 297/294/1 257/280/1
f 297/294/1 296/281/1 257/280/1
f 295/295/1 277/282/1 296/281/1
f 294/296/1 277/282/1 295/295/1
f 293/297/1 277/282/1 294/296/1
f 292/298/1 277/282/1 293/297/1
f 292/298/1 278/299/1 277/282/1
f 291/300/1 278/299/1 292/298/1
f 290/301/1 278/299/1 291/300/1
f 289/302/1 278/299/1 290/301/1
f 289/302/1 279/303/1 278/299/1
f 288/304/1 279/303/1 289/302/1
f 287/305/1 279/303/1 288/304/1
f 287/305/1 280/306/1 279/303/1
f 286/307/1 280/306/1 287/305/1
f 310/266/1 309/308/1 308/283/1
f 285/309/1 280/306/1 286/307/1
f 285/309/1 281/310/1 280/306/1
f 284/311/1 281/310/1 285/309/1
f 283/312/1 281/310/1 284/311/1
f 283/312/1 282/313/1 281/310/1
f 340/314/1 342/315/1 341/316/1
f 339/317/1 342/315/1 340/314/1
f 339/317/1 343/318/1 342/315/1
f 338/319/1 343/318/1 339/317/1
f 338/319/1 344/320/1 343/318/1
f 337/321/1 344/320/1 338/319/1
f 337/321/1 345/322/1 344/320/1
f 336/323/1 345/322/1 337/321/1
f 336/323/1 346/324/1 345/322/1
f 335/325/1 346/324/1 336/323/1
f 335/325/1 347/326/1 346/324/1
f 334/327/1 347/326/1 335/325/1
f 334/327/1 348/328/1 347/326/1
f 333/329/1 348/328/1 334/327/1
f 333/329/1 349/330/1 348/328/1
f 332/331/1 349/330/1 333/329/1
f 332/331/1 350/332/1 349/330/1
f 331/333/1 350/332/1 332/331/1
f 331/333/1 351/334/1 350/332/1
f 330/335/1 351/334/1 331/333/1
f 330/335/1 352/336/1 351/334/1
f 329/337/1 352/336/1 330/335/1
f 329/337/1 353/338/1 352/336/1
f 328/339/1 353/338/1 329/337/1
f 328/339/1 354/340/1 353/338/1
f 327/341/1 354/340/1 328/339/1
f 327/341/1 355/342/1 354/340/1
f 326/343/1 355/342/1 327/341/1
f 326/343/1 356/344/1 355/342/1
f 325/345/1 356/344/1 326/343/1
f 325/345/1 357/346/1 356/344/1
f 324/347/1 357/346/1 325/345/1
f 324/347/1 358/348/1 357/346/1
f 323/349/1 358/348/1 324/347/1
f 323/349/1 359/350/1 358/348/1
f 322/351/1 359/350/1 323/349/1
f 322/351/1 360/352/1 359/350/1
f 321/353/1 360/352/1 322/351/1
f 321/353/1 361/354/1 360/352/1
f 320/355/1 361/354/1 321/353/1
f 320/355/1 362/356/1 361/354/1
f 319/357/1 362/356/1 320/355/1
f 319/357/1 363/358/1 362/356/1
f 318/359/1 363/358/1 319/357/1
f 318/359/1 364/360/1 363/358/1
f 365/361/1 364/360/1 318/359/1
f 314/362/1 316/363/1 315/364/1
f 314/362/1 317/365/1 316/363/1
f 522/366/1 524/367/1 523/368/1
f 522/366/1 525/369/1 524/367/1
f 521/370/1 525/369/1 522/366/1
f 520/371/1 525/369/1 521/370/1
f 519/372/1 525/369/1 520/371/1
f 518/373/1 525/369/1 519/372/1
f 517/374/1 525/369/1 518/373/1
f 516/375/1 525/369/1 517/374/1
f 515/376/1 366/377/1 516/375/1
f 366/377/1 525/369/1 516/375/1
f 515/376/1 367/378/1 366/377/1
f 514/379/1 526/380/1 515/376/1
f 526/380/1 573/381/1 515/376/1
f 573/381/1 367/378/1 515/376/1
f 572/382/1 367/378/1 573/381/1
f 572/382/1 368/383/1 367/378/1
f 571/384/1 368/383/1 572/382/1
f 514/379/1 527/385/1 526/380/1
f 570/386/1 368/383/1 571/384/1
f 514/379/1 528/387/1 527/385/1
f 569/388/1 368/383/1 570/386/1
f 514/379/1 529/389/1 528/387/1
f 569/388/1 369/390/1 368/383/1
f 568/391/1 369/390/1 569/388/1
f 514/379/1 530/392/1 529/389/1
f 513/393/1 530/392/1 514/379/1
f 567/394/1 369/390/1 568/391/1
f 567/394/1 370/395/1 369/390/1
f 513/393/1 531/396/1 530/392/1
f 566/397/1 370/395/1 567/394/1
f 513/393/1 532/398/1 531/396/1
f 566/397/1 371/399/1 370/395/1
f 565/400/1 371/399/1 566/397/1
f 513/393/1 533/401/1 532/398/1
f 565/400/1 372/402/1 371/399/1
f 512/403/1 533/401/1 513/393/1
f 564/404/1 372/402/1 565/400/1
f 564/404/1 373/405/1 372/402/1
f 512/403/1 534/406/1 533/401/1
f 564/404/1 374/407/1 373/405/1
f 563/408/1 374/407/1 564/404/1
f 512/403/1 535/409/1 534/406/1
f 511/410/1 535/409/1 512/403/1
f 563/408/1 375/411/1 374/407/1
f 562/412/1 375/411/1 563/408/1
f 511/410/1 536/413/1 535/409/1
f 562/412/1 376/414/1 375/411/1
f 561/415/1 376/414/1 562/412/1
f 511/410/1 537/416/1 536/413/1
f 561/415/1 377/417/1 376/414/1
f 510/418/1 537/416/1 511/410/1
f 560/419/1 377/417/1 561/415/1
f 560/419/1 378/420/1 377/417/1
f 510/418/1 538/421/1 537/416/1
f 509/422/1 538/421/1 510/418/1
f 560/419/1 379/423/1 378/420/1
f 559/424/1 379/423/1 560/419/1
f 509/422/1 539/425/1 538/421/1
f 508/426/1 539/425/1 509/422/1
f 559/424/1 380/427/1 379/423/1
f 507/428/1 539/425/1 508/426/1
f 558/429/1 380/427/1 559/424/1
f 507/428/1 540/430/1 539/425/1
f 558/429/1 381/431/1 380/427/1
f 506/432/1 540/430/1 507/428/1
f 557/433/1 381/431/1 558/429/1
f 506/432/1 541/434/1 540/430/1
f 505/435/1 541/434/1 506/432/1
f 557/433/1 382/436/1 381/431/1
f 556/437/1 382/436/1 557/433/1
f 504/438/1 541/434/1 505/435/1
f 504/438/1 542/439/1 541/434/1
f 556/437/1 383/440/1 382/436/1
f 503/441/1 542/439/1 504/438/1
f 555/442/1 383/440/1 556/437/1
f 503/441/1 543/443/1 542/439/1
f 502/444/1 543/443/1 503/441/1
f 555/442/1 384/445/1 383/440/1
f 554/446/1 384/445/1 555/442/1
f 502/444/1 544/447/1 543/443/1
f 501/448/1 544/447/1 502/444/1
f 553/449/1 384/445/1 554/446/1
f 553/449/1 385/450/1 384/445/1
f 501/448/1 545/451/1 544/447/1
f 500/452/1 545/451/1 501/448/1
f 552/453/1 385/450/1 553/449/1
f 500/452/1 546/454/1 545/451/1
f 552/453/1 386/455/1 385/450/1
f 499/456/1 546/454/1 500/452/1
f 551/457/1 386/455/1 552/453/1
f 499/456/1 547/458/1 546/454/1
f 550/459/1 386/455/1 551/457/1
f 499/456/1 548/460/1 547/458/1
f 498/461/1 548/460/1 499/456/1
f 549/462/1 386/455/1 550/459/1
f 498/461/1 549/462/1 548/460/1
f 498/461/1 386/455/1 549/462/1
f 498/461/1 387/463/1 386/455/1
f 497/464/1 387/463/1 498/461/1
f 497/464/1 388/465/1 387/463/1
f 496/466/1 388/465/1 497/464/1
f 496/466/1 389/467/1 388/465/1
f 495/468/1 389/467/1 496/466/1
f 494/469/1 389/467/1 495/468/1
f 494/469/1 390/470/1 389/467/1
f 493/471/1 390/470/1 494/469/1
f 493/471/1 391/472/1 390/470/1
f 492/473/1 391/472/1 493/471/1
f 491/474/1 391/472/1 492/473/1
f 490/475/1 391/472/1 491/474/1
f 490/475/1 392/476/1 391/472/1
f 489/477/1 392/476/1 490/475/1
f 488/478/1 392/476/1 489/477/1
f 487/479/1 392/476/1 488/478/1
f 487/479/1 393/480/1 392/476/1
f 486/481/1 393/480/1 487/479/1
f 485/482/1 393/480/1 486/481/1
f 484/483/1 393/480/1 485/482/1
f 484/483/1 394/484/1 393/480/1
f 483/485/1 394/484/1 484/483/1
f 483/485/1 395/486/1 394/484/1
f 482/487/1 395/486/1 483/485/1
f 482/487/1 396/488/1 395/486/1
f 481/489/1 396/488/1 482/487/1
f 481/489/1 397/490/1 396/488/1
f 480/491/1 397/490/1 481/489/1
f 480/491/1 398/492/1 397/490/1
f 480/491/1 399/493/1 398/492/1
f 479/494/1 399/493/1 480/491/1
f 479/494/1 400/495/1 399/493/1
f 478/496/1 400/495/1 479/494/1
f 478/496/1 401/497/1 400/495/1
f 477/498/1 401/497/1 478/496/1
f 476/499/1 401/497/1 477/498/1
f 476/499/1 402/500/1 401/497/1
f 475/501/1 402/500/1 476/499/1
f 475/501/1 403/502/1 402/500/1
f 474/503/1 403/502/1 475/501/1
f 474/503/1 404/504/1 403/502/1
f 473/505/1 404/504/1 474/503/1
f 473/505/1 405/506/1 404/504/1
f 472/507/1 405/506/1 473/505/1
f 472/507/1 406/508/1 405/506/1
f 471/509/1 406/508/1 472/507/1
f 471/509/1 407/510/1 406/508/1
f 470/511/1 407/510/1 471/509/1
f 470/511/1 408/512/1 407/510/1
f 469/513/1 408/512/1 470/511/1
f 469/513/1 409/514/1 408/512/1
f 468/515/1 409/514/1 469/513/1
f 468/515/1 410/516/1 409/514/1
f 467/517/1 410/516/1 468/515/1
f 467/517/1 411/518/1 410/516/1
f 466/519/1 411/518/1 467/517/1
f 466/519/1 412/520/1 411/518/1
f 465/521/1 412/520/1 466/519/1
f 465/521/1 413/522/1 412/520/1
f 464/523/1 413/522/1 465/521/1
f 464/523/1 414/524/1 413/522/1
f 463/525/1 414/524/1 464/523/1
f 463/525/1 415/526/1 414/524/1
f 462/527/1 415/526/1 463/525/1
f 462/527/1 416/528/1 415/526/1
f 461/529/1 416/528/1 462/527/1
f 461/529/1 417/530/1 416/528/1
f 460/531/1 417/530/1 461/529/1
f 459/532/1 417/530/1 460/531/1
f 459/532/1 418/533/1 417/530/1
f 458/534/1 418/533/1 459/532/1
f 458/534/1 419/535/1 418/533/1
f 457/536/1 419/535/1 458/534/1
f 457/536/1 420/537/1 419/535/1
f 456/538/1 420/537/1 457/536/1
f 456/538/1 421/539/1 420/537/1
f 455/540/1 621/541/1 456/538/1
f 621/541/1 421/539/1 456/538/1
f 621/541/1 620/542/1 421/539/1
f 620/542/1 422/543/1 421/539/1
f 455/540/1 574/544/1 621/541/1
f 619/545/1 422/543/1 620/542/1
f 455/540/1 575/546/1 574/544/1
f 618/547/1 422/543/1 619/545/1
f 455/540/1 576/548/1 575/546/1
f 454/549/1 576/548/1 455/540/1
f 617/550/1 422/543/1 618/547/1
f 454/549/1 577/551/1 576/548/1
f 616/552/1 422/543/1 617/550/1
f 454/549/1 578/553/1 577/551/1
f 615/554/1 422/543/1 616/552/1
f 615/554/1 423/555/1 422/543/1
f 454/549/1 579/556/1 578/553/1
f 614/557/1 423/555/1 615/554/1
f 453/558/1 579/556/1 454/549/1
f 453/558/1 580/559/1 579/556/1
f 613/560/1 423/555/1 614/557/1
f 613/560/1 424/561/1 423/555/1
f 453/558/1 581/562/1 580/559/1
f 452/563/1 581/562/1 453/558/1
f 612/564/1 424/561/1 613/560/1
f 452/563/1 582/565/1 581/562/1
f 611/566/1 424/561/1 612/564/1
f 611/566/1 425/567/1 424/561/1
f 452/563/1 583/568/1 582/565/1
f 451/569/1 583/568/1 452/563/1
f 610/570/1 425/567/1 611/566/1
f 451/569/1 584/571/1 583/568/1
f 610/570/1 426/572/1 425/567/1
f 450/573/1 584/571/1 451/569/1
f 450/573/1 585/574/1 584/571/1
f 609/575/1 426/572/1 610/570/1
f 609/575/1 427/576/1 426/572/1
f 450/573/1 586/577/1 585/574/1
f 449/578/1 586/577/1 450/573/1
f 608/579/1 427/576/1 609/575/1
f 449/578/1 587/580/1 586/577/1
f 607/581/1 427/576/1 608/579/1
f 607/581/1 428/582/1 427/576/1
f 449/578/1 588/583/1 587/580/1
f 606/584/1 428/582/1 607/581/1
f 448/585/1 588/583/1 449/578/1
f 448/585/1 589/586/1 588/583/1
f 605/587/1 428/582/1 606/584/1
f 448/585/1 590/588/1 589/586/1
f 605/587/1 429/589/1 428/582/1
f 604/590/1 429/589/1 605/587/1
f 447/591/1 590/588/1 448/585/1
f 447/591/1 591/592/1 590/588/1
f 603/593/1 429/589/1 604/590/1
f 447/591/1 592/594/1 591/592/1
f 602/595/1 429/589/1 603/593/1
f 447/591/1 593/596/1 592/594/1
f 602/595/1 430/597/1 429/589/1
f 601/598/1 430/597/1 602/595/1
f 446/599/1 593/596/1 447/591/1
f 446/599/1 594/600/1 593/596/1
f 600/601/1 430/597/1 601/598/1
f 446/599/1 595/602/1 594/600/1
f 599/603/1 430/597/1 600/601/1
f 446/599/1 596/604/1 595/602/1
f 598/605/1 430/597/1 599/603/1
f 446/599/1 597/606/1 596/604/1
f 597/606/1 430/597/1 598/605/1
f 446/599/1 430/597/1 597/606/1
f 446/599/1 431/607/1 430/597/1
f 445/608/1 431/607/1 446/599/1
f 445/608/1 432/609/1 431/607/1
f 444/610/1 432/609/1 445/608/1
f 443/611/1 432/609/1 444/610/1
f 443/611/1 433/612/1 432/609/1
f 442/613/1 433/612/1 443/611/1
f 442/613/1 434/614/1 433/612/1
f 441/615/1 434/614/1 442/613/1
f 441/615/1 435/616/1 434/614/1
f 440/617/1 435/616/1 441/615/1
f 440/617/1 436/618/1 435/616/1
f 439/619/1 436/618/1 440/617/1
f 439/619/1 437/620/1 436/618/1
f 438/621/1 437/620/1 439/619/1
f 778/622/1 780/623/1 779/624/1
f 778/622/1 781/625/1 780/623/1
f 777/626/1 781/625/1 778/622/1
f 776/627/1 781/625/1 777/626/1
f 775/628/1 781/625/1 776/627/1
f 774/629/1 781/625/1 775/628/1
f 773/630/1 781/625/1 774/629/1
f 772/631/1 781/625/1 773/630/1
f 771/632/1 622/633/1 772/631/1
f 622/633/1 781/625/1 772/631/1
f 771/632/1 623/634/1 622/633/1
f 770/635/1 782/636/1 771/632/1
f 782/636/1 829/637/1 771/632/1
f 829/637/1 623/634/1 771/632/1
f 828/638/1 623/634/1 829/637/1
f 828/638/1 624/639/1 623/634/1
f 827/640/1 624/639/1 828/638/1
f 770/635/1 783/641/1 782/636/1
f 826/642/1 624/639/1 827/640/1
f 770/635/1 784/643/1 783/641/1
f 825/644/1 624/639/1 826/642/1
f 770/635/1 785/645/1 784/643/1
f 825/644/1 625/646/1 624/639/1
f 824/647/1 625/646/1 825/644/1
f 770/635/1 786/648/1 785/645/1
f 769/649/1 786/648/1 770/635/1
f 823/650/1 625/646/1 824/647/1
f 823/650/1 626/651/1 625/646/1
f 769/649/1 787/652/1 786/648/1
f 822/653/1 626/651/1 823/650/1
f 769/649/1 788/654/1 787/652/1
f 822/653/1 627/655/1 626/651/1
f 821/656/1 627/655/1 822/653/1
f 769/649/1 789/657/1 788/654/1
f 821/656/1 628/658/1 627/655/1
f 768/659/1 789/657/1 769/649/1
f 820/660/1 628/658/1 821/656/1
f 820/660/1 629/661/1 628/658/1
f 768/659/1 790/662/1 789/657/1
f 820/660/1 630/663/1 629/661/1
f 819/664/1 630/663/1 820/660/1
f 768/659/1 791/665/1 790/662/1
f 767/666/1 791/665/1 768/659/1
f 819/664/1 631/667/1 630/663/1
f 818/668/1 631/667/1 819/664/1
f 767/666/1 792/669/1 791/665/1
f 818/668/1 632/670/1 631/667/1
f 817/671/1 632/670/1 818/668/1
f 767/666/1 793/672/1 792/669/1
f 817/671/1 633/673/1 632/670/1
f 766/674/1 793/672/1 767/666/1
f 816/675/1 633/673/1 817/671/1
f 816/675/1 634/676/1 633/673/1
f 766/674/1 794/677/1 793/672/1
f 765/678/1 794/677/1 766/674/1
f 816/675/1 635/679/1 634/676/1
f 815/680/1 635/679/1 816/675/1
f 765/678/1 795/681/1 794/677/1
f 764/682/1 795/681/1 765/678/1
f 815/680/1 636/683/1 635/679/1
f 763/684/1 795/681/1 764/682/1
f 814/685/1 636/683/1 815/680/1
f 763/684/1 796/686/1 795/681/1
f 814/685/1 637/687/1 636/683/1
f 762/688/1 796/686/1 763/684/1
f 813/689/1 637/687/1 814/685/1
f 762/688/1 797/690/1 796/686/1
f 761/691/1 797/690/1 762/688/1
f 813/689/1 638/692/1 637/687/1
f 812/693/1 638/692/1 813/689/1
f 760/694/1 797/690/1 761/691/1
f 760/694/1 798/695/1 797/690/1
f 812/693/1 639/696/1 638/692/1
f 759/697/1 798/695/1 760/694/1
f 811/698/1 639/696/1 812/693/1
f 759/697/1 799/699/1 798/695/1
f 758/700/1 799/699/1 759/697/1
f 811/698/1 640/701/1 639/696/1
f 810/702/1 640/701/1 811/698/1
f 758/700/1 800/703/1 799/699/1
f 757/704/1 800/703/1 758/700/1
f 809/705/1 640/701/1 810/702/1
f 809/705/1 641/706/1 640/701/1
f 757/704/1 801/707/1 800/703/1
f 756/708/1 801/707/1 757/704/1
f 808/709/1 641/706/1 809/705/1
f 756/708/1 802/710/1 801/707/1
f 808/709/1 642/711/1 641/706/1
f 755/712/1 802/710/1 756/708/1
f 807/713/1 642/711/1 808/709/1
f 755/712/1 803/714/1 802/710/1
f 806/715/1 642/711/1 807/713/1
f 755/712/1 804/716/1 803/714/1
f 754/717/1 804/716/1 755/712/1
f 805/718/1 642/711/1 806/715/1
f 754/717/1 805/718/1 804/716/1
f 754/717/1 642/711/1 805/718/1
f 754/717/1 643/719/1 642/711/1
f 753/720/1 643/719/1 754/717/1
f 753/720/1 644/721/1 643/719/1
f 752/722/1 644/721/1 753/720/1
f 752/722/1 645/723/1 644/721/1
f 751/724/1 645/723/1 752/722/1
f 750/725/1 645/723/1 751/724/1
f 750/725/1 646/726/1 645/723/1
f 749/727/1 646/726/1 750/725/1
f 749/727/1 647/728/1 646/726/1
f 748/729/1 647/728/1 749/727/1
f 747/730/1 647/728/1 748/729/1
f 746/731/1 647/728/1 747/730/1
f 746/731/1 648/732/1 647/728/1
f 745/733/1 648/732/1 746/731/1
f 744/734/1 648/732/1 745/733/1
f 743/735/1 648/732/1 744/734/1
f 743/735/1 649/736/1 648/732/1
f 742/737/1 649/736/1 743/735/1
f 741/738/1 649/736/1 742/737/1
f 740/739/1 649/736/1 741/738/1
f 740/739/1 650/740/1 649/736/1
f 739/741/1 650/740/1 740/739/1
f 739/741/1 651/742/1 650/740/1
f 738/743/1 651/742/1 739/741/1
f 738/743/1 652/744/1 651/742/1
f 737/745/1 652/744/1 738/743/1
f 737/745/1 653/746/1 652/744/1
f 736/747/1 653/746/1 737/745/1
f 736/747/1 654/748/1 653/746/1
f 736/747/1 655/749/1 654/748/1
f 735/750/1 655/749/1 736/747/1
f 735/750/1 656/751/1 655/749/1
f 734/752/1 656/751/1 735/750/1
f 734/752/1 657/753/1 656/751/1
f 733/754/1 657/753/1 734/752/1
f 732/755/1 657/753/1 733/754/1
f 732/755/1 658/756/1 657/753/1
f 731/757/1 658/756/1 732/755/1
f 731/757/1 659/758/1 658/756/1
f 730/759/1 659/758/1 731/757/1
f 730/759/1 660/760/1 659/758/1
f 729/761/1 660/760/1 730/759/1
f 729/761/1 661/762/1 660/760/1
f 728/763/1 661/762/1 729/761/1
f 728/763/1 662/764/1 661/762/1
f 727/765/1 662/764/1 728/763/1
f 727/765/1 663/766/1 662/764/1
f 726/767/1 663/766/1 727/765/1
f 726/767/1 664/768/1 663/766/1
f 725/769/1 664/768/1 726/767/1
f 725/769/1 665/770/1 664/768/1
f 724/771/1 665/770/1 725/769/1
f 724/771/1 666/772/1 665/770/1
f 723/773/1 666/772/1 724/771/1
f 723/773/1 667/774/1 666/772/1
f 722/775/1 667/774/1 723/773/1
f 722/775/1 668/776/1 667/774/1
f 721/777/1 668/776/1 722/775/1
f 721/777/1 669/778/1 668/776/1
f 720/779/1 669/778/1 721/777/1
f 720/779/1 670/780/1 669/778/1
f 719/781/1 670/780/1 720/779/1
f 719/781/1 671/782/1 670/780/1
f 718/783/1 671/782/1 719/781/1
f 718/783/1 672/784/1 671/782/1
f 717/785/1 672/784/1 718/783/1
f 717/785/1 673/786/1 672/784/1
f 716/787/1 673/786/1 717/785/1
f 715/788/1 673/786/1 716/787/1
f 715/788/1 674/789/1 673/786/1
f 714/790/1 674/789/1 715/788/1
f 714/790/1 675/791/1 674/789/1
f 713/792/1 675/791/1 714/790/1
f 713/792/1 676/793/1 675/791/1
f 712/794/1 676/793/1 713/792/1
f 712/794/1 677/795/1 676/793/1
f 711/796/1 877/797/1 712/794/1
f 877/797/1 677/795/1 712/794/1
f 877/797/1 876/798/1 677/795/1
f 876/798/1 678/799/1 677/795/1
f 711/796/1 830/800/1 877/797/1
f 875/801/1 678/799/1 876/798/1
f 711/796/1 831/802/1 830/800/1
f 874/803/1 678/799/1 875/801/1
f 711/796/1 832/804/1 831/802/1
f 710/805/1 832/804/1 711/796/1
f 873/806/1 678/799/1 874/803/1
f 710/805/1 833/807/1 832/804/1
f 872/808/1 678/799/1 873/806/1
f 710/805/1 834/809/1 833/807/1
f 871/810/1 678/799/1 872/808/1
f 871/810/1 679/811/1 678/799/1
f 710/805/1 835/812/1 834/809/1
f 870/813/1 679/811/1 871/810/1
f 709/814/1 835/812/1 710/805/1
f 709/814/1 836/815/1 835/812/1
f 869/816/1 679/811/1 870/813/1
f 869/816/1 680/817/1 679/811/1
f 709/814/1 837/818/1 836/815/1
f 708/819/1 837/818/1 709/814/1
f 868/820/1 680/817/1 869/816/1
f 708/819/1 838/821/1 837/818/1
f 867/822/1 680/817/1 868/820/1
f 867/822/1 681/823/1 680/817/1
f 708/819/1 839/824/1 838/821/1
f 707/825/1 839/824/1 708/819/1
f 866/826/1 681/823/1 867/822/1
f 707/825/1 840/827/1 839/824/1
f 866/826/1 682/828/1 681/823/1
f 706/829/1 840/827/1 707/825/1
f 706/829/1 841/830/1 840/827/1
f 865/831/1 682/828/1 866/826/1
f 865/831/1 683/832/1 682/828/1
f 706/829/1 842/833/1 841/830/1
f 705/834/1 842/833/1 706/829/1
f 864/835/1 683/832/1 865/831/1
f 705/834/1 843/836/1 842/833/1
f 863/837/1 683/832/1 864/835/1
f 863/837/1 684/838/1 683/832/1
f 705/834/1 844/839/1 843/836/1
f 862/840/1 684/838/1 863/837/1
f 704/841/1 844/839/1 705/834/1
f 704/841/1 845/842/1 844/839/1
f 861/843/1 684/838/1 862/840/1
f 704/841/1 846/844/1 845/842/1
f 861/843/1 685/845/1 684/838/1
f 860/846/1 685/845/1 861/843/1
f 703/847/1 846/844/1 704/841/1
f 703/847/1 847/848/1 846/844/1
f 859/849/1 685/845/1 860/846/1
f 703/847/1 848/850/1 847/848/1
f 858/851/1 685/845/1 859/849/1
f 703/847/1 849/852/1 848/850/1
f 858/851/1 686/853/1 685/845/1
f 857/854/1 686/853/1 858/851/1
f 702/855/1 849/852/1 703/847/1
f 702/855/1 850/856/1 849/852/1
f 856/857/1 686/853/1 857/854/1
f 702/855/1 851/858/1 850/856/1
f 855/859/1 686/853/1 856/857/1
f 702/855/1 852/860/1 851/858/1
f 854/861/1 686/853/1 855/859/1
f 702/855/1 853/862/1 852/860/1
f 853/862/1 686/853/1 854/861/1
f 702/855/1 686/853/1 853/862/1
f 702/855/1 687/863/1 686/853/1
f 701/864/1 687/863/1 702/855/1
f 701/864/1 688/865/1 687/863/1
f 700/866/1 688/865/1 701/864/1
f 699/867/1 688/865/1 700/866/1
f 699/867/1 689/868/1 688/865/1
f 698/869/1 689/868/1 699/867/1
f 698/869/1 690/870/1 689/868/1
f 697/871/1 690/870/1 698/869/1
f 697/871/1 691/872/1 690/870/1
f 696/873/1 691/872/1 697/871/1
f 696/873/1 692/874/1 691/872/1
f 695/875/1 692/874/1 696/873/1
f 695/875/1 693/876/1 692/874/1
f 694/877/1 693/876/1 695/875/1
f 902/878/1 904/879/1 903/880/1
f 902/878/1 905/881/1 904/879/1
f 929/882/1 931/883/1 930/884/1
f 929/882/1 932/885/1 931/883/1
f 901/886/1 905/881/1 902/878/1
f 901/886/1 906/887/1 905/881/1
f 901/886/1 907/888/1 906/887/1
f 900/889/1 907/888/1 901/886/1
f 900/889/1 908/890/1 907/888/1
f 928/891/1 932/885/1 929/882/1
f 900/889/1 909/892/1 908/890/1
f 927/893/1 932/885/1 928/891/1
f 899/894/1 909/892/1 900/889/1
f 899/894/1 910/895/1 909/892/1
f 926/896/1 932/885/1 927/893/1
f 925/897/1 932/885/1 926/896/1
f 899/894/1 911/898/1 910/895/1
f 898/899/1 911/898/1 899/894/1
f 924/900/1 932/885/1 925/897/1
f 898/899/1 912/901/1 911/898/1
f 923/902/1 878/903/1 924/900/1
f 878/903/1 932/885/1 924/900/1
f 898/899/1 913/904/1 912/901/1
f 922/905/1 878/903/1 923/902/1
f 898/899/1 914/906/1 913/904/1
f 921/907/1 878/903/1 922/905/1
f 897/908/1 914/906/1 898/899/1
f 920/909/1 878/903/1 921/907/1
f 897/908/1 915/910/1 914/906/1
f 919/911/1 878/903/1 920/909/1
f 897/908/1 916/912/1 915/910/1
f 918/913/1 878/903/1 919/911/1
f 897/908/1 917/914/1 916/912/1
f 917/914/1 878/903/1 918/913/1
f 897/908/1 878/903/1 917/914/1
f 897/908/1 879/915/1 878/903/1
f 933/916/1 932/885/1 878/903/1
f 896/917/1 879/915/1 897/908/1
f 896/917/1 880/918/1 879/915/1
f 896/917/1 881/919/1 880/918/1
f 895/920/1 881/919/1 896/917/1
f 895/920/1 882/921/1 881/919/1
f 894/922/1 882/921/1 895/920/1
f 894/922/1 883/923/1 882/921/1
f 894/922/1 884/924/1 883/923/1
f 893/925/1 884/924/1 894/922/1
f 893/925/1 885/926/1 884/924/1
f 893/925/1 886/927/1 885/926/1
f 892/928/1 886/927/1 893/925/1
f 892/928/1 887/929/1 886/927/1
f 891/930/1 887/929/1 892/928/1
f 891/930/1 888/931/1 887/929/1
f 891/930/1 889/932/1 888/931/1
f 890/933/1 889/932/1 891/930/1
f 981/934/1 983/935/1 982/936/1
f 981/934/1 984/937/1 983/935/1
f 944/938/1 946/939/1 945/940/1
f 943/941/1 946/939/1 944/938/1
f 942/942/1 946/939/1 943/941/1
f 942/942/1 947/943/1 946/939/1
f 941/944/1 947/943/1 942/942/1
f 940/945/1 947/943/1 941/944/1
f 939/946/1 947/943/1 940/945/1
f 939/946/1 948/947/1 947/943/1
f 938/948/1 948/947/1 939/946/1
f 937/949/1 948/947/1 938/948/1
f 937/949/1 949/950/1 948/947/1
f 936/951/1 949/950/1 937/949/1
f 935/952/1 949/950/1 936/951/1
f 934/953/1 949/950/1 935/952/1
f 934/953/1 950/954/1 949/950/1
f 984/937/1 950/954/1 934/953/1
f 981/934/1 1032/955/1 984/937/1
f 1032/955/1 1031/956/1 984/937/1
f 1031/956/1 1030/957/1 984/937/1
f 1030/957/1 1029/958/1 984/937/1
f 1029/958/1 1028/959/1 984/937/1
f 1028/959/1 1027/960/1 984/937/1
f 1027/960/1 1026/961/1 984/937/1
f 1026/961/1 1025/962/1 984/937/1
f 1025/962/1 1024/963/1 984/937/1
f 1024/963/1 1023/964/1 984/937/1
f 1023/964/1 950/954/1 984/937/1
f 1023/964/1 1022/965/1 950/954/1
f 1022/965/1 951/966/1 950/954/1
f 1022/965/1 1021/967/1 951/966/1
f 1021/967/1 1020/968/1 951/966/1
f 1020/968/1 952/969/1 951/966/1
f 1019/970/1 952/969/1 1020/968/1
f 1018/971/1 952/969/1 1019/970/1
f 1018/971/1 953/972/1 952/969/1
f 1017/973/1 953/972/1 1018/971/1
f 1016/974/1 953/972/1 1017/973/1
f 1015/975/1 953/972/1 1016/974/1
f 1015/975/1 954/976/1 953/972/1
f 1014/977/1 954/976/1 1015/975/1
f 1013/978/1 954/976/1 1014/977/1
f 981/934/1 1033/979/1 1032/955/1
f 1013/978/1 955/980/1 954/976/1
f 1012/981/1 955/980/1 1013/978/1
f 1011/982/1 955/980/1 1012/981/1
f 1011/982/1 956/983/1 955/980/1
f 1010/984/1 956/983/1 1011/982/1
f 1009/985/1 956/983/1 1010/984/1
f 1009/985/1 957/986/1 956/983/1
f 1008/987/1 957/986/1 1009/985/1
f 1008/987/1 958/988/1 957/986/1
f 1007/989/1 958/988/1 1008/987/1
f 1006/990/1 958/988/1 1007/989/1
f 1006/990/1 959/991/1 958/988/1
f 1005/992/1 959/991/1 1006/990/1
f 1005/992/1 960/993/1 959/991/1
f 1004/994/1 960/993/1 1005/992/1
f 1003/995/1 960/993/1 1004/994/1
f 1003/995/1 961/996/1 960/993/1
f 1002/997/1 961/996/1 1003/995/1
f 1001/998/1 961/996/1 1002/997/1
f 1000/999/1 961/996/1 1001/998/1
f 1000/999/1 962/1000/1 961/996/1
f 999/1001/1 962/1000/1 1000/999/1
f 981/934/1 985/1002/1 1033/979/1
f 981/934/1 986/1003/1 985/1002/1
f 998/1004/1 962/1000/1 999/1001/1
f 981/934/1 987/1005/1 986/1003/1
f 981/934/1 988/1006/1 987/1005/1
f 981/934/1 989/1007/1 988/1006/1
f 981/934/1 990/1008/1 989/1007/1
f 997/1009/1 962/1000/1 998/1004/1
f 981/934/1 991/1010/1 990/1008/1
f 997/1009/1 963/1011/1 962/1000/1
f 981/934/1 992/1012/1 991/1010/1
f 981/934/1 993/1013/1 992/1012/1
f 996/1014/1 963/1011/1 997/1009/1
f 981/934/1 994/1015/1 993/1013/1
f 981/934/1 995/1016/1 994/1015/1
f 981/934/1 996/1014/1 995/1016/1
f 981/934/1 963/1011/1 996/1014/1
f 981/934/1 964/1017/1 963/1011/1
f 981/934/1 965/1018/1 964/1017/1
f 980/1019/1 965/1018/1 981/934/1
f 980/1019/1 966/1020/1 965/1018/1
f 979/1021/1 966/1020/1 980/1019/1
f 978/1022/1 966/1020/1 979/1021/1
f 977/1023/1 966/1020/1 978/1022/1
f 977/1023/1 967/1024/1 966/1020/1
f 976/1025/1 967/1024/1 977/1023/1
f 975/1026/1 967/1024/1 976/1025/1
f 974/1027/1 967/1024/1 975/1026/1
f 974/1027/1 968/1028/1 967/1024/1
f 973/1029/1 968/1028/1 974/1027/1
f 972/1030/1 968/1028/1 973/1029/1
f 971/1031/1 968/1028/1 972/1030/1
f 971/1031/1 969/1032/1 968/1028/1
f 970/1033/1 969/1032/1 971/1031/1
f 1068/1034/1 1070/1035/1 1069/1036/1
f 1068/1034/1 1071/1037/1 1070/1035/1
f 1067/1038/1 1071/1037/1 1068/1034/1
f 1067/1038/1 1072/1039/1 1071/1037/1
f 1066/1040/1 1072/1039/1 1067/1038/1
f 1066/1040/1 1073/1041/1 1072/1039/1
f 1065/1042/1 1073/1041/1 1066/1040/1
f 1065/1042/1 1074/1043/1 1073/1041/1
f 1064/1044/1 1074/1043/1 1065/1042/1
f 1064/1044/1 1075/1045/1 1074/1043/1
f 1063/1046/1 1075/1045/1 1064/1044/1
f 1063/1046/1 1076/1047/1 1075/1045/1
f 1062/1048/1 1119/1049/1 1063/1046/1
f 1119/1049/1 1076/1047/1 1063/1046/1
f 1062/1048/1 1120/1050/1 1119/1049/1
f 1118/1051/1 1076/1047/1 1119/1049/1
f 1062/1048/1 1121/1052/1 1120/1050/1
f 1117/1053/1 1076/1047/1 1118/1051/1
f 1062/1048/1 1122/1054/1 1121/1052/1
f 1116/1055/1 1076/1047/1 1117/1053/1
f 1116/1055/1 1077/1056/1 1076/1047/1
f 1062/1048/1 1123/1057/1 1122/1054/1
f 1061/1058/1 1123/1057/1 1062/1048/1
f 1115/1059/1 1077/1056/1 1116/1055/1
f 1061/1058/1 1124/1060/1 1123/1057/1
f 1114/1061/1 1077/1056/1 1115/1059/1
f 1061/1058/1 1125/1062/1 1124/1060/1
f 1113/1063/1 1077/1056/1 1114/1061/1
f 1061/1058/1 1126/1064/1 1125/1062/1
f 1112/1065/1 1077/1056/1 1113/1063/1
f 1060/1066/1 1126/1064/1 1061/1058/1
f 1112/1065/1 1078/1067/1 1077/1056/1
f 1060/1066/1 1127/1068/1 1126/1064/1
f 1111/1069/1 1078/1067/1 1112/1065/1
f 1060/1066/1 1128/1070/1 1127/1068/1
f 1110/1071/1 1078/1067/1 1111/1069/1
f 1059/1072/1 1128/1070/1 1060/1066/1
f 1110/1071/1 1079/1073/1 1078/1067/1
f 1059/1072/1 1129/1074/1 1128/1070/1
f 1109/1075/1 1079/1073/1 1110/1071/1
f 1059/1072/1 1130/1076/1 1129/1074/1
f 1108/1077/1 1079/1073/1 1109/1075/1
f 1058/1078/1 1130/1076/1 1059/1072/1
f 1058/1078/1 1131/1079/1 1130/1076/1
f 1108/1077/1 1080/1080/1 1079/1073/1
f 1132/1081/1 1080/1080/1 1108/1077/1
f 1058/1078/1 1132/1081/1 1131/1079/1
f 1058/1078/1 1080/1080/1 1132/1081/1
f 1057/1082/1 1080/1080/1 1058/1078/1
f 1057/1082/1 1081/1083/1 1080/1080/1
f 1056/1084/1 1082/1085/1 1057/1082/1
f 1082/1085/1 1081/1083/1 1057/1082/1
f 1056/1084/1 1083/1086/1 1082/1085/1
f 1055/1087/1 1083/1086/1 1056/1084/1
f 1055/1087/1 1084/1088/1 1083/1086/1
f 1055/1087/1 1085/1089/1 1084/1088/1
f 1054/1090/1 1085/1089/1 1055/1087/1
f 1054/1090/1 1086/1091/1 1085/1089/1
f 1053/1092/1 1086/1091/1 1054/1090/1
f 1053/1092/1 1087/1093/1 1086/1091/1
f 1105/1094/1 1107/1095/1 1106/1096/1
f 1053/1092/1 1088/1097/1 1087/1093/1
f 1104/1098/1 1107/1095/1 1105/1094/1
f 1103/1099/1 1107/1095/1 1104/1098/1
f 1052/1100/1 1088/1097/1 1053/1092/1
f 1052/1100/1 1089/1101/1 1088/1097/1
f 1102/1102/1 1107/1095/1 1103/1099/1
f 1101/1103/1 1107/1095/1 1102/1102/1
f 1052/1100/1 1090/1104/1 1089/1101/1
f 1100/1105/1 1107/1095/1 1101/1103/1
f 1052/1100/1 1091/1106/1 1090/1104/1
f 1099/1107/1 1107/1095/1 1100/1105/1
f 1051/1108/1 1091/1106/1 1052/1100/1
f 1098/1109/1 1107/1095/1 1099/1107/1
f 1051/1108/1 1092/1110/1 1091/1106/1
f 1097/1111/1 1107/1095/1 1098/1109/1
f 1051/1108/1 1093/1112/1 1092/1110/1
f 1096/1113/1 1107/1095/1 1097/1111/1
f 1095/1114/1 1107/1095/1 1096/1113/1
f 1051/1108/1 1094/1115/1 1093/1112/1
f 1094/1115/1 1107/1095/1 1095/1114/1
f 1051/1108/1 1107/1095/1 1094/1115/1
f 1050/1116/1 1107/1095/1 1051/1108/1
f 1050/1116/1 1034/1117/1 1107/1095/1
f 1049/1118/1 1034/1117/1 1050/1116/1
f 1049/1118/1 1035/1119/1 1034/1117/1
f 1049/1118/1 1036/1120/1 1035/1119/1
f 1048/1121/1 1036/1120/1 1049/1118/1
f 1048/1121/1 1037/1122/1 1036/1120/1
f 1048/1121/1 1038/1123/1 1037/1122/1
f 1047/1124/1 1038/1123/1 1048/1121/1
f 1047/1124/1 1039/1125/1 1038/1123/1
f 1047/1124/1 1040/1126/1 1039/1125/1
f 1046/1127/1 1040/1126/1 1047/1124/1
f 1046/1127/1 1041/1128/1 1040/1126/1
f 1046/1127/1 1042/1129/1 1041/1128/1
f 1046/1127/1 1043/1130/1 1042/1129/1
f 1045/1131/1 1043/1130/1 1046/1127/1
f 1045/1131/1 1044/1132/1 1043/1130/1
f 1158/1133/1 1185/1134/1 1159/1135/1
f 1185/1134/1 1133/1136/1 1159/1135/1
f 1185/1134/1 1134/1137/1 1133/1136/1
f 1185/1134/1 1135/1138/1 1134/1137/1
f 1185/1134/1 1136/1139/1 1135/1138/1
f 1185/1134/1 1137/1140/1 1136/1139/1
f 1185/1134/1 1138/1141/1 1137/1140/1
f 1185/1134/1 1184/1142/1 1138/1141/1
f 1184/1142/1 1183/1143/1 1138/1141/1
f 1183/1143/1 1139/1144/1 1138/1141/1
f 1158/1133/1 1186/1145/1 1185/1134/1
f 1182/1146/1 1139/1144/1 1183/1143/1
f 1181/1147/1 1139/1144/1 1182/1146/1
f 1180/1148/1 1139/1144/1 1181/1147/1
f 1180/1148/1 1140/1149/1 1139/1144/1
f 1179/1150/1 1140/1149/1 1180/1148/1
f 1178/1151/1 1140/1149/1 1179/1150/1
f 1178/1151/1 1141/1152/1 1140/1149/1
f 1177/1153/1 1141/1152/1 1178/1151/1
f 1177/1153/1 1142/1154/1 1141/1152/1
f 1176/1155/1 1142/1154/1 1177/1153/1
f 1175/1156/1 1142/1154/1 1176/1155/1
f 1175/1156/1 1143/1157/1 1142/1154/1
f 1174/1158/1 1143/1157/1 1175/1156/1
f 1174/1158/1 1144/1159/1 1143/1157/1
f 1173/1160/1 1144/1159/1 1174/1158/1
f 1173/1160/1 1145/1161/1 1144/1159/1
f 1172/1162/1 1145/1161/1 1173/1160/1
f 1171/1163/1 1145/1161/1 1172/1162/1
f 1171/1163/1 1146/1164/1 1145/1161/1
f 1170/1165/1 1146/1164/1 1171/1163/1
f 1170/1165/1 1147/1166/1 1146/1164/1
f 1169/1167/1 1147/1166/1 1170/1165/1
f 1168/1168/1 1147/1166/1 1169/1167/1
f 1168/1168/1 1148/1169/1 1147/1166/1
f 1167/1170/1 1148/1169/1 1168/1168/1
f 1167/1170/1 1149/1171/1 1148/1169/1
f 1166/1172/1 1149/1171/1 1167/1170/1
f 1165/1173/1 1149/1171/1 1166/1172/1
f 1165/1173/1 1150/1174/1 1149/1171/1
f 1164/1175/1 1150/1174/1 1165/1173/1
f 1164/1175/1 1151/1176/1 1150/1174/1
f 1163/1177/1 1151/1176/1 1164/1175/1
f 1162/1178/1 1151/1176/1 1163/1177/1
f 1162/1178/1 1152/1179/1 1151/1176/1
f 1161/1180/1 1152/1179/1 1162/1178/1
f 1160/1181/1 1152/1179/1 1161/1180/1
f 1158/1133/1 1160/1181/1 1186/1145/1
f 1158/1133/1 1152/1179/1 1160/1181/1
f 1158/1133/1 1153/1182/1 1152/1179/1
f 1158/1133/1 1154/1183/1 1153/1182/1
f 1158/1133/1 1155/1184/1 1154/1183/1
f 1158/1133/1 1156/1185/1 1155/1184/1
f 1158/1133/1 1157/1186/1 1156/1185/1
f 1221/1187/1 1223/1188/1 1222/1189/1
f 1221/1187/1 1224/1190/1 1223/1188/1
f 1220/1191/1 1224/1190/1 1221/1187/1
f 1220/1191/1 1225/1192/1 1224/1190/1
f 1219/1193/1 1225/1192/1 1220/1191/1
f 1219/1193/1 1226/1194/1 1225/1192/1
f 1218/1195/1 1226/1194/1 1219/1193/1
f 1218/1195/1 1227/1196/1 1226/1194/1
f 1217/1197/1 1227/1196/1 1218/1195/1
f 1217/1197/1 1228/1198/1 1227/1196/1
f 1216/1199/1 1228/1198/1 1217/1197/1
f 1216/1199/1 1229/1200/1 1228/1198/1
f 1215/1201/1 1272/1202/1 1216/1199/1
f 1272/1202/1 1229/1200/1 1216/1199/1
f 1215/1201/1 1273/1203/1 1272/1202/1
f 1271/1204/1 1229/1200/1 1272/1202/1
f 1215/1201/1 1274/1205/1 1273/1203/1
f 1270/1206/1 1229/1200/1 1271/1204/1
f 1215/1201/1 1275/1207/1 1274/1205/1
f 1269/1208/1 1229/1200/1 1270/1206/1
f 1269/1208/1 1230/1209/1 1229/1200/1
f 1215/1201/1 1276/1210/1 1275/1207/1
f 1214/1211/1 1276/1210/1 1215/1201/1
f 1268/1212/1 1230/1209/1 1269/1208/1
f 1214/1211/1 1277/1213/1 1276/1210/1
f 1267/1214/1 1230/1209/1 1268/1212/1
f 1214/1211/1 1278/1215/1 1277/1213/1
f 1266/1216/1 1230/1209/1 1267/1214/1
f 1214/1211/1 1279/1217/1 1278/1215/1
f 1265/1218/1 1230/1209/1 1266/1216/1
f 1213/1219/1 1279/1217/1 1214/1211/1
f 1265/1218/1 1231/1220/1 1230/1209/1
f 1213/1219/1 1280/1221/1 1279/1217/1
f 1264/1222/1 1231/1220/1 1265/1218/1
f 1213/1219/1 1281/1223/1 1280/1221/1
f 1263/1224/1 1231/1220/1 1264/1222/1
f 1212/1225/1 1281/1223/1 1213/1219/1
f 1263/1224/1 1232/1226/1 1231/1220/1
f 1212/1225/1 1282/1227/1 1281/1223/1
f 1262/1228/1 1232/1226/1 1263/1224/1
f 1212/1225/1 1283/1229/1 1282/1227/1
f 1261/1230/1 1232/1226/1 1262/1228/1
f 1211/1231/1 1283/1229/1 1212/1225/1
f 1211/1231/1 1284/1232/1 1283/1229/1
f 1261/1230/1 1233/1233/1 1232/1226/1
f 1285/1234/1 1233/1233/1 1261/1230/1
f 1211/1231/1 1285/1234/1 1284/1232/1
f 1211/1231/1 1233/1233/1 1285/1234/1
f 1210/1235/1 1233/1233/1 1211/1231/1
f 1210/1235/1 1234/1236/1 1233/1233/1
f 1209/1237/1 1235/1238/1 1210/1235/1
f 1235/1238/1 1234/1236/1 1210/1235/1
f 1209/1237/1 1236/1239/1 1235/1238/1
f 1208/1240/1 1236/1239/1 1209/1237/1
f 1208/1240/1 1237/1241/1 1236/1239/1
f 1208/1240/1 1238/1242/1 1237/1241/1
f 1207/1243/1 1238/1242/1 1208/1240/1
f 1207/1243/1 1239/1244/1 1238/1242/1
f 1206/1245/1 1239/1244/1 1207/1243/1
f 1206/1245/1 1240/1246/1 1239/1244/1
f 1258/1247/1 1260/1248/1 1259/1249/1
f 1206/1245/1 1241/1250/1 1240/1246/1
f 1257/1251/1 1260/1248/1 1258/1247/1
f 1256/1252/1 1260/1248/1 1257/1251/1
f 1205/1253/1 1241/1250/1 1206/1245/1
f 1205/1253/1 1242/1254/1 1241/1250/1
f 1255/1255/1 1260/1248/1 1256/1252/1
f 1254/1256/1 1260/1248/1 1255/1255/1
f 1205/1253/1 1243/1257/1 1242/1254/1
f 1253/1258/1 1260/1248/1 1254/1256/1
f 1205/1253/1 1244/1259/1 1243/1257/1
f 1252/1260/1 1260/1248/1 1253/1258/1
f 1204/1261/1 1244/1259/1 1205/1253/1
f 1251/1262/1 1260/1248/1 1252/1260/1
f 1204/1261/1 1245/1263/1 1244/1259/1
f 1250/1264/1 1260/1248/1 1251/1262/1
f 1204/1261/1 1246/1265/1 1245/1263/1
f 1249/1266/1 1260/1248/1 1250/1264/1
f 1248/1267/1 1260/1248/1 1249/1266/1
f 1204/1261/1 1247/1268/1 1246/1265/1
f 1247/1268/1 1260/1248/1 1248/1267/1
f 1204/1261/1 1260/1248/1 1247/1268/1
f 1203/1269/1 1260/1248/1 1204/1261/1
f 1203/1269/1 1187/1270/1 1260/1248/1
f 1202/1271/1 1187/1270/1 1203/1269/1
f 1202/1271/1 1188/1272/1 1187/1270/1
f 1202/1271/1 1189/1273/1 1188/1272/1
f 1201/1274/1 1189/1273/1 1202/1271/1
f 1201/1274/1 1190/1275/1 1189/1273/1
f 1201/1274/1 1191/1276/1 1190/1275/1
f 1200/1277/1 1191/1276/1 1201/1274/1
f 1200/1277/1 1192/1278/1 1191/1276/1
f 1200/1277/1 1193/1279/1 1192/1278/1
f 1199/1280/1 1193/1279/1 1200/1277/1
f 1199/1280/1 1194/1281/1 1193/1279/1
f 1199/1280/1 1195/1282/1 1194/1281/1
f 1199/1280/1 1196/1283/1 1195/1282/1
f 1198/1284/1 1196/1283/1 1199/1280/1
f 1198/1284/1 1197/1285/1 1196/1283/1
f 1286/1286/1 1288/1287/1 1287/1288/1
f 1286/1286/1 1289/1289/1 1288/1287/1
f 1337/1290/1 1339/1291/1 1338/1292/1
f 1337/1290/1 1340/1293/1 1339/1291/1
f 1300/1294/1 1302/1295/1 1301/1296/1
f 1299/1297/1 1302/1295/1 1300/1294/1
f 1298/1298/1 1302/1295/1 1299/1297/1
f 1298/1298/1 1303/1299/1 1302/1295/1
f 1297/1300/1 1303/1299/1 1298/1298/1
f 1296/1301/1 1303/1299/1 1297/1300/1
f 1295/1302/1 1303/1299/1 1296/1301/1
f 1295/1302/1 1304/1303/1 1303/1299/1
f 1294/1304/1 1304/1303/1 1295/1302/1
f 1293/1305/1 1304/1303/1 1294/1304/1
f 1293/1305/1 1305/1306/1 1304/1303/1
f 1292/1307/1 1305/1306/1 1293/1305/1
f 1291/1308/1 1305/1306/1 1292/1307/1
f 1290/1309/1 1305/1306/1 1291/1308/1
f 1290/1309/1 1306/1310/1 1305/1306/1
f 1340/1293/1 1306/1310/1 1290/1309/1
f 1337/1290/1 1388/1311/1 1340/1293/1
f 1388/1311/1 1387/1312/1 1340/1293/1
f 1387/1312/1 1386/1313/1 1340/1293/1
f 1386/1313/1 1385/1314/1 1340/1293/1
f 1385/1314/1 1384/1315/1 1340/1293/1
f 1384/1315/1 1383/1316/1 1340/1293/1
f 1383/1316/1 1382/1317/1 1340/1293/1
f 1382/1317/1 1381/1318/1 1340/1293/1
f 1381/1318/1 1380/1319/1 1340/1293/1
f 1380/1319/1 1379/1320/1 1340/1293/1
f 1379/1320/1 1306/1310/1 1340/1293/1
f 1379/1320/1 1378/1321/1 1306/1310/1
f 1378/1321/1 1307/1322/1 1306/1310/1
f 1378/1321/2 1377/1323/2 1307/1322/2
f 1377/1323/1 1376/1324/1 1307/1322/1
f 1376/1324/1 1308/1325/1 1307/1322/1
f 1375/1326/1 1308/1325/1 1376/1324/1
f 1374/1327/1 1308/1325/1 1375/1326/1
f 1374/1327/1 1309/1328/1 1308/1325/1
f 1373/1329/1 1309/1328/1 1374/1327/1
f 1372/1330/1 1309/1328/1 1373/1329/1
f 1371/1331/1 1309/1328/1 1372/1330/1
f 1371/1331/1 1310/1332/1 1309/1328/1
f 1370/1333/1 1310/1332/1 1371/1331/1
f 1369/1334/1 1310/1332/1 1370/1333/1
f 1337/1290/1 1389/1335/1 1388/1311/1
f 1369/1334/1 1311/1336/1 1310/1332/1
f 1368/1337/1 1311/1336/1 1369/1334/1
f 1367/1338/1 1311/1336/1 1368/1337/1
f 1367/1338/1 1312/1339/1 1311/1336/1
f 1366/1340/1 1312/1339/1 1367/1338/1
f 1365/1341/1 1312/1339/1 1366/1340/1
f 1365/1341/1 1313/1342/1 1312/1339/1
f 1364/1343/1 1313/1342/1 1365/1341/1
f 1364/1343/1 1314/1344/1 1313/1342/1
f 1363/1345/1 1314/1344/1 1364/1343/1
f 1362/1346/1 1314/1344/1 1363/1345/1
f 1362/1346/1 1315/1347/1 1314/1344/1
f 1361/1348/1 1315/1347/1 1362/1346/1
f 1361/1348/1 1316/1349/1 1315/1347/1
f 1360/1350/1 1316/1349/1 1361/1348/1
f 1359/1351/1 1316/1349/1 1360/1350/1
f 1359/1351/1 1317/1352/1 1316/1349/1
f 1358/1353/1 1317/1352/1 1359/1351/1
f 1357/1354/1 1317/1352/1 1358/1353/1
f 1356/1355/1 1317/1352/1 1357/1354/1
f 1356/1355/1 1318/1356/1 1317/1352/1
f 1355/1357/1 1318/1356/1 1356/1355/1
f 1337/1290/1 1341/1358/1 1389/1335/1
f 1337/1290/1 1342/1359/1 1341/1358/1
f 1354/1360/1 1318/1356/1 1355/1357/1
f 1337/1290/1 1343/1361/1 1342/1359/1
f 1337/1290/1 1344/1362/1 1343/1361/1
f 1337/1290/1 1345/1363/1 1344/1362/1
f 1337/1290/1 1346/1364/1 1345/1363/1
f 1353/1365/1 1318/1356/1 1354/1360/1
f 1337/1290/1 1347/1366/1 1346/1364/1
f 1353/1365/1 1319/1367/1 1318/1356/1
f 1337/1290/1 1348/1368/1 1347/1366/1
f 1337/1290/1 1349/1369/1 1348/1368/1
f 1352/1370/1 1319/1367/1 1353/1365/1
f 1337/1290/1 1350/1371/1 1349/1369/1
f 1337/1290/1 1351/1372/1 1350/1371/1
f 1337/1290/1 1352/1370/1 1351/1372/1
f 1337/1290/1 1319/1367/1 1352/1370/1
f 1337/1290/1 1320/1373/1 1319/1367/1
f 1337/1290/1 1321/1374/1 1320/1373/1
f 1336/1375/1 1321/1374/1 1337/1290/1
f 1336/1375/1 1322/1376/1 1321/1374/1
f 1335/1377/1 1322/1376/1 1336/1375/1
f 1334/1378/1 1322/1376/1 1335/1377/1
f 1333/1379/1 1322/1376/1 1334/1378/1
f 1333/1379/1 1323/1380/1 1322/1376/1
f 1332/1381/1 1323/1380/1 1333/1379/1
f 1331/1382/1 1323/1380/1 1332/1381/1
f 1330/1383/1 1323/1380/1 1331/1382/1
f 1330/1383/1 1324/1384/1 1323/1380/1
f 1329/1385/1 1324/1384/1 1330/1383/1
f 1328/1386/1 1324/1384/1 1329/1385/1
f 1327/1387/1 1324/1384/1 1328/1386/1
f 1327/1387/1 1325/1388/1 1324/1384/1
f 1326/1389/1 1325/1388/1 1327/1387/1
f 1487/1390/1 1489/1391/1 1488/1392/1
f 1486/1393/1 1489/1391/1 1487/1390/1
f 1486/1393/1 1490/1394/1 1489/1391/1
f 1485/1395/1 1490/1394/1 1486/1393/1
f 1484/1396/1 1490/1394/1 1485/1395/1
f 1484/1396/1 1491/1397/1 1490/1394/1
f 1483/1398/1 1491/1397/1 1484/1396/1
f 1483/1398/1 1492/1399/1 1491/1397/1
f 1482/1400/1 1492/1399/1 1483/1398/1
f 1481/1401/1 1492/1399/1 1482/1400/1
f 1481/1401/1 1493/1402/1 1492/1399/1
f 1480/1403/1 1493/1402/1 1481/1401/1
f 1480/1403/1 1494/1404/1 1493/1402/1
f 1479/1405/1 1494/1404/1 1480/1403/1
f 1478/1406/1 1494/1404/1 1479/1405/1
f 1478/1406/1 1495/1407/1 1494/1404/1
f 1477/1408/1 1495/1407/1 1478/1406/1
f 1477/1408/1 1496/1409/1 1495/1407/1
f 1476/1410/1 1496/1409/1 1477/1408/1
f 1475/1411/1 1474/1412/1 1476/1410/1
f 1474/1412/1 1473/1413/1 1476/1410/1
f 1473/1413/1 1472/1414/1 1476/1410/1
f 1472/1414/1 1471/1415/1 1476/1410/1
f 1471/1415/1 1470/1416/1 1476/1410/1
f 1470/1416/1 1469/1417/1 1476/1410/1
f 1469/1417/1 1468/1418/1 1476/1410/1
f 1468/1418/1 1467/1419/1 1476/1410/1
f 1467/1419/1 1466/1420/1 1476/1410/1
f 1466/1420/1 1465/1421/1 1476/1410/1
f 1465/1421/1 1496/1409/1 1476/1410/1
f 1465/1421/1 1464/1422/1 1496/1409/1
f 1464/1422/1 1463/1423/1 1496/1409/1
f 1463/1423/1 1497/1424/1 1496/1409/1
f 1463/1423/1 1462/1425/1 1497/1424/1
f 1462/1425/1 1498/1426/1 1497/1424/1
f 1461/1427/1 1498/1426/1 1462/1425/1
f 1460/1428/1 1498/1426/1 1461/1427/1
f 1459/1429/1 1498/1426/1 1460/1428/1
f 1458/1430/1 1498/1426/1 1459/1429/1
f 1457/1431/1 1498/1426/1 1458/1430/1
f 1457/1431/1 1499/1432/1 1498/1426/1
f 1456/1433/1 1499/1432/1 1457/1431/1
f 1455/1434/1 1499/1432/1 1456/1433/1
f 1454/1435/1 1499/1432/1 1455/1434/1
f 1454/1435/1 1500/1436/1 1499/1432/1
f 1453/1437/1 1500/1436/1 1454/1435/1
f 1452/1438/1 1500/1436/1 1453/1437/1
f 1452/1438/1 1501/1439/1 1500/1436/1
f 1451/1440/1 1501/1439/1 1452/1438/1
f 1450/1441/1 1501/1439/1 1451/1440/1
f 1449/1442/1 1563/1443/1 1450/1441/1
f 1563/1443/1 1501/1439/1 1450/1441/1
f 1448/1444/1 1563/1443/1 1449/1442/1
f 1447/1445/1 1563/1443/1 1448/1444/1
f 1446/1446/1 1563/1443/1 1447/1445/1
f 1445/1447/1 1563/1443/1 1446/1446/1
f 1445/1447/1 1527/1448/1 1563/1443/1
f 1562/1449/1 1501/1439/1 1563/1443/1
f 1445/1447/1 1528/1450/1 1527/1448/1
f 1444/1451/1 1528/1450/1 1445/1447/1
f 1444/1451/1 1529/1452/1 1528/1450/1
f 1443/1453/1 1529/1452/1 1444/1451/1
f 1443/1453/1 1530/1454/1 1529/1452/1
f 1442/1455/1 1530/1454/1 1443/1453/1
f 1442/1455/1 1531/1456/1 1530/1454/1
f 1442/1455/1 1532/1457/1 1531/1456/1
f 1441/1458/1 1532/1457/1 1442/1455/1
f 1441/1458/1 1533/1459/1 1532/1457/1
f 1440/1460/1 1533/1459/1 1441/1458/1
f 1440/1460/1 1534/1461/1 1533/1459/1
f 1440/1460/1 1535/1462/1 1534/1461/1
f 1439/1463/1 1535/1462/1 1440/1460/1
f 1439/1463/1 1536/1464/1 1535/1462/1
f 1439/1463/1 1537/1465/1 1536/1464/1
f 1438/1466/1 1537/1465/1 1439/1463/1
f 1438/1466/1 1538/1467/1 1537/1465/1
f 1437/1468/1 1538/1467/1 1438/1466/1
f 1437/1468/1 1539/1469/1 1538/1467/1
f 1437/1468/1 1540/1470/1 1539/1469/1
f 1436/1471/1 1540/1470/1 1437/1468/1
f 1436/1471/1 1541/1472/1 1540/1470/1
f 1436/1471/1 1542/1473/1 1541/1472/1
f 1561/1474/1 1501/1439/1 1562/1449/1
f 1435/1475/1 1542/1473/1 1436/1471/1
f 1560/1476/1 1501/1439/1 1561/1474/1
f 1435/1475/1 1543/1477/1 1542/1473/1
f 1559/1478/1 1501/1439/1 1560/1476/1
f 1524/1479/1 1526/1480/1 1525/1481/1
f 1559/1478/1 1502/1482/1 1501/1439/1
f 1435/1475/1 1544/1483/1 1543/1477/1
f 1523/1484/1 1526/1480/1 1524/1479/1
f 1558/1485/1 1502/1482/1 1559/1478/1
f 1558/1485/1 1503/1486/1 1502/1482/1
f 1522/1487/1 1526/1480/1 1523/1484/1
f 1434/1488/1 1544/1483/1 1435/1475/1
f 1434/1488/1 1545/1489/1 1544/1483/1
f 1558/1485/1 1504/1490/1 1503/1486/1
f 1557/1491/1 1504/1490/1 1558/1485/1
f 1521/1492/1 1526/1480/1 1522/1487/1
f 1557/1491/1 1505/1493/1 1504/1490/1
f 1556/1494/1 1505/1493/1 1557/1491/1
f 1520/1495/1 1526/1480/1 1521/1492/1
f 1434/1488/1 1546/1496/1 1545/1489/1
f 1556/1494/1 1506/1497/1 1505/1493/1
f 1519/1498/1 1526/1480/1 1520/1495/1
f 1555/1499/1 1506/1497/1 1556/1494/1
f 1555/1499/1 1507/1500/1 1506/1497/1
f 1518/1501/1 1526/1480/1 1519/1498/1
f 1434/1488/1 1547/1502/1 1546/1496/1
f 1555/1499/1 1508/1503/1 1507/1500/1
f 1554/1504/1 1508/1503/1 1555/1499/1
f 1517/1505/1 1526/1480/1 1518/1501/1
f 1554/1504/1 1509/1506/1 1508/1503/1
f 1433/1507/1 1547/1502/1 1434/1488/1
f 1516/1508/1 1526/1480/1 1517/1505/1
f 1433/1507/1 1548/1509/1 1547/1502/1
f 1553/1510/1 1509/1506/1 1554/1504/1
f 1553/1510/1 1510/1511/1 1509/1506/1
f 1515/1512/1 1526/1480/1 1516/1508/1
f 1553/1510/1 1511/1513/1 1510/1511/1
f 1514/1514/1 1526/1480/1 1515/1512/1
f 1552/1515/1 1511/1513/1 1553/1510/1
f 1552/1515/1 1512/1516/1 1511/1513/1
f 1513/1517/1 1526/1480/1 1514/1514/1
f 1552/1515/1 1513/1517/1 1512/1516/1
f 1433/1507/1 1549/1518/1 1548/1509/1
f 1552/1515/1 1526/1480/1 1513/1517/1
f 1551/1519/1 1526/1480/1 1552/1515/1
f 1433/1507/1 1550/1520/1 1549/1518/1
f 1550/1520/1 1526/1480/1 1551/1519/1
f 1433/1507/1 1413/1521/1 1550/1520/1
f 1413/1521/1 1526/1480/1 1550/1520/1
f 1432/1522/1 1413/1521/1 1433/1507/1
f 1432/1522/1 1414/1523/1 1413/1521/1
f 1412/1524/1 1526/1480/1 1413/1521/1
f 1431/1525/1 1414/1523/1 1432/1522/1
f 1431/1525/1 1415/1526/1 1414/1523/1
f 1411/1527/1 1526/1480/1 1412/1524/1
f 1411/1527/1 1390/1528/1 1526/1480/1
f 1430/1529/1 1415/1526/1 1431/1525/1
f 1430/1529/1 1416/1530/1 1415/1526/1
f 1410/1531/1 1390/1528/1 1411/1527/1
f 1410/1531/1 1391/1532/1 1390/1528/1
f 1430/1529/1 1417/1533/1 1416/1530/1
f 1409/1534/1 1391/1532/1 1410/1531/1
f 1429/1535/1 1417/1533/1 1430/1529/1
f 1409/1534/1 1392/1536/1 1391/1532/1
f 1429/1535/1 1418/1537/1 1417/1533/1
f 1408/1538/1 1392/1536/1 1409/1534/1
f 1408/1538/1 1393/1539/1 1392/1536/1
f 1428/1540/1 1418/1537/1 1429/1535/1
f 1428/1540/1 1419/1541/1 1418/1537/1
f 1407/1542/1 1393/1539/1 1408/1538/1
f 1407/1542/1 1394/1543/1 1393/1539/1
f 1428/1540/1 1420/1544/1 1419/1541/1
f 1406/1545/1 1394/1543/1 1407/1542/1
f 1406/1545/1 1395/1546/1 1394/1543/1
f 1427/1547/1 1420/1544/1 1428/1540/1
f 1427/1547/1 1421/1548/1 1420/1544/1
f 1405/1549/1 1395/1546/1 1406/1545/1
f 1405/1549/1 1396/1550/1 1395/1546/1
f 1427/1547/1 1422/1551/1 1421/1548/1
f 1405/1549/1 1397/1552/1 1396/1550/1
f 1404/1553/1 1397/1552/1 1405/1549/1
f 1426/1554/1 1422/1551/1 1427/1547/1
f 1404/1553/1 1398/1555/1 1397/1552/1
f 1426/1554/1 1423/1556/1 1422/1551/1
f 1403/1557/1 1398/1555/1 1404/1553/1
f 1403/1557/1 1399/1558/1 1398/1555/1
f 1426/1554/1 1424/1559/1 1423/1556/1
f 1402/1560/1 1399/1558/1 1403/1557/1
f 1425/1561/1 1424/1559/1 1426/1554/1
f 1402/1560/1 1400/1562/1 1399/1558/1
f 1401/1563/1 1400/1562/1 1402/1560/1
f 1575/1564/1 1577/1565/1 1576/1566/1
f 1574/1567/1 1577/1565/1 1575/1564/1
f 1574/1567/1 1578/1568/1 1577/1565/1
f 1573/1569/1 1578/1568/1 1574/1567/1
f 1572/1570/1 1578/1568/1 1573/1569/1
f 1572/1570/1 1579/1571/1 1578/1568/1
f 1571/1572/1 1579/1571/1 1572/1570/1
f 1617/1573/1 1619/1574/1 1618/1575/1
f 1617/1573/1 1620/1576/1 1619/1574/1
f 1571/1572/1 1580/1577/1 1579/1571/1
f 1570/1578/1 1580/1577/1 1571/1572/1
f 1569/1579/1 1580/1577/1 1570/1578/1
f 1569/1579/1 1581/1580/1 1580/1577/1
f 1568/1581/1 1581/1580/1 1569/1579/1
f 1568/1581/1 1582/1582/1 1581/1580/1
f 1567/1583/1 1582/1582/1 1568/1581/1
f 1566/1584/1 1582/1582/1 1567/1583/1
f 1566/1584/1 1583/1585/1 1582/1582/1
f 1565/1586/1 1583/1585/1 1566/1584/1
f 1564/1587/1 1583/1585/1 1565/1586/1
f 1564/1587/1 1603/1588/1 1583/1585/1
f 1603/1588/1 1584/1589/1 1583/1585/1
f 1617/1573/1 1564/1587/1 1620/1576/1
f 1617/1573/1 1615/1590/1 1564/1587/1
f 1615/1590/1 1614/1591/1 1564/1587/1
f 1614/1591/1 1613/1592/1 1564/1587/1
f 1613/1592/1 1612/1593/1 1564/1587/1
f 1612/1593/1 1611/1594/1 1564/1587/1
f 1611/1594/1 1610/1595/1 1564/1587/1
f 1610/1595/1 1609/1596/1 1564/1587/1
f 1609/1596/1 1608/1597/1 1564/1587/1
f 1608/1597/1 1607/1598/1 1564/1587/1
f 1607/1598/1 1606/1599/1 1564/1587/1
f 1606/1599/1 1605/1600/1 1564/1587/1
f 1605/1600/1 1604/1601/1 1564/1587/1
f 1604/1601/1 1603/1588/1 1564/1587/1
f 1602/1602/3 1584/1589/3 1603/1588/3
f 1601/1603/1 1584/1589/1 1602/1602/1
f 1600/1604/1 1584/1589/1 1601/1603/1
f 1599/1605/1 1584/1589/1 1600/1604/1
f 1599/1605/1 1585/1606/1 1584/1589/1
f 1598/1607/1 1585/1606/1 1599/1605/1
f 1597/1608/1 1585/1606/1 1598/1607/1
f 1596/1609/1 1585/1606/1 1597/1608/1
f 1596/1609/1 1586/1610/1 1585/1606/1
f 1595/1611/1 1586/1610/1 1596/1609/1
f 1594/1612/1 1586/1610/1 1595/1611/1
f 1594/1612/1 1587/1613/1 1586/1610/1
f 1593/1614/1 1587/1613/1 1594/1612/1
f 1617/1573/1 1616/1615/1 1615/1590/1
f 1592/1616/1 1587/1613/1 1593/1614/1
f 1592/1616/1 1588/1617/1 1587/1613/1
f 1591/1618/1 1588/1617/1 1592/1616/1
f 1590/1619/1 1588/1617/1 1591/1618/1
f 1590/1619/1 1589/1620/1 1588/1617/1
f 1629/1621/1 1621/1622/1 1630/1623/1
f 1621/1622/1 1631/1624/1 1630/1623/1
f 1621/1622/1 1632/1625/1 1631/1624/1
f 1629/1621/1 1622/1626/1 1621/1622/1
f 1629/1621/1 1625/1627/1 1622/1626/1
f 1625/1627/1 1623/1628/1 1622/1626/1
f 1625/1627/1 1624/1629/1 1623/1628/1
f 1629/1621/1 1626/1630/1 1625/1627/1
f 1629/1621/1 1627/1631/1 1626/1630/1
f 1629/1621/1 1628/1632/1 1627/1631/1
f 1791/1633/4 1789/1634/4 1790/1635/4
f 1792/1636/4 1789/1634/4 1791/1633/4
f 1792/1636/4 1788/1637/4 1789/1634/4
f 1792/1636/4 1787/1638/4 1788/1637/4
f 1792/1636/4 1786/1639/4 1787/1638/4
f 1792/1636/4 1785/1640/4 1786/1639/4
f 1792/1636/4 1784/1641/4 1785/1640/4
f 1792/1636/4 1783/1642/4 1784/1641/4
f 1633/1643/4 1782/1644/4 1783/1642/4
f 1792/1636/4 1633/1643/4 1783/1642/4
f 1634/1645/4 1782/1644/4 1633/1643/4
f 1793/1646/4 1781/1647/4 1782/1644/4
f 1840/1648/4 1793/1646/4 1782/1644/4
f 1634/1645/4 1840/1648/4 1782/1644/4
f 1634/1645/4 1839/1649/4 1840/1648/4
f 1635/1650/4 1839/1649/4 1634/1645/4
f 1635/1650/4 1838/1651/4 1839/1649/4
f 1794/1652/4 1781/1647/4 1793/1646/4
f 1635/1650/4 1837/1653/4 1838/1651/4
f 1795/1654/4 1781/1647/4 1794/1652/4
f 1635/1650/4 1836/1655/4 1837/1653/4
f 1796/1656/4 1781/1647/4 1795/1654/4
f 1636/1657/4 1836/1655/4 1635/1650/4
f 1636/1657/4 1835/1658/4 1836/1655/4
f 1797/1659/4 1781/1647/4 1796/1656/4
f 1797/1659/4 1780/1660/4 1781/1647/4
f 1636/1657/4 1834/1661/4 1835/1658/4
f 1637/1662/4 1834/1661/4 1636/1657/4
f 1798/1663/4 1780/1660/4 1797/1659/4
f 1637/1662/4 1833/1664/4 1834/1661/4
f 1799/1665/4 1780/1660/4 1798/1663/4
f 1638/1666/4 1833/1664/4 1637/1662/4
f 1638/1666/4 1832/1667/4 1833/1664/4
f 1800/1668/4 1780/1660/4 1799/1665/4
f 1639/1669/4 1832/1667/4 1638/1666/4
f 1800/1668/4 1779/1670/4 1780/1660/4
f 1639/1669/4 1831/1671/4 1832/1667/4
f 1640/1672/4 1831/1671/4 1639/1669/4
f 1801/1673/4 1779/1670/4 1800/1668/4
f 1641/1674/4 1831/1671/4 1640/1672/4
f 1641/1674/4 1830/1675/4 1831/1671/4
f 1802/1676/4 1779/1670/4 1801/1673/4
f 1802/1676/4 1778/1677/4 1779/1670/4
f 1642/1678/4 1830/1675/4 1641/1674/4
f 1642/1678/4 1829/1679/4 1830/1675/4
f 1803/1680/4 1778/1677/4 1802/1676/4
f 1643/1681/4 1829/1679/4 1642/1678/4
f 1643/1681/4 1828/1682/4 1829/1679/4
f 1804/1683/4 1778/1677/4 1803/1680/4
f 1644/1684/4 1828/1682/4 1643/1681/4
f 1804/1683/4 1777/1685/4 1778/1677/4
f 1644/1684/4 1827/1686/4 1828/1682/4
f 1645/1687/4 1827/1686/4 1644/1684/4
f 1805/1688/4 1777/1685/4 1804/1683/4
f 1805/1688/4 1776/1689/4 1777/1685/4
f 1646/1690/4 1827/1686/4 1645/1687/4
f 1646/1690/4 1826/1691/4 1827/1686/4
f 1806/1692/4 1776/1689/4 1805/1688/4
f 1806/1692/4 1775/1693/4 1776/1689/4
f 1647/1694/4 1826/1691/4 1646/1690/4
f 1806/1692/4 1774/1695/4 1775/1693/4
f 1647/1694/4 1825/1696/4 1826/1691/4
f 1807/1697/4 1774/1695/4 1806/1692/4
f 1648/1698/4 1825/1696/4 1647/1694/4
f 1807/1697/4 1773/1699/4 1774/1695/4
f 1648/1698/4 1824/1700/4 1825/1696/4
f 1808/1701/4 1773/1699/4 1807/1697/4
f 1808/1701/4 1772/1702/4 1773/1699/4
f 1649/1703/4 1824/1700/4 1648/1698/4
f 1649/1703/4 1823/1704/4 1824/1700/4
f 1808/1701/4 1771/1705/4 1772/1702/4
f 1809/1706/4 1771/1705/4 1808/1701/4
f 1650/1707/4 1823/1704/4 1649/1703/4
f 1809/1706/4 1770/1708/4 1771/1705/4
f 1650/1707/4 1822/1709/4 1823/1704/4
f 1810/1710/4 1770/1708/4 1809/1706/4
f 1810/1710/4 1769/1711/4 1770/1708/4
f 1651/1712/4 1822/1709/4 1650/1707/4
f 1651/1712/4 1821/1713/4 1822/1709/4
f 1811/1714/4 1769/1711/4 1810/1710/4
f 1811/1714/4 1768/1715/4 1769/1711/4
f 1651/1712/4 1820/1716/4 1821/1713/4
f 1652/1717/4 1820/1716/4 1651/1712/4
f 1812/1718/4 1768/1715/4 1811/1714/4
f 1812/1718/4 1767/1719/4 1768/1715/4
f 1652/1717/4 1819/1720/4 1820/1716/4
f 1813/1721/4 1767/1719/4 1812/1718/4
f 1653/1722/4 1819/1720/4 1652/1717/4
f 1813/1721/4 1766/1723/4 1767/1719/4
f 1653/1722/4 1818/1724/4 1819/1720/4
f 1814/1725/4 1766/1723/4 1813/1721/4
f 1653/1722/4 1817/1726/4 1818/1724/4
f 1815/1727/4 1766/1723/4 1814/1725/4
f 1815/1727/4 1765/1728/4 1766/1723/4
f 1653/1722/4 1816/1729/4 1817/1726/4
f 1816/1729/4 1765/1728/4 1815/1727/4
f 1653/1722/4 1765/1728/4 1816/1729/4
f 1654/1730/4 1765/1728/4 1653/1722/4
f 1654/1730/4 1764/1731/4 1765/1728/4
f 1655/1732/4 1764/1731/4 1654/1730/4
f 1655/1732/4 1763/1733/4 1764/1731/4
f 1656/1734/4 1763/1733/4 1655/1732/4
f 1656/1734/4 1762/1735/4 1763/1733/4
f 1656/1734/4 1761/1736/4 1762/1735/4
f 1657/1737/4 1761/1736/4 1656/1734/4
f 1657/1737/4 1760/1738/4 1761/1736/4
f 1658/1739/4 1760/1738/4 1657/1737/4
f 1658/1739/4 1759/1740/4 1760/1738/4
f 1658/1739/4 1758/1741/4 1759/1740/4
f 1658/1739/4 1757/1742/4 1758/1741/4
f 1659/1743/4 1757/1742/4 1658/1739/4
f 1659/1743/4 1756/1744/4 1757/1742/4
f 1659/1743/4 1755/1745/4 1756/1744/4
f 1659/1743/4 1754/1746/4 1755/1745/4
f 1660/1747/4 1754/1746/4 1659/1743/4
f 1660/1747/4 1753/1748/4 1754/1746/4
f 1660/1747/4 1752/1749/4 1753/1748/4
f 1660/1747/4 1751/1750/4 1752/1749/4
f 1661/1751/4 1751/1750/4 1660/1747/4
f 1661/1751/4 1750/1752/4 1751/1750/4
f 1662/1753/4 1750/1752/4 1661/1751/4
f 1662/1753/4 1749/1754/4 1750/1752/4
f 1663/1755/4 1749/1754/4 1662/1753/4
f 1663/1755/4 1748/1756/4 1749/1754/4
f 1664/1757/4 1748/1756/4 1663/1755/4
f 1664/1757/4 1747/1758/4 1748/1756/4
f 1665/1759/4 1747/1758/4 1664/1757/4
f 1666/1760/4 1747/1758/4 1665/1759/4
f 1666/1760/4 1746/1761/4 1747/1758/4
f 1667/1762/4 1746/1761/4 1666/1760/4
f 1667/1762/4 1745/1763/4 1746/1761/4
f 1668/1764/4 1745/1763/4 1667/1762/4
f 1668/1764/4 1744/1765/4 1745/1763/4
f 1668/1764/4 1743/1766/4 1744/1765/4
f 1669/1767/4 1743/1766/4 1668/1764/4
f 1669/1767/4 1742/1768/4 1743/1766/4
f 1670/1769/4 1742/1768/4 1669/1767/4
f 1670/1769/4 1741/1770/4 1742/1768/4
f 1671/1771/4 1741/1770/4 1670/1769/4
f 1671/1771/4 1740/1772/4 1741/1770/4
f 1672/1773/4 1740/1772/4 1671/1771/4
f 1672/1773/4 1739/1774/4 1740/1772/4
f 1673/1775/4 1739/1774/4 1672/1773/4
f 1673/1775/4 1738/1776/4 1739/1774/4
f 1674/1777/4 1738/1776/4 1673/1775/4
f 1674/1777/4 1737/1778/4 1738/1776/4
f 1675/1779/4 1737/1778/4 1674/1777/4
f 1675/1779/4 1736/1780/4 1737/1778/4
f 1676/1781/4 1736/1780/4 1675/1779/4
f 1676/1781/4 1735/1782/4 1736/1780/4
f 1677/1783/4 1735/1782/4 1676/1781/4
f 1677/1783/4 1734/1784/4 1735/1782/4
f 1678/1785/4 1734/1784/4 1677/1783/4
f 1678/1785/4 1733/1786/4 1734/1784/4
f 1679/1787/4 1733/1786/4 1678/1785/4
f 1679/1787/4 1732/1788/4 1733/1786/4
f 1680/1789/4 1732/1788/4 1679/1787/4
f 1680/1789/4 1731/1790/4 1732/1788/4
f 1681/1791/4 1731/1790/4 1680/1789/4
f 1681/1791/4 1730/1792/4 1731/1790/4
f 1682/1793/4 1730/1792/4 1681/1791/4
f 1682/1793/4 1729/1794/4 1730/1792/4
f 1683/1795/4 1729/1794/4 1682/1793/4
f 1683/1795/4 1728/1796/4 1729/1794/4
f 1684/1797/4 1728/1796/4 1683/1795/4
f 1684/1797/4 1727/1798/4 1728/1796/4
f 1684/1797/4 1726/1799/4 1727/1798/4
f 1685/1800/4 1726/1799/4 1684/1797/4
f 1685/1800/4 1725/1801/4 1726/1799/4
f 1686/1802/4 1725/1801/4 1685/1800/4
f 1686/1802/4 1724/1803/4 1725/1801/4
f 1687/1804/4 1724/1803/4 1686/1802/4
f 1687/1804/4 1723/1805/4 1724/1803/4
f 1688/1806/4 1723/1805/4 1687/1804/4
f 1888/1807/4 1722/1808/4 1723/1805/4
f 1688/1806/4 1888/1807/4 1723/1805/4
f 1887/1809/4 1888/1807/4 1688/1806/4
f 1689/1810/4 1887/1809/4 1688/1806/4
f 1841/1811/4 1722/1808/4 1888/1807/4
f 1689/1810/4 1886/1812/4 1887/1809/4
f 1842/1813/4 1722/1808/4 1841/1811/4
f 1689/1810/4 1885/1814/4 1886/1812/4
f 1843/1815/4 1722/1808/4 1842/1813/4
f 1843/1815/4 1721/1816/4 1722/1808/4
f 1689/1810/4 1884/1817/4 1885/1814/4
f 1844/1818/4 1721/1816/4 1843/1815/4
f 1689/1810/4 1883/1819/4 1884/1817/4
f 1845/1820/4 1721/1816/4 1844/1818/4
f 1689/1810/4 1882/1821/4 1883/1819/4
f 1690/1822/4 1882/1821/4 1689/1810/4
f 1846/1823/4 1721/1816/4 1845/1820/4
f 1690/1822/4 1881/1824/4 1882/1821/4
f 1846/1823/4 1720/1825/4 1721/1816/4
f 1847/1826/4 1720/1825/4 1846/1823/4
f 1690/1822/4 1880/1827/4 1881/1824/4
f 1691/1828/4 1880/1827/4 1690/1822/4
f 1848/1829/4 1720/1825/4 1847/1826/4
f 1848/1829/4 1719/1830/4 1720/1825/4
f 1691/1828/4 1879/1831/4 1880/1827/4
f 1849/1832/4 1719/1830/4 1848/1829/4
f 1691/1828/4 1878/1833/4 1879/1831/4
f 1692/1834/4 1878/1833/4 1691/1828/4
f 1850/1835/4 1719/1830/4 1849/1832/4
f 1850/1835/4 1718/1836/4 1719/1830/4
f 1692/1834/4 1877/1837/4 1878/1833/4
f 1851/1838/4 1718/1836/4 1850/1835/4
f 1693/1839/4 1877/1837/4 1692/1834/4
f 1851/1838/4 1717/1840/4 1718/1836/4
f 1852/1841/4 1717/1840/4 1851/1838/4
f 1693/1839/4 1876/1842/4 1877/1837/4
f 1694/1843/4 1876/1842/4 1693/1839/4
f 1853/1844/4 1717/1840/4 1852/1841/4
f 1853/1844/4 1716/1845/4 1717/1840/4
f 1694/1843/4 1875/1846/4 1876/1842/4
f 1854/1847/4 1716/1845/4 1853/1844/4
f 1694/1843/4 1874/1848/4 1875/1846/4
f 1695/1849/4 1874/1848/4 1694/1843/4
f 1855/1850/4 1716/1845/4 1854/1847/4
f 1695/1849/4 1873/1851/4 1874/1848/4
f 1855/1850/4 1715/1852/4 1716/1845/4
f 1856/1853/4 1715/1852/4 1855/1850/4
f 1695/1849/4 1872/1854/4 1873/1851/4
f 1857/1855/4 1715/1852/4 1856/1853/4
f 1696/1856/4 1872/1854/4 1695/1849/4
f 1696/1856/4 1871/1857/4 1872/1854/4
f 1857/1855/4 1714/1858/4 1715/1852/4
f 1858/1859/4 1714/1858/4 1857/1855/4
f 1696/1856/4 1870/1860/4 1871/1857/4
f 1859/1861/4 1714/1858/4 1858/1859/4
f 1696/1856/4 1869/1862/4 1870/1860/4
f 1860/1863/4 1714/1858/4 1859/1861/4
f 1697/1864/4 1869/1862/4 1696/1856/4
f 1697/1864/4 1868/1865/4 1869/1862/4
f 1860/1863/4 1713/1866/4 1714/1858/4
f 1861/1867/4 1713/1866/4 1860/1863/4
f 1697/1864/4 1867/1868/4 1868/1865/4
f 1862/1869/4 1713/1866/4 1861/1867/4
f 1697/1864/4 1866/1870/4 1867/1868/4
f 1863/1871/4 1713/1866/4 1862/1869/4
f 1697/1864/4 1865/1872/4 1866/1870/4
f 1864/1873/4 1713/1866/4 1863/1871/4
f 1697/1864/4 1864/1873/4 1865/1872/4
f 1697/1864/4 1713/1866/4 1864/1873/4
f 1698/1874/4 1713/1866/4 1697/1864/4
f 1698/1874/4 1712/1875/4 1713/1866/4
f 1699/1876/4 1712/1875/4 1698/1874/4
f 1699/1876/4 1711/1877/4 1712/1875/4
f 1699/1876/4 1710/1878/4 1711/1877/4
f 1700/1879/4 1710/1878/4 1699/1876/4
f 1700/1879/4 1709/1880/4 1710/1878/4
f 1701/1881/4 1709/1880/4 1700/1879/4
f 1701/1881/4 1708/1882/4 1709/1880/4
f 1702/1883/4 1708/1882/4 1701/1881/4
f 1702/1883/4 1707/1884/4 1708/1882/4
f 1703/1885/4 1707/1884/4 1702/1883/4
f 1703/1885/4 1706/1886/4 1707/1884/4
f 1704/1887/4 1706/1886/4 1703/1885/4
f 1704/1887/4 1705/1888/4 1706/1886/4
f 1902/1889/4 1900/1890/4 1901/1891/4
f 1902/1889/4 1899/1892/4 1900/1890/4
f 1903/1893/4 1899/1892/4 1902/1889/4
f 1903/1893/4 1898/1894/4 1899/1892/4
f 1903/1893/4 1897/1895/4 1898/1894/4
f 1904/1896/4 1897/1895/4 1903/1893/4
f 1904/1896/4 1896/1897/4 1897/1895/4
f 1944/1898/4 1942/1899/4 1943/1900/4
f 1945/1901/4 1942/1899/4 1944/1898/4
f 1905/1902/4 1896/1897/4 1904/1896/4
f 1905/1902/4 1895/1903/4 1896/1897/4
f 1905/1902/4 1894/1904/4 1895/1903/4
f 1906/1905/4 1894/1904/4 1905/1902/4
f 1906/1905/4 1893/1906/4 1894/1904/4
f 1907/1907/4 1893/1906/4 1906/1905/4
f 1907/1907/4 1892/1908/4 1893/1906/4
f 1907/1907/4 1891/1909/4 1892/1908/4
f 1908/1910/4 1891/1909/4 1907/1907/4
f 1908/1910/4 1890/1911/4 1891/1909/4
f 1908/1910/4 1889/1912/4 1890/1911/4
f 1928/1913/4 1889/1912/4 1908/1910/4
f 1909/1914/4 1928/1913/4 1908/1910/4
f 1889/1912/4 1942/1899/4 1945/1901/4
f 1940/1915/4 1942/1899/4 1889/1912/4
f 1939/1916/4 1940/1915/4 1889/1912/4
f 1938/1917/4 1939/1916/4 1889/1912/4
f 1937/1918/4 1938/1917/4 1889/1912/4
f 1936/1919/4 1937/1918/4 1889/1912/4
f 1935/1920/4 1936/1919/4 1889/1912/4
f 1934/1921/4 1935/1920/4 1889/1912/4
f 1933/1922/4 1934/1921/4 1889/1912/4
f 1932/1923/4 1933/1922/4 1889/1912/4
f 1931/1924/4 1932/1923/4 1889/1912/4
f 1930/1925/4 1931/1924/4 1889/1912/4
f 1929/1926/4 1930/1925/4 1889/1912/4
f 1928/1913/4 1929/1926/4 1889/1912/4
f 1909/1914/4 1927/1927/4 1928/1913/4
f 1909/1914/4 1926/1928/4 1927/1927/4
f 1909/1914/4 1925/1929/4 1926/1928/4
f 1909/1914/4 1924/1930/4 1925/1929/4
f 1910/1931/4 1924/1930/4 1909/1914/4
f 1910/1931/4 1923/1932/4 1924/1930/4
f 1910/1931/4 1922/1933/4 1923/1932/4
f 1910/1931/4 1921/1934/4 1922/1933/4
f 1911/1935/4 1921/1934/4 1910/1931/4
f 1911/1935/4 1920/1936/4 1921/1934/4
f 1911/1935/4 1919/1937/4 1920/1936/4
f 1912/1938/4 1919/1937/4 1911/1935/4
f 1912/1938/4 1918/1939/4 1919/1937/4
f 1941/1940/4 1942/1899/4 1940/1915/4
f 1912/1938/4 1917/1941/4 1918/1939/4
f 1913/1942/4 1917/1941/4 1912/1938/4
f 1913/1942/4 1916/1943/4 1917/1941/4
f 1913/1942/4 1915/1944/4 1916/1943/4
f 1914/1945/4 1915/1944/4 1913/1942/4
f 1974/1946/4 1972/1947/4 1973/1948/4
f 1974/1946/4 1971/1949/4 1972/1947/4
f 1975/1950/4 1971/1949/4 1974/1946/4
f 1975/1950/4 1970/1951/4 1971/1949/4
f 1976/1952/4 1970/1951/4 1975/1950/4
f 1976/1952/4 1969/1953/4 1970/1951/4
f 1977/1954/4 1969/1953/4 1976/1952/4
f 1977/1954/4 1968/1955/4 1969/1953/4
f 1978/1956/4 1968/1955/4 1977/1954/4
f 1978/1956/4 1967/1957/4 1968/1955/4
f 1979/1958/4 1967/1957/4 1978/1956/4
f 1979/1958/4 1966/1959/4 1967/1957/4
f 1980/1960/4 1966/1959/4 1979/1958/4
f 1980/1960/4 1965/1961/4 1966/1959/4
f 1981/1962/4 1965/1961/4 1980/1960/4
f 1981/1962/4 1964/1963/4 1965/1961/4
f 1982/1964/4 1964/1963/4 1981/1962/4
f 1982/1964/4 1963/1965/4 1964/1963/4
f 1983/1966/4 1963/1965/4 1982/1964/4
f 1983/1966/4 1962/1967/4 1963/1965/4
f 1984/1968/4 1962/1967/4 1983/1966/4
f 1984/1968/4 1961/1969/4 1962/1967/4
f 1985/1970/4 1961/1969/4 1984/1968/4
f 1985/1970/4 1960/1971/4 1961/1969/4
f 1986/1972/4 1960/1971/4 1985/1970/4
f 1986/1972/4 1959/1973/4 1960/1971/4
f 1987/1974/4 1959/1973/4 1986/1972/4
f 1987/1974/4 1958/1975/4 1959/1973/4
f 1988/1976/4 1958/1975/4 1987/1974/4
f 1988/1976/4 1957/1977/4 1958/1975/4
f 1989/1978/4 1957/1977/4 1988/1976/4
f 1989/1978/4 1956/1979/4 1957/1977/4
f 1990/1980/4 1956/1979/4 1989/1978/4
f 1990/1980/4 1955/1981/4 1956/1979/4
f 1991/1982/4 1955/1981/4 1990/1980/4
f 1991/1982/4 1954/1983/4 1955/1981/4
f 1992/1984/4 1954/1983/4 1991/1982/4
f 1992/1984/4 1953/1985/4 1954/1983/4
f 1993/1986/4 1953/1985/4 1992/1984/4
f 1993/1986/4 1952/1987/4 1953/1985/4
f 1994/1988/4 1952/1987/4 1993/1986/4
f 1994/1988/4 1951/1989/4 1952/1987/4
f 1995/1990/4 1951/1989/4 1994/1988/4
f 1995/1990/4 1950/1991/4 1951/1989/4
f 1996/1992/4 1950/1991/4 1995/1990/4
f 1996/1992/4 1997/1993/4 1950/1991/4
f 1948/1994/4 1946/1995/4 1947/1996/4
f 1949/1997/4 1946/1995/4 1948/1994/4
f 2156/1998/4 2154/1999/4 2155/2000/4
f 2157/2001/4 2154/1999/4 2156/1998/4
f 2157/2001/4 2153/2002/4 2154/1999/4
f 2157/2001/4 2152/2003/4 2153/2002/4
f 2157/2001/4 2151/2004/4 2152/2003/4
f 2157/2001/4 2150/2005/4 2151/2004/4
f 2157/2001/4 2149/2006/4 2150/2005/4
f 2157/2001/4 2148/2007/4 2149/2006/4
f 1998/2008/4 2147/2009/4 2148/2007/4
f 2157/2001/4 1998/2008/4 2148/2007/4
f 1999/2010/4 2147/2009/4 1998/2008/4
f 2158/2011/4 2146/2012/4 2147/2009/4
f 2205/2013/4 2158/2011/4 2147/2009/4
f 1999/2010/4 2205/2013/4 2147/2009/4
f 1999/2010/4 2204/2014/4 2205/2013/4
f 2000/2015/4 2204/2014/4 1999/2010/4
f 2000/2015/4 2203/2016/4 2204/2014/4
f 2159/2017/4 2146/2012/4 2158/2011/4
f 2000/2015/4 2202/2018/4 2203/2016/4
f 2160/2019/4 2146/2012/4 2159/2017/4
f 2000/2015/4 2201/2020/4 2202/2018/4
f 2161/2021/4 2146/2012/4 2160/2019/4
f 2001/2022/4 2201/2020/4 2000/2015/4
f 2001/2022/4 2200/2023/4 2201/2020/4
f 2162/2024/4 2146/2012/4 2161/2021/4
f 2162/2024/4 2145/2025/4 2146/2012/4
f 2001/2022/4 2199/2026/4 2200/2023/4
f 2002/2027/4 2199/2026/4 2001/2022/4
f 2163/2028/4 2145/2025/4 2162/2024/4
f 2002/2027/4 2198/2029/4 2199/2026/4
f 2164/2030/4 2145/2025/4 2163/2028/4
f 2003/2031/4 2198/2029/4 2002/2027/4
f 2003/2031/4 2197/2032/4 2198/2029/4
f 2165/2033/4 2145/2025/4 2164/2030/4
f 2004/2034/4 2197/2032/4 2003/2031/4
f 2165/2033/4 2144/2035/4 2145/2025/4
f 2004/2034/4 2196/2036/4 2197/2032/4
f 2005/2037/4 2196/2036/4 2004/2034/4
f 2166/2038/4 2144/2035/4 2165/2033/4
f 2006/2039/4 2196/2036/4 2005/2037/4
f 2006/2039/4 2195/2040/4 2196/2036/4
f 2167/2041/4 2144/2035/4 2166/2038/4
f 2167/2041/4 2143/2042/4 2144/2035/4
f 2007/2043/4 2195/2040/4 2006/2039/4
f 2007/2043/4 2194/2044/4 2195/2040/4
f 2168/2045/4 2143/2042/4 2167/2041/4
f 2008/2046/4 2194/2044/4 2007/2043/4
f 2008/2046/4 2193/2047/4 2194/2044/4
f 2169/2048/4 2143/2042/4 2168/2045/4
f 2009/2049/4 2193/2047/4 2008/2046/4
f 2169/2048/4 2142/2050/4 2143/2042/4
f 2009/2049/4 2192/2051/4 2193/2047/4
f 2010/2052/4 2192/2051/4 2009/2049/4
f 2170/2053/4 2142/2050/4 2169/2048/4
f 2170/2053/4 2141/2054/4 2142/2050/4
f 2011/2055/4 2192/2051/4 2010/2052/4
f 2011/2055/4 2191/2056/4 2192/2051/4
f 2171/2057/4 2141/2054/4 2170/2053/4
f 2171/2057/4 2140/2058/4 2141/2054/4
f 2012/2059/4 2191/2056/4 2011/2055/4
f 2171/2057/4 2139/2060/4 2140/2058/4
f 2012/2059/4 2190/2061/4 2191/2056/4
f 2172/2062/4 2139/2060/4 2171/2057/4
f 2013/2063/4 2190/2061/4 2012/2059/4
f 2172/2062/4 2138/2064/4 2139/2060/4
f 2013/2063/4 2189/2065/4 2190/2061/4
f 2173/2066/4 2138/2064/4 2172/2062/4
f 2173/2066/4 2137/2067/4 2138/2064/4
f 2014/2068/4 2189/2065/4 2013/2063/4
f 2014/2068/4 2188/2069/4 2189/2065/4
f 2173/2066/4 2136/2070/4 2137/2067/4
f 2174/2071/4 2136/2070/4 2173/2066/4
f 2015/2072/4 2188/2069/4 2014/2068/4
f 2174/2071/4 2135/2073/4 2136/2070/4
f 2015/2072/4 2187/2074/4 2188/2069/4
f 2175/2075/4 2135/2073/4 2174/2071/4
f 2175/2075/4 2134/2076/4 2135/2073/4
f 2016/2077/4 2187/2074/4 2015/2072/4
f 2016/2077/4 2186/2078/4 2187/2074/4
f 2176/2079/4 2134/2076/4 2175/2075/4
f 2176/2079/4 2133/2080/4 2134/2076/4
f 2016/2077/4 2185/2081/4 2186/2078/4
f 2017/2082/4 2185/2081/4 2016/2077/4
f 2177/2083/4 2133/2080/4 2176/2079/4
f 2177/2083/4 2132/2084/4 2133/2080/4
f 2017/2082/4 2184/2085/4 2185/2081/4
f 2178/2086/4 2132/2084/4 2177/2083/4
f 2018/2087/4 2184/2085/4 2017/2082/4
f 2178/2086/4 2131/2088/4 2132/2084/4
f 2018/2087/4 2183/2089/4 2184/2085/4
f 2179/2090/4 2131/2088/4 2178/2086/4
f 2018/2087/4 2182/2091/4 2183/2089/4
f 2180/2092/4 2131/2088/4 2179/2090/4
f 2180/2092/4 2130/2093/4 2131/2088/4
f 2018/2087/4 2181/2094/4 2182/2091/4
f 2181/2094/4 2130/2093/4 2180/2092/4
f 2018/2087/4 2130/2093/4 2181/2094/4
f 2019/2095/4 2130/2093/4 2018/2087/4
f 2019/2095/4 2129/2096/4 2130/2093/4
f 2020/2097/4 2129/2096/4 2019/2095/4
f 2020/2097/4 2128/2098/4 2129/2096/4
f 2021/2099/4 2128/2098/4 2020/2097/4
f 2021/2099/4 2127/2100/4 2128/2098/4
f 2021/2099/4 2126/2101/4 2127/2100/4
f 2022/2102/4 2126/2101/4 2021/2099/4
f 2022/2102/4 2125/2103/4 2126/2101/4
f 2023/2104/4 2125/2103/4 2022/2102/4
f 2023/2104/4 2124/2105/4 2125/2103/4
f 2023/2104/4 2123/2106/4 2124/2105/4
f 2023/2104/4 2122/2107/4 2123/2106/4
f 2024/2108/4 2122/2107/4 2023/2104/4
f 2024/2108/4 2121/2109/4 2122/2107/4
f 2024/2108/4 2120/2110/4 2121/2109/4
f 2024/2108/4 2119/2111/4 2120/2110/4
f 2025/2112/4 2119/2111/4 2024/2108/4
f 2025/2112/4 2118/2113/4 2119/2111/4
f 2025/2112/4 2117/2114/4 2118/2113/4
f 2025/2112/4 2116/2115/4 2117/2114/4
f 2026/2116/4 2116/2115/4 2025/2112/4
f 2026/2116/4 2115/2117/4 2116/2115/4
f 2027/2118/4 2115/2117/4 2026/2116/4
f 2027/2118/4 2114/2119/4 2115/2117/4
f 2028/2120/4 2114/2119/4 2027/2118/4
f 2028/2120/4 2113/2121/4 2114/2119/4
f 2029/2122/4 2113/2121/4 2028/2120/4
f 2029/2122/4 2112/2123/4 2113/2121/4
f 2030/2124/4 2112/2123/4 2029/2122/4
f 2031/2125/4 2112/2123/4 2030/2124/4
f 2031/2125/4 2111/2126/4 2112/2123/4
f 2032/2127/4 2111/2126/4 2031/2125/4
f 2032/2127/4 2110/2128/4 2111/2126/4
f 2033/2129/4 2110/2128/4 2032/2127/4
f 2033/2129/4 2109/2130/4 2110/2128/4
f 2033/2129/4 2108/2131/4 2109/2130/4
f 2034/2132/4 2108/2131/4 2033/2129/4
f 2034/2132/4 2107/2133/4 2108/2131/4
f 2035/2134/4 2107/2133/4 2034/2132/4
f 2035/2134/4 2106/2135/4 2107/2133/4
f 2036/2136/4 2106/2135/4 2035/2134/4
f 2036/2136/4 2105/2137/4 2106/2135/4
f 2037/2138/4 2105/2137/4 2036/2136/4
f 2037/2138/4 2104/2139/4 2105/2137/4
f 2038/2140/4 2104/2139/4 2037/2138/4
f 2038/2140/4 2103/2141/4 2104/2139/4
f 2039/2142/4 2103/2141/4 2038/2140/4
f 2039/2142/4 2102/2143/4 2103/2141/4
f 2040/2144/4 2102/2143/4 2039/2142/4
f 2040/2144/4 2101/2145/4 2102/2143/4
f 2041/2146/4 2101/2145/4 2040/2144/4
f 2041/2146/4 2100/2147/4 2101/2145/4
f 2042/2148/4 2100/2147/4 2041/2146/4
f 2042/2148/4 2099/2149/4 2100/2147/4
f 2043/2150/4 2099/2149/4 2042/2148/4
f 2043/2150/4 2098/2151/4 2099/2149/4
f 2044/2152/4 2098/2151/4 2043/2150/4
f 2044/2152/4 2097/2153/4 2098/2151/4
f 2045/2154/4 2097/2153/4 2044/2152/4
f 2045/2154/4 2096/2155/4 2097/2153/4
f 2046/2156/4 2096/2155/4 2045/2154/4
f 2046/2156/4 2095/2157/4 2096/2155/4
f 2047/2158/4 2095/2157/4 2046/2156/4
f 2047/2158/4 2094/2159/4 2095/2157/4
f 2048/2160/4 2094/2159/4 2047/2158/4
f 2048/2160/4 2093/2161/4 2094/2159/4
f 2049/2162/4 2093/2161/4 2048/2160/4
f 2049/2162/4 2092/2163/4 2093/2161/4
f 2049/2162/4 2091/2164/4 2092/2163/4
f 2050/2165/4 2091/2164/4 2049/2162/4
f 2050/2165/4 2090/2166/4 2091/2164/4
f 2051/2167/4 2090/2166/4 2050/2165/4
f 2051/2167/4 2089/2168/4 2090/2166/4
f 2052/2169/4 2089/2168/4 2051/2167/4
f 2052/2169/4 2088/2170/4 2089/2168/4
f 2053/2171/4 2088/2170/4 2052/2169/4
f 2253/2172/4 2087/2173/4 2088/2170/4
f 2053/2171/4 2253/2172/4 2088/2170/4
f 2252/2174/4 2253/2172/4 2053/2171/4
f 2054/2175/4 2252/2174/4 2053/2171/4
f 2206/2176/4 2087/2173/4 2253/2172/4
f 2054/2175/4 2251/2177/4 2252/2174/4
f 2207/2178/4 2087/2173/4 2206/2176/4
f 2054/2175/4 2250/2179/4 2251/2177/4
f 2208/2180/4 2087/2173/4 2207/2178/4
f 2208/2180/4 2086/2181/4 2087/2173/4
f 2054/2175/4 2249/2182/4 2250/2179/4
f 2209/2183/4 2086/2181/4 2208/2180/4
f 2054/2175/4 2248/2184/4 2249/2182/4
f 2210/2185/4 2086/2181/4 2209/2183/4
f 2054/2175/4 2247/2186/4 2248/2184/4
f 2055/2187/4 2247/2186/4 2054/2175/4
f 2211/2188/4 2086/2181/4 2210/2185/4
f 2055/2187/4 2246/2189/4 2247/2186/4
f 2211/2188/4 2085/2190/4 2086/2181/4
f 2212/2191/4 2085/2190/4 2211/2188/4
f 2055/2187/4 2245/2192/4 2246/2189/4
f 2056/2193/4 2245/2192/4 2055/2187/4
f 2213/2194/4 2085/2190/4 2212/2191/4
f 2213/2194/4 2084/2195/4 2085/2190/4
f 2056/2193/4 2244/2196/4 2245/2192/4
f 2214/2197/4 2084/2195/4 2213/2194/4
f 2056/2193/4 2243/2198/4 2244/2196/4
f 2057/2199/4 2243/2198/4 2056/2193/4
f 2215/2200/4 2084/2195/4 2214/2197/4
f 2215/2200/4 2083/2201/4 2084/2195/4
f 2057/2199/4 2242/2202/4 2243/2198/4
f 2216/2203/4 2083/2201/4 2215/2200/4
f 2058/2204/4 2242/2202/4 2057/2199/4
f 2216/2203/4 2082/2205/4 2083/2201/4
f 2217/2206/4 2082/2205/4 2216/2203/4
f 2058/2204/4 2241/2207/4 2242/2202/4
f 2059/2208/4 2241/2207/4 2058/2204/4
f 2218/2209/4 2082/2205/4 2217/2206/4
f 2218/2209/4 2081/2210/4 2082/2205/4
f 2059/2208/4 2240/2211/4 2241/2207/4
f 2219/2212/4 2081/2210/4 2218/2209/4
f 2059/2208/4 2239/2213/4 2240/2211/4
f 2060/2214/4 2239/2213/4 2059/2208/4
f 2220/2215/4 2081/2210/4 2219/2212/4
f 2060/2214/4 2238/2216/4 2239/2213/4
f 2220/2215/4 2080/2217/4 2081/2210/4
f 2221/2218/4 2080/2217/4 2220/2215/4
f 2060/2214/4 2237/2219/4 2238/2216/4
f 2222/2220/4 2080/2217/4 2221/2218/4
f 2061/2221/4 2237/2219/4 2060/2214/4
f 2061/2221/4 2236/2222/4 2237/2219/4
f 2222/2220/4 2079/2223/4 2080/2217/4
f 2223/2224/4 2079/2223/4 2222/2220/4
f 2061/2221/4 2235/2225/4 2236/2222/4
f 2224/2226/4 2079/2223/4 2223/2224/4
f 2061/2221/4 2234/2227/4 2235/2225/4
f 2225/2228/4 2079/2223/4 2224/2226/4
f 2062/2229/4 2234/2227/4 2061/2221/4
f 2062/2229/4 2233/2230/4 2234/2227/4
f 2225/2228/4 2078/2231/4 2079/2223/4
f 2226/2232/4 2078/2231/4 2225/2228/4
f 2062/2229/4 2232/2233/4 2233/2230/4
f 2227/2234/4 2078/2231/4 2226/2232/4
f 2062/2229/4 2231/2235/4 2232/2233/4
f 2228/2236/4 2078/2231/4 2227/2234/4
f 2062/2229/4 2230/2237/4 2231/2235/4
f 2229/2238/4 2078/2231/4 2228/2236/4
f 2062/2229/4 2229/2238/4 2230/2237/4
f 2062/2229/4 2078/2231/4 2229/2238/4
f 2063/2239/4 2078/2231/4 2062/2229/4
f 2063/2239/4 2077/2240/4 2078/2231/4
f 2064/2241/4 2077/2240/4 2063/2239/4
f 2064/2241/4 2076/2242/4 2077/2240/4
f 2064/2241/4 2075/2243/4 2076/2242/4
f 2065/2244/4 2075/2243/4 2064/2241/4
f 2065/2244/4 2074/2245/4 2075/2243/4
f 2066/2246/4 2074/2245/4 2065/2244/4
f 2066/2246/4 2073/2247/4 2074/2245/4
f 2067/2248/4 2073/2247/4 2066/2246/4
f 2067/2248/4 2072/2249/4 2073/2247/4
f 2068/2250/4 2072/2249/4 2067/2248/4
f 2068/2250/4 2071/2251/4 2072/2249/4
f 2069/2252/4 2071/2251/4 2068/2250/4
f 2069/2252/4 2070/2253/4 2071/2251/4
f 2412/2254/4 2410/2255/4 2411/2256/4
f 2413/2257/4 2410/2255/4 2412/2254/4
f 2413/2257/4 2409/2258/4 2410/2255/4
f 2413/2257/4 2408/2259/4 2409/2258/4
f 2413/2257/4 2407/2260/4 2408/2259/4
f 2413/2257/4 2406/2261/4 2407/2260/4
f 2413/2257/4 2405/2262/4 2406/2261/4
f 2413/2257/4 2404/2263/4 2405/2262/4
f 2254/2264/4 2403/2265/4 2404/2263/4
f 2413/2257/4 2254/2264/4 2404/2263/4
f 2255/2266/4 2403/2265/4 2254/2264/4
f 2414/2267/4 2402/2268/4 2403/2265/4
f 2461/2269/4 2414/2267/4 2403/2265/4
f 2255/2266/4 2461/2269/4 2403/2265/4
f 2255/2266/4 2460/2270/4 2461/2269/4
f 2256/2271/4 2460/2270/4 2255/2266/4
f 2256/2271/4 2459/2272/4 2460/2270/4
f 2415/2273/4 2402/2268/4 2414/2267/4
f 2256/2271/4 2458/2274/4 2459/2272/4
f 2416/2275/4 2402/2268/4 2415/2273/4
f 2256/2271/4 2457/2276/4 2458/2274/4
f 2417/2277/4 2402/2268/4 2416/2275/4
f 2257/2278/4 2457/2276/4 2256/2271/4
f 2257/2278/4 2456/2279/4 2457/2276/4
f 2418/2280/4 2402/2268/4 2417/2277/4
f 2418/2280/4 2401/2281/4 2402/2268/4
f 2257/2278/4 2455/2282/4 2456/2279/4
f 2258/2283/4 2455/2282/4 2257/2278/4
f 2419/2284/4 2401/2281/4 2418/2280/4
f 2258/2283/4 2454/2285/4 2455/2282/4
f 2420/2286/4 2401/2281/4 2419/2284/4
f 2259/2287/4 2454/2285/4 2258/2283/4
f 2259/2287/4 2453/2288/4 2454/2285/4
f 2421/2289/4 2401/2281/4 2420/2286/4
f 2260/2290/4 2453/2288/4 2259/2287/4
f 2421/2289/4 2400/2291/4 2401/2281/4
f 2260/2290/4 2452/2292/4 2453/2288/4
f 2261/2293/4 2452/2292/4 2260/2290/4
f 2422/2294/4 2400/2291/4 2421/2289/4
f 2262/2295/4 2452/2292/4 2261/2293/4
f 2262/2295/4 2451/2296/4 2452/2292/4
f 2423/2297/4 2400/2291/4 2422/2294/4
f 2423/2297/4 2399/2298/4 2400/2291/4
f 2263/2299/4 2451/2296/4 2262/2295/4
f 2263/2299/4 2450/2300/4 2451/2296/4
f 2424/2301/4 2399/2298/4 2423/2297/4
f 2264/2302/4 2450/2300/4 2263/2299/4
f 2264/2302/4 2449/2303/4 2450/2300/4
f 2425/2304/4 2399/2298/4 2424/2301/4
f 2265/2305/4 2449/2303/4 2264/2302/4
f 2425/2304/4 2398/2306/4 2399/2298/4
f 2265/2305/4 2448/2307/4 2449/2303/4
f 2266/2308/4 2448/2307/4 2265/2305/4
f 2426/2309/4 2398/2306/4 2425/2304/4
f 2426/2309/4 2397/2310/4 2398/2306/4
f 2267/2311/4 2448/2307/4 2266/2308/4
f 2267/2311/4 2447/2312/4 2448/2307/4
f 2427/2313/4 2397/2310/4 2426/2309/4
f 2427/2313/4 2396/2314/4 2397/2310/4
f 2268/2315/4 2447/2312/4 2267/2311/4
f 2427/2313/4 2395/2316/4 2396/2314/4
f 2268/2315/4 2446/2317/4 2447/2312/4
f 2428/2318/4 2395/2316/4 2427/2313/4
f 2269/2319/4 2446/2317/4 2268/2315/4
f 2428/2318/4 2394/2320/4 2395/2316/4
f 2269/2319/4 2445/2321/4 2446/2317/4
f 2429/2322/4 2394/2320/4 2428/2318/4
f 2429/2322/4 2393/2323/4 2394/2320/4
f 2270/2324/4 2445/2321/4 2269/2319/4
f 2270/2324/4 2444/2325/4 2445/2321/4
f 2429/2322/4 2392/2326/4 2393/2323/4
f 2430/2327/4 2392/2326/4 2429/2322/4
f 2271/2328/4 2444/2325/4 2270/2324/4
f 2430/2327/4 2391/2329/4 2392/2326/4
f 2271/2328/4 2443/2330/4 2444/2325/4
f 2431/2331/4 2391/2329/4 2430/2327/4
f 2431/2331/4 2390/2332/4 2391/2329/4
f 2272/2333/4 2443/2330/4 2271/2328/4
f 2272/2333/4 2442/2334/4 2443/2330/4
f 2432/2335/4 2390/2332/4 2431/2331/4
f 2432/2335/4 2389/2336/4 2390/2332/4
f 2272/2333/4 2441/2337/4 2442/2334/4
f 2273/2338/4 2441/2337/4 2272/2333/4
f 2433/2339/4 2389/2336/4 2432/2335/4
f 2433/2339/4 2388/2340/4 2389/2336/4
f 2273/2338/4 2440/2341/4 2441/2337/4
f 2434/2342/4 2388/2340/4 2433/2339/4
f 2274/2343/4 2440/2341/4 2273/2338/4
f 2434/2342/4 2387/2344/4 2388/2340/4
f 2274/2343/4 2439/2345/4 2440/2341/4
f 2435/2346/4 2387/2344/4 2434/2342/4
f 2274/2343/4 2438/2347/4 2439/2345/4
f 2436/2348/4 2387/2344/4 2435/2346/4
f 2436/2348/4 2386/2349/4 2387/2344/4
f 2274/2343/4 2437/2350/4 2438/2347/4
f 2437/2350/4 2386/2349/4 2436/2348/4
f 2274/2343/4 2386/2349/4 2437/2350/4
f 2275/2351/4 2386/2349/4 2274/2343/4
f 2275/2351/4 2385/2352/4 2386/2349/4
f 2276/2353/4 2385/2352/4 2275/2351/4
f 2276/2353/4 2384/2354/4 2385/2352/4
f 2277/2355/4 2384/2354/4 2276/2353/4
f 2277/2355/4 2383/2356/4 2384/2354/4
f 2277/2355/4 2382/2357/4 2383/2356/4
f 2278/2358/4 2382/2357/4 2277/2355/4
f 2278/2358/4 2381/2359/4 2382/2357/4
f 2279/2360/4 2381/2359/4 2278/2358/4
f 2279/2360/4 2380/2361/4 2381/2359/4
f 2279/2360/4 2379/2362/4 2380/2361/4
f 2279/2360/4 2378/2363/4 2379/2362/4
f 2280/2364/4 2378/2363/4 2279/2360/4
f 2280/2364/4 2377/2365/4 2378/2363/4
f 2280/2364/4 2376/2366/4 2377/2365/4
f 2280/2364/4 2375/2367/4 2376/2366/4
f 2281/2368/4 2375/2367/4 2280/2364/4
f 2281/2368/4 2374/2369/4 2375/2367/4
f 2281/2368/4 2373/2370/4 2374/2369/4
f 2281/2368/4 2372/2371/4 2373/2370/4
f 2282/2372/4 2372/2371/4 2281/2368/4
f 2282/2372/4 2371/2373/4 2372/2371/4
f 2283/2374/4 2371/2373/4 2282/2372/4
f 2283/2374/4 2370/2375/4 2371/2373/4
f 2284/2376/4 2370/2375/4 2283/2374/4
f 2284/2376/4 2369/2377/4 2370/2375/4
f 2285/2378/4 2369/2377/4 2284/2376/4
f 2285/2378/4 2368/2379/4 2369/2377/4
f 2286/2380/4 2368/2379/4 2285/2378/4
f 2287/2381/4 2368/2379/4 2286/2380/4
f 2287/2381/4 2367/2382/4 2368/2379/4
f 2288/2383/4 2367/2382/4 2287/2381/4
f 2288/2383/4 2366/2384/4 2367/2382/4
f 2289/2385/4 2366/2384/4 2288/2383/4
f 2289/2385/4 2365/2386/4 2366/2384/4
f 2289/2385/4 2364/2387/4 2365/2386/4
f 2290/2388/4 2364/2387/4 2289/2385/4
f 2290/2388/4 2363/2389/4 2364/2387/4
f 2291/2390/4 2363/2389/4 2290/2388/4
f 2291/2390/4 2362/2391/4 2363/2389/4
f 2292/2392/4 2362/2391/4 2291/2390/4
f 2292/2392/4 2361/2393/4 2362/2391/4
f 2293/2394/4 2361/2393/4 2292/2392/4
f 2293/2394/4 2360/2395/4 2361/2393/4
f 2294/2396/4 2360/2395/4 2293/2394/4
f 2294/2396/4 2359/2397/4 2360/2395/4
f 2295/2398/4 2359/2397/4 2294/2396/4
f 2295/2398/4 2358/2399/4 2359/2397/4
f 2296/2400/4 2358/2399/4 2295/2398/4
f 2296/2400/4 2357/2401/4 2358/2399/4
f 2297/2402/4 2357/2401/4 2296/2400/4
f 2297/2402/4 2356/2403/4 2357/2401/4
f 2298/2404/4 2356/2403/4 2297/2402/4
f 2298/2404/4 2355/2405/4 2356/2403/4
f 2299/2406/4 2355/2405/4 2298/2404/4
f 2299/2406/4 2354/2407/4 2355/2405/4
f 2300/2408/4 2354/2407/4 2299/2406/4
f 2300/2408/4 2353/2409/4 2354/2407/4
f 2301/2410/4 2353/2409/4 2300/2408/4
f 2301/2410/4 2352/2411/4 2353/2409/4
f 2302/2412/4 2352/2411/4 2301/2410/4
f 2302/2412/4 2351/2413/4 2352/2411/4
f 2303/2414/4 2351/2413/4 2302/2412/4
f 2303/2414/4 2350/2415/4 2351/2413/4
f 2304/2416/4 2350/2415/4 2303/2414/4
f 2304/2416/4 2349/2417/4 2350/2415/4
f 2305/2418/4 2349/2417/4 2304/2416/4
f 2305/2418/4 2348/2419/4 2349/2417/4
f 2305/2418/4 2347/2420/4 2348/2419/4
f 2306/2421/4 2347/2420/4 2305/2418/4
f 2306/2421/4 2346/2422/4 2347/2420/4
f 2307/2423/4 2346/2422/4 2306/2421/4
f 2307/2423/4 2345/2424/4 2346/2422/4
f 2308/2425/4 2345/2424/4 2307/2423/4
f 2308/2425/4 2344/2426/4 2345/2424/4
f 2309/2427/4 2344/2426/4 2308/2425/4
f 2509/2428/4 2343/2429/4 2344/2426/4
f 2309/2427/4 2509/2428/4 2344/2426/4
f 2508/2430/4 2509/2428/4 2309/2427/4
f 2310/2431/4 2508/2430/4 2309/2427/4
f 2462/2432/4 2343/2429/4 2509/2428/4
f 2310/2431/4 2507/2433/4 2508/2430/4
f 2463/2434/4 2343/2429/4 2462/2432/4
f 2310/2431/4 2506/2435/4 2507/2433/4
f 2464/2436/4 2343/2429/4 2463/2434/4
f 2464/2436/4 2342/2437/4 2343/2429/4
f 2310/2431/4 2505/2438/4 2506/2435/4
f 2465/2439/4 2342/2437/4 2464/2436/4
f 2310/2431/4 2504/2440/4 2505/2438/4
f 2466/2441/4 2342/2437/4 2465/2439/4
f 2310/2431/4 2503/2442/4 2504/2440/4
f 2311/2443/4 2503/2442/4 2310/2431/4
f 2467/2444/4 2342/2437/4 2466/2441/4
f 2311/2443/4 2502/2445/4 2503/2442/4
f 2467/2444/4 2341/2446/4 2342/2437/4
f 2468/2447/4 2341/2446/4 2467/2444/4
f 2311/2443/4 2501/2448/4 2502/2445/4
f 2312/2449/4 2501/2448/4 2311/2443/4
f 2469/2450/4 2341/2446/4 2468/2447/4
f 2469/2450/4 2340/2451/4 2341/2446/4
f 2312/2449/4 2500/2452/4 2501/2448/4
f 2470/2453/4 2340/2451/4 2469/2450/4
f 2312/2449/4 2499/2454/4 2500/2452/4
f 2313/2455/4 2499/2454/4 2312/2449/4
f 2471/2456/4 2340/2451/4 2470/2453/4
f 2471/2456/4 2339/2457/4 2340/2451/4
f 2313/2455/4 2498/2458/4 2499/2454/4
f 2472/2459/4 2339/2457/4 2471/2456/4
f 2314/2460/4 2498/2458/4 2313/2455/4
f 2472/2459/4 2338/2461/4 2339/2457/4
f 2473/2462/4 2338/2461/4 2472/2459/4
f 2314/2460/4 2497/2463/4 2498/2458/4
f 2315/2464/4 2497/2463/4 2314/2460/4
f 2474/2465/4 2338/2461/4 2473/2462/4
f 2474/2465/4 2337/2466/4 2338/2461/4
f 2315/2464/4 2496/2467/4 2497/2463/4
f 2475/2468/4 2337/2466/4 2474/2465/4
f 2315/2464/4 2495/2469/4 2496/2467/4
f 2316/2470/4 2495/2469/4 2315/2464/4
f 2476/2471/4 2337/2466/4 2475/2468/4
f 2316/2470/4 2494/2472/4 2495/2469/4
f 2476/2471/4 2336/2473/4 2337/2466/4
f 2477/2474/4 2336/2473/4 2476/2471/4
f 2316/2470/4 2493/2475/4 2494/2472/4
f 2478/2476/4 2336/2473/4 2477/2474/4
f 2317/2477/4 2493/2475/4 2316/2470/4
f 2317/2477/4 2492/2478/4 2493/2475/4
f 2478/2476/4 2335/2479/4 2336/2473/4
f 2479/2480/4 2335/2479/4 2478/2476/4
f 2317/2477/4 2491/2481/4 2492/2478/4
f 2480/2482/4 2335/2479/4 2479/2480/4
f 2317/2477/4 2490/2483/4 2491/2481/4
f 2481/2484/4 2335/2479/4 2480/2482/4
f 2318/2485/4 2490/2483/4 2317/2477/4
f 2318/2485/4 2489/2486/4 2490/2483/4
f 2481/2484/4 2334/2487/4 2335/2479/4
f 2482/2488/4 2334/2487/4 2481/2484/4
f 2318/2485/4 2488/2489/4 2489/2486/4
f 2483/2490/4 2334/2487/4 2482/2488/4
f 2318/2485/4 2487/2491/4 2488/2489/4
f 2484/2492/4 2334/2487/4 2483/2490/4
f 2318/2485/4 2486/2493/4 2487/2491/4
f 2485/2494/4 2334/2487/4 2484/2492/4
f 2318/2485/4 2485/2494/4 2486/2493/4
f 2318/2485/4 2334/2487/4 2485/2494/4
f 2319/2495/4 2334/2487/4 2318/2485/4
f 2319/2495/4 2333/2496/4 2334/2487/4
f 2320/2497/4 2333/2496/4 2319/2495/4
f 2320/2497/4 2332/2498/4 2333/2496/4
f 2320/2497/4 2331/2499/4 2332/2498/4
f 2321/2500/4 2331/2499/4 2320/2497/4
f 2321/2500/4 2330/2501/4 2331/2499/4
f 2322/2502/4 2330/2501/4 2321/2500/4
f 2322/2502/4 2329/2503/4 2330/2501/4
f 2323/2504/4 2329/2503/4 2322/2502/4
f 2323/2504/4 2328/2505/4 2329/2503/4
f 2324/2506/4 2328/2505/4 2323/2504/4
f 2324/2506/4 2327/2507/4 2328/2505/4
f 2325/2508/4 2327/2507/4 2324/2506/4
f 2325/2508/4 2326/2509/4 2327/2507/4
f 2536/2510/4 2534/2511/4 2535/2512/4
f 2537/2513/4 2534/2511/4 2536/2510/4
f 2563/2514/4 2561/2515/4 2562/2516/4
f 2564/2517/4 2561/2515/4 2563/2514/4
f 2537/2513/4 2533/2518/4 2534/2511/4
f 2538/2519/4 2533/2518/4 2537/2513/4
f 2539/2520/4 2533/2518/4 2538/2519/4
f 2539/2520/4 2532/2521/4 2533/2518/4
f 2540/2522/4 2532/2521/4 2539/2520/4
f 2564/2517/4 2560/2523/4 2561/2515/4
f 2541/2524/4 2532/2521/4 2540/2522/4
f 2564/2517/4 2559/2525/4 2560/2523/4
f 2541/2524/4 2531/2526/4 2532/2521/4
f 2542/2527/4 2531/2526/4 2541/2524/4
f 2564/2517/4 2558/2528/4 2559/2525/4
f 2564/2517/4 2557/2529/4 2558/2528/4
f 2543/2530/4 2531/2526/4 2542/2527/4
f 2543/2530/4 2530/2531/4 2531/2526/4
f 2564/2517/4 2556/2532/4 2557/2529/4
f 2544/2533/4 2530/2531/4 2543/2530/4
f 2510/2534/4 2555/2535/4 2556/2532/4
f 2564/2517/4 2510/2534/4 2556/2532/4
f 2545/2536/4 2530/2531/4 2544/2533/4
f 2510/2534/4 2554/2537/4 2555/2535/4
f 2546/2538/4 2530/2531/4 2545/2536/4
f 2510/2534/4 2553/2539/4 2554/2537/4
f 2546/2538/4 2529/2540/4 2530/2531/4
f 2510/2534/4 2552/2541/4 2553/2539/4
f 2547/2542/4 2529/2540/4 2546/2538/4
f 2510/2534/4 2551/2543/4 2552/2541/4
f 2548/2544/4 2529/2540/4 2547/2542/4
f 2510/2534/4 2550/2545/4 2551/2543/4
f 2549/2546/4 2529/2540/4 2548/2544/4
f 2510/2534/4 2549/2546/4 2550/2545/4
f 2510/2534/4 2529/2540/4 2549/2546/4
f 2511/2547/4 2529/2540/4 2510/2534/4
f 2564/2517/4 2565/2548/4 2510/2534/4
f 2511/2547/4 2528/2549/4 2529/2540/4
f 2512/2550/4 2528/2549/4 2511/2547/4
f 2513/2551/4 2528/2549/4 2512/2550/4
f 2513/2551/4 2527/2552/4 2528/2549/4
f 2514/2553/4 2527/2552/4 2513/2551/4
f 2514/2553/4 2526/2554/4 2527/2552/4
f 2515/2555/4 2526/2554/4 2514/2553/4
f 2516/2556/4 2526/2554/4 2515/2555/4
f 2516/2556/4 2525/2557/4 2526/2554/4
f 2517/2558/4 2525/2557/4 2516/2556/4
f 2518/2559/4 2525/2557/4 2517/2558/4
f 2518/2559/4 2524/2560/4 2525/2557/4
f 2519/2561/4 2524/2560/4 2518/2559/4
f 2519/2561/4 2523/2562/4 2524/2560/4
f 2520/2563/4 2523/2562/4 2519/2561/4
f 2521/2564/4 2523/2562/4 2520/2563/4
f 2521/2564/4 2522/2565/4 2523/2562/4
f 2615/2566/4 2613/2567/4 2614/2568/4
f 2616/2569/4 2613/2567/4 2615/2566/4
f 2578/2570/4 2576/2571/4 2577/2572/4
f 2578/2570/4 2575/2573/4 2576/2571/4
f 2578/2570/4 2574/2574/4 2575/2573/4
f 2579/2575/4 2574/2574/4 2578/2570/4
f 2579/2575/4 2573/2576/4 2574/2574/4
f 2579/2575/4 2572/2577/4 2573/2576/4
f 2579/2575/4 2571/2578/4 2572/2577/4
f 2580/2579/4 2571/2578/4 2579/2575/4
f 2580/2579/4 2570/2580/4 2571/2578/4
f 2580/2579/4 2569/2581/4 2570/2580/4
f 2581/2582/4 2569/2581/4 2580/2579/4
f 2581/2582/4 2568/2583/4 2569/2581/4
f 2581/2582/4 2567/2584/4 2568/2583/4
f 2581/2582/4 2566/2585/4 2567/2584/4
f 2582/2586/4 2566/2585/4 2581/2582/4
f 2582/2586/4 2616/2569/4 2566/2585/4
f 2664/2587/4 2613/2567/4 2616/2569/4
f 2663/2588/4 2664/2587/4 2616/2569/4
f 2662/2589/4 2663/2588/4 2616/2569/4
f 2661/2590/4 2662/2589/4 2616/2569/4
f 2660/2591/4 2661/2590/4 2616/2569/4
f 2659/2592/4 2660/2591/4 2616/2569/4
f 2658/2593/4 2659/2592/4 2616/2569/4
f 2657/2594/4 2658/2593/4 2616/2569/4
f 2656/2595/4 2657/2594/4 2616/2569/4
f 2655/2596/4 2656/2595/4 2616/2569/4
f 2582/2586/4 2655/2596/4 2616/2569/4
f 2654/2597/4 2655/2596/4 2582/2586/4
f 2583/2598/4 2654/2597/4 2582/2586/4
f 2653/2599/4 2654/2597/4 2583/2598/4
f 2652/2600/4 2653/2599/4 2583/2598/4
f 2584/2601/4 2652/2600/4 2583/2598/4
f 2584/2601/4 2651/2602/4 2652/2600/4
f 2584/2601/4 2650/2603/4 2651/2602/4
f 2585/2604/4 2650/2603/4 2584/2601/4
f 2585/2604/4 2649/2605/4 2650/2603/4
f 2585/2604/4 2648/2606/4 2649/2605/4
f 2585/2604/4 2647/2607/4 2648/2606/4
f 2586/2608/4 2647/2607/4 2585/2604/4
f 2586/2608/4 2646/2609/4 2647/2607/4
f 2586/2608/4 2645/2610/4 2646/2609/4
f 2665/2611/4 2613/2567/4 2664/2587/4
f 2587/2612/4 2645/2610/4 2586/2608/4
f 2587/2612/4 2644/2613/4 2645/2610/4
f 2587/2612/4 2643/2614/4 2644/2613/4
f 2588/2615/4 2643/2614/4 2587/2612/4
f 2588/2615/4 2642/2616/4 2643/2614/4
f 2588/2615/4 2641/2617/4 2642/2616/4
f 2589/2618/4 2641/2617/4 2588/2615/4
f 2589/2618/4 2640/2619/4 2641/2617/4
f 2590/2620/4 2640/2619/4 2589/2618/4
f 2590/2620/4 2639/2621/4 2640/2619/4
f 2590/2620/4 2638/2622/4 2639/2621/4
f 2591/2623/4 2638/2622/4 2590/2620/4
f 2591/2623/4 2637/2624/4 2638/2622/4
f 2592/2625/4 2637/2624/4 2591/2623/4
f 2592/2625/4 2636/2626/4 2637/2624/4
f 2592/2625/4 2635/2627/4 2636/2626/4
f 2593/2628/4 2635/2627/4 2592/2625/4
f 2593/2628/4 2634/2629/4 2635/2627/4
f 2593/2628/4 2633/2630/4 2634/2629/4
f 2593/2628/4 2632/2631/4 2633/2630/4
f 2594/2632/4 2632/2631/4 2593/2628/4
f 2594/2632/4 2631/2633/4 2632/2631/4
f 2617/2634/4 2613/2567/4 2665/2611/4
f 2618/2635/4 2613/2567/4 2617/2634/4
f 2594/2632/4 2630/2636/4 2631/2633/4
f 2619/2637/4 2613/2567/4 2618/2635/4
f 2620/2638/4 2613/2567/4 2619/2637/4
f 2621/2639/4 2613/2567/4 2620/2638/4
f 2622/2640/4 2613/2567/4 2621/2639/4
f 2594/2632/4 2629/2641/4 2630/2636/4
f 2623/2642/4 2613/2567/4 2622/2640/4
f 2595/2643/4 2629/2641/4 2594/2632/4
f 2624/2644/4 2613/2567/4 2623/2642/4
f 2625/2645/4 2613/2567/4 2624/2644/4
f 2595/2643/4 2628/2646/4 2629/2641/4
f 2626/2647/4 2613/2567/4 2625/2645/4
f 2627/2648/4 2613/2567/4 2626/2647/4
f 2628/2646/4 2613/2567/4 2627/2648/4
f 2595/2643/4 2613/2567/4 2628/2646/4
f 2596/2649/4 2613/2567/4 2595/2643/4
f 2597/2650/4 2613/2567/4 2596/2649/4
f 2597/2650/4 2612/2651/4 2613/2567/4
f 2598/2652/4 2612/2651/4 2597/2650/4
f 2598/2652/4 2611/2653/4 2612/2651/4
f 2598/2652/4 2610/2654/4 2611/2653/4
f 2598/2652/4 2609/2655/4 2610/2654/4
f 2599/2656/4 2609/2655/4 2598/2652/4
f 2599/2656/4 2608/2657/4 2609/2655/4
f 2599/2656/4 2607/2658/4 2608/2657/4
f 2599/2656/4 2606/2659/4 2607/2658/4
f 2600/2660/4 2606/2659/4 2599/2656/4
f 2600/2660/4 2605/2661/4 2606/2659/4
f 2600/2660/4 2604/2662/4 2605/2661/4
f 2600/2660/4 2603/2663/4 2604/2662/4
f 2601/2664/4 2603/2663/4 2600/2660/4
f 2601/2664/4 2602/2665/4 2603/2663/4
f 2702/2666/4 2700/2667/4 2701/2668/4
f 2703/2669/4 2700/2667/4 2702/2666/4
f 2703/2669/4 2699/2670/4 2700/2667/4
f 2704/2671/4 2699/2670/4 2703/2669/4
f 2704/2671/4 2698/2672/4 2699/2670/4
f 2705/2673/4 2698/2672/4 2704/2671/4
f 2705/2673/4 2697/2674/4 2698/2672/4
f 2706/2675/4 2697/2674/4 2705/2673/4
f 2706/2675/4 2696/2676/4 2697/2674/4
f 2707/2677/4 2696/2676/4 2706/2675/4
f 2707/2677/4 2695/2678/4 2696/2676/4
f 2708/2679/4 2695/2678/4 2707/2677/4
f 2751/2680/4 2694/2681/4 2695/2678/4
f 2708/2679/4 2751/2680/4 2695/2678/4
f 2752/2682/4 2694/2681/4 2751/2680/4
f 2708/2679/4 2750/2683/4 2751/2680/4
f 2753/2684/4 2694/2681/4 2752/2682/4
f 2708/2679/4 2749/2685/4 2750/2683/4
f 2754/2686/4 2694/2681/4 2753/2684/4
f 2708/2679/4 2748/2687/4 2749/2685/4
f 2709/2688/4 2748/2687/4 2708/2679/4
f 2755/2689/4 2694/2681/4 2754/2686/4
f 2755/2689/4 2693/2690/4 2694/2681/4
f 2709/2688/4 2747/2691/4 2748/2687/4
f 2756/2692/4 2693/2690/4 2755/2689/4
f 2709/2688/4 2746/2693/4 2747/2691/4
f 2757/2694/4 2693/2690/4 2756/2692/4
f 2709/2688/4 2745/2695/4 2746/2693/4
f 2758/2696/4 2693/2690/4 2757/2694/4
f 2709/2688/4 2744/2697/4 2745/2695/4
f 2758/2696/4 2692/2698/4 2693/2690/4
f 2710/2699/4 2744/2697/4 2709/2688/4
f 2759/2700/4 2692/2698/4 2758/2696/4
f 2710/2699/4 2743/2701/4 2744/2697/4
f 2760/2702/4 2692/2698/4 2759/2700/4
f 2710/2699/4 2742/2703/4 2743/2701/4
f 2760/2702/4 2691/2704/4 2692/2698/4
f 2711/2705/4 2742/2703/4 2710/2699/4
f 2761/2706/4 2691/2704/4 2760/2702/4
f 2711/2705/4 2741/2707/4 2742/2703/4
f 2762/2708/4 2691/2704/4 2761/2706/4
f 2711/2705/4 2740/2709/4 2741/2707/4
f 2762/2708/4 2690/2710/4 2691/2704/4
f 2763/2711/4 2690/2710/4 2762/2708/4
f 2712/2712/4 2740/2709/4 2711/2705/4
f 2712/2712/4 2764/2713/4 2740/2709/4
f 2764/2713/4 2690/2710/4 2763/2711/4
f 2712/2712/4 2690/2710/4 2764/2713/4
f 2712/2712/4 2689/2714/4 2690/2710/4
f 2713/2715/4 2689/2714/4 2712/2712/4
f 2714/2716/4 2688/2717/4 2689/2714/4
f 2713/2715/4 2714/2716/4 2689/2714/4
f 2715/2718/4 2688/2717/4 2714/2716/4
f 2715/2718/4 2687/2719/4 2688/2717/4
f 2716/2720/4 2687/2719/4 2715/2718/4
f 2717/2721/4 2687/2719/4 2716/2720/4
f 2717/2721/4 2686/2722/4 2687/2719/4
f 2718/2723/4 2686/2722/4 2717/2721/4
f 2718/2723/4 2685/2724/4 2686/2722/4
f 2719/2725/4 2685/2724/4 2718/2723/4
f 2739/2726/4 2737/2727/4 2738/2728/4
f 2720/2729/4 2685/2724/4 2719/2725/4
f 2739/2726/4 2736/2730/4 2737/2727/4
f 2739/2726/4 2735/2731/4 2736/2730/4
f 2720/2729/4 2684/2732/4 2685/2724/4
f 2721/2733/4 2684/2732/4 2720/2729/4
f 2739/2726/4 2734/2734/4 2735/2731/4
f 2739/2726/4 2733/2735/4 2734/2734/4
f 2722/2736/4 2684/2732/4 2721/2733/4
f 2739/2726/4 2732/2737/4 2733/2735/4
f 2723/2738/4 2684/2732/4 2722/2736/4
f 2739/2726/4 2731/2739/4 2732/2737/4
f 2723/2738/4 2683/2740/4 2684/2732/4
f 2739/2726/4 2730/2741/4 2731/2739/4
f 2724/2742/4 2683/2740/4 2723/2738/4
f 2739/2726/4 2729/2743/4 2730/2741/4
f 2725/2744/4 2683/2740/4 2724/2742/4
f 2739/2726/4 2728/2745/4 2729/2743/4
f 2739/2726/4 2727/2746/4 2728/2745/4
f 2726/2747/4 2683/2740/4 2725/2744/4
f 2739/2726/4 2726/2747/4 2727/2746/4
f 2739/2726/4 2683/2740/4 2726/2747/4
f 2739/2726/4 2682/2748/4 2683/2740/4
f 2666/2749/4 2682/2748/4 2739/2726/4
f 2666/2749/4 2681/2750/4 2682/2748/4
f 2667/2751/4 2681/2750/4 2666/2749/4
f 2668/2752/4 2681/2750/4 2667/2751/4
f 2668/2752/4 2680/2753/4 2681/2750/4
f 2669/2754/4 2680/2753/4 2668/2752/4
f 2670/2755/4 2680/2753/4 2669/2754/4
f 2670/2755/4 2679/2756/4 2680/2753/4
f 2671/2757/4 2679/2756/4 2670/2755/4
f 2672/2758/4 2679/2756/4 2671/2757/4
f 2672/2758/4 2678/2759/4 2679/2756/4
f 2673/2760/4 2678/2759/4 2672/2758/4
f 2674/2761/4 2678/2759/4 2673/2760/4
f 2675/2762/4 2678/2759/4 2674/2761/4
f 2675/2762/4 2677/2763/4 2678/2759/4
f 2676/2764/4 2677/2763/4 2675/2762/4
f 2817/2765/4 2790/2766/4 2791/2767/4
f 2765/2768/4 2817/2765/4 2791/2767/4
f 2766/2769/4 2817/2765/4 2765/2768/4
f 2767/2770/4 2817/2765/4 2766/2769/4
f 2768/2771/4 2817/2765/4 2767/2770/4
f 2769/2772/4 2817/2765/4 2768/2771/4
f 2770/2773/4 2817/2765/4 2769/2772/4
f 2816/2774/4 2817/2765/4 2770/2773/4
f 2815/2775/4 2816/2774/4 2770/2773/4
f 2771/2776/4 2815/2775/4 2770/2773/4
f 2818/2777/4 2790/2766/4 2817/2765/4
f 2771/2776/4 2814/2778/4 2815/2775/4
f 2771/2776/4 2813/2779/4 2814/2778/4
f 2771/2776/4 2812/2780/4 2813/2779/4
f 2772/2781/4 2812/2780/4 2771/2776/4
f 2772/2781/4 2811/2782/4 2812/2780/4
f 2772/2781/4 2810/2783/4 2811/2782/4
f 2773/2784/4 2810/2783/4 2772/2781/4
f 2773/2784/4 2809/2785/4 2810/2783/4
f 2774/2786/4 2809/2785/4 2773/2784/4
f 2774/2786/4 2808/2787/4 2809/2785/4
f 2774/2786/4 2807/2788/4 2808/2787/4
f 2775/2789/4 2807/2788/4 2774/2786/4
f 2775/2789/4 2806/2790/4 2807/2788/4
f 2776/2791/4 2806/2790/4 2775/2789/4
f 2776/2791/4 2805/2792/4 2806/2790/4
f 2777/2793/4 2805/2792/4 2776/2791/4
f 2777/2793/4 2804/2794/4 2805/2792/4
f 2777/2793/4 2803/2795/4 2804/2794/4
f 2778/2796/4 2803/2795/4 2777/2793/4
f 2778/2796/4 2802/2797/4 2803/2795/4
f 2779/2798/4 2802/2797/4 2778/2796/4
f 2779/2798/4 2801/2799/4 2802/2797/4
f 2779/2798/4 2800/2800/4 2801/2799/4
f 2780/2801/4 2800/2800/4 2779/2798/4
f 2780/2801/4 2799/2802/4 2800/2800/4
f 2781/2803/4 2799/2802/4 2780/2801/4
f 2781/2803/4 2798/2804/4 2799/2802/4
f 2781/2803/4 2797/2805/4 2798/2804/4
f 2782/2806/4 2797/2805/4 2781/2803/4
f 2782/2806/4 2796/2807/4 2797/2805/4
f 2783/2808/4 2796/2807/4 2782/2806/4
f 2783/2808/4 2795/2809/4 2796/2807/4
f 2783/2808/4 2794/2810/4 2795/2809/4
f 2784/2811/4 2794/2810/4 2783/2808/4
f 2784/2811/4 2793/2812/4 2794/2810/4
f 2784/2811/4 2792/2813/4 2793/2812/4
f 2792/2813/4 2790/2766/4 2818/2777/4
f 2784/2811/4 2790/2766/4 2792/2813/4
f 2785/2814/4 2790/2766/4 2784/2811/4
f 2786/2815/4 2790/2766/4 2785/2814/4
f 2787/2816/4 2790/2766/4 2786/2815/4
f 2788/2817/4 2790/2766/4 2787/2816/4
f 2789/2818/4 2790/2766/4 2788/2817/4
f 2855/2819/4 2853/2820/4 2854/2821/4
f 2856/2822/4 2853/2820/4 2855/2819/4
f 2856/2822/4 2852/2823/4 2853/2820/4
f 2857/2824/4 2852/2823/4 2856/2822/4
f 2857/2824/4 2851/2825/4 2852/2823/4
f 2858/2826/4 2851/2825/4 2857/2824/4
f 2858/2826/4 2850/2827/4 2851/2825/4
f 2859/2828/4 2850/2827/4 2858/2826/4
f 2859/2828/4 2849/2829/4 2850/2827/4
f 2860/2830/4 2849/2829/4 2859/2828/4
f 2860/2830/4 2848/2831/4 2849/2829/4
f 2861/2832/4 2848/2831/4 2860/2830/4
f 2904/2833/4 2847/2834/4 2848/2831/4
f 2861/2832/4 2904/2833/4 2848/2831/4
f 2905/2835/4 2847/2834/4 2904/2833/4
f 2861/2832/4 2903/2836/4 2904/2833/4
f 2906/2837/4 2847/2834/4 2905/2835/4
f 2861/2832/4 2902/2838/4 2903/2836/4
f 2907/2839/4 2847/2834/4 2906/2837/4
f 2861/2832/4 2901/2840/4 2902/2838/4
f 2862/2841/4 2901/2840/4 2861/2832/4
f 2908/2842/4 2847/2834/4 2907/2839/4
f 2908/2842/4 2846/2843/4 2847/2834/4
f 2862/2841/4 2900/2844/4 2901/2840/4
f 2909/2845/4 2846/2843/4 2908/2842/4
f 2862/2841/4 2899/2846/4 2900/2844/4
f 2910/2847/4 2846/2843/4 2909/2845/4
f 2862/2841/4 2898/2848/4 2899/2846/4
f 2911/2849/4 2846/2843/4 2910/2847/4
f 2862/2841/4 2897/2850/4 2898/2848/4
f 2911/2849/4 2845/2851/4 2846/2843/4
f 2863/2852/4 2897/2850/4 2862/2841/4
f 2912/2853/4 2845/2851/4 2911/2849/4
f 2863/2852/4 2896/2854/4 2897/2850/4
f 2913/2855/4 2845/2851/4 2912/2853/4
f 2863/2852/4 2895/2856/4 2896/2854/4
f 2913/2855/4 2844/2857/4 2845/2851/4
f 2864/2858/4 2895/2856/4 2863/2852/4
f 2914/2859/4 2844/2857/4 2913/2855/4
f 2864/2858/4 2894/2860/4 2895/2856/4
f 2915/2861/4 2844/2857/4 2914/2859/4
f 2864/2858/4 2893/2862/4 2894/2860/4
f 2915/2861/4 2843/2863/4 2844/2857/4
f 2916/2864/4 2843/2863/4 2915/2861/4
f 2865/2865/4 2893/2862/4 2864/2858/4
f 2865/2865/4 2917/2866/4 2893/2862/4
f 2917/2866/4 2843/2863/4 2916/2864/4
f 2865/2865/4 2843/2863/4 2917/2866/4
f 2865/2865/4 2842/2867/4 2843/2863/4
f 2866/2868/4 2842/2867/4 2865/2865/4
f 2867/2869/4 2841/2870/4 2842/2867/4
f 2866/2868/4 2867/2869/4 2842/2867/4
f 2868/2871/4 2841/2870/4 2867/2869/4
f 2868/2871/4 2840/2872/4 2841/2870/4
f 2869/2873/4 2840/2872/4 2868/2871/4
f 2870/2874/4 2840/2872/4 2869/2873/4
f 2870/2874/4 2839/2875/4 2840/2872/4
f 2871/2876/4 2839/2875/4 2870/2874/4
f 2871/2876/4 2838/2877/4 2839/2875/4
f 2872/2878/4 2838/2877/4 2871/2876/4
f 2892/2879/4 2890/2880/4 2891/2881/4
f 2873/2882/4 2838/2877/4 2872/2878/4
f 2892/2879/4 2889/2883/4 2890/2880/4
f 2892/2879/4 2888/2884/4 2889/2883/4
f 2873/2882/4 2837/2885/4 2838/2877/4
f 2874/2886/4 2837/2885/4 2873/2882/4
f 2892/2879/4 2887/2887/4 2888/2884/4
f 2892/2879/4 2886/2888/4 2887/2887/4
f 2875/2889/4 2837/2885/4 2874/2886/4
f 2892/2879/4 2885/2890/4 2886/2888/4
f 2876/2891/4 2837/2885/4 2875/2889/4
f 2892/2879/4 2884/2892/4 2885/2890/4
f 2876/2891/4 2836/2893/4 2837/2885/4
f 2892/2879/4 2883/2894/4 2884/2892/4
f 2877/2895/4 2836/2893/4 2876/2891/4
f 2892/2879/4 2882/2896/4 2883/2894/4
f 2878/2897/4 2836/2893/4 2877/2895/4
f 2892/2879/4 2881/2898/4 2882/2896/4
f 2892/2879/4 2880/2899/4 2881/2898/4
f 2879/2900/4 2836/2893/4 2878/2897/4
f 2892/2879/4 2879/2900/4 2880/2899/4
f 2892/2879/4 2836/2893/4 2879/2900/4
f 2892/2879/4 2835/2901/4 2836/2893/4
f 2819/2902/4 2835/2901/4 2892/2879/4
f 2819/2902/4 2834/2903/4 2835/2901/4
f 2820/2904/4 2834/2903/4 2819/2902/4
f 2821/2905/4 2834/2903/4 2820/2904/4
f 2821/2905/4 2833/2906/4 2834/2903/4
f 2822/2907/4 2833/2906/4 2821/2905/4
f 2823/2908/4 2833/2906/4 2822/2907/4
f 2823/2908/4 2832/2909/4 2833/2906/4
f 2824/2910/4 2832/2909/4 2823/2908/4
f 2825/2911/4 2832/2909/4 2824/2910/4
f 2825/2911/4 2831/2912/4 2832/2909/4
f 2826/2913/4 2831/2912/4 2825/2911/4
f 2827/2914/4 2831/2912/4 2826/2913/4
f 2828/2915/4 2831/2912/4 2827/2914/4
f 2828/2915/4 2830/2916/4 2831/2912/4
f 2829/2917/4 2830/2916/4 2828/2915/4
f 2920/2918/4 2918/2919/4 2919/2920/4
f 2921/2921/4 2918/2919/4 2920/2918/4
f 2971/2922/4 2969/2923/4 2970/2924/4
f 2972/2925/4 2969/2923/4 2971/2922/4
f 2934/2926/4 2932/2927/4 2933/2928/4
f 2934/2926/4 2931/2929/4 2932/2927/4
f 2934/2926/4 2930/2930/4 2931/2929/4
f 2935/2931/4 2930/2930/4 2934/2926/4
f 2935/2931/4 2929/2932/4 2930/2930/4
f 2935/2931/4 2928/2933/4 2929/2932/4
f 2935/2931/4 2927/2934/4 2928/2933/4
f 2936/2935/4 2927/2934/4 2935/2931/4
f 2936/2935/4 2926/2936/4 2927/2934/4
f 2936/2935/4 2925/2937/4 2926/2936/4
f 2937/2938/4 2925/2937/4 2936/2935/4
f 2937/2938/4 2924/2939/4 2925/2937/4
f 2937/2938/4 2923/2940/4 2924/2939/4
f 2937/2938/4 2922/2941/4 2923/2940/4
f 2938/2942/4 2922/2941/4 2937/2938/4
f 2938/2942/4 2972/2925/4 2922/2941/4
f 3020/2943/4 2969/2923/4 2972/2925/4
f 3019/2944/4 3020/2943/4 2972/2925/4
f 3018/2945/4 3019/2944/4 2972/2925/4
f 3017/2946/4 3018/2945/4 2972/2925/4
f 3016/2947/4 3017/2946/4 2972/2925/4
f 3015/2948/4 3016/2947/4 2972/2925/4
f 3014/2949/4 3015/2948/4 2972/2925/4
f 3013/2950/4 3014/2949/4 2972/2925/4
f 3012/2951/4 3013/2950/4 2972/2925/4
f 3011/2952/4 3012/2951/4 2972/2925/4
f 2938/2942/4 3011/2952/4 2972/2925/4
f 3010/2953/4 3011/2952/4 2938/2942/4
f 2939/2954/4 3010/2953/4 2938/2942/4
f 3009/2955/5 3010/2953/5 2939/2954/5
f 3008/2956/4 3009/2955/4 2939/2954/4
f 2940/2957/4 3008/2956/4 2939/2954/4
f 2940/2957/4 3007/2958/4 3008/2956/4
f 2940/2957/4 3006/2959/4 3007/2958/4
f 2941/2960/4 3006/2959/4 2940/2957/4
f 2941/2960/4 3005/2961/4 3006/2959/4
f 2941/2960/4 3004/2962/4 3005/2961/4
f 2941/2960/4 3003/2963/4 3004/2962/4
f 2942/2964/4 3003/2963/4 2941/2960/4
f 2942/2964/4 3002/2965/4 3003/2963/4
f 2942/2964/4 3001/2966/4 3002/2965/4
f 3021/2967/4 2969/2923/4 3020/2943/4
f 2943/2968/4 3001/2966/4 2942/2964/4
f 2943/2968/4 3000/2969/4 3001/2966/4
f 2943/2968/4 2999/2970/4 3000/2969/4
f 2944/2971/4 2999/2970/4 2943/2968/4
f 2944/2971/4 2998/2972/4 2999/2970/4
f 2944/2971/4 2997/2973/4 2998/2972/4
f 2945/2974/4 2997/2973/4 2944/2971/4
f 2945/2974/4 2996/2975/4 2997/2973/4
f 2946/2976/4 2996/2975/4 2945/2974/4
f 2946/2976/4 2995/2977/4 2996/2975/4
f 2946/2976/4 2994/2978/4 2995/2977/4
f 2947/2979/4 2994/2978/4 2946/2976/4
f 2947/2979/4 2993/2980/4 2994/2978/4
f 2948/2981/4 2993/2980/4 2947/2979/4
f 2948/2981/4 2992/2982/4 2993/2980/4
f 2948/2981/4 2991/2983/4 2992/2982/4
f 2949/2984/4 2991/2983/4 2948/2981/4
f 2949/2984/4 2990/2985/4 2991/2983/4
f 2949/2984/4 2989/2986/4 2990/2985/4
f 2949/2984/4 2988/2987/4 2989/2986/4
f 2950/2988/4 2988/2987/4 2949/2984/4
f 2950/2988/4 2987/2989/4 2988/2987/4
f 2973/2990/4 2969/2923/4 3021/2967/4
f 2974/2991/4 2969/2923/4 2973/2990/4
f 2950/2988/4 2986/2992/4 2987/2989/4
f 2975/2993/4 2969/2923/4 2974/2991/4
f 2976/2994/4 2969/2923/4 2975/2993/4
f 2977/2995/4 2969/2923/4 2976/2994/4
f 2978/2996/4 2969/2923/4 2977/2995/4
f 2950/2988/4 2985/2997/4 2986/2992/4
f 2979/2998/4 2969/2923/4 2978/2996/4
f 2951/2999/4 2985/2997/4 2950/2988/4
f 2980/3000/4 2969/2923/4 2979/2998/4
f 2981/3001/4 2969/2923/4 2980/3000/4
f 2951/2999/4 2984/3002/4 2985/2997/4
f 2982/3003/4 2969/2923/4 2981/3001/4
f 2983/3004/4 2969/2923/4 2982/3003/4
f 2984/3002/4 2969/2923/4 2983/3004/4
f 2951/2999/4 2969/2923/4 2984/3002/4
f 2952/3005/4 2969/2923/4 2951/2999/4
f 2953/3006/4 2969/2923/4 2952/3005/4
f 2953/3006/4 2968/3007/4 2969/2923/4
f 2954/3008/4 2968/3007/4 2953/3006/4
f 2954/3008/4 2967/3009/4 2968/3007/4
f 2954/3008/4 2966/3010/4 2967/3009/4
f 2954/3008/4 2965/3011/4 2966/3010/4
f 2955/3012/4 2965/3011/4 2954/3008/4
f 2955/3012/4 2964/3013/4 2965/3011/4
f 2955/3012/4 2963/3014/4 2964/3013/4
f 2955/3012/4 2962/3015/4 2963/3014/4
f 2956/3016/4 2962/3015/4 2955/3012/4
f 2956/3016/4 2961/3017/4 2962/3015/4
f 2956/3016/4 2960/3018/4 2961/3017/4
f 2956/3016/4 2959/3019/4 2960/3018/4
f 2957/3020/4 2959/3019/4 2956/3016/4
f 2957/3020/4 2958/3021/4 2959/3019/4
f 3121/3022/4 3119/3023/4 3120/3024/4
f 3121/3022/4 3118/3025/4 3119/3023/4
f 3122/3026/4 3118/3025/4 3121/3022/4
f 3122/3026/4 3117/3027/4 3118/3025/4
f 3122/3026/4 3116/3028/4 3117/3027/4
f 3123/3029/4 3116/3028/4 3122/3026/4
f 3123/3029/4 3115/3030/4 3116/3028/4
f 3124/3031/4 3115/3030/4 3123/3029/4
f 3124/3031/4 3114/3032/4 3115/3030/4
f 3124/3031/4 3113/3033/4 3114/3032/4
f 3125/3034/4 3113/3033/4 3124/3031/4
f 3125/3034/4 3112/3035/4 3113/3033/4
f 3126/3036/4 3112/3035/4 3125/3034/4
f 3126/3036/4 3111/3037/4 3112/3035/4
f 3126/3036/4 3110/3038/4 3111/3037/4
f 3127/3039/4 3110/3038/4 3126/3036/4
f 3127/3039/4 3109/3040/4 3110/3038/4
f 3128/3041/4 3109/3040/4 3127/3039/4
f 3128/3041/4 3108/3042/4 3109/3040/4
f 3106/3043/4 3107/3044/4 3108/3042/4
f 3105/3045/4 3106/3043/4 3108/3042/4
f 3104/3046/4 3105/3045/4 3108/3042/4
f 3103/3047/4 3104/3046/4 3108/3042/4
f 3102/3048/4 3103/3047/4 3108/3042/4
f 3101/3049/4 3102/3048/4 3108/3042/4
f 3100/3050/4 3101/3049/4 3108/3042/4
f 3099/3051/4 3100/3050/4 3108/3042/4
f 3098/3052/4 3099/3051/4 3108/3042/4
f 3097/3053/4 3098/3052/4 3108/3042/4
f 3128/3041/4 3097/3053/4 3108/3042/4
f 3096/3054/4 3097/3053/4 3128/3041/4
f 3095/3055/4 3096/3054/4 3128/3041/4
f 3129/3056/4 3095/3055/4 3128/3041/4
f 3094/3057/4 3095/3055/4 3129/3056/4
f 3130/3058/4 3094/3057/4 3129/3056/4
f 3130/3058/4 3093/3059/4 3094/3057/4
f 3130/3058/4 3092/3060/4 3093/3059/4
f 3130/3058/4 3091/3061/4 3092/3060/4
f 3130/3058/4 3090/3062/4 3091/3061/4
f 3130/3058/4 3089/3063/4 3090/3062/4
f 3131/3064/4 3089/3063/4 3130/3058/4
f 3131/3064/4 3088/3065/4 3089/3063/4
f 3131/3064/4 3087/3066/4 3088/3065/4
f 3131/3064/4 3086/3067/4 3087/3066/4
f 3132/3068/4 3086/3067/4 3131/3064/4
f 3132/3068/4 3085/3069/4 3086/3067/4
f 3132/3068/4 3084/3070/4 3085/3069/4
f 3133/3071/4 3084/3070/4 3132/3068/4
f 3133/3071/4 3083/3072/4 3084/3070/4
f 3133/3071/4 3082/3073/4 3083/3072/4
f 3195/3074/4 3081/3075/4 3082/3073/4
f 3133/3071/4 3195/3074/4 3082/3073/4
f 3195/3074/4 3080/3076/4 3081/3075/4
f 3195/3074/4 3079/3077/4 3080/3076/4
f 3195/3074/4 3078/3078/4 3079/3077/4
f 3195/3074/4 3077/3079/4 3078/3078/4
f 3159/3080/4 3077/3079/4 3195/3074/4
f 3133/3071/4 3194/3081/4 3195/3074/4
f 3160/3082/4 3077/3079/4 3159/3080/4
f 3160/3082/4 3076/3083/4 3077/3079/4
f 3161/3084/4 3076/3083/4 3160/3082/4
f 3161/3084/4 3075/3085/4 3076/3083/4
f 3162/3086/4 3075/3085/4 3161/3084/4
f 3162/3086/4 3074/3087/4 3075/3085/4
f 3163/3088/4 3074/3087/4 3162/3086/4
f 3164/3089/4 3074/3087/4 3163/3088/4
f 3164/3089/4 3073/3090/4 3074/3087/4
f 3165/3091/4 3073/3090/4 3164/3089/4
f 3165/3091/4 3072/3092/4 3073/3090/4
f 3166/3093/4 3072/3092/4 3165/3091/4
f 3167/3094/4 3072/3092/4 3166/3093/4
f 3167/3094/4 3071/3095/4 3072/3092/4
f 3168/3096/4 3071/3095/4 3167/3094/4
f 3169/3097/4 3071/3095/4 3168/3096/4
f 3169/3097/4 3070/3098/4 3071/3095/4
f 3170/3099/4 3070/3098/4 3169/3097/4
f 3170/3099/4 3069/3100/4 3070/3098/4
f 3171/3101/4 3069/3100/4 3170/3099/4
f 3172/3102/4 3069/3100/4 3171/3101/4
f 3172/3102/4 3068/3103/4 3069/3100/4
f 3173/3104/4 3068/3103/4 3172/3102/4
f 3174/3105/4 3068/3103/4 3173/3104/4
f 3133/3071/4 3193/3106/4 3194/3081/4
f 3174/3105/4 3067/3107/4 3068/3103/4
f 3133/3071/4 3192/3108/4 3193/3106/4
f 3175/3109/4 3067/3107/4 3174/3105/4
f 3133/3071/4 3191/3110/4 3192/3108/4
f 3158/3111/4 3156/3112/4 3157/3113/4
f 3134/3114/4 3191/3110/4 3133/3071/4
f 3176/3115/4 3067/3107/4 3175/3109/4
f 3158/3111/4 3155/3116/4 3156/3112/4
f 3134/3114/4 3190/3117/4 3191/3110/4
f 3135/3118/4 3190/3117/4 3134/3114/4
f 3158/3111/4 3154/3119/4 3155/3116/4
f 3176/3115/4 3066/3120/4 3067/3107/4
f 3177/3121/4 3066/3120/4 3176/3115/4
f 3136/3122/4 3190/3117/4 3135/3118/4
f 3136/3122/4 3189/3123/4 3190/3117/4
f 3158/3111/4 3153/3124/4 3154/3119/4
f 3137/3125/4 3189/3123/4 3136/3122/4
f 3137/3125/4 3188/3126/4 3189/3123/4
f 3158/3111/4 3152/3127/4 3153/3124/4
f 3178/3128/4 3066/3120/4 3177/3121/4
f 3138/3129/4 3188/3126/4 3137/3125/4
f 3158/3111/4 3151/3130/4 3152/3127/4
f 3138/3129/4 3187/3131/4 3188/3126/4
f 3139/3132/4 3187/3131/4 3138/3129/4
f 3158/3111/4 3150/3133/4 3151/3130/4
f 3179/3134/4 3066/3120/4 3178/3128/4
f 3140/3135/4 3187/3131/4 3139/3132/4
f 3140/3135/4 3186/3136/4 3187/3131/4
f 3158/3111/4 3149/3137/4 3150/3133/4
f 3141/3138/4 3186/3136/4 3140/3135/4
f 3179/3134/4 3065/3139/4 3066/3120/4
f 3158/3111/4 3148/3140/4 3149/3137/4
f 3180/3141/4 3065/3139/4 3179/3134/4
f 3141/3138/4 3185/3142/4 3186/3136/4
f 3142/3143/4 3185/3142/4 3141/3138/4
f 3158/3111/4 3147/3144/4 3148/3140/4
f 3143/3145/4 3185/3142/4 3142/3143/4
f 3158/3111/4 3146/3146/4 3147/3144/4
f 3143/3145/4 3184/3147/4 3185/3142/4
f 3144/3148/4 3184/3147/4 3143/3145/4
f 3158/3111/4 3145/3149/4 3146/3146/4
f 3145/3149/5 3184/3147/5 3144/3148/5
f 3181/3150/4 3065/3139/4 3180/3141/4
f 3158/3111/4 3184/3147/4 3145/3149/4
f 3158/3111/4 3183/3151/4 3184/3147/4
f 3182/3152/4 3065/3139/4 3181/3150/4
f 3158/3111/4 3182/3152/4 3183/3151/4
f 3045/3153/4 3065/3139/4 3182/3152/4
f 3158/3111/4 3045/3153/4 3182/3152/4
f 3045/3153/4 3064/3154/4 3065/3139/4
f 3046/3155/4 3064/3154/4 3045/3153/4
f 3158/3111/4 3044/3156/4 3045/3153/4
f 3046/3155/4 3063/3157/4 3064/3154/4
f 3047/3158/4 3063/3157/4 3046/3155/4
f 3158/3111/4 3043/3159/4 3044/3156/4
f 3022/3160/4 3043/3159/4 3158/3111/4
f 3047/3158/4 3062/3161/4 3063/3157/4
f 3048/3162/4 3062/3161/4 3047/3158/4
f 3022/3160/4 3042/3163/4 3043/3159/4
f 3023/3164/4 3042/3163/4 3022/3160/4
f 3049/3165/4 3062/3161/4 3048/3162/4
f 3023/3164/4 3041/3166/4 3042/3163/4
f 3049/3165/4 3061/3167/4 3062/3161/4
f 3024/3168/4 3041/3166/4 3023/3164/4
f 3050/3169/4 3061/3167/4 3049/3165/4
f 3024/3168/4 3040/3170/4 3041/3166/4
f 3025/3171/4 3040/3170/4 3024/3168/4
f 3050/3169/4 3060/3172/4 3061/3167/4
f 3051/3173/4 3060/3172/4 3050/3169/4
f 3025/3171/4 3039/3174/4 3040/3170/4
f 3026/3175/4 3039/3174/4 3025/3171/4
f 3052/3176/4 3060/3172/4 3051/3173/4
f 3026/3175/4 3038/3177/4 3039/3174/4
f 3027/3178/4 3038/3177/4 3026/3175/4
f 3052/3176/4 3059/3179/4 3060/3172/4
f 3053/3180/4 3059/3179/4 3052/3176/4
f 3027/3178/4 3037/3181/4 3038/3177/4
f 3028/3182/4 3037/3181/4 3027/3178/4
f 3054/3183/4 3059/3179/4 3053/3180/4
f 3029/3184/4 3037/3181/4 3028/3182/4
f 3029/3184/4 3036/3185/4 3037/3181/4
f 3054/3183/4 3058/3186/4 3059/3179/4
f 3030/3187/4 3036/3185/4 3029/3184/4
f 3055/3188/4 3058/3186/4 3054/3183/4
f 3030/3187/4 3035/3189/4 3036/3185/4
f 3031/3190/4 3035/3189/4 3030/3187/4
f 3056/3191/4 3058/3186/4 3055/3188/4
f 3031/3190/4 3034/3192/4 3035/3189/4
f 3056/3191/4 3057/3193/4 3058/3186/4
f 3032/3194/4 3034/3192/4 3031/3190/4
f 3032/3194/4 3033/3195/4 3034/3192/4
f 3209/3196/4 3207/3197/4 3208/3198/4
f 3209/3196/4 3206/3199/4 3207/3197/4
f 3210/3200/4 3206/3199/4 3209/3196/4
f 3210/3200/4 3205/3201/4 3206/3199/4
f 3210/3200/4 3204/3202/4 3205/3201/4
f 3211/3203/4 3204/3202/4 3210/3200/4
f 3211/3203/4 3203/3204/4 3204/3202/4
f 3251/3205/4 3249/3206/4 3250/3207/4
f 3252/3208/4 3249/3206/4 3251/3205/4
f 3212/3209/4 3203/3204/4 3211/3203/4
f 3212/3209/4 3202/3210/4 3203/3204/4
f 3212/3209/4 3201/3211/4 3202/3210/4
f 3213/3212/4 3201/3211/4 3212/3209/4
f 3213/3212/4 3200/3213/4 3201/3211/4
f 3214/3214/4 3200/3213/4 3213/3212/4
f 3214/3214/4 3199/3215/4 3200/3213/4
f 3214/3214/4 3198/3216/4 3199/3215/4
f 3215/3217/4 3198/3216/4 3214/3214/4
f 3215/3217/4 3197/3218/4 3198/3216/4
f 3215/3217/4 3196/3219/4 3197/3218/4
f 3235/3220/4 3196/3219/4 3215/3217/4
f 3216/3221/4 3235/3220/4 3215/3217/4
f 3196/3219/4 3249/3206/4 3252/3208/4
f 3247/3222/4 3249/3206/4 3196/3219/4
f 3246/3223/4 3247/3222/4 3196/3219/4
f 3245/3224/4 3246/3223/4 3196/3219/4
f 3244/3225/4 3245/3224/4 3196/3219/4
f 3243/3226/4 3244/3225/4 3196/3219/4
f 3242/3227/4 3243/3226/4 3196/3219/4
f 3241/3228/4 3242/3227/4 3196/3219/4
f 3240/3229/4 3241/3228/4 3196/3219/4
f 3239/3230/4 3240/3229/4 3196/3219/4
f 3238/3231/4 3239/3230/4 3196/3219/4
f 3237/3232/4 3238/3231/4 3196/3219/4
f 3236/3233/4 3237/3232/4 3196/3219/4
f 3235/3220/4 3236/3233/4 3196/3219/4
f 3216/3221/4 3234/3234/4 3235/3220/4
f 3216/3221/4 3233/3235/4 3234/3234/4
f 3216/3221/4 3232/3236/4 3233/3235/4
f 3216/3221/4 3231/3237/4 3232/3236/4
f 3217/3238/4 3231/3237/4 3216/3221/4
f 3217/3238/4 3230/3239/4 3231/3237/4
f 3217/3238/4 3229/3240/4 3230/3239/4
f 3217/3238/4 3228/3241/4 3229/3240/4
f 3218/3242/4 3228/3241/4 3217/3238/4
f 3218/3242/4 3227/3243/4 3228/3241/4
f 3218/3242/4 3226/3244/4 3227/3243/4
f 3219/3245/4 3226/3244/4 3218/3242/4
f 3219/3245/4 3225/3246/4 3226/3244/4
f 3248/3247/4 3249/3206/4 3247/3222/4
f 3219/3245/4 3224/3248/4 3225/3246/4
f 3220/3249/4 3224/3248/4 3219/3245/4
f 3220/3249/4 3223/3250/4 3224/3248/4
f 3220/3249/4 3222/3251/4 3223/3250/4
f 3221/3252/4 3222/3251/4 3220/3249/4
f 3253/3253/4 3261/3254/4 3262/3255/4
f 3263/3256/4 3253/3253/4 3262/3255/4
f 3264/3257/4 3253/3253/4 3263/3256/4
f 3254/3258/4 3261/3254/4 3253/3253/4
f 3257/3259/4 3261/3254/4 3254/3258/4
f 3255/3260/4 3257/3259/4 3254/3258/4
f 3256/3261/4 3257/3259/4 3255/3260/4
f 3258/3262/4 3261/3254/4 3257/3259/4
f 3259/3263/4 3261/3254/4 3258/3262/4
f 3260/3264/4 3261/3254/4 3259/3263/4
s 1
f 3268/3265/6 3265/3266/7 3266/3267/7
f 3270/3268/6 3267/3269/6 3268/3265/6
f 3272/3270/7 3269/3271/6 3270/3268/6
f 3274/3272/7 3271/3273/7 3272/3270/7
f 3276/3274/6 3273/3275/7 3274/3272/7
f 3278/3276/6 3275/3277/6 3276/3274/6
f 3280/3278/7 3277/3279/6 3278/3276/6
f 3282/3280/8 3279/3281/7 3280/3278/7
f 3284/3282/9 3281/3283/8 3282/3280/8
f 3286/3284/6 3283/3285/9 3284/3282/9
f 3288/3286/7 3285/3287/6 3286/3284/6
f 3266/3288/7 3287/3289/7 3288/3286/7
f 3292/3290/10 3289/3291/11 3290/3292/11
f 3294/3293/12 3291/3294/10 3292/3290/10
f 3296/3295/13 3293/3296/12 3294/3293/12
f 3298/3297/14 3295/3298/13 3296/3295/13
f 3300/3299/15 3297/3300/14 3298/3297/14
f 3302/3301/16 3299/3302/15 3300/3299/15
f 3304/3303/17 3301/3304/16 3302/3301/16
f 3306/3305/18 3303/3306/17 3304/3303/17
f 3308/3307/19 3305/3308/20 3306/3305/18
f 3310/3309/21 3307/3310/22 3308/3307/19
f 3312/3311/23 3309/3312/21 3310/3309/21
f 3314/3313/24 3311/3314/23 3312/3311/23
f 3316/3315/25 3313/3316/24 3314/3313/24
f 3318/3317/26 3315/3318/25 3316/3315/25
f 3320/3319/27 3317/3320/26 3318/3317/26
f 3322/3321/28 3319/3322/27 3320/3319/27
f 3324/3323/29 3321/3324/28 3322/3321/28
f 3326/3325/30 3323/3326/31 3324/3323/29
f 3328/3327/32 3325/3328/30 3326/3325/30
f 3330/3329/33 3327/3330/32 3328/3327/32
f 3332/3331/34 3329/3332/33 3330/3329/33
f 3334/3333/35 3331/3334/34 3332/3331/34
f 3336/3335/36 3333/3336/35 3334/3333/35
f 3338/3337/37 3335/3338/36 3336/3335/36
f 3340/3339/7 3337/3340/37 3338/3337/37
f 3342/3341/8 3339/3342/7 3340/3339/7
f 3344/3343/38 3341/3344/8 3342/3341/8
f 3346/3345/39 3343/3346/38 3344/3343/38
f 3348/3347/40 3345/3348/39 3346/3345/39
f 3350/3349/41 3347/3350/40 3348/3347/40
f 3352/3351/42 3349/3352/41 3350/3349/41
f 3354/3353/43 3351/3354/42 3352/3351/42
f 3356/3355/44 3353/3356/43 3354/3353/43
f 3358/3357/45 3355/3358/44 3356/3355/44
f 3360/3359/46 3357/3360/45 3358/3357/45
f 3362/3361/47 3359/3362/46 3360/3359/46
f 3364/3363/48 3361/3364/47 3362/3361/47
f 3366/3365/49 3363/3366/48 3364/3363/48
f 3368/3367/50 3365/3368/49 3366/3365/49
f 3370/3369/51 3367/3370/50 3368/3367/50
f 3372/3371/52 3369/3372/51 3370/3369/51
f 3374/3373/53 3371/3374/52 3372/3371/52
f 3376/3375/54 3373/3376/53 3374/3373/53
f 3378/3377/55 3375/3378/54 3376/3375/54
f 3380/3379/56 3377/3380/55 3378/3377/55
f 3382/3381/57 3379/3382/56 3380/3379/56
f 3384/3383/58 3381/3384/57 3382/3381/57
f 3386/3385/59 3383/3386/58 3384/3383/58
f 3388/3387/60 3385/3388/59 3386/3385/59
f 3390/3389/61 3387/3390/60 3388/3387/60
f 3392/3391/62 3389/3392/61 3390/3389/61
f 3394/3393/7 3391/3394/62 3392/3391/62
f 3396/3395/8 3393/3396/7 3394/3393/7
f 3398/3397/9 3395/3398/8 3396/3395/8
f 3400/3399/6 3397/3400/9 3398/3397/9
f 3402/3401/6 3399/3402/6 3400/3399/6
f 3290/3403/11 3401/3404/6 3402/3401/6
f 3406/3405/63 3403/3406/64 3404/3407/64
f 3408/3408/65 3405/3409/63 3406/3405/63
f 3410/3410/66 3407/3411/67 3408/3408/65
f 3412/3412/68 3409/3413/66 3410/3410/66
f 3414/3414/69 3411/3415/68 3412/3412/68
f 3416/3416/70 3413/3417/69 3414/3414/69
f 3418/3418/71 3415/3419/70 3416/3416/70
f 3420/3420/72 3417/3421/71 3418/3418/71
f 3422/3422/73 3419/3423/72 3420/3420/72
f 3424/3424/74 3421/3425/73 3422/3422/73
f 3426/3426/75 3423/3427/74 3424/3424/74
f 3428/3428/76 3425/3429/75 3426/3426/75
f 3430/3430/77 3427/3431/76 3428/3428/76
f 3432/3432/78 3429/3433/77 3430/3430/77
f 3434/3434/79 3431/3435/78 3432/3432/78
f 3436/3436/80 3433/3437/79 3434/3434/79
f 3438/3438/81 3435/3439/80 3436/3436/80
f 3440/3440/82 3437/3441/81 3438/3438/81
f 3442/3442/83 3439/3443/82 3440/3440/82
f 3444/3444/84 3441/3445/83 3442/3442/83
f 3446/3446/85 3443/3447/84 3444/3444/84
f 3448/3448/86 3445/3449/85 3446/3446/85
f 3450/3450/87 3447/3451/86 3448/3448/86
f 3452/3452/88 3449/3453/87 3450/3450/87
f 3454/3454/89 3451/3455/88 3452/3452/88
f 3456/3456/90 3453/3457/91 3454/3454/89
f 3458/3458/92 3455/3459/90 3456/3456/90
f 3460/3460/93 3457/3461/92 3458/3458/92
f 3462/3462/94 3459/3463/93 3460/3460/93
f 3464/3464/95 3461/3465/94 3462/3462/94
f 3466/3466/96 3463/3467/95 3464/3464/95
f 3468/3468/97 3465/3469/96 3466/3466/96
f 3470/3470/98 3467/3471/97 3468/3468/97
f 3472/3472/99 3469/3473/98 3470/3470/98
f 3474/3474/100 3471/3475/101 3472/3472/99
f 3476/3476/102 3473/3477/100 3474/3474/100
f 3478/3478/103 3475/3479/102 3476/3476/102
f 3480/3480/104 3477/3481/103 3478/3478/103
f 3482/3482/105 3479/3483/104 3480/3480/104
f 3484/3484/106 3481/3485/105 3482/3482/105
f 3486/3486/107 3483/3487/106 3484/3484/106
f 3488/3488/108 3485/3489/107 3486/3486/107
f 3490/3490/109 3487/3491/108 3488/3488/108
f 3492/3492/110 3489/3493/109 3490/3490/109
f 3494/3494/111 3491/3495/110 3492/3492/110
f 3496/3496/112 3493/3497/111 3494/3494/111
f 3498/3498/113 3495/3499/112 3496/3496/112
f 3500/3500/114 3497/3501/113 3498/3498/113
f 3502/3502/115 3499/3503/114 3500/3500/114
f 3504/3504/116 3501/3505/115 3502/3502/115
f 3506/3506/117 3503/3507/116 3504/3504/116
f 3508/3508/118 3505/3509/117 3506/3506/117
f 3510/3510/119 3507/3511/118 3508/3508/118
f 3512/3512/120 3509/3513/119 3510/3510/119
f 3514/3514/121 3511/3515/120 3512/3512/120
f 3516/3516/122 3513/3517/121 3514/3514/121
f 3518/3518/123 3515/3519/122 3516/3516/122
f 3520/3520/124 3517/3521/123 3518/3518/123
f 3522/3522/125 3519/3523/124 3520/3520/124
f 3524/3524/126 3521/3525/125 3522/3522/125
f 3526/3526/127 3523/3527/126 3524/3524/126
f 3528/3528/128 3525/3529/127 3526/3526/127
f 3530/3530/129 3527/3531/128 3528/3528/128
f 3532/3532/130 3529/3533/129 3530/3530/129
f 3534/3534/131 3531/3535/130 3532/3532/130
f 3536/3536/132 3533/3537/133 3534/3534/131
f 3538/3538/134 3535/3539/132 3536/3536/132
f 3540/3540/135 3537/3541/134 3538/3538/134
f 3542/3542/136 3539/3543/135 3540/3540/135
f 3544/3544/137 3541/3545/136 3542/3542/136
f 3546/3546/138 3543/3547/137 3544/3544/137
f 3548/3548/139 3545/3549/138 3546/3546/138
f 3550/3550/140 3547/3551/139 3548/3548/139
f 3552/3552/141 3549/3553/140 3550/3550/140
f 3554/3554/142 3551/3555/141 3552/3552/141
f 3556/3556/143 3553/3557/142 3554/3554/142
f 3558/3558/144 3555/3559/143 3556/3556/143
f 3560/3560/145 3557/3561/144 3558/3558/144
f 3562/3562/146 3559/3563/145 3560/3560/145
f 3564/3564/147 3561/3565/146 3562/3562/146
f 3566/3566/148 3563/3567/147 3564/3564/147
f 3568/3568/149 3565/3569/148 3566/3566/148
f 3570/3570/150 3567/3571/149 3568/3568/149
f 3572/3572/151 3569/3573/150 3570/3570/150
f 3574/3574/152 3571/3575/151 3572/3572/151
f 3576/3576/153 3573/3577/152 3574/3574/152
f 3578/3578/154 3575/3579/153 3576/3576/153
f 3580/3580/155 3577/3581/154 3578/3578/154
f 3582/3582/156 3579/3583/155 3580/3580/155
f 3584/3584/157 3581/3585/156 3582/3582/156
f 3586/3586/158 3583/3587/157 3584/3584/157
f 3588/3588/159 3585/3589/158 3586/3586/158
f 3590/3590/160 3587/3591/159 3588/3588/159
f 3592/3592/161 3589/3593/160 3590/3590/160
f 3594/3594/162 3591/3595/161 3592/3592/161
f 3596/3596/163 3593/3597/162 3594/3594/162
f 3598/3598/164 3595/3599/163 3596/3596/163
f 3600/3600/165 3597/3601/164 3598/3598/164
f 3602/3602/166 3599/3603/165 3600/3600/165
f 3604/3604/167 3601/3605/166 3602/3602/166
f 3606/3606/168 3603/3607/169 3604/3604/167
f 3608/3608/170 3605/3609/168 3606/3606/168
f 3610/3610/171 3607/3611/170 3608/3608/170
f 3612/3612/172 3609/3613/171 3610/3610/171
f 3614/3614/173 3611/3615/172 3612/3612/172
f 3616/3616/174 3613/3617/173 3614/3614/173
f 3618/3618/175 3615/3619/174 3616/3616/174
f 3620/3620/176 3617/3621/175 3618/3618/175
f 3622/3622/177 3619/3623/176 3620/3620/176
f 3624/3624/178 3621/3625/177 3622/3622/177
f 3626/3626/179 3623/3627/178 3624/3624/178
f 3628/3628/180 3625/3629/179 3626/3626/179
f 3630/3630/181 3627/3631/180 3628/3628/180
f 3632/3632/182 3629/3633/181 3630/3630/181
f 3634/3634/183 3631/3635/182 3632/3632/182
f 3636/3636/184 3633/3637/183 3634/3634/183
f 3638/3638/185 3635/3639/184 3636/3636/184
f 3640/3640/186 3637/3641/185 3638/3638/185
f 3642/3642/187 3639/3643/188 3640/3640/186
f 3644/3644/189 3641/3645/187 3642/3642/187
f 3646/3646/190 3643/3647/189 3644/3644/189
f 3648/3648/191 3645/3649/190 3646/3646/190
f 3650/3650/192 3647/3651/193 3648/3648/191
f 3652/3652/194 3649/3653/192 3650/3650/192
f 3654/3654/195 3651/3655/196 3652/3652/194
f 3656/3656/197 3653/3657/198 3654/3654/195
f 3658/3658/199 3655/3659/197 3656/3656/197
f 3660/3660/200 3657/3661/199 3658/3658/199
f 3662/3662/201 3659/3663/200 3660/3660/200
f 3664/3664/202 3661/3665/201 3662/3662/201
f 3666/3666/203 3663/3667/204 3664/3664/202
f 3668/3668/205 3665/3669/206 3666/3666/203
f 3670/3670/207 3667/3671/205 3668/3668/205
f 3672/3672/208 3669/3673/209 3670/3670/207
f 3674/3674/210 3671/3675/208 3672/3672/208
f 3676/3676/211 3673/3677/210 3674/3674/210
f 3404/3678/64 3675/3679/211 3676/3676/211
f 3680/3680/212 3677/3681/213 3678/3682/213
f 3682/3683/214 3679/3684/212 3680/3680/212
f 3684/3685/215 3681/3686/214 3682/3683/214
f 3686/3687/216 3683/3688/215 3684/3685/215
f 3688/3689/217 3685/3690/216 3686/3687/216
f 3690/3691/218 3687/3692/217 3688/3689/217
f 3692/3693/219 3689/3694/218 3690/3691/218
f 3694/3695/220 3691/3696/219 3692/3693/219
f 3696/3697/221 3693/3698/220 3694/3695/220
f 3698/3699/222 3695/3700/221 3696/3697/221
f 3700/3701/223 3697/3702/222 3698/3699/222
f 3702/3703/224 3699/3704/223 3700/3701/223
f 3704/3705/225 3701/3706/224 3702/3703/224
f 3706/3707/226 3703/3708/225 3704/3705/225
f 3708/3709/227 3705/3710/226 3706/3707/226
f 3710/3711/228 3707/3712/227 3708/3709/227
f 3712/3713/229 3709/3714/228 3710/3711/228
f 3714/3715/230 3711/3716/229 3712/3713/229
f 3716/3717/231 3713/3718/230 3714/3715/230
f 3718/3719/232 3715/3720/231 3716/3717/231
f 3720/3721/233 3717/3722/232 3718/3719/232
f 3722/3723/234 3719/3724/233 3720/3721/233
f 3724/3725/235 3721/3726/234 3722/3723/234
f 3726/3727/236 3723/3728/235 3724/3725/235
f 3728/3729/237 3725/3730/236 3726/3727/236
f 3730/3731/238 3727/3732/237 3728/3729/237
f 3732/3733/239 3729/3734/238 3730/3731/238
f 3734/3735/240 3731/3736/239 3732/3733/239
f 3736/3737/241 3733/3738/240 3734/3735/240
f 3738/3739/242 3735/3740/241 3736/3737/241
f 3740/3741/243 3737/3742/244 3738/3739/242
f 3742/3743/245 3739/3744/243 3740/3741/243
f 3744/3745/246 3741/3746/245 3742/3743/245
f 3746/3747/247 3743/3748/246 3744/3745/246
f 3748/3749/248 3745/3750/247 3746/3747/247
f 3750/3751/249 3747/3752/248 3748/3749/248
f 3678/3753/213 3749/3754/249 3750/3751/249
f 3754/3755/250 3751/3756/251 3752/3757/251
f 3756/3758/252 3753/3759/250 3754/3755/250
f 3758/3760/253 3755/3761/252 3756/3758/252
f 3760/3762/254 3757/3763/253 3758/3760/253
f 3762/3764/20 3759/3765/254 3760/3762/254
f 3764/3766/255 3761/3767/20 3762/3764/20
f 3766/3768/256 3763/3769/255 3764/3766/255
f 3768/3770/257 3765/3771/256 3766/3768/256
f 3770/3772/258 3767/3773/257 3768/3770/257
f 3772/3774/259 3769/3775/258 3770/3772/258
f 3774/3776/260 3771/3777/261 3772/3774/259
f 3776/3778/262 3773/3779/260 3774/3776/260
f 3778/3780/263 3775/3781/262 3776/3778/262
f 3780/3782/264 3777/3783/263 3778/3780/263
f 3782/3784/265 3779/3785/264 3780/3782/264
f 3784/3786/266 3781/3787/265 3782/3784/265
f 3786/3788/267 3783/3789/266 3784/3786/266
f 3788/3790/268 3785/3791/267 3786/3788/267
f 3790/3792/269 3787/3793/268 3788/3790/268
f 3792/3794/270 3789/3795/269 3790/3792/269
f 3794/3796/271 3791/3797/270 3792/3794/270
f 3796/3798/272 3793/3799/271 3794/3796/271
f 3798/3800/273 3795/3801/272 3796/3798/272
f 3800/3802/274 3797/3803/273 3798/3800/273
f 3802/3804/275 3799/3805/274 3800/3802/274
f 3804/3806/276 3801/3807/275 3802/3804/275
f 3806/3808/277 3803/3809/276 3804/3806/276
f 3808/3810/278 3805/3811/277 3806/3808/277
f 3810/3812/279 3807/3813/278 3808/3810/278
f 3812/3814/280 3809/3815/279 3810/3812/279
f 3814/3816/281 3811/3817/280 3812/3814/280
f 3816/3818/282 3813/3819/281 3814/3816/281
f 3818/3820/283 3815/3821/282 3816/3818/282
f 3820/3822/284 3817/3823/283 3818/3820/283
f 3822/3824/285 3819/3825/284 3820/3822/284
f 3824/3826/286 3821/3827/285 3822/3824/285
f 3826/3828/287 3823/3829/286 3824/3826/286
f 3828/3830/288 3825/3831/287 3826/3828/287
f 3830/3832/289 3827/3833/288 3828/3830/288
f 3832/3834/290 3829/3835/289 3830/3832/289
f 3834/3836/291 3831/3837/290 3832/3834/290
f 3836/3838/292 3833/3839/291 3834/3836/291
f 3838/3840/293 3835/3841/292 3836/3838/292
f 3840/3842/294 3837/3843/293 3838/3840/293
f 3842/3844/295 3839/3845/294 3840/3842/294
f 3844/3846/296 3841/3847/295 3842/3844/295
f 3846/3848/297 3843/3849/296 3844/3846/296
f 3848/3850/9 3845/3851/297 3846/3848/297
f 3850/3852/6 3847/3853/9 3848/3850/9
f 3852/3854/298 3849/3855/6 3850/3852/6
f 3752/3856/251 3851/3857/298 3852/3854/298
f 3856/3858/299 3853/3859/300 3854/3860/300
f 3858/3861/301 3855/3862/299 3856/3858/299
f 3860/3863/302 3857/3864/301 3858/3861/301
f 3862/3865/303 3859/3866/302 3860/3863/302
f 3864/3867/304 3861/3868/305 3862/3865/303
f 3866/3869/306 3863/3870/304 3864/3867/304
f 3868/3871/307 3865/3872/306 3866/3869/306
f 3870/3873/308 3867/3874/307 3868/3871/307
f 3872/3875/309 3869/3876/308 3870/3873/308
f 3874/3877/310 3871/3878/309 3872/3875/309
f 3876/3879/311 3873/3880/310 3874/3877/310
f 3878/3881/312 3875/3882/311 3876/3879/311
f 3880/3883/313 3877/3884/312 3878/3881/312
f 3882/3885/314 3879/3886/313 3880/3883/313
f 3884/3887/315 3881/3888/314 3882/3885/314
f 3886/3889/316 3883/3890/315 3884/3887/315
f 3888/3891/317 3885/3892/316 3886/3889/316
f 3890/3893/318 3887/3894/317 3888/3891/317
f 3892/3895/319 3889/3896/318 3890/3893/318
f 3894/3897/320 3891/3898/319 3892/3895/319
f 3896/3899/321 3893/3900/320 3894/3897/320
f 3898/3901/322 3895/3902/321 3896/3899/321
f 3900/3903/323 3897/3904/322 3898/3901/322
f 3902/3905/324 3899/3906/323 3900/3903/323
f 3904/3907/325 3901/3908/324 3902/3905/324
f 3906/3909/326 3903/3910/325 3904/3907/325
f 3908/3911/327 3905/3912/326 3906/3909/326
f 3910/3913/43 3907/3914/327 3908/3911/327
f 3912/3915/328 3909/3916/43 3910/3913/43
f 3914/3917/329 3911/3918/328 3912/3915/328
f 3916/3919/330 3913/3920/329 3914/3917/329
f 3918/3921/331 3915/3922/330 3916/3919/330
f 3920/3923/332 3917/3924/331 3918/3921/331
f 3922/3925/333 3919/3926/332 3920/3923/332
f 3924/3927/334 3921/3928/333 3922/3925/333
f 3926/3929/335 3923/3930/334 3924/3927/334
f 3928/3931/336 3925/3932/335 3926/3929/335
f 3930/3933/337 3927/3934/336 3928/3931/336
f 3932/3935/338 3929/3936/337 3930/3933/337
f 3934/3937/339 3931/3938/338 3932/3935/338
f 3936/3939/340 3933/3940/339 3934/3937/339
f 3938/3941/341 3935/3942/340 3936/3939/340
f 3940/3943/342 3937/3944/341 3938/3941/341
f 3942/3945/343 3939/3946/342 3940/3943/342
f 3944/3947/344 3941/3948/343 3942/3945/343
f 3946/3949/345 3943/3950/344 3944/3947/344
f 3948/3951/346 3945/3952/345 3946/3949/345
f 3950/3953/347 3947/3954/346 3948/3951/346
f 3854/3955/300 3949/3956/347 3950/3953/347
f 3954/3957/9 3951/3958/8 3952/3959/8
f 3956/3960/6 3953/3961/9 3954/3957/9
f 3958/3962/7 3955/3963/6 3956/3960/6
f 3952/3964/8 3957/3965/7 3958/3962/7
f 3962/3966/348 3959/3967/349 3960/3968/350
f 3964/3969/351 3961/3970/348 3962/3966/348
f 3966/3971/352 3963/3972/351 3964/3969/351
f 3968/3973/353 3965/3974/352 3966/3971/352
f 3970/3975/354 3967/3976/353 3968/3973/353
f 3972/3977/355 3969/3978/354 3970/3975/354
f 3974/3979/356 3971/3980/355 3972/3977/355
f 3976/3981/357 3973/3982/356 3974/3979/356
f 3978/3983/358 3975/3984/357 3976/3981/357
f 3980/3985/359 3977/3986/358 3978/3983/358
f 3982/3987/360 3979/3988/359 3980/3985/359
f 3984/3989/361 3981/3990/360 3982/3987/360
f 3986/3991/362 3983/3992/361 3984/3989/361
f 3988/3993/363 3985/3994/364 3986/3991/362
f 3990/3995/365 3987/3996/363 3988/3993/363
f 3992/3997/366 3989/3998/365 3990/3995/365
f 3994/3999/367 3991/4000/366 3992/3997/366
f 3996/4001/368 3993/4002/367 3994/3999/367
f 3998/4003/369 3995/4004/368 3996/4001/368
f 4000/4005/370 3997/4006/369 3998/4003/369
f 4002/4007/371 3999/4008/370 4000/4005/370
f 4004/4009/372 4001/4010/371 4002/4007/371
f 4006/4011/373 4003/4012/372 4004/4009/372
f 4008/4013/374 4005/4014/373 4006/4011/373
f 4010/4015/375 4007/4016/374 4008/4013/374
f 4012/4017/376 4009/4018/375 4010/4015/375
f 4014/4019/377 4011/4020/376 4012/4017/376
f 4016/4021/378 4013/4022/377 4014/4019/377
f 4018/4023/379 4015/4024/378 4016/4021/378
f 4020/4025/380 4017/4026/379 4018/4023/379
f 4022/4027/381 4019/4028/380 4020/4025/380
f 4024/4029/382 4021/4030/381 4022/4027/381
f 4026/4031/383 4023/4032/382 4024/4029/382
f 4028/4033/384 4025/4034/383 4026/4031/383
f 4030/4035/385 4027/4036/384 4028/4033/384
f 4032/4037/386 4029/4038/385 4030/4035/385
f 4034/4039/387 4031/4040/388 4032/4037/386
f 4036/4041/389 4033/4042/387 4034/4039/387
f 4038/4043/390 4035/4044/389 4036/4041/389
f 4040/4045/391 4037/4046/390 4038/4043/390
f 4042/4047/392 4039/4048/391 4040/4045/391
f 4044/4049/393 4041/4050/392 4042/4047/392
f 4046/4051/394 4043/4052/393 4044/4049/393
f 4048/4053/395 4045/4054/394 4046/4051/394
f 4050/4055/396 4047/4056/395 4048/4053/395
f 4052/4057/397 4049/4058/396 4050/4055/396
f 4054/4059/398 4051/4060/397 4052/4057/397
f 4056/4061/399 4053/4062/398 4054/4059/398
f 4058/4063/400 4055/4064/399 4056/4061/399
f 4060/4065/401 4057/4066/400 4058/4063/400
f 4062/4067/402 4059/4068/401 4060/4065/401
f 4064/4069/403 4061/4070/402 4062/4067/402
f 4066/4071/404 4063/4072/403 4064/4069/403
f 4068/4073/405 4065/4074/404 4066/4071/404
f 4070/4075/406 4067/4076/405 4068/4073/405
f 4072/4077/407 4069/4078/406 4070/4075/406
f 4074/4079/408 4071/4080/407 4072/4077/407
f 4076/4081/409 4073/4082/408 4074/4079/408
f 4078/4083/410 4075/4084/409 4076/4081/409
f 4080/4085/411 4077/4086/410 4078/4083/410
f 4082/4087/412 4079/4088/411 4080/4085/411
f 4084/4089/413 4081/4090/412 4082/4087/412
f 4086/4091/414 4083/4092/413 4084/4089/413
f 4088/4093/415 4085/4094/414 4086/4091/414
f 4090/4095/416 4087/4096/415 4088/4093/415
f 4092/4097/417 4089/4098/416 4090/4095/416
f 4094/4099/418 4091/4100/417 4092/4097/417
f 4096/4101/419 4093/4102/418 4094/4099/418
f 4098/4103/420 4095/4104/419 4096/4101/419
f 4100/4105/421 4097/4106/420 4098/4103/420
f 4102/4107/422 4099/4108/421 4100/4105/421
f 4104/4109/423 4101/4110/422 4102/4107/422
f 4106/4111/424 4103/4112/425 4104/4109/423
f 3960/4113/350 4105/4114/424 4106/4111/424
f 4110/4115/426 4107/4116/427 4108/4117/427
f 4112/4118/428 4109/4119/426 4110/4115/426
f 4114/4120/429 4111/4121/428 4112/4118/428
f 4116/4122/430 4113/4123/429 4114/4120/429
f 4118/4124/431 4115/4125/430 4116/4122/430
f 4120/4126/432 4117/4127/431 4118/4124/431
f 4122/4128/433 4119/4129/432 4120/4126/432
f 4124/4130/434 4121/4131/433 4122/4128/433
f 4126/4132/435 4123/4133/434 4124/4130/434
f 4128/4134/436 4125/4135/435 4126/4132/435
f 4130/4136/437 4127/4137/436 4128/4134/436
f 4132/4138/438 4129/4139/437 4130/4136/437
f 4134/4140/439 4131/4141/438 4132/4138/438
f 4136/4142/440 4133/4143/439 4134/4140/439
f 4138/4144/441 4135/4145/440 4136/4142/440
f 4140/4146/442 4137/4147/441 4138/4144/441
f 4142/4148/443 4139/4149/442 4140/4146/442
f 4144/4150/444 4141/4151/443 4142/4148/443
f 4146/4152/445 4143/4153/444 4144/4150/444
f 4148/4154/446 4145/4155/445 4146/4152/445
f 4150/4156/447 4147/4157/446 4148/4154/446
f 4152/4158/448 4149/4159/447 4150/4156/447
f 4154/4160/449 4151/4161/448 4152/4158/448
f 4156/4162/450 4153/4163/449 4154/4160/449
f 4108/4164/427 4155/4165/450 4156/4162/450
f 4160/4166/451 4157/4167/452 4158/4168/452
f 4162/4169/453 4159/4170/451 4160/4166/451
f 4164/4171/454 4161/4172/453 4162/4169/453
f 4166/4173/455 4163/4174/454 4164/4171/454
f 4168/4175/456 4165/4176/455 4166/4173/455
f 4170/4177/457 4167/4178/456 4168/4175/456
f 4172/4179/458 4169/4180/457 4170/4177/457
f 4174/4181/459 4171/4182/458 4172/4179/458
f 4176/4183/460 4173/4184/459 4174/4181/459
f 4178/4185/461 4175/4186/460 4176/4183/460
f 4180/4187/462 4177/4188/461 4178/4185/461
f 4182/4189/463 4179/4190/462 4180/4187/462
f 4184/4191/464 4181/4192/463 4182/4189/463
f 4186/4193/465 4183/4194/464 4184/4191/464
f 4188/4195/466 4185/4196/465 4186/4193/465
f 4190/4197/467 4187/4198/466 4188/4195/466
f 4192/4199/468 4189/4200/467 4190/4197/467
f 4194/4201/469 4191/4202/468 4192/4199/468
f 4196/4203/470 4193/4204/469 4194/4201/469
f 4198/4205/471 4195/4206/470 4196/4203/470
f 4200/4207/472 4197/4208/471 4198/4205/471
f 4202/4209/473 4199/4210/472 4200/4207/472
f 4204/4211/474 4201/4212/473 4202/4209/473
f 4206/4213/475 4203/4214/474 4204/4211/474
f 4208/4215/8 4205/4216/475 4206/4213/475
f 4210/4217/9 4207/4218/8 4208/4215/8
f 4158/4219/452 4209/4220/9 4210/4217/9
f 4214/4221/476 4211/4222/477 4212/4223/477
f 4216/4224/478 4213/4225/476 4214/4221/476
f 4218/4226/479 4215/4227/478 4216/4224/478
f 4220/4228/480 4217/4229/479 4218/4226/479
f 4222/4230/481 4219/4231/480 4220/4228/480
f 4224/4232/482 4221/4233/481 4222/4230/481
f 4226/4234/483 4223/4235/482 4224/4232/482
f 4228/4236/484 4225/4237/483 4226/4234/483
f 4230/4238/485 4227/4239/484 4228/4236/484
f 4232/4240/486 4229/4241/485 4230/4238/485
f 4234/4242/487 4231/4243/486 4232/4240/486
f 4236/4244/488 4233/4245/487 4234/4242/487
f 4238/4246/489 4235/4247/488 4236/4244/488
f 4240/4248/490 4237/4249/489 4238/4246/489
f 4242/4250/491 4239/4251/490 4240/4248/490
f 4244/4252/492 4241/4253/491 4242/4250/491
f 4246/4254/493 4243/4255/492 4244/4252/492
f 4248/4256/494 4245/4257/493 4246/4254/493
f 4250/4258/495 4247/4259/494 4248/4256/494
f 4252/4260/496 4249/4261/495 4250/4258/495
f 4254/4262/497 4251/4263/496 4252/4260/496
f 4256/4264/498 4253/4265/497 4254/4262/497
f 4258/4266/499 4255/4267/498 4256/4264/498
f 4260/4268/500 4257/4269/499 4258/4266/499
f 4262/4270/7 4259/4271/500 4260/4268/500
f 4264/4272/6 4261/4273/7 4262/4270/7
f 4212/4274/477 4263/4275/6 4264/4272/6
f 4268/4276/348 4265/4277/350 4266/4278/349
f 4270/4279/351 4267/4280/348 4268/4276/348
f 4272/4281/352 4269/4282/351 4270/4279/351
f 4274/4283/353 4271/4284/352 4272/4281/352
f 4276/4285/354 4273/4286/353 4274/4283/353
f 4278/4287/355 4275/4288/354 4276/4285/354
f 4280/4289/356 4277/4290/355 4278/4287/355
f 4282/4291/357 4279/4292/356 4280/4289/356
f 4284/4293/358 4281/4294/357 4282/4291/357
f 4286/4295/359 4283/4296/358 4284/4293/358
f 4288/4297/360 4285/4298/359 4286/4295/359
f 4290/4299/361 4287/4300/360 4288/4297/360
f 4292/4301/362 4289/4302/361 4290/4299/361
f 4294/4303/363 4291/4304/362 4292/4301/362
f 4296/4305/365 4293/4306/363 4294/4303/363
f 4298/4307/366 4295/4308/365 4296/4305/365
f 4300/4309/367 4297/4310/366 4298/4307/366
f 4302/4311/368 4299/4312/367 4300/4309/367
f 4304/4313/369 4301/4314/368 4302/4311/368
f 4306/4315/370 4303/4316/369 4304/4313/369
f 4308/4317/371 4305/4318/370 4306/4315/370
f 4310/4319/372 4307/4320/371 4308/4317/371
f 4312/4321/373 4309/4322/372 4310/4319/372
f 4314/4323/374 4311/4324/373 4312/4321/373
f 4316/4325/375 4313/4326/374 4314/4323/374
f 4318/4327/376 4315/4328/375 4316/4325/375
f 4320/4329/377 4317/4330/376 4318/4327/376
f 4322/4331/378 4319/4332/377 4320/4329/377
f 4324/4333/379 4321/4334/378 4322/4331/378
f 4326/4335/380 4323/4336/379 4324/4333/379
f 4328/4337/381 4325/4338/380 4326/4335/380
f 4330/4339/382 4327/4340/381 4328/4337/381
f 4332/4341/383 4329/4342/382 4330/4339/382
f 4334/4343/384 4331/4344/383 4332/4341/383
f 4336/4345/385 4333/4346/384 4334/4343/384
f 4338/4347/386 4335/4348/385 4336/4345/385
f 4340/4349/387 4337/4350/386 4338/4347/386
f 4342/4351/389 4339/4352/387 4340/4349/387
f 4344/4353/390 4341/4354/389 4342/4351/389
f 4346/4355/391 4343/4356/390 4344/4353/390
f 4348/4357/392 4345/4358/391 4346/4355/391
f 4350/4359/393 4347/4360/392 4348/4357/392
f 4352/4361/394 4349/4362/393 4350/4359/393
f 4354/4363/395 4351/4364/394 4352/4361/394
f 4356/4365/396 4353/4366/395 4354/4363/395
f 4358/4367/397 4355/4368/396 4356/4365/396
f 4360/4369/398 4357/4370/397 4358/4367/397
f 4362/4371/399 4359/4372/398 4360/4369/398
f 4364/4373/400 4361/4374/399 4362/4371/399
f 4366/4375/401 4363/4376/400 4364/4373/400
f 4368/4377/402 4365/4378/401 4366/4375/401
f 4370/4379/403 4367/4380/402 4368/4377/402
f 4372/4381/404 4369/4382/403 4370/4379/403
f 4374/4383/405 4371/4384/404 4372/4381/404
f 4376/4385/406 4373/4386/405 4374/4383/405
f 4378/4387/407 4375/4388/406 4376/4385/406
f 4380/4389/408 4377/4390/407 4378/4387/407
f 4382/4391/409 4379/4392/408 4380/4389/408
f 4384/4393/410 4381/4394/409 4382/4391/409
f 4386/4395/411 4383/4396/410 4384/4393/410
f 4388/4397/412 4385/4398/411 4386/4395/411
f 4390/4399/413 4387/4400/412 4388/4397/412
f 4392/4401/414 4389/4402/413 4390/4399/413
f 4394/4403/415 4391/4404/414 4392/4401/414
f 4396/4405/416 4393/4406/415 4394/4403/415
f 4398/4407/417 4395/4408/416 4396/4405/416
f 4400/4409/418 4397/4410/417 4398/4407/417
f 4402/4411/419 4399/4412/418 4400/4409/418
f 4404/4413/420 4401/4414/419 4402/4411/419
f 4406/4415/421 4403/4416/420 4404/4413/420
f 4408/4417/422 4405/4418/421 4406/4415/421
f 4410/4419/423 4407/4420/422 4408/4417/422
f 4412/4421/424 4409/4422/423 4410/4419/423
f 4266/4423/349 4411/4424/424 4412/4421/424
f 4416/4425/426 4413/4426/427 4414/4427/427
f 4418/4428/428 4415/4429/426 4416/4425/426
f 4420/4430/429 4417/4431/428 4418/4428/428
f 4422/4432/430 4419/4433/429 4420/4430/429
f 4424/4434/431 4421/4435/430 4422/4432/430
f 4426/4436/432 4423/4437/431 4424/4434/431
f 4428/4438/433 4425/4439/432 4426/4436/432
f 4430/4440/434 4427/4441/433 4428/4438/433
f 4432/4442/435 4429/4443/434 4430/4440/434
f 4434/4444/436 4431/4445/435 4432/4442/435
f 4436/4446/437 4433/4447/436 4434/4444/436
f 4438/4448/438 4435/4449/437 4436/4446/437
f 4440/4450/439 4437/4451/438 4438/4448/438
f 4442/4452/440 4439/4453/439 4440/4450/439
f 4444/4454/441 4441/4455/440 4442/4452/440
f 4446/4456/442 4443/4457/441 4444/4454/441
f 4448/4458/443 4445/4459/442 4446/4456/442
f 4450/4460/444 4447/4461/443 4448/4458/443
f 4452/4462/445 4449/4463/444 4450/4460/444
f 4454/4464/446 4451/4465/445 4452/4462/445
f 4456/4466/447 4453/4467/446 4454/4464/446
f 4458/4468/448 4455/4469/447 4456/4466/447
f 4460/4470/449 4457/4471/448 4458/4468/448
f 4462/4472/450 4459/4473/449 4460/4470/449
f 4414/4474/427 4461/4475/450 4462/4472/450
f 4466/4476/250 4463/4477/251 4464/4478/251
f 4468/4479/252 4465/4480/250 4466/4476/250
f 4470/4481/253 4467/4482/252 4468/4479/252
f 4472/4483/254 4469/4484/253 4470/4481/253
f 4474/4485/20 4471/4486/254 4472/4483/254
f 4476/4487/255 4473/4488/20 4474/4485/20
f 4478/4489/256 4475/4490/255 4476/4487/255
f 4480/4491/257 4477/4492/256 4478/4489/256
f 4482/4493/258 4479/4494/257 4480/4491/257
f 4484/4495/261 4481/4496/258 4482/4493/258
f 4486/4497/260 4483/4498/261 4484/4495/261
f 4488/4499/262 4485/4500/260 4486/4497/260
f 4490/4501/263 4487/4502/262 4488/4499/262
f 4492/4503/264 4489/4504/263 4490/4501/263
f 4494/4505/265 4491/4506/264 4492/4503/264
f 4496/4507/266 4493/4508/265 4494/4505/265
f 4498/4509/267 4495/4510/266 4496/4507/266
f 4500/4511/268 4497/4512/267 4498/4509/267
f 4502/4513/269 4499/4514/268 4500/4511/268
f 4504/4515/270 4501/4516/269 4502/4513/269
f 4506/4517/271 4503/4518/270 4504/4515/270
f 4508/4519/272 4505/4520/271 4506/4517/271
f 4510/4521/273 4507/4522/272 4508/4519/272
f 4512/4523/274 4509/4524/273 4510/4521/273
f 4514/4525/275 4511/4526/274 4512/4523/274
f 4516/4527/276 4513/4528/275 4514/4525/275
f 4518/4529/277 4515/4530/276 4516/4527/276
f 4520/4531/278 4517/4532/277 4518/4529/277
f 4522/4533/279 4519/4534/501 4520/4531/278
f 4524/4535/280 4521/4536/279 4522/4533/279
f 4526/4537/281 4523/4538/280 4524/4535/280
f 4528/4539/282 4525/4540/281 4526/4537/281
f 4530/4541/283 4527/4542/282 4528/4539/282
f 4532/4543/284 4529/4544/283 4530/4541/283
f 4534/4545/285 4531/4546/284 4532/4543/284
f 4536/4547/286 4533/4548/285 4534/4545/285
f 4538/4549/287 4535/4550/286 4536/4547/286
f 4540/4551/288 4537/4552/287 4538/4549/287
f 4542/4553/289 4539/4554/288 4540/4551/288
f 4544/4555/290 4541/4556/289 4542/4553/289
f 4546/4557/291 4543/4558/290 4544/4555/290
f 4548/4559/292 4545/4560/291 4546/4557/291
f 4550/4561/293 4547/4562/292 4548/4559/292
f 4552/4563/294 4549/4564/293 4550/4561/293
f 4554/4565/295 4551/4566/294 4552/4563/294
f 4556/4567/296 4553/4568/295 4554/4565/295
f 4558/4569/297 4555/4570/296 4556/4567/296
f 4560/4571/9 4557/4572/297 4558/4569/297
f 4562/4573/6 4559/4574/9 4560/4571/9
f 4564/4575/298 4561/4576/6 4562/4573/6
f 4464/4577/251 4563/4578/298 4564/4575/298
f 4568/4579/299 4565/4580/300 4566/4581/300
f 4570/4582/301 4567/4583/299 4568/4579/299
f 4572/4584/302 4569/4585/301 4570/4582/301
f 4574/4586/303 4571/4587/302 4572/4584/302
f 4576/4588/304 4573/4589/305 4574/4586/303
f 4578/4590/306 4575/4591/304 4576/4588/304
f 4580/4592/307 4577/4593/306 4578/4590/306
f 4582/4594/308 4579/4595/307 4580/4592/307
f 4584/4596/309 4581/4597/308 4582/4594/308
f 4586/4598/310 4583/4599/309 4584/4596/309
f 4588/4600/311 4585/4601/310 4586/4598/310
f 4590/4602/312 4587/4603/311 4588/4600/311
f 4592/4604/313 4589/4605/312 4590/4602/312
f 4594/4606/314 4591/4607/313 4592/4604/313
f 4596/4608/315 4593/4609/314 4594/4606/314
f 4598/4610/316 4595/4611/315 4596/4608/315
f 4600/4612/317 4597/4613/316 4598/4610/316
f 4602/4614/318 4599/4615/317 4600/4612/317
f 4604/4616/319 4601/4617/318 4602/4614/318
f 4606/4618/320 4603/4619/319 4604/4616/319
f 4608/4620/321 4605/4621/320 4606/4618/320
f 4610/4622/322 4607/4623/321 4608/4620/321
f 4612/4624/323 4609/4625/322 4610/4622/322
f 4614/4626/324 4611/4627/323 4612/4624/323
f 4616/4628/325 4613/4629/324 4614/4626/324
f 4618/4630/326 4615/4631/325 4616/4628/325
f 4620/4632/327 4617/4633/326 4618/4630/326
f 4622/4634/43 4619/4635/327 4620/4632/327
f 4624/4636/328 4621/4637/43 4622/4634/43
f 4626/4638/329 4623/4639/328 4624/4636/328
f 4628/4640/330 4625/4641/329 4626/4638/329
f 4630/4642/331 4627/4643/330 4628/4640/330
f 4632/4644/332 4629/4645/331 4630/4642/331
f 4634/4646/333 4631/4647/332 4632/4644/332
f 4636/4648/334 4633/4649/333 4634/4646/333
f 4638/4650/335 4635/4651/334 4636/4648/334
f 4640/4652/336 4637/4653/335 4638/4650/335
f 4642/4654/337 4639/4655/336 4640/4652/336
f 4644/4656/338 4641/4657/337 4642/4654/337
f 4646/4658/339 4643/4659/338 4644/4656/338
f 4648/4660/340 4645/4661/339 4646/4658/339
f 4650/4662/341 4647/4663/340 4648/4660/340
f 4652/4664/342 4649/4665/341 4650/4662/341
f 4654/4666/343 4651/4667/342 4652/4664/342
f 4656/4668/344 4653/4669/343 4654/4666/343
f 4658/4670/345 4655/4671/344 4656/4668/344
f 4660/4672/346 4657/4673/345 4658/4670/345
f 4662/4674/347 4659/4675/346 4660/4672/346
f 4566/4676/300 4661/4677/347 4662/4674/347
f 4666/4678/502 4663/4679/503 4664/4680/503
f 4668/4681/504 4665/4682/502 4666/4678/502
f 4670/4683/505 4667/4684/504 4668/4681/504
f 4672/4685/506 4669/4686/505 4670/4683/505
f 4674/4687/507 4671/4688/506 4672/4685/506
f 4676/4689/508 4673/4690/507 4674/4687/507
f 4678/4691/509 4675/4692/508 4676/4689/508
f 4680/4693/510 4677/4694/509 4678/4691/509
f 4682/4695/511 4679/4696/510 4680/4693/510
f 4684/4697/512 4681/4698/511 4682/4695/511
f 4686/4699/513 4683/4700/512 4684/4697/512
f 4688/4701/514 4685/4702/513 4686/4699/513
f 4690/4703/515 4687/4704/514 4688/4701/514
f 4692/4705/516 4689/4706/515 4690/4703/515
f 4694/4707/517 4691/4708/516 4692/4705/516
f 4696/4709/518 4693/4710/517 4694/4707/517
f 4698/4711/519 4695/4712/518 4696/4709/518
f 4700/4713/520 4697/4714/519 4698/4711/519
f 4702/4715/521 4699/4716/522 4700/4713/520
f 4704/4717/523 4701/4718/521 4702/4715/521
f 4706/4719/524 4703/4720/523 4704/4717/523
f 4708/4721/525 4705/4722/524 4706/4719/524
f 4710/4723/526 4707/4724/525 4708/4721/525
f 4712/4725/527 4709/4726/526 4710/4723/526
f 4714/4727/9 4711/4728/527 4712/4725/527
f 4716/4729/6 4713/4730/9 4714/4727/9
f 4718/4731/528 4715/4732/6 4716/4729/6
f 4720/4733/529 4717/4734/528 4718/4731/528
f 4722/4735/530 4719/4736/529 4720/4733/529
f 4724/4737/531 4721/4738/530 4722/4735/530
f 4726/4739/532 4723/4740/531 4724/4737/531
f 4728/4741/533 4725/4742/532 4726/4739/532
f 4730/4743/534 4727/4744/533 4728/4741/533
f 4732/4745/535 4729/4746/534 4730/4743/534
f 4734/4747/536 4731/4748/535 4732/4745/535
f 4736/4749/537 4733/4750/536 4734/4747/536
f 4738/4751/538 4735/4752/537 4736/4749/537
f 4740/4753/539 4737/4754/538 4738/4751/538
f 4742/4755/540 4739/4756/539 4740/4753/539
f 4744/4757/541 4741/4758/540 4742/4755/540
f 4746/4759/542 4743/4760/541 4744/4757/541
f 4748/4761/543 4745/4762/542 4746/4759/542
f 4750/4763/544 4747/4764/543 4748/4761/543
f 4752/4765/545 4749/4766/544 4750/4763/544
f 4754/4767/546 4751/4768/545 4752/4765/545
f 4756/4769/547 4753/4770/546 4754/4767/546
f 4758/4771/548 4755/4772/547 4756/4769/547
f 4760/4773/549 4757/4774/548 4758/4771/548
f 4762/4775/550 4759/4776/549 4760/4773/549
f 4764/4777/551 4761/4778/550 4762/4775/550
f 4766/4779/552 4763/4780/551 4764/4777/551
f 4768/4781/9 4765/4782/552 4766/4779/552
f 4770/4783/6 4767/4784/9 4768/4781/9
f 4772/4785/7 4769/4786/6 4770/4783/6
f 4774/4787/8 4771/4788/7 4772/4785/7
f 4664/4789/503 4773/4790/8 4774/4787/8
f 4778/4791/553 4775/4792/554 4776/4793/554
f 4780/4794/555 4777/4795/553 4778/4791/553
f 4782/4796/556 4779/4797/555 4780/4794/555
f 4784/4798/557 4781/4799/556 4782/4796/556
f 4786/4800/558 4783/4801/557 4784/4798/557
f 4788/4802/559 4785/4803/558 4786/4800/558
f 4790/4804/560 4787/4805/559 4788/4802/559
f 4792/4806/561 4789/4807/560 4790/4804/560
f 4794/4808/562 4791/4809/561 4792/4806/561
f 4796/4810/563 4793/4811/562 4794/4808/562
f 4798/4812/564 4795/4813/563 4796/4810/563
f 4800/4814/565 4797/4815/564 4798/4812/564
f 4802/4816/566 4799/4817/565 4800/4814/565
f 4804/4818/567 4801/4819/566 4802/4816/566
f 4806/4820/568 4803/4821/567 4804/4818/567
f 4808/4822/569 4805/4823/568 4806/4820/568
f 4810/4824/570 4807/4825/569 4808/4822/569
f 4812/4826/571 4809/4827/570 4810/4824/570
f 4814/4828/572 4811/4829/571 4812/4826/571
f 4816/4830/573 4813/4831/572 4814/4828/572
f 4818/4832/574 4815/4833/573 4816/4830/573
f 4820/4834/575 4817/4835/574 4818/4832/574
f 4822/4836/576 4819/4837/577 4820/4834/575
f 4824/4838/578 4821/4839/576 4822/4836/576
f 4826/4840/579 4823/4841/578 4824/4838/578
f 4828/4842/580 4825/4843/579 4826/4840/579
f 4830/4844/581 4827/4845/580 4828/4842/580
f 4832/4846/582 4829/4847/581 4830/4844/581
f 4834/4848/337 4831/4849/582 4832/4846/582
f 4836/4850/583 4833/4851/337 4834/4848/337
f 4838/4852/584 4835/4853/583 4836/4850/583
f 4840/4854/585 4837/4855/584 4838/4852/584
f 4842/4856/586 4839/4857/585 4840/4854/585
f 4844/4858/587 4841/4859/586 4842/4856/586
f 4846/4860/588 4843/4861/587 4844/4858/587
f 4848/4862/589 4845/4863/588 4846/4860/588
f 4850/4864/590 4847/4865/589 4848/4862/589
f 4852/4866/591 4849/4867/590 4850/4864/590
f 4854/4868/592 4851/4869/591 4852/4866/591
f 4856/4870/593 4853/4871/592 4854/4868/592
f 4858/4872/594 4855/4873/593 4856/4870/593
f 4860/4874/595 4857/4875/594 4858/4872/594
f 4862/4876/596 4859/4877/595 4860/4874/595
f 4864/4878/597 4861/4879/596 4862/4876/596
f 4866/4880/598 4863/4881/597 4864/4878/597
f 4868/4882/599 4865/4883/598 4866/4880/598
f 4870/4884/600 4867/4885/599 4868/4882/599
f 4872/4886/601 4869/4887/600 4870/4884/600
f 4874/4888/602 4871/4889/601 4872/4886/601
f 4876/4890/603 4873/4891/602 4874/4888/602
f 4878/4892/604 4875/4893/603 4876/4890/603
f 4880/4894/605 4877/4895/604 4878/4892/604
f 4882/4896/606 4879/4897/605 4880/4894/605
f 4884/4898/607 4881/4899/606 4882/4896/606
f 4886/4900/608 4883/4901/607 4884/4898/607
f 4888/4902/609 4885/4903/608 4886/4900/608
f 4890/4904/610 4887/4905/609 4888/4902/609
f 4892/4906/611 4889/4907/610 4890/4904/610
f 4894/4908/612 4891/4909/611 4892/4906/611
f 4896/4910/613 4893/4911/612 4894/4908/612
f 4898/4912/614 4895/4913/613 4896/4910/613
f 4900/4914/615 4897/4915/614 4898/4912/614
f 4902/4916/616 4899/4917/615 4900/4914/615
f 4904/4918/617 4901/4919/616 4902/4916/616
f 4906/4920/618 4903/4921/617 4904/4918/617
f 4908/4922/619 4905/4923/618 4906/4920/618
f 4910/4924/620 4907/4925/619 4908/4922/619
f 4912/4926/621 4909/4927/620 4910/4924/620
f 4914/4928/622 4911/4929/621 4912/4926/621
f 4916/4930/623 4913/4931/622 4914/4928/622
f 4918/4932/624 4915/4933/623 4916/4930/623
f 4920/4934/625 4917/4935/624 4918/4932/624
f 4922/4936/626 4919/4937/625 4920/4934/625
f 4924/4938/627 4921/4939/626 4922/4936/626
f 4926/4940/628 4923/4941/627 4924/4938/627
f 4928/4942/629 4925/4943/628 4926/4940/628
f 4930/4944/630 4927/4945/629 4928/4942/629
f 4932/4946/631 4929/4947/630 4930/4944/630
f 4934/4948/632 4931/4949/631 4932/4946/631
f 4936/4950/633 4933/4951/632 4934/4948/632
f 4938/4952/634 4935/4953/633 4936/4950/633
f 4940/4954/635 4937/4955/634 4938/4952/634
f 4942/4956/636 4939/4957/635 4940/4954/635
f 4944/4958/637 4941/4959/636 4942/4956/636
f 4946/4960/638 4943/4961/637 4944/4958/637
f 4948/4962/639 4945/4963/638 4946/4960/638
f 4950/4964/640 4947/4965/639 4948/4962/639
f 4952/4966/641 4949/4967/640 4950/4964/640
f 4954/4968/642 4951/4969/641 4952/4966/641
f 4956/4970/643 4953/4971/642 4954/4968/642
f 4958/4972/644 4955/4973/643 4956/4970/643
f 4960/4974/645 4957/4975/644 4958/4972/644
f 4962/4976/646 4959/4977/645 4960/4974/645
f 4964/4978/647 4961/4979/646 4962/4976/646
f 4966/4980/648 4963/4981/647 4964/4978/647
f 4968/4982/649 4965/4983/648 4966/4980/648
f 4970/4984/650 4967/4985/649 4968/4982/649
f 4972/4986/651 4969/4987/650 4970/4984/650
f 4974/4988/652 4971/4989/651 4972/4986/651
f 4976/4990/653 4973/4991/652 4974/4988/652
f 4978/4992/654 4975/4993/653 4976/4990/653
f 4980/4994/655 4977/4995/654 4978/4992/654
f 4982/4996/656 4979/4997/655 4980/4994/655
f 4984/4998/657 4981/4999/656 4982/4996/656
f 4986/5000/428 4983/5001/657 4984/4998/657
f 4988/5002/658 4985/5003/428 4986/5000/428
f 4990/5004/659 4987/5005/658 4988/5002/658
f 4992/5006/660 4989/5007/659 4990/5004/659
f 4994/5008/661 4991/5009/660 4992/5006/660
f 4996/5010/662 4993/5011/661 4994/5008/661
f 4998/5012/663 4995/5013/662 4996/5010/662
f 5000/5014/664 4997/5015/663 4998/5012/663
f 5002/5016/665 4999/5017/664 5000/5014/664
f 5004/5018/666 5001/5019/665 5002/5016/665
f 5006/5020/667 5003/5021/666 5004/5018/666
f 5008/5022/668 5005/5023/667 5006/5020/667
f 5010/5024/669 5007/5025/668 5008/5022/668
f 5012/5026/670 5009/5027/669 5010/5024/669
f 5014/5028/671 5011/5029/670 5012/5026/670
f 5016/5030/672 5013/5031/671 5014/5028/671
f 5018/5032/673 5015/5033/672 5016/5030/672
f 5020/5034/674 5017/5035/673 5018/5032/673
f 5022/5036/675 5019/5037/674 5020/5034/674
f 5024/5038/676 5021/5039/675 5022/5036/675
f 5026/5040/677 5023/5041/676 5024/5038/676
f 5028/5042/678 5025/5043/677 5026/5040/677
f 5030/5044/679 5027/5045/678 5028/5042/678
f 5032/5046/680 5029/5047/679 5030/5044/679
f 5034/5048/681 5031/5049/680 5032/5046/680
f 5036/5050/682 5033/5051/681 5034/5048/681
f 5038/5052/683 5035/5053/684 5036/5050/682
f 5040/5054/685 5037/5055/683 5038/5052/683
f 5042/5056/686 5039/5057/685 5040/5054/685
f 5044/5058/687 5041/5059/686 5042/5056/686
f 5046/5060/688 5043/5061/687 5044/5058/687
f 5048/5062/689 5045/5063/688 5046/5060/688
f 5050/5064/690 5047/5065/689 5048/5062/689
f 5052/5066/691 5049/5067/690 5050/5064/690
f 5054/5068/692 5051/5069/691 5052/5066/691
f 5056/5070/693 5053/5071/692 5054/5068/692
f 5058/5072/694 5055/5073/693 5056/5070/693
f 5060/5074/695 5057/5075/694 5058/5072/694
f 5062/5076/696 5059/5077/695 5060/5074/695
f 5064/5078/697 5061/5079/696 5062/5076/696
f 5066/5080/698 5063/5081/697 5064/5078/697
f 5068/5082/699 5065/5083/698 5066/5080/698
f 5070/5084/700 5067/5085/699 5068/5082/699
f 5072/5086/701 5069/5087/700 5070/5084/700
f 5074/5088/702 5071/5089/701 5072/5086/701
f 5076/5090/703 5073/5091/702 5074/5088/702
f 5078/5092/704 5075/5093/703 5076/5090/703
f 5080/5094/705 5077/5095/704 5078/5092/704
f 5082/5096/706 5079/5097/705 5080/5094/705
f 5084/5098/707 5081/5099/706 5082/5096/706
f 5086/5100/708 5083/5101/707 5084/5098/707
f 5088/5102/709 5085/5103/708 5086/5100/708
f 5090/5104/710 5087/5105/709 5088/5102/709
f 5092/5106/6 5089/5107/710 5090/5104/710
f 5094/5108/7 5091/5109/6 5092/5106/6
f 4776/5110/554 5093/5111/7 5094/5108/7
f 5098/5112/711 5095/5113/712 5096/5114/712
f 5100/5115/713 5097/5116/711 5098/5112/711
f 5102/5117/714 5099/5118/713 5100/5115/713
f 5104/5119/715 5101/5120/714 5102/5117/714
f 5106/5121/716 5103/5122/715 5104/5119/715
f 5108/5123/717 5105/5124/716 5106/5121/716
f 5110/5125/718 5107/5126/717 5108/5123/717
f 5112/5127/719 5109/5128/718 5110/5125/718
f 5114/5129/720 5111/5130/719 5112/5127/719
f 5116/5131/721 5113/5132/720 5114/5129/720
f 5118/5133/722 5115/5134/721 5116/5131/721
f 5120/5135/723 5117/5136/722 5118/5133/722
f 5122/5137/724 5119/5138/723 5120/5135/723
f 5124/5139/725 5121/5140/724 5122/5137/724
f 5126/5141/726 5123/5142/725 5124/5139/725
f 5128/5143/727 5125/5144/726 5126/5141/726
f 5130/5145/728 5127/5146/727 5128/5143/727
f 5132/5147/729 5129/5148/728 5130/5145/728
f 5134/5149/730 5131/5150/729 5132/5147/729
f 5136/5151/731 5133/5152/730 5134/5149/730
f 5138/5153/732 5135/5154/731 5136/5151/731
f 5140/5155/733 5137/5156/732 5138/5153/732
f 5142/5157/734 5139/5158/733 5140/5155/733
f 5144/5159/735 5141/5160/734 5142/5157/734
f 5146/5161/736 5143/5162/735 5144/5159/735
f 5148/5163/737 5145/5164/736 5146/5161/736
f 5150/5165/738 5147/5166/737 5148/5163/737
f 5152/5167/739 5149/5168/738 5150/5165/738
f 5154/5169/740 5151/5170/739 5152/5167/739
f 5156/5171/741 5153/5172/740 5154/5169/740
f 5158/5173/742 5155/5174/741 5156/5171/741
f 5160/5175/743 5157/5176/742 5158/5173/742
f 5162/5177/744 5159/5178/743 5160/5175/743
f 5164/5179/745 5161/5180/744 5162/5177/744
f 5166/5181/746 5163/5182/745 5164/5179/745
f 5168/5183/747 5165/5184/746 5166/5181/746
f 5170/5185/748 5167/5186/747 5168/5183/747
f 5172/5187/749 5169/5188/748 5170/5185/748
f 5174/5189/750 5171/5190/749 5172/5187/749
f 5176/5191/751 5173/5192/750 5174/5189/750
f 5178/5193/752 5175/5194/751 5176/5191/751
f 5180/5195/753 5177/5196/752 5178/5193/752
f 5182/5197/754 5179/5198/753 5180/5195/753
f 5184/5199/755 5181/5200/754 5182/5197/754
f 5186/5201/756 5183/5202/755 5184/5199/755
f 5188/5203/757 5185/5204/756 5186/5201/756
f 5190/5205/758 5187/5206/757 5188/5203/757
f 5096/5207/712 5189/5208/758 5190/5205/758
f 5194/5209/759 5191/5210/760 5192/5211/760
f 5196/5212/761 5193/5213/762 5194/5209/759
f 5198/5214/763 5195/5215/761 5196/5212/761
f 5200/5216/764 5197/5217/763 5198/5214/763
f 5202/5218/765 5199/5219/764 5200/5216/764
f 5204/5220/766 5201/5221/765 5202/5218/765
f 5206/5222/767 5203/5223/766 5204/5220/766
f 5208/5224/768 5205/5225/767 5206/5222/767
f 5210/5226/769 5207/5227/768 5208/5224/768
f 5212/5228/770 5209/5229/769 5210/5226/769
f 5214/5230/771 5211/5231/770 5212/5228/770
f 5216/5232/772 5213/5233/771 5214/5230/771
f 5218/5234/773 5215/5235/772 5216/5232/772
f 5220/5236/774 5217/5237/773 5218/5234/773
f 5222/5238/775 5219/5239/776 5220/5236/774
f 5224/5240/777 5221/5241/775 5222/5238/775
f 5226/5242/778 5223/5243/777 5224/5240/777
f 5228/5244/779 5225/5245/778 5226/5242/778
f 5230/5246/780 5227/5247/779 5228/5244/779
f 5232/5248/781 5229/5249/780 5230/5246/780
f 5234/5250/782 5231/5251/781 5232/5248/781
f 5236/5252/783 5233/5253/782 5234/5250/782
f 5238/5254/784 5235/5255/783 5236/5252/783
f 5240/5256/785 5237/5257/784 5238/5254/784
f 5242/5258/786 5239/5259/785 5240/5256/785
f 5244/5260/787 5241/5261/786 5242/5258/786
f 5246/5262/788 5243/5263/787 5244/5260/787
f 5248/5264/789 5245/5265/788 5246/5262/788
f 5250/5266/790 5247/5267/789 5248/5264/789
f 5252/5268/791 5249/5269/790 5250/5266/790
f 5254/5270/792 5251/5271/793 5252/5268/791
f 5256/5272/794 5253/5273/792 5254/5270/792
f 5258/5274/795 5255/5275/794 5256/5272/794
f 5260/5276/796 5257/5277/795 5258/5274/795
f 5262/5278/797 5259/5279/796 5260/5276/796
f 5264/5280/798 5261/5281/797 5262/5278/797
f 5266/5282/799 5263/5283/798 5264/5280/798
f 5268/5284/800 5265/5285/799 5266/5282/799
f 5270/5286/801 5267/5287/800 5268/5284/800
f 5272/5288/802 5269/5289/801 5270/5286/801
f 5274/5290/803 5271/5291/802 5272/5288/802
f 5276/5292/804 5273/5293/803 5274/5290/803
f 5278/5294/805 5275/5295/804 5276/5292/804
f 5280/5296/806 5277/5297/805 5278/5294/805
f 5282/5298/807 5279/5299/806 5280/5296/806
f 5284/5300/808 5281/5301/807 5282/5298/807
f 5286/5302/809 5283/5303/808 5284/5300/808
f 5192/5304/760 5285/5305/809 5286/5302/809
f 5290/5306/553 5287/5307/554 5288/5308/554
f 5292/5309/555 5289/5310/553 5290/5306/553
f 5294/5311/556 5291/5312/555 5292/5309/555
f 5296/5313/557 5293/5314/556 5294/5311/556
f 5298/5315/558 5295/5316/557 5296/5313/557
f 5300/5317/559 5297/5318/558 5298/5315/558
f 5302/5319/560 5299/5320/559 5300/5317/559
f 5304/5321/561 5301/5322/560 5302/5319/560
f 5306/5323/562 5303/5324/561 5304/5321/561
f 5308/5325/563 5305/5326/562 5306/5323/562
f 5310/5327/564 5307/5328/563 5308/5325/563
f 5312/5329/565 5309/5330/564 5310/5327/564
f 5314/5331/566 5311/5332/565 5312/5329/565
f 5316/5333/567 5313/5334/566 5314/5331/566
f 5318/5335/568 5315/5336/567 5316/5333/567
f 5320/5337/569 5317/5338/568 5318/5335/568
f 5322/5339/570 5319/5340/569 5320/5337/569
f 5324/5341/571 5321/5342/570 5322/5339/570
f 5326/5343/572 5323/5344/571 5324/5341/571
f 5328/5345/573 5325/5346/572 5326/5343/572
f 5330/5347/574 5327/5348/573 5328/5345/573
f 5332/5349/575 5329/5350/574 5330/5347/574
f 5334/5351/576 5331/5352/577 5332/5349/575
f 5336/5353/578 5333/5354/576 5334/5351/576
f 5338/5355/579 5335/5356/578 5336/5353/578
f 5340/5357/580 5337/5358/810 5338/5355/579
f 5342/5359/581 5339/5360/580 5340/5357/580
f 5344/5361/582 5341/5362/581 5342/5359/581
f 5346/5363/337 5343/5364/582 5344/5361/582
f 5348/5365/583 5345/5366/337 5346/5363/337
f 5350/5367/584 5347/5368/583 5348/5365/583
f 5352/5369/585 5349/5370/584 5350/5367/584
f 5354/5371/586 5351/5372/585 5352/5369/585
f 5356/5373/587 5353/5374/586 5354/5371/586
f 5358/5375/588 5355/5376/587 5356/5373/587
f 5360/5377/589 5357/5378/588 5358/5375/588
f 5362/5379/590 5359/5380/589 5360/5377/589
f 5364/5381/591 5361/5382/590 5362/5379/590
f 5366/5383/592 5363/5384/591 5364/5381/591
f 5368/5385/593 5365/5386/592 5366/5383/592
f 5370/5387/594 5367/5388/593 5368/5385/593
f 5372/5389/595 5369/5390/594 5370/5387/594
f 5374/5391/596 5371/5392/595 5372/5389/595
f 5376/5393/597 5373/5394/596 5374/5391/596
f 5378/5395/598 5375/5396/597 5376/5393/597
f 5380/5397/599 5377/5398/598 5378/5395/598
f 5382/5399/600 5379/5400/599 5380/5397/599
f 5384/5401/601 5381/5402/600 5382/5399/600
f 5386/5403/602 5383/5404/601 5384/5401/601
f 5388/5405/603 5385/5406/602 5386/5403/602
f 5390/5407/604 5387/5408/603 5388/5405/603
f 5392/5409/605 5389/5410/604 5390/5407/604
f 5394/5411/606 5391/5412/605 5392/5409/605
f 5396/5413/607 5393/5414/606 5394/5411/606
f 5398/5415/608 5395/5416/607 5396/5413/607
f 5400/5417/609 5397/5418/608 5398/5415/608
f 5402/5419/610 5399/5420/609 5400/5417/609
f 5404/5421/611 5401/5422/610 5402/5419/610
f 5406/5423/612 5403/5424/611 5404/5421/611
f 5408/5425/613 5405/5426/612 5406/5423/612
f 5410/5427/614 5407/5428/613 5408/5425/613
f 5412/5429/615 5409/5430/614 5410/5427/614
f 5414/5431/616 5411/5432/615 5412/5429/615
f 5416/5433/617 5413/5434/616 5414/5431/616
f 5418/5435/618 5415/5436/617 5416/5433/617
f 5420/5437/619 5417/5438/618 5418/5435/618
f 5422/5439/620 5419/5440/619 5420/5437/619
f 5424/5441/621 5421/5442/620 5422/5439/620
f 5426/5443/622 5423/5444/621 5424/5441/621
f 5428/5445/623 5425/5446/622 5426/5443/622
f 5430/5447/624 5427/5448/623 5428/5445/623
f 5432/5449/625 5429/5450/624 5430/5447/624
f 5434/5451/626 5431/5452/625 5432/5449/625
f 5436/5453/627 5433/5454/626 5434/5451/626
f 5438/5455/628 5435/5456/627 5436/5453/627
f 5440/5457/629 5437/5458/628 5438/5455/628
f 5442/5459/630 5439/5460/629 5440/5457/629
f 5444/5461/631 5441/5462/630 5442/5459/630
f 5446/5463/632 5443/5464/631 5444/5461/631
f 5448/5465/633 5445/5466/632 5446/5463/632
f 5450/5467/634 5447/5468/633 5448/5465/633
f 5452/5469/635 5449/5470/634 5450/5467/634
f 5454/5471/636 5451/5472/635 5452/5469/635
f 5456/5473/637 5453/5474/636 5454/5471/636
f 5458/5475/638 5455/5476/637 5456/5473/637
f 5460/5477/639 5457/5478/638 5458/5475/638
f 5462/5479/640 5459/5480/639 5460/5477/639
f 5464/5481/641 5461/5482/640 5462/5479/640
f 5466/5483/642 5463/5484/641 5464/5481/641
f 5468/5485/643 5465/5486/642 5466/5483/642
f 5470/5487/644 5467/5488/643 5468/5485/643
f 5472/5489/645 5469/5490/644 5470/5487/644
f 5474/5491/646 5471/5492/645 5472/5489/645
f 5476/5493/647 5473/5494/646 5474/5491/646
f 5478/5495/648 5475/5496/647 5476/5493/647
f 5480/5497/649 5477/5498/648 5478/5495/648
f 5482/5499/650 5479/5500/649 5480/5497/649
f 5484/5501/651 5481/5502/650 5482/5499/650
f 5486/5503/652 5483/5504/651 5484/5501/651
f 5488/5505/653 5485/5506/652 5486/5503/652
f 5490/5507/654 5487/5508/653 5488/5505/653
f 5492/5509/655 5489/5510/654 5490/5507/654
f 5494/5511/656 5491/5512/655 5492/5509/655
f 5496/5513/657 5493/5514/656 5494/5511/656
f 5498/5515/428 5495/5516/657 5496/5513/657
f 5500/5517/658 5497/5518/428 5498/5515/428
f 5502/5519/659 5499/5520/658 5500/5517/658
f 5504/5521/660 5501/5522/659 5502/5519/659
f 5506/5523/661 5503/5524/660 5504/5521/660
f 5508/5525/662 5505/5526/661 5506/5523/661
f 5510/5527/663 5507/5528/662 5508/5525/662
f 5512/5529/664 5509/5530/663 5510/5527/663
f 5514/5531/665 5511/5532/664 5512/5529/664
f 5516/5533/666 5513/5534/665 5514/5531/665
f 5518/5535/667 5515/5536/666 5516/5533/666
f 5520/5537/668 5517/5538/667 5518/5535/667
f 5522/5539/669 5519/5540/668 5520/5537/668
f 5524/5541/670 5521/5542/669 5522/5539/669
f 5526/5543/671 5523/5544/670 5524/5541/670
f 5528/5545/672 5525/5546/671 5526/5543/671
f 5530/5547/673 5527/5548/672 5528/5545/672
f 5532/5549/674 5529/5550/673 5530/5547/673
f 5534/5551/675 5531/5552/674 5532/5549/674
f 5536/5553/676 5533/5554/675 5534/5551/675
f 5538/5555/677 5535/5556/676 5536/5553/676
f 5540/5557/678 5537/5558/677 5538/5555/677
f 5542/5559/679 5539/5560/678 5540/5557/678
f 5544/5561/680 5541/5562/679 5542/5559/679
f 5546/5563/681 5543/5564/680 5544/5561/680
f 5548/5565/682 5545/5566/681 5546/5563/681
f 5550/5567/683 5547/5568/684 5548/5565/682
f 5552/5569/685 5549/5570/683 5550/5567/683
f 5554/5571/686 5551/5572/685 5552/5569/685
f 5556/5573/687 5553/5574/686 5554/5571/686
f 5558/5575/688 5555/5576/687 5556/5573/687
f 5560/5577/689 5557/5578/688 5558/5575/688
f 5562/5579/690 5559/5580/689 5560/5577/689
f 5564/5581/691 5561/5582/690 5562/5579/690
f 5566/5583/692 5563/5584/691 5564/5581/691
f 5568/5585/693 5565/5586/692 5566/5583/692
f 5570/5587/694 5567/5588/693 5568/5585/693
f 5572/5589/695 5569/5590/694 5570/5587/694
f 5574/5591/696 5571/5592/695 5572/5589/695
f 5576/5593/697 5573/5594/696 5574/5591/696
f 5578/5595/698 5575/5596/697 5576/5593/697
f 5580/5597/699 5577/5598/698 5578/5595/698
f 5582/5599/700 5579/5600/699 5580/5597/699
f 5584/5601/701 5581/5602/700 5582/5599/700
f 5586/5603/702 5583/5604/701 5584/5601/701
f 5588/5605/703 5585/5606/702 5586/5603/702
f 5590/5607/704 5587/5608/703 5588/5605/703
f 5592/5609/705 5589/5610/704 5590/5607/704
f 5594/5611/706 5591/5612/705 5592/5609/705
f 5596/5613/707 5593/5614/706 5594/5611/706
f 5598/5615/708 5595/5616/707 5596/5613/707
f 5600/5617/709 5597/5618/708 5598/5615/708
f 5602/5619/710 5599/5620/709 5600/5617/709
f 5604/5621/6 5601/5622/710 5602/5619/710
f 5606/5623/7 5603/5624/6 5604/5621/6
f 5288/5625/554 5605/5626/7 5606/5623/7
f 5610/5627/711 5607/5628/712 5608/5629/712
f 5612/5630/713 5609/5631/711 5610/5627/711
f 5614/5632/714 5611/5633/713 5612/5630/713
f 5616/5634/715 5613/5635/714 5614/5632/714
f 5618/5636/716 5615/5637/715 5616/5634/715
f 5620/5638/717 5617/5639/716 5618/5636/716
f 5622/5640/718 5619/5641/717 5620/5638/717
f 5624/5642/719 5621/5643/718 5622/5640/718
f 5626/5644/720 5623/5645/719 5624/5642/719
f 5628/5646/721 5625/5647/720 5626/5644/720
f 5630/5648/722 5627/5649/721 5628/5646/721
f 5632/5650/723 5629/5651/722 5630/5648/722
f 5634/5652/724 5631/5653/723 5632/5650/723
f 5636/5654/725 5633/5655/724 5634/5652/724
f 5638/5656/726 5635/5657/725 5636/5654/725
f 5640/5658/727 5637/5659/726 5638/5656/726
f 5642/5660/728 5639/5661/727 5640/5658/727
f 5644/5662/729 5641/5663/728 5642/5660/728
f 5646/5664/730 5643/5665/729 5644/5662/729
f 5648/5666/731 5645/5667/730 5646/5664/730
f 5650/5668/732 5647/5669/731 5648/5666/731
f 5652/5670/733 5649/5671/732 5650/5668/732
f 5654/5672/734 5651/5673/733 5652/5670/733
f 5656/5674/735 5653/5675/734 5654/5672/734
f 5658/5676/736 5655/5677/735 5656/5674/735
f 5660/5678/737 5657/5679/736 5658/5676/736
f 5662/5680/738 5659/5681/737 5660/5678/737
f 5664/5682/739 5661/5683/738 5662/5680/738
f 5666/5684/740 5663/5685/739 5664/5682/739
f 5668/5686/741 5665/5687/740 5666/5684/740
f 5670/5688/742 5667/5689/741 5668/5686/741
f 5672/5690/743 5669/5691/742 5670/5688/742
f 5674/5692/744 5671/5693/743 5672/5690/743
f 5676/5694/745 5673/5695/744 5674/5692/744
f 5678/5696/746 5675/5697/745 5676/5694/745
f 5680/5698/747 5677/5699/746 5678/5696/746
f 5682/5700/748 5679/5701/747 5680/5698/747
f 5684/5702/749 5681/5703/748 5682/5700/748
f 5686/5704/750 5683/5705/749 5684/5702/749
f 5688/5706/751 5685/5707/750 5686/5704/750
f 5690/5708/752 5687/5709/751 5688/5706/751
f 5692/5710/753 5689/5711/752 5690/5708/752
f 5694/5712/754 5691/5713/753 5692/5710/753
f 5696/5714/755 5693/5715/754 5694/5712/754
f 5698/5716/756 5695/5717/755 5696/5714/755
f 5700/5718/757 5697/5719/756 5698/5716/756
f 5702/5720/758 5699/5721/757 5700/5718/757
f 5608/5722/712 5701/5723/758 5702/5720/758
f 5706/5724/759 5703/5725/760 5704/5726/760
f 5708/5727/761 5705/5728/762 5706/5724/759
f 5710/5729/763 5707/5730/761 5708/5727/761
f 5712/5731/764 5709/5732/763 5710/5729/763
f 5714/5733/765 5711/5734/764 5712/5731/764
f 5716/5735/766 5713/5736/765 5714/5733/765
f 5718/5737/767 5715/5738/766 5716/5735/766
f 5720/5739/768 5717/5740/767 5718/5737/767
f 5722/5741/769 5719/5742/768 5720/5739/768
f 5724/5743/770 5721/5744/769 5722/5741/769
f 5726/5745/771 5723/5746/770 5724/5743/770
f 5728/5747/772 5725/5748/771 5726/5745/771
f 5730/5749/773 5727/5750/772 5728/5747/772
f 5732/5751/774 5729/5752/773 5730/5749/773
f 5734/5753/775 5731/5754/776 5732/5751/774
f 5736/5755/777 5733/5756/775 5734/5753/775
f 5738/5757/811 5735/5758/777 5736/5755/777
f 5740/5759/779 5737/5760/778 5738/5757/811
f 5742/5761/780 5739/5762/779 5740/5759/779
f 5744/5763/781 5741/5764/780 5742/5761/780
f 5746/5765/782 5743/5766/781 5744/5763/781
f 5748/5767/783 5745/5768/782 5746/5765/782
f 5750/5769/784 5747/5770/783 5748/5767/783
f 5752/5771/785 5749/5772/784 5750/5769/784
f 5754/5773/786 5751/5774/785 5752/5771/785
f 5756/5775/787 5753/5776/786 5754/5773/786
f 5758/5777/788 5755/5778/787 5756/5775/787
f 5760/5779/789 5757/5780/788 5758/5777/788
f 5762/5781/790 5759/5782/789 5760/5779/789
f 5764/5783/791 5761/5784/790 5762/5781/790
f 5766/5785/792 5763/5786/793 5764/5783/791
f 5768/5787/794 5765/5788/792 5766/5785/792
f 5770/5789/795 5767/5790/794 5768/5787/794
f 5772/5791/796 5769/5792/795 5770/5789/795
f 5774/5793/797 5771/5794/796 5772/5791/796
f 5776/5795/798 5773/5796/797 5774/5793/797
f 5778/5797/799 5775/5798/798 5776/5795/798
f 5780/5799/800 5777/5800/799 5778/5797/799
f 5782/5801/801 5779/5802/800 5780/5799/800
f 5784/5803/802 5781/5804/801 5782/5801/801
f 5786/5805/803 5783/5806/802 5784/5803/802
f 5788/5807/804 5785/5808/803 5786/5805/803
f 5790/5809/805 5787/5810/804 5788/5807/804
f 5792/5811/806 5789/5812/805 5790/5809/805
f 5794/5813/807 5791/5814/806 5792/5811/806
f 5796/5815/808 5793/5816/807 5794/5813/807
f 5798/5817/809 5795/5818/808 5796/5815/808
f 5704/5819/760 5797/5820/809 5798/5817/809
f 5802/5821/9 5799/5822/8 5800/5823/8
f 5804/5824/6 5801/5825/9 5802/5821/9
f 5806/5826/7 5803/5827/6 5804/5824/6
f 5800/5828/8 5805/5829/7 5806/5826/7
f 5810/5830/812 5807/5831/813 5808/5832/813
f 5812/5833/814 5809/5834/812 5810/5830/812
f 5814/5835/815 5811/5836/814 5812/5833/814
f 5816/5837/816 5813/5838/815 5814/5835/815
f 5818/5839/8 5815/5840/816 5816/5837/816
f 5820/5841/817 5817/5842/8 5818/5839/8
f 5822/5843/818 5819/5844/817 5820/5841/817
f 5824/5845/819 5821/5846/818 5822/5843/818
f 5826/5847/820 5823/5848/819 5824/5845/819
f 5828/5849/821 5825/5850/820 5826/5847/820
f 5830/5851/822 5827/5852/821 5828/5849/821
f 5832/5853/823 5829/5854/822 5830/5851/822
f 5834/5855/824 5831/5856/823 5832/5853/823
f 5836/5857/825 5833/5858/824 5834/5855/824
f 5838/5859/826 5835/5860/825 5836/5857/825
f 5840/5861/827 5837/5862/826 5838/5859/826
f 5842/5863/9 5839/5864/827 5840/5861/827
f 5844/5865/828 5841/5866/9 5842/5863/9
f 5846/5867/829 5843/5868/828 5844/5865/828
f 5848/5869/830 5845/5870/831 5846/5867/829
f 5850/5871/832 5847/5872/830 5848/5869/830
f 5852/5873/833 5849/5874/832 5850/5871/832
f 5854/5875/834 5851/5876/833 5852/5873/833
f 5856/5877/835 5853/5878/834 5854/5875/834
f 5858/5879/836 5855/5880/835 5856/5877/835
f 5860/5881/837 5857/5882/836 5858/5879/836
f 5862/5883/838 5859/5884/837 5860/5881/837
f 5864/5885/839 5861/5886/838 5862/5883/838
f 5866/5887/6 5863/5888/839 5864/5885/839
f 5868/5889/840 5865/5890/6 5866/5887/6
f 5870/5891/841 5867/5892/840 5868/5889/840
f 5872/5893/842 5869/5894/841 5870/5891/841
f 5874/5895/843 5871/5896/842 5872/5893/842
f 5876/5897/844 5873/5898/843 5874/5895/843
f 5878/5899/845 5875/5900/844 5876/5897/844
f 5880/5901/846 5877/5902/845 5878/5899/845
f 5882/5903/847 5879/5904/846 5880/5901/846
f 5884/5905/848 5881/5906/847 5882/5903/847
f 5886/5907/849 5883/5908/848 5884/5905/848
f 5888/5909/850 5885/5910/849 5886/5907/849
f 5890/5911/7 5887/5912/850 5888/5909/850
f 5892/5913/851 5889/5914/7 5890/5911/7
f 5894/5915/852 5891/5916/851 5892/5913/851
f 5896/5917/853 5893/5918/854 5894/5915/852
f 5898/5919/855 5895/5920/853 5896/5917/853
f 5900/5921/856 5897/5922/855 5898/5919/855
f 5902/5923/857 5899/5924/856 5900/5921/856
f 5808/5925/813 5901/5926/857 5902/5923/857
f 5906/5927/10 5903/5928/11 5904/5929/11
f 5908/5930/12 5905/5931/10 5906/5927/10
f 5910/5932/13 5907/5933/12 5908/5930/12
f 5912/5934/14 5909/5935/13 5910/5932/13
f 5914/5936/15 5911/5937/14 5912/5934/14
f 5916/5938/16 5913/5939/15 5914/5936/15
f 5918/5940/17 5915/5941/16 5916/5938/16
f 5920/5942/20 5917/5943/17 5918/5940/17
f 5922/5944/22 5919/5945/20 5920/5942/20
f 5924/5946/21 5921/5947/22 5922/5944/22
f 5926/5948/23 5923/5949/21 5924/5946/21
f 5928/5950/24 5925/5951/23 5926/5948/23
f 5930/5952/25 5927/5953/24 5928/5950/24
f 5932/5954/26 5929/5955/25 5930/5952/25
f 5934/5956/27 5931/5957/26 5932/5954/26
f 5936/5958/28 5933/5959/27 5934/5956/27
f 5938/5960/31 5935/5961/28 5936/5958/28
f 5940/5962/30 5937/5963/31 5938/5960/31
f 5942/5964/32 5939/5965/30 5940/5962/30
f 5944/5966/33 5941/5967/32 5942/5964/32
f 5946/5968/34 5943/5969/33 5944/5966/33
f 5948/5970/35 5945/5971/34 5946/5968/34
f 5950/5972/36 5947/5973/35 5948/5970/35
f 5952/5974/37 5949/5975/36 5950/5972/36
f 5954/5976/7 5951/5977/37 5952/5974/37
f 5956/5978/8 5953/5979/7 5954/5976/7
f 5958/5980/858 5955/5981/8 5956/5978/8
f 5960/5982/39 5957/5983/858 5958/5980/858
f 5962/5984/40 5959/5985/39 5960/5982/39
f 5964/5986/41 5961/5987/40 5962/5984/40
f 5966/5988/42 5963/5989/41 5964/5986/41
f 5968/5990/43 5965/5991/42 5966/5988/42
f 5970/5992/44 5967/5993/43 5968/5990/43
f 5972/5994/45 5969/5995/44 5970/5992/44
f 5974/5996/46 5971/5997/45 5972/5994/45
f 5976/5998/47 5973/5999/46 5974/5996/46
f 5978/6000/48 5975/6001/47 5976/5998/47
f 5980/6002/49 5977/6003/48 5978/6000/48
f 5982/6004/50 5979/6005/49 5980/6002/49
f 5984/6006/51 5981/6007/50 5982/6004/50
f 5986/6008/52 5983/6009/51 5984/6006/51
f 5988/6010/53 5985/6011/52 5986/6008/52
f 5990/6012/54 5987/6013/53 5988/6010/53
f 5992/6014/55 5989/6015/54 5990/6012/54
f 5994/6016/56 5991/6017/55 5992/6014/55
f 5996/6018/57 5993/6019/56 5994/6016/56
f 5998/6020/58 5995/6021/57 5996/6018/57
f 6000/6022/59 5997/6023/58 5998/6020/58
f 6002/6024/60 5999/6025/59 6000/6022/59
f 6004/6026/61 6001/6027/60 6002/6024/60
f 6006/6028/62 6003/6029/61 6004/6026/61
f 6008/6030/7 6005/6031/62 6006/6028/62
f 6010/6032/8 6007/6033/7 6008/6030/7
f 6012/6034/9 6009/6035/8 6010/6032/8
f 6014/6036/6 6011/6037/9 6012/6034/9
f 6016/6038/6 6013/6039/6 6014/6036/6
f 5904/6040/11 6015/6041/6 6016/6038/6
f 6020/6042/553 6017/6043/554 6018/6044/554
f 6022/6045/555 6019/6046/553 6020/6042/553
f 6024/6047/556 6021/6048/555 6022/6045/555
f 6026/6049/557 6023/6050/556 6024/6047/556
f 6028/6051/558 6025/6052/557 6026/6049/557
f 6030/6053/559 6027/6054/558 6028/6051/558
f 6032/6055/560 6029/6056/559 6030/6053/559
f 6034/6057/561 6031/6058/560 6032/6055/560
f 6036/6059/562 6033/6060/561 6034/6057/561
f 6038/6061/563 6035/6062/562 6036/6059/562
f 6040/6063/859 6037/6064/563 6038/6061/563
f 6042/6065/565 6039/6066/859 6040/6063/859
f 6044/6067/860 6041/6068/565 6042/6065/565
f 6046/6069/567 6043/6070/860 6044/6067/860
f 6048/6071/568 6045/6072/567 6046/6069/567
f 6050/6073/569 6047/6074/568 6048/6071/568
f 6052/6075/570 6049/6076/569 6050/6073/569
f 6054/6077/861 6051/6078/570 6052/6075/570
f 6056/6079/572 6053/6080/571 6054/6077/861
f 6058/6081/573 6055/6082/572 6056/6079/572
f 6060/6083/574 6057/6084/573 6058/6081/573
f 6062/6085/575 6059/6086/574 6060/6083/574
f 6064/6087/576 6061/6088/577 6062/6085/575
f 6066/6089/578 6063/6090/576 6064/6087/576
f 6068/6091/579 6065/6092/578 6066/6089/578
f 6070/6093/580 6067/6094/810 6068/6091/579
f 6072/6095/581 6069/6096/580 6070/6093/580
f 6074/6097/582 6071/6098/581 6072/6095/581
f 6076/6099/337 6073/6100/582 6074/6097/582
f 6078/6101/583 6075/6102/337 6076/6099/337
f 6080/6103/584 6077/6104/583 6078/6101/583
f 6082/6105/585 6079/6106/584 6080/6103/584
f 6084/6107/586 6081/6108/585 6082/6105/585
f 6086/6109/587 6083/6110/586 6084/6107/586
f 6088/6111/588 6085/6112/587 6086/6109/587
f 6090/6113/589 6087/6114/588 6088/6111/588
f 6092/6115/590 6089/6116/589 6090/6113/589
f 6094/6117/591 6091/6118/590 6092/6115/590
f 6096/6119/592 6093/6120/591 6094/6117/591
f 6098/6121/593 6095/6122/592 6096/6119/592
f 6100/6123/594 6097/6124/593 6098/6121/593
f 6102/6125/595 6099/6126/594 6100/6123/594
f 6104/6127/596 6101/6128/595 6102/6125/595
f 6106/6129/597 6103/6130/596 6104/6127/596
f 6108/6131/598 6105/6132/597 6106/6129/597
f 6110/6133/599 6107/6134/598 6108/6131/598
f 6112/6135/600 6109/6136/599 6110/6133/599
f 6114/6137/601 6111/6138/600 6112/6135/600
f 6116/6139/602 6113/6140/601 6114/6137/601
f 6118/6141/603 6115/6142/602 6116/6139/602
f 6120/6143/604 6117/6144/603 6118/6141/603
f 6122/6145/605 6119/6146/604 6120/6143/604
f 6124/6147/606 6121/6148/605 6122/6145/605
f 6126/6149/607 6123/6150/606 6124/6147/606
f 6128/6151/608 6125/6152/607 6126/6149/607
f 6130/6153/609 6127/6154/608 6128/6151/608
f 6132/6155/610 6129/6156/609 6130/6153/609
f 6134/6157/611 6131/6158/610 6132/6155/610
f 6136/6159/612 6133/6160/611 6134/6157/611
f 6138/6161/613 6135/6162/612 6136/6159/612
f 6140/6163/614 6137/6164/613 6138/6161/613
f 6142/6165/615 6139/6166/614 6140/6163/614
f 6144/6167/616 6141/6168/615 6142/6165/615
f 6146/6169/617 6143/6170/616 6144/6167/616
f 6148/6171/618 6145/6172/617 6146/6169/617
f 6150/6173/619 6147/6174/618 6148/6171/618
f 6152/6175/620 6149/6176/619 6150/6173/619
f 6154/6177/621 6151/6178/620 6152/6175/620
f 6156/6179/622 6153/6180/621 6154/6177/621
f 6158/6181/623 6155/6182/622 6156/6179/622
f 6160/6183/624 6157/6184/623 6158/6181/623
f 6162/6185/625 6159/6186/624 6160/6183/624
f 6164/6187/626 6161/6188/625 6162/6185/625
f 6166/6189/627 6163/6190/626 6164/6187/626
f 6168/6191/628 6165/6192/627 6166/6189/627
f 6170/6193/629 6167/6194/628 6168/6191/628
f 6172/6195/630 6169/6196/629 6170/6193/629
f 6174/6197/631 6171/6198/630 6172/6195/630
f 6176/6199/632 6173/6200/631 6174/6197/631
f 6178/6201/633 6175/6202/632 6176/6199/632
f 6180/6203/634 6177/6204/633 6178/6201/633
f 6182/6205/635 6179/6206/634 6180/6203/634
f 6184/6207/636 6181/6208/635 6182/6205/635
f 6186/6209/637 6183/6210/636 6184/6207/636
f 6188/6211/638 6185/6212/637 6186/6209/637
f 6190/6213/639 6187/6214/638 6188/6211/638
f 6192/6215/640 6189/6216/639 6190/6213/639
f 6194/6217/641 6191/6218/640 6192/6215/640
f 6196/6219/642 6193/6220/641 6194/6217/641
f 6198/6221/643 6195/6222/642 6196/6219/642
f 6200/6223/644 6197/6224/643 6198/6221/643
f 6202/6225/645 6199/6226/644 6200/6223/644
f 6204/6227/646 6201/6228/645 6202/6225/645
f 6206/6229/647 6203/6230/646 6204/6227/646
f 6208/6231/648 6205/6232/647 6206/6229/647
f 6210/6233/649 6207/6234/648 6208/6231/648
f 6212/6235/650 6209/6236/649 6210/6233/649
f 6214/6237/651 6211/6238/650 6212/6235/650
f 6216/6239/652 6213/6240/651 6214/6237/651
f 6218/6241/653 6215/6242/652 6216/6239/652
f 6220/6243/654 6217/6244/653 6218/6241/653
f 6222/6245/655 6219/6246/654 6220/6243/654
f 6224/6247/656 6221/6248/655 6222/6245/655
f 6226/6249/657 6223/6250/656 6224/6247/656
f 6228/6251/428 6225/6252/657 6226/6249/657
f 6230/6253/658 6227/6254/428 6228/6251/428
f 6232/6255/659 6229/6256/658 6230/6253/658
f 6234/6257/660 6231/6258/659 6232/6255/659
f 6236/6259/661 6233/6260/660 6234/6257/660
f 6238/6261/662 6235/6262/661 6236/6259/661
f 6240/6263/663 6237/6264/662 6238/6261/662
f 6242/6265/664 6239/6266/663 6240/6263/663
f 6244/6267/665 6241/6268/664 6242/6265/664
f 6246/6269/666 6243/6270/665 6244/6267/665
f 6248/6271/667 6245/6272/666 6246/6269/666
f 6250/6273/668 6247/6274/667 6248/6271/667
f 6252/6275/669 6249/6276/668 6250/6273/668
f 6254/6277/670 6251/6278/669 6252/6275/669
f 6256/6279/671 6253/6280/670 6254/6277/670
f 6258/6281/672 6255/6282/671 6256/6279/671
f 6260/6283/673 6257/6284/672 6258/6281/672
f 6262/6285/674 6259/6286/673 6260/6283/673
f 6264/6287/675 6261/6288/674 6262/6285/674
f 6266/6289/676 6263/6290/675 6264/6287/675
f 6268/6291/677 6265/6292/676 6266/6289/676
f 6270/6293/678 6267/6294/677 6268/6291/677
f 6272/6295/679 6269/6296/678 6270/6293/678
f 6274/6297/680 6271/6298/679 6272/6295/679
f 6276/6299/681 6273/6300/680 6274/6297/680
f 6278/6301/682 6275/6302/681 6276/6299/681
f 6280/6303/683 6277/6304/682 6278/6301/682
f 6282/6305/685 6279/6306/683 6280/6303/683
f 6284/6307/686 6281/6308/685 6282/6305/685
f 6286/6309/687 6283/6310/686 6284/6307/686
f 6288/6311/688 6285/6312/687 6286/6309/687
f 6290/6313/689 6287/6314/688 6288/6311/688
f 6292/6315/690 6289/6316/689 6290/6313/689
f 6294/6317/691 6291/6318/690 6292/6315/690
f 6296/6319/692 6293/6320/691 6294/6317/691
f 6298/6321/693 6295/6322/692 6296/6319/692
f 6300/6323/694 6297/6324/693 6298/6321/693
f 6302/6325/695 6299/6326/694 6300/6323/694
f 6304/6327/862 6301/6328/695 6302/6325/695
f 6306/6329/697 6303/6330/862 6304/6327/862
f 6308/6331/698 6305/6332/697 6306/6329/697
f 6310/6333/699 6307/6334/698 6308/6331/698
f 6312/6335/700 6309/6336/699 6310/6333/699
f 6314/6337/701 6311/6338/700 6312/6335/700
f 6316/6339/702 6313/6340/701 6314/6337/701
f 6318/6341/703 6315/6342/702 6316/6339/702
f 6320/6343/704 6317/6344/703 6318/6341/703
f 6322/6345/705 6319/6346/704 6320/6343/704
f 6324/6347/706 6321/6348/705 6322/6345/705
f 6326/6349/707 6323/6350/706 6324/6347/706
f 6328/6351/708 6325/6352/707 6326/6349/707
f 6330/6353/709 6327/6354/708 6328/6351/708
f 6332/6355/710 6329/6356/709 6330/6353/709
f 6334/6357/6 6331/6358/710 6332/6355/710
f 6336/6359/7 6333/6360/6 6334/6357/6
f 6018/6361/554 6335/6362/7 6336/6359/7
f 6340/6363/711 6337/6364/712 6338/6365/712
f 6342/6366/713 6339/6367/711 6340/6363/711
f 6344/6368/714 6341/6369/713 6342/6366/713
f 6346/6370/715 6343/6371/714 6344/6368/714
f 6348/6372/716 6345/6373/715 6346/6370/715
f 6350/6374/717 6347/6375/716 6348/6372/716
f 6352/6376/718 6349/6377/717 6350/6374/717
f 6354/6378/719 6351/6379/718 6352/6376/718
f 6356/6380/720 6353/6381/719 6354/6378/719
f 6358/6382/721 6355/6383/720 6356/6380/720
f 6360/6384/722 6357/6385/721 6358/6382/721
f 6362/6386/723 6359/6387/722 6360/6384/722
f 6364/6388/724 6361/6389/723 6362/6386/723
f 6366/6390/725 6363/6391/724 6364/6388/724
f 6368/6392/726 6365/6393/725 6366/6390/725
f 6370/6394/727 6367/6395/726 6368/6392/726
f 6372/6396/728 6369/6397/727 6370/6394/727
f 6374/6398/729 6371/6399/728 6372/6396/728
f 6376/6400/730 6373/6401/729 6374/6398/729
f 6378/6402/731 6375/6403/730 6376/6400/730
f 6380/6404/732 6377/6405/731 6378/6402/731
f 6382/6406/733 6379/6407/732 6380/6404/732
f 6384/6408/734 6381/6409/733 6382/6406/733
f 6386/6410/735 6383/6411/734 6384/6408/734
f 6388/6412/736 6385/6413/735 6386/6410/735
f 6390/6414/737 6387/6415/736 6388/6412/736
f 6392/6416/738 6389/6417/737 6390/6414/737
f 6394/6418/739 6391/6419/738 6392/6416/738
f 6396/6420/740 6393/6421/739 6394/6418/739
f 6398/6422/741 6395/6423/740 6396/6420/740
f 6400/6424/742 6397/6425/741 6398/6422/741
f 6402/6426/743 6399/6427/742 6400/6424/742
f 6404/6428/744 6401/6429/743 6402/6426/743
f 6406/6430/745 6403/6431/744 6404/6428/744
f 6408/6432/746 6405/6433/745 6406/6430/745
f 6410/6434/747 6407/6435/746 6408/6432/746
f 6412/6436/748 6409/6437/747 6410/6434/747
f 6414/6438/749 6411/6439/748 6412/6436/748
f 6416/6440/750 6413/6441/749 6414/6438/749
f 6418/6442/751 6415/6443/750 6416/6440/750
f 6420/6444/752 6417/6445/751 6418/6442/751
f 6422/6446/753 6419/6447/752 6420/6444/752
f 6424/6448/754 6421/6449/753 6422/6446/753
f 6426/6450/755 6423/6451/754 6424/6448/754
f 6428/6452/756 6425/6453/755 6426/6450/755
f 6430/6454/757 6427/6455/756 6428/6452/756
f 6432/6456/758 6429/6457/757 6430/6454/757
f 6338/6458/712 6431/6459/758 6432/6456/758
f 6436/6460/759 6433/6461/760 6434/6462/760
f 6438/6463/761 6435/6464/762 6436/6460/759
f 6440/6465/763 6437/6466/761 6438/6463/761
f 6442/6467/764 6439/6468/763 6440/6465/763
f 6444/6469/765 6441/6470/764 6442/6467/764
f 6446/6471/766 6443/6472/765 6444/6469/765
f 6448/6473/767 6445/6474/766 6446/6471/766
f 6450/6475/768 6447/6476/767 6448/6473/767
f 6452/6477/769 6449/6478/768 6450/6475/768
f 6454/6479/770 6451/6480/769 6452/6477/769
f 6456/6481/771 6453/6482/770 6454/6479/770
f 6458/6483/772 6455/6484/771 6456/6481/771
f 6460/6485/773 6457/6486/772 6458/6483/772
f 6462/6487/774 6459/6488/773 6460/6485/773
f 6464/6489/775 6461/6490/774 6462/6487/774
f 6466/6491/777 6463/6492/775 6464/6489/775
f 6468/6493/778 6465/6494/777 6466/6491/777
f 6470/6495/779 6467/6496/778 6468/6493/778
f 6472/6497/780 6469/6498/779 6470/6495/779
f 6474/6499/781 6471/6500/780 6472/6497/780
f 6476/6501/782 6473/6502/781 6474/6499/781
f 6478/6503/783 6475/6504/782 6476/6501/782
f 6480/6505/784 6477/6506/783 6478/6503/783
f 6482/6507/785 6479/6508/784 6480/6505/784
f 6484/6509/786 6481/6510/785 6482/6507/785
f 6486/6511/787 6483/6512/786 6484/6509/786
f 6488/6513/788 6485/6514/787 6486/6511/787
f 6490/6515/789 6487/6516/788 6488/6513/788
f 6492/6517/790 6489/6518/789 6490/6515/789
f 6494/6519/791 6491/6520/790 6492/6517/790
f 6496/6521/863 6493/6522/791 6494/6519/791
f 6498/6523/794 6495/6524/863 6496/6521/863
f 6500/6525/795 6497/6526/794 6498/6523/794
f 6502/6527/864 6499/6528/795 6500/6525/795
f 6504/6529/797 6501/6530/864 6502/6527/864
f 6506/6531/798 6503/6532/797 6504/6529/797
f 6508/6533/799 6505/6534/798 6506/6531/798
f 6510/6535/800 6507/6536/799 6508/6533/799
f 6512/6537/801 6509/6538/800 6510/6535/800
f 6514/6539/802 6511/6540/801 6512/6537/801
f 6516/6541/803 6513/6542/802 6514/6539/802
f 6518/6543/804 6515/6544/803 6516/6541/803
f 6520/6545/805 6517/6546/804 6518/6543/804
f 6522/6547/806 6519/6548/805 6520/6545/805
f 6524/6549/807 6521/6550/806 6522/6547/806
f 6526/6551/808 6523/6552/807 6524/6549/807
f 6528/6553/809 6525/6554/808 6526/6551/808
f 6434/6555/760 6527/6556/809 6528/6553/809
f 3268/3265/6 3267/3269/6 3265/3266/7
f 3270/3268/6 3269/3271/6 3267/3269/6
f 3272/3270/7 3271/3273/7 3269/3271/6
f 3274/3272/7 3273/3275/7 3271/3273/7
f 3276/3274/6 3275/3277/6 3273/3275/7
f 3278/3276/6 3277/3279/6 3275/3277/6
f 3280/3278/7 3279/3281/7 3277/3279/6
f 3282/3280/8 3281/3283/8 3279/3281/7
f 3284/3282/9 3283/3285/9 3281/3283/8
f 3286/3284/6 3285/3287/6 3283/3285/9
f 3288/3286/7 3287/3289/7 3285/3287/6
f 3266/3288/7 3265/6557/7 3287/3289/7
f 3292/3290/10 3291/3294/10 3289/3291/11
f 3294/3293/12 3293/3296/12 3291/3294/10
f 3296/3295/13 3295/3298/13 3293/3296/12
f 3298/3297/14 3297/3300/14 3295/3298/13
f 3300/3299/15 3299/3302/15 3297/3300/14
f 3302/3301/16 3301/3304/16 3299/3302/15
f 3304/3303/17 3303/3306/17 3301/3304/16
f 3306/3305/18 3305/3308/20 3303/3306/17
f 3308/3307/19 3307/3310/22 3305/3308/20
f 3310/3309/21 3309/3312/21 3307/3310/22
f 3312/3311/23 3311/3314/23 3309/3312/21
f 3314/3313/24 3313/3316/24 3311/3314/23
f 3316/3315/25 3315/3318/25 3313/3316/24
f 3318/3317/26 3317/3320/26 3315/3318/25
f 3320/3319/27 3319/3322/27 3317/3320/26
f 3322/3321/28 3321/3324/28 3319/3322/27
f 3324/3323/29 3323/3326/31 3321/3324/28
f 3326/3325/30 3325/3328/30 3323/3326/31
f 3328/3327/32 3327/3330/32 3325/3328/30
f 3330/3329/33 3329/3332/33 3327/3330/32
f 3332/3331/34 3331/3334/34 3329/3332/33
f 3334/3333/35 3333/3336/35 3331/3334/34
f 3336/3335/36 3335/3338/36 3333/3336/35
f 3338/3337/37 3337/3340/37 3335/3338/36
f 3340/3339/7 3339/3342/7 3337/3340/37
f 3342/3341/8 3341/3344/8 3339/3342/7
f 3344/3343/38 3343/3346/38 3341/3344/8
f 3346/3345/39 3345/3348/39 3343/3346/38
f 3348/3347/40 3347/3350/40 3345/3348/39
f 3350/3349/41 3349/3352/41 3347/3350/40
f 3352/3351/42 3351/3354/42 3349/3352/41
f 3354/3353/43 3353/3356/43 3351/3354/42
f 3356/3355/44 3355/3358/44 3353/3356/43
f 3358/3357/45 3357/3360/45 3355/3358/44
f 3360/3359/46 3359/3362/46 3357/3360/45
f 3362/3361/47 3361/3364/47 3359/3362/46
f 3364/3363/48 3363/3366/48 3361/3364/47
f 3366/3365/49 3365/3368/49 3363/3366/48
f 3368/3367/50 3367/3370/50 3365/3368/49
f 3370/3369/51 3369/3372/51 3367/3370/50
f 3372/3371/52 3371/3374/52 3369/3372/51
f 3374/3373/53 3373/3376/53 3371/3374/52
f 3376/3375/54 3375/3378/54 3373/3376/53
f 3378/3377/55 3377/3380/55 3375/3378/54
f 3380/3379/56 3379/3382/56 3377/3380/55
f 3382/3381/57 3381/3384/57 3379/3382/56
f 3384/3383/58 3383/3386/58 3381/3384/57
f 3386/3385/59 3385/3388/59 3383/3386/58
f 3388/3387/60 3387/3390/60 3385/3388/59
f 3390/3389/61 3389/3392/61 3387/3390/60
f 3392/3391/62 3391/3394/62 3389/3392/61
f 3394/3393/7 3393/3396/7 3391/3394/62
f 3396/3395/8 3395/3398/8 3393/3396/7
f 3398/3397/9 3397/3400/9 3395/3398/8
f 3400/3399/6 3399/3402/6 3397/3400/9
f 3402/3401/6 3401/3404/6 3399/3402/6
f 3290/3403/11 3289/6558/11 3401/3404/6
f 3406/3405/63 3405/3409/63 3403/3406/64
f 3408/3408/65 3407/3411/67 3405/3409/63
f 3410/3410/66 3409/3413/66 3407/3411/67
f 3412/3412/68 3411/3415/68 3409/3413/66
f 3414/3414/69 3413/3417/69 3411/3415/68
f 3416/3416/70 3415/3419/70 3413/3417/69
f 3418/3418/71 3417/3421/71 3415/3419/70
f 3420/3420/72 3419/3423/72 3417/3421/71
f 3422/3422/73 3421/3425/73 3419/3423/72
f 3424/3424/74 3423/3427/74 3421/3425/73
f 3426/3426/75 3425/3429/75 3423/3427/74
f 3428/3428/76 3427/3431/76 3425/3429/75
f 3430/3430/77 3429/3433/77 3427/3431/76
f 3432/3432/78 3431/3435/78 3429/3433/77
f 3434/3434/79 3433/3437/79 3431/3435/78
f 3436/3436/80 3435/3439/80 3433/3437/79
f 3438/3438/81 3437/3441/81 3435/3439/80
f 3440/3440/82 3439/3443/82 3437/3441/81
f 3442/3442/83 3441/3445/83 3439/3443/82
f 3444/3444/84 3443/3447/84 3441/3445/83
f 3446/3446/85 3445/3449/85 3443/3447/84
f 3448/3448/86 3447/3451/86 3445/3449/85
f 3450/3450/87 3449/3453/87 3447/3451/86
f 3452/3452/88 3451/3455/88 3449/3453/87
f 3454/3454/89 3453/3457/91 3451/3455/88
f 3456/3456/90 3455/3459/90 3453/3457/91
f 3458/3458/92 3457/3461/92 3455/3459/90
f 3460/3460/93 3459/3463/93 3457/3461/92
f 3462/3462/94 3461/3465/94 3459/3463/93
f 3464/3464/95 3463/3467/95 3461/3465/94
f 3466/3466/96 3465/3469/96 3463/3467/95
f 3468/3468/97 3467/3471/97 3465/3469/96
f 3470/3470/98 3469/3473/98 3467/3471/97
f 3472/3472/99 3471/3475/101 3469/3473/98
f 3474/3474/100 3473/3477/100 3471/3475/101
f 3476/3476/102 3475/3479/102 3473/3477/100
f 3478/3478/103 3477/3481/103 3475/3479/102
f 3480/3480/104 3479/3483/104 3477/3481/103
f 3482/3482/105 3481/3485/105 3479/3483/104
f 3484/3484/106 3483/3487/106 3481/3485/105
f 3486/3486/107 3485/3489/107 3483/3487/106
f 3488/3488/108 3487/3491/108 3485/3489/107
f 3490/3490/109 3489/3493/109 3487/3491/108
f 3492/3492/110 3491/3495/110 3489/3493/109
f 3494/3494/111 3493/3497/111 3491/3495/110
f 3496/3496/112 3495/3499/112 3493/3497/111
f 3498/3498/113 3497/3501/113 3495/3499/112
f 3500/3500/114 3499/3503/114 3497/3501/113
f 3502/3502/115 3501/3505/115 3499/3503/114
f 3504/3504/116 3503/3507/116 3501/3505/115
f 3506/3506/117 3505/3509/117 3503/3507/116
f 3508/3508/118 3507/3511/118 3505/3509/117
f 3510/3510/119 3509/3513/119 3507/3511/118
f 3512/3512/120 3511/3515/120 3509/3513/119
f 3514/3514/121 3513/3517/121 3511/3515/120
f 3516/3516/122 3515/3519/122 3513/3517/121
f 3518/3518/123 3517/3521/123 3515/3519/122
f 3520/3520/124 3519/3523/124 3517/3521/123
f 3522/3522/125 3521/3525/125 3519/3523/124
f 3524/3524/126 3523/3527/126 3521/3525/125
f 3526/3526/127 3525/3529/127 3523/3527/126
f 3528/3528/128 3527/3531/128 3525/3529/127
f 3530/3530/129 3529/3533/129 3527/3531/128
f 3532/3532/130 3531/3535/130 3529/3533/129
f 3534/3534/131 3533/3537/133 3531/3535/130
f 3536/3536/132 3535/3539/132 3533/3537/133
f 3538/3538/134 3537/3541/134 3535/3539/132
f 3540/3540/135 3539/3543/135 3537/3541/134
f 3542/3542/136 3541/3545/136 3539/3543/135
f 3544/3544/137 3543/3547/137 3541/3545/136
f 3546/3546/138 3545/3549/138 3543/3547/137
f 3548/3548/139 3547/3551/139 3545/3549/138
f 3550/3550/140 3549/3553/140 3547/3551/139
f 3552/3552/141 3551/3555/141 3549/3553/140
f 3554/3554/142 3553/3557/142 3551/3555/141
f 3556/3556/143 3555/3559/143 3553/3557/142
f 3558/3558/144 3557/3561/144 3555/3559/143
f 3560/3560/145 3559/3563/145 3557/3561/144
f 3562/3562/146 3561/3565/146 3559/3563/145
f 3564/3564/147 3563/3567/147 3561/3565/146
f 3566/3566/148 3565/3569/148 3563/3567/147
f 3568/3568/149 3567/3571/149 3565/3569/148
f 3570/3570/150 3569/3573/150 3567/3571/149
f 3572/3572/151 3571/3575/151 3569/3573/150
f 3574/3574/152 3573/3577/152 3571/3575/151
f 3576/3576/153 3575/3579/153 3573/3577/152
f 3578/3578/154 3577/3581/154 3575/3579/153
f 3580/3580/155 3579/3583/155 3577/3581/154
f 3582/3582/156 3581/3585/156 3579/3583/155
f 3584/3584/157 3583/3587/157 3581/3585/156
f 3586/3586/158 3585/3589/158 3583/3587/157
f 3588/3588/159 3587/3591/159 3585/3589/158
f 3590/3590/160 3589/3593/160 3587/3591/159
f 3592/3592/161 3591/3595/161 3589/3593/160
f 3594/3594/162 3593/3597/162 3591/3595/161
f 3596/3596/163 3595/3599/163 3593/3597/162
f 3598/3598/164 3597/3601/164 3595/3599/163
f 3600/3600/165 3599/3603/165 3597/3601/164
f 3602/3602/166 3601/3605/166 3599/3603/165
f 3604/3604/167 3603/3607/169 3601/3605/166
f 3606/3606/168 3605/3609/168 3603/3607/169
f 3608/3608/170 3607/3611/170 3605/3609/168
f 3610/3610/171 3609/3613/171 3607/3611/170
f 3612/3612/172 3611/3615/172 3609/3613/171
f 3614/3614/173 3613/3617/173 3611/3615/172
f 3616/3616/174 3615/3619/174 3613/3617/173
f 3618/3618/175 3617/3621/175 3615/3619/174
f 3620/3620/176 3619/3623/176 3617/3621/175
f 3622/3622/177 3621/3625/177 3619/3623/176
f 3624/3624/178 3623/3627/178 3621/3625/177
f 3626/3626/179 3625/3629/179 3623/3627/178
f 3628/3628/180 3627/3631/180 3625/3629/179
f 3630/3630/181 3629/3633/181 3627/3631/180
f 3632/3632/182 3631/3635/182 3629/3633/181
f 3634/3634/183 3633/3637/183 3631/3635/182
f 3636/3636/184 3635/3639/184 3633/3637/183
f 3638/3638/185 3637/3641/185 3635/3639/184
f 3640/3640/186 3639/3643/188 3637/3641/185
f 3642/3642/187 3641/3645/187 3639/3643/188
f 3644/3644/189 3643/3647/189 3641/3645/187
f 3646/3646/190 3645/3649/190 3643/3647/189
f 3648/3648/191 3647/3651/193 3645/3649/190
f 3650/3650/192 3649/3653/192 3647/3651/193
f 3652/3652/194 3651/3655/196 3649/3653/192
f 3654/3654/195 3653/3657/198 3651/3655/196
f 3656/3656/197 3655/3659/197 3653/3657/198
f 3658/3658/199 3657/3661/199 3655/3659/197
f 3660/3660/200 3659/3663/200 3657/3661/199
f 3662/3662/201 3661/3665/201 3659/3663/200
f 3664/3664/202 3663/3667/204 3661/3665/201
f 3666/3666/203 3665/3669/206 3663/3667/204
f 3668/3668/205 3667/3671/205 3665/3669/206
f 3670/3670/207 3669/3673/209 3667/3671/205
f 3672/3672/208 3671/3675/208 3669/3673/209
f 3674/3674/210 3673/3677/210 3671/3675/208
f 3676/3676/211 3675/3679/211 3673/3677/210
f 3404/3678/64 3403/6559/64 3675/3679/211
f 3680/3680/212 3679/3684/212 3677/3681/213
f 3682/3683/214 3681/3686/214 3679/3684/212
f 3684/3685/215 3683/3688/215 3681/3686/214
f 3686/3687/216 3685/3690/216 3683/3688/215
f 3688/3689/217 3687/3692/217 3685/3690/216
f 3690/3691/218 3689/3694/218 3687/3692/217
f 3692/3693/219 3691/3696/219 3689/3694/218
f 3694/3695/220 3693/3698/220 3691/3696/219
f 3696/3697/221 3695/3700/221 3693/3698/220
f 3698/3699/222 3697/3702/222 3695/3700/221
f 3700/3701/223 3699/3704/223 3697/3702/222
f 3702/3703/224 3701/3706/224 3699/3704/223
f 3704/3705/225 3703/3708/225 3701/3706/224
f 3706/3707/226 3705/3710/226 3703/3708/225
f 3708/3709/227 3707/3712/227 3705/3710/226
f 3710/3711/228 3709/3714/228 3707/3712/227
f 3712/3713/229 3711/3716/229 3709/3714/228
f 3714/3715/230 3713/3718/230 3711/3716/229
f 3716/3717/231 3715/3720/231 3713/3718/230
f 3718/3719/232 3717/3722/232 3715/3720/231
f 3720/3721/233 3719/3724/233 3717/3722/232
f 3722/3723/234 3721/3726/234 3719/3724/233
f 3724/3725/235 3723/3728/235 3721/3726/234
f 3726/3727/236 3725/3730/236 3723/3728/235
f 3728/3729/237 3727/3732/237 3725/3730/236
f 3730/3731/238 3729/3734/238 3727/3732/237
f 3732/3733/239 3731/3736/239 3729/3734/238
f 3734/3735/240 3733/3738/240 3731/3736/239
f 3736/3737/241 3735/3740/241 3733/3738/240
f 3738/3739/242 3737/3742/244 3735/3740/241
f 3740/3741/243 3739/3744/243 3737/3742/244
f 3742/3743/245 3741/3746/245 3739/3744/243
f 3744/3745/246 3743/3748/246 3741/3746/245
f 3746/3747/247 3745/3750/247 3743/3748/246
f 3748/3749/248 3747/3752/248 3745/3750/247
f 3750/3751/249 3749/3754/249 3747/3752/248
f 3678/3753/213 3677/6560/213 3749/3754/249
f 3754/3755/250 3753/3759/250 3751/3756/251
f 3756/3758/252 3755/3761/252 3753/3759/250
f 3758/3760/253 3757/3763/253 3755/3761/252
f 3760/3762/254 3759/3765/254 3757/3763/253
f 3762/3764/20 3761/3767/20 3759/3765/254
f 3764/3766/255 3763/3769/255 3761/3767/20
f 3766/3768/256 3765/3771/256 3763/3769/255
f 3768/3770/257 3767/3773/257 3765/3771/256
f 3770/3772/258 3769/3775/258 3767/3773/257
f 3772/3774/259 3771/3777/261 3769/3775/258
f 3774/3776/260 3773/3779/260 3771/3777/261
f 3776/3778/262 3775/3781/262 3773/3779/260
f 3778/3780/263 3777/3783/263 3775/3781/262
f 3780/3782/264 3779/3785/264 3777/3783/263
f 3782/3784/265 3781/3787/265 3779/3785/264
f 3784/3786/266 3783/3789/266 3781/3787/265
f 3786/3788/267 3785/3791/267 3783/3789/266
f 3788/3790/268 3787/3793/268 3785/3791/267
f 3790/3792/269 3789/3795/269 3787/3793/268
f 3792/3794/270 3791/3797/270 3789/3795/269
f 3794/3796/271 3793/3799/271 3791/3797/270
f 3796/3798/272 3795/3801/272 3793/3799/271
f 3798/3800/273 3797/3803/273 3795/3801/272
f 3800/3802/274 3799/3805/274 3797/3803/273
f 3802/3804/275 3801/3807/275 3799/3805/274
f 3804/3806/276 3803/3809/276 3801/3807/275
f 3806/3808/277 3805/3811/277 3803/3809/276
f 3808/3810/278 3807/3813/278 3805/3811/277
f 3810/3812/279 3809/3815/279 3807/3813/278
f 3812/3814/280 3811/3817/280 3809/3815/279
f 3814/3816/281 3813/3819/281 3811/3817/280
f 3816/3818/282 3815/3821/282 3813/3819/281
f 3818/3820/283 3817/3823/283 3815/3821/282
f 3820/3822/284 3819/3825/284 3817/3823/283
f 3822/3824/285 3821/3827/285 3819/3825/284
f 3824/3826/286 3823/3829/286 3821/3827/285
f 3826/3828/287 3825/3831/287 3823/3829/286
f 3828/3830/288 3827/3833/288 3825/3831/287
f 3830/3832/289 3829/3835/289 3827/3833/288
f 3832/3834/290 3831/3837/290 3829/3835/289
f 3834/3836/291 3833/3839/291 3831/3837/290
f 3836/3838/292 3835/3841/292 3833/3839/291
f 3838/3840/293 3837/3843/293 3835/3841/292
f 3840/3842/294 3839/3845/294 3837/3843/293
f 3842/3844/295 3841/3847/295 3839/3845/294
f 3844/3846/296 3843/3849/296 3841/3847/295
f 3846/3848/297 3845/3851/297 3843/3849/296
f 3848/3850/9 3847/3853/9 3845/3851/297
f 3850/3852/6 3849/3855/6 3847/3853/9
f 3852/3854/298 3851/3857/298 3849/3855/6
f 3752/3856/251 3751/6561/251 3851/3857/298
f 3856/3858/299 3855/3862/299 3853/3859/300
f 3858/3861/301 3857/3864/301 3855/3862/299
f 3860/3863/302 3859/3866/302 3857/3864/301
f 3862/3865/303 3861/3868/305 3859/3866/302
f 3864/3867/304 3863/3870/304 3861/3868/305
f 3866/3869/306 3865/3872/306 3863/3870/304
f 3868/3871/307 3867/3874/307 3865/3872/306
f 3870/3873/308 3869/3876/308 3867/3874/307
f 3872/3875/309 3871/3878/309 3869/3876/308
f 3874/3877/310 3873/3880/310 3871/3878/309
f 3876/3879/311 3875/3882/311 3873/3880/310
f 3878/3881/312 3877/3884/312 3875/3882/311
f 3880/3883/313 3879/3886/313 3877/3884/312
f 3882/3885/314 3881/3888/314 3879/3886/313
f 3884/3887/315 3883/3890/315 3881/3888/314
f 3886/3889/316 3885/3892/316 3883/3890/315
f 3888/3891/317 3887/3894/317 3885/3892/316
f 3890/3893/318 3889/3896/318 3887/3894/317
f 3892/3895/319 3891/3898/319 3889/3896/318
f 3894/3897/320 3893/3900/320 3891/3898/319
f 3896/3899/321 3895/3902/321 3893/3900/320
f 3898/3901/322 3897/3904/322 3895/3902/321
f 3900/3903/323 3899/3906/323 3897/3904/322
f 3902/3905/324 3901/3908/324 3899/3906/323
f 3904/3907/325 3903/3910/325 3901/3908/324
f 3906/3909/326 3905/3912/326 3903/3910/325
f 3908/3911/327 3907/3914/327 3905/3912/326
f 3910/3913/43 3909/3916/43 3907/3914/327
f 3912/3915/328 3911/3918/328 3909/3916/43
f 3914/3917/329 3913/3920/329 3911/3918/328
f 3916/3919/330 3915/3922/330 3913/3920/329
f 3918/3921/331 3917/3924/331 3915/3922/330
f 3920/3923/332 3919/3926/332 3917/3924/331
f 3922/3925/333 3921/3928/333 3919/3926/332
f 3924/3927/334 3923/3930/334 3921/3928/333
f 3926/3929/335 3925/3932/335 3923/3930/334
f 3928/3931/336 3927/3934/336 3925/3932/335
f 3930/3933/337 3929/3936/337 3927/3934/336
f 3932/3935/338 3931/3938/338 3929/3936/337
f 3934/3937/339 3933/3940/339 3931/3938/338
f 3936/3939/340 3935/3942/340 3933/3940/339
f 3938/3941/341 3937/3944/341 3935/3942/340
f 3940/3943/342 3939/3946/342 3937/3944/341
f 3942/3945/343 3941/3948/343 3939/3946/342
f 3944/3947/344 3943/3950/344 3941/3948/343
f 3946/3949/345 3945/3952/345 3943/3950/344
f 3948/3951/346 3947/3954/346 3945/3952/345
f 3950/3953/347 3949/3956/347 3947/3954/346
f 3854/3955/300 3853/6562/300 3949/3956/347
f 3954/3957/9 3953/3961/9 3951/3958/8
f 3956/3960/6 3955/3963/6 3953/3961/9
f 3958/3962/7 3957/3965/7 3955/3963/6
f 3952/3964/8 3951/6563/8 3957/3965/7
f 3962/3966/348 3961/3970/348 3959/3967/349
f 3964/3969/351 3963/3972/351 3961/3970/348
f 3966/3971/352 3965/3974/352 3963/3972/351
f 3968/3973/353 3967/3976/353 3965/3974/352
f 3970/3975/354 3969/3978/354 3967/3976/353
f 3972/3977/355 3971/3980/355 3969/3978/354
f 3974/3979/356 3973/3982/356 3971/3980/355
f 3976/3981/357 3975/3984/357 3973/3982/356
f 3978/3983/358 3977/3986/358 3975/3984/357
f 3980/3985/359 3979/3988/359 3977/3986/358
f 3982/3987/360 3981/3990/360 3979/3988/359
f 3984/3989/361 3983/3992/361 3981/3990/360
f 3986/3991/362 3985/3994/364 3983/3992/361
f 3988/3993/363 3987/3996/363 3985/3994/364
f 3990/3995/365 3989/3998/365 3987/3996/363
f 3992/3997/366 3991/4000/366 3989/3998/365
f 3994/3999/367 3993/4002/367 3991/4000/366
f 3996/4001/368 3995/4004/368 3993/4002/367
f 3998/4003/369 3997/4006/369 3995/4004/368
f 4000/4005/370 3999/4008/370 3997/4006/369
f 4002/4007/371 4001/4010/371 3999/4008/370
f 4004/4009/372 4003/4012/372 4001/4010/371
f 4006/4011/373 4005/4014/373 4003/4012/372
f 4008/4013/374 4007/4016/374 4005/4014/373
f 4010/4015/375 4009/4018/375 4007/4016/374
f 4012/4017/376 4011/4020/376 4009/4018/375
f 4014/4019/377 4013/4022/377 4011/4020/376
f 4016/4021/378 4015/4024/378 4013/4022/377
f 4018/4023/379 4017/4026/379 4015/4024/378
f 4020/4025/380 4019/4028/380 4017/4026/379
f 4022/4027/381 4021/4030/381 4019/4028/380
f 4024/4029/382 4023/4032/382 4021/4030/381
f 4026/4031/383 4025/4034/383 4023/4032/382
f 4028/4033/384 4027/4036/384 4025/4034/383
f 4030/4035/385 4029/4038/385 4027/4036/384
f 4032/4037/386 4031/4040/388 4029/4038/385
f 4034/4039/387 4033/4042/387 4031/4040/388
f 4036/4041/389 4035/4044/389 4033/4042/387
f 4038/4043/390 4037/4046/390 4035/4044/389
f 4040/4045/391 4039/4048/391 4037/4046/390
f 4042/4047/392 4041/4050/392 4039/4048/391
f 4044/4049/393 4043/4052/393 4041/4050/392
f 4046/4051/394 4045/4054/394 4043/4052/393
f 4048/4053/395 4047/4056/395 4045/4054/394
f 4050/4055/396 4049/4058/396 4047/4056/395
f 4052/4057/397 4051/4060/397 4049/4058/396
f 4054/4059/398 4053/4062/398 4051/4060/397
f 4056/4061/399 4055/4064/399 4053/4062/398
f 4058/4063/400 4057/4066/400 4055/4064/399
f 4060/4065/401 4059/4068/401 4057/4066/400
f 4062/4067/402 4061/4070/402 4059/4068/401
f 4064/4069/403 4063/4072/403 4061/4070/402
f 4066/4071/404 4065/4074/404 4063/4072/403
f 4068/4073/405 4067/4076/405 4065/4074/404
f 4070/4075/406 4069/4078/406 4067/4076/405
f 4072/4077/407 4071/4080/407 4069/4078/406
f 4074/4079/408 4073/4082/408 4071/4080/407
f 4076/4081/409 4075/4084/409 4073/4082/408
f 4078/4083/410 4077/4086/410 4075/4084/409
f 4080/4085/411 4079/4088/411 4077/4086/410
f 4082/4087/412 4081/4090/412 4079/4088/411
f 4084/4089/413 4083/4092/413 4081/4090/412
f 4086/4091/414 4085/4094/414 4083/4092/413
f 4088/4093/415 4087/4096/415 4085/4094/414
f 4090/4095/416 4089/4098/416 4087/4096/415
f 4092/4097/417 4091/4100/417 4089/4098/416
f 4094/4099/418 4093/4102/418 4091/4100/417
f 4096/4101/419 4095/4104/419 4093/4102/418
f 4098/4103/420 4097/4106/420 4095/4104/419
f 4100/4105/421 4099/4108/421 4097/4106/420
f 4102/4107/422 4101/4110/422 4099/4108/421
f 4104/4109/423 4103/4112/425 4101/4110/422
f 4106/4111/424 4105/4114/424 4103/4112/425
f 3960/4113/350 3959/6564/349 4105/4114/424
f 4110/4115/426 4109/4119/426 4107/4116/427
f 4112/4118/428 4111/4121/428 4109/4119/426
f 4114/4120/429 4113/4123/429 4111/4121/428
f 4116/4122/430 4115/4125/430 4113/4123/429
f 4118/4124/431 4117/4127/431 4115/4125/430
f 4120/4126/432 4119/4129/432 4117/4127/431
f 4122/4128/433 4121/4131/433 4119/4129/432
f 4124/4130/434 4123/4133/434 4121/4131/433
f 4126/4132/435 4125/4135/435 4123/4133/434
f 4128/4134/436 4127/4137/436 4125/4135/435
f 4130/4136/437 4129/4139/437 4127/4137/436
f 4132/4138/438 4131/4141/438 4129/4139/437
f 4134/4140/439 4133/4143/439 4131/4141/438
f 4136/4142/440 4135/4145/440 4133/4143/439
f 4138/4144/441 4137/4147/441 4135/4145/440
f 4140/4146/442 4139/4149/442 4137/4147/441
f 4142/4148/443 4141/4151/443 4139/4149/442
f 4144/4150/444 4143/4153/444 4141/4151/443
f 4146/4152/445 4145/4155/445 4143/4153/444
f 4148/4154/446 4147/4157/446 4145/4155/445
f 4150/4156/447 4149/4159/447 4147/4157/446
f 4152/4158/448 4151/4161/448 4149/4159/447
f 4154/4160/449 4153/4163/449 4151/4161/448
f 4156/4162/450 4155/4165/450 4153/4163/449
f 4108/4164/427 4107/6565/427 4155/4165/450
f 4160/4166/451 4159/4170/451 4157/4167/452
f 4162/4169/453 4161/4172/453 4159/4170/451
f 4164/4171/454 4163/4174/454 4161/4172/453
f 4166/4173/455 4165/4176/455 4163/4174/454
f 4168/4175/456 4167/4178/456 4165/4176/455
f 4170/4177/457 4169/4180/457 4167/4178/456
f 4172/4179/458 4171/4182/458 4169/4180/457
f 4174/4181/459 4173/4184/459 4171/4182/458
f 4176/4183/460 4175/4186/460 4173/4184/459
f 4178/4185/461 4177/4188/461 4175/4186/460
f 4180/4187/462 4179/4190/462 4177/4188/461
f 4182/4189/463 4181/4192/463 4179/4190/462
f 4184/4191/464 4183/4194/464 4181/4192/463
f 4186/4193/465 4185/4196/465 4183/4194/464
f 4188/4195/466 4187/4198/466 4185/4196/465
f 4190/4197/467 4189/4200/467 4187/4198/466
f 4192/4199/468 4191/4202/468 4189/4200/467
f 4194/4201/469 4193/4204/469 4191/4202/468
f 4196/4203/470 4195/4206/470 4193/4204/469
f 4198/4205/471 4197/4208/471 4195/4206/470
f 4200/4207/472 4199/4210/472 4197/4208/471
f 4202/4209/473 4201/4212/473 4199/4210/472
f 4204/4211/474 4203/4214/474 4201/4212/473
f 4206/4213/475 4205/4216/475 4203/4214/474
f 4208/4215/8 4207/4218/8 4205/4216/475
f 4210/4217/9 4209/4220/9 4207/4218/8
f 4158/4219/452 4157/6566/452 4209/4220/9
f 4214/4221/476 4213/4225/476 4211/4222/477
f 4216/4224/478 4215/4227/478 4213/4225/476
f 4218/4226/479 4217/4229/479 4215/4227/478
f 4220/4228/480 4219/4231/480 4217/4229/479
f 4222/4230/481 4221/4233/481 4219/4231/480
f 4224/4232/482 4223/4235/482 4221/4233/481
f 4226/4234/483 4225/4237/483 4223/4235/482
f 4228/4236/484 4227/4239/484 4225/4237/483
f 4230/4238/485 4229/4241/485 4227/4239/484
f 4232/4240/486 4231/4243/486 4229/4241/485
f 4234/4242/487 4233/4245/487 4231/4243/486
f 4236/4244/488 4235/4247/488 4233/4245/487
f 4238/4246/489 4237/4249/489 4235/4247/488
f 4240/4248/490 4239/4251/490 4237/4249/489
f 4242/4250/491 4241/4253/491 4239/4251/490
f 4244/4252/492 4243/4255/492 4241/4253/491
f 4246/4254/493 4245/4257/493 4243/4255/492
f 4248/4256/494 4247/4259/494 4245/4257/493
f 4250/4258/495 4249/4261/495 4247/4259/494
f 4252/4260/496 4251/4263/496 4249/4261/495
f 4254/4262/497 4253/4265/497 4251/4263/496
f 4256/4264/498 4255/4267/498 4253/4265/497
f 4258/4266/499 4257/4269/499 4255/4267/498
f 4260/4268/500 4259/4271/500 4257/4269/499
f 4262/4270/7 4261/4273/7 4259/4271/500
f 4264/4272/6 4263/4275/6 4261/4273/7
f 4212/4274/477 4211/6567/477 4263/4275/6
f 4268/4276/348 4267/4280/348 4265/4277/350
f 4270/4279/351 4269/4282/351 4267/4280/348
f 4272/4281/352 4271/4284/352 4269/4282/351
f 4274/4283/353 4273/4286/353 4271/4284/352
f 4276/4285/354 4275/4288/354 4273/4286/353
f 4278/4287/355 4277/4290/355 4275/4288/354
f 4280/4289/356 4279/4292/356 4277/4290/355
f 4282/4291/357 4281/4294/357 4279/4292/356
f 4284/4293/358 4283/4296/358 4281/4294/357
f 4286/4295/359 4285/4298/359 4283/4296/358
f 4288/4297/360 4287/4300/360 4285/4298/359
f 4290/4299/361 4289/4302/361 4287/4300/360
f 4292/4301/362 4291/4304/362 4289/4302/361
f 4294/4303/363 4293/4306/363 4291/4304/362
f 4296/4305/365 4295/4308/365 4293/4306/363
f 4298/4307/366 4297/4310/366 4295/4308/365
f 4300/4309/367 4299/4312/367 4297/4310/366
f 4302/4311/368 4301/4314/368 4299/4312/367
f 4304/4313/369 4303/4316/369 4301/4314/368
f 4306/4315/370 4305/4318/370 4303/4316/369
f 4308/4317/371 4307/4320/371 4305/4318/370
f 4310/4319/372 4309/4322/372 4307/4320/371
f 4312/4321/373 4311/4324/373 4309/4322/372
f 4314/4323/374 4313/4326/374 4311/4324/373
f 4316/4325/375 4315/4328/375 4313/4326/374
f 4318/4327/376 4317/4330/376 4315/4328/375
f 4320/4329/377 4319/4332/377 4317/4330/376
f 4322/4331/378 4321/4334/378 4319/4332/377
f 4324/4333/379 4323/4336/379 4321/4334/378
f 4326/4335/380 4325/4338/380 4323/4336/379
f 4328/4337/381 4327/4340/381 4325/4338/380
f 4330/4339/382 4329/4342/382 4327/4340/381
f 4332/4341/383 4331/4344/383 4329/4342/382
f 4334/4343/384 4333/4346/384 4331/4344/383
f 4336/4345/385 4335/4348/385 4333/4346/384
f 4338/4347/386 4337/4350/386 4335/4348/385
f 4340/4349/387 4339/4352/387 4337/4350/386
f 4342/4351/389 4341/4354/389 4339/4352/387
f 4344/4353/390 4343/4356/390 4341/4354/389
f 4346/4355/391 4345/4358/391 4343/4356/390
f 4348/4357/392 4347/4360/392 4345/4358/391
f 4350/4359/393 4349/4362/393 4347/4360/392
f 4352/4361/394 4351/4364/394 4349/4362/393
f 4354/4363/395 4353/4366/395 4351/4364/394
f 4356/4365/396 4355/4368/396 4353/4366/395
f 4358/4367/397 4357/4370/397 4355/4368/396
f 4360/4369/398 4359/4372/398 4357/4370/397
f 4362/4371/399 4361/4374/399 4359/4372/398
f 4364/4373/400 4363/4376/400 4361/4374/399
f 4366/4375/401 4365/4378/401 4363/4376/400
f 4368/4377/402 4367/4380/402 4365/4378/401
f 4370/4379/403 4369/4382/403 4367/4380/402
f 4372/4381/404 4371/4384/404 4369/4382/403
f 4374/4383/405 4373/4386/405 4371/4384/404
f 4376/4385/406 4375/4388/406 4373/4386/405
f 4378/4387/407 4377/4390/407 4375/4388/406
f 4380/4389/408 4379/4392/408 4377/4390/407
f 4382/4391/409 4381/4394/409 4379/4392/408
f 4384/4393/410 4383/4396/410 4381/4394/409
f 4386/4395/411 4385/4398/411 4383/4396/410
f 4388/4397/412 4387/4400/412 4385/4398/411
f 4390/4399/413 4389/4402/413 4387/4400/412
f 4392/4401/414 4391/4404/414 4389/4402/413
f 4394/4403/415 4393/4406/415 4391/4404/414
f 4396/4405/416 4395/4408/416 4393/4406/415
f 4398/4407/417 4397/4410/417 4395/4408/416
f 4400/4409/418 4399/4412/418 4397/4410/417
f 4402/4411/419 4401/4414/419 4399/4412/418
f 4404/4413/420 4403/4416/420 4401/4414/419
f 4406/4415/421 4405/4418/421 4403/4416/420
f 4408/4417/422 4407/4420/422 4405/4418/421
f 4410/4419/423 4409/4422/423 4407/4420/422
f 4412/4421/424 4411/4424/424 4409/4422/423
f 4266/4423/349 4265/6568/350 4411/4424/424
f 4416/4425/426 4415/4429/426 4413/4426/427
f 4418/4428/428 4417/4431/428 4415/4429/426
f 4420/4430/429 4419/4433/429 4417/4431/428
f 4422/4432/430 4421/4435/430 4419/4433/429
f 4424/4434/431 4423/4437/431 4421/4435/430
f 4426/4436/432 4425/4439/432 4423/4437/431
f 4428/4438/433 4427/4441/433 4425/4439/432
f 4430/4440/434 4429/4443/434 4427/4441/433
f 4432/4442/435 4431/4445/435 4429/4443/434
f 4434/4444/436 4433/4447/436 4431/4445/435
f 4436/4446/437 4435/4449/437 4433/4447/436
f 4438/4448/438 4437/4451/438 4435/4449/437
f 4440/4450/439 4439/4453/439 4437/4451/438
f 4442/4452/440 4441/4455/440 4439/4453/439
f 4444/4454/441 4443/4457/441 4441/4455/440
f 4446/4456/442 4445/4459/442 4443/4457/441
f 4448/4458/443 4447/4461/443 4445/4459/442
f 4450/4460/444 4449/4463/444 4447/4461/443
f 4452/4462/445 4451/4465/445 4449/4463/444
f 4454/4464/446 4453/4467/446 4451/4465/445
f 4456/4466/447 4455/4469/447 4453/4467/446
f 4458/4468/448 4457/4471/448 4455/4469/447
f 4460/4470/449 4459/4473/449 4457/4471/448
f 4462/4472/450 4461/4475/450 4459/4473/449
f 4414/4474/427 4413/6569/427 4461/4475/450
f 4466/4476/250 4465/4480/250 4463/4477/251
f 4468/4479/252 4467/4482/252 4465/4480/250
f 4470/4481/253 4469/4484/253 4467/4482/252
f 4472/4483/254 4471/4486/254 4469/4484/253
f 4474/4485/20 4473/4488/20 4471/4486/254
f 4476/4487/255 4475/4490/255 4473/4488/20
f 4478/4489/256 4477/4492/256 4475/4490/255
f 4480/4491/257 4479/4494/257 4477/4492/256
f 4482/4493/258 4481/4496/258 4479/4494/257
f 4484/4495/261 4483/4498/261 4481/4496/258
f 4486/4497/260 4485/4500/260 4483/4498/261
f 4488/4499/262 4487/4502/262 4485/4500/260
f 4490/4501/263 4489/4504/263 4487/4502/262
f 4492/4503/264 4491/4506/264 4489/4504/263
f 4494/4505/265 4493/4508/265 4491/4506/264
f 4496/4507/266 4495/4510/266 4493/4508/265
f 4498/4509/267 4497/4512/267 4495/4510/266
f 4500/4511/268 4499/4514/268 4497/4512/267
f 4502/4513/269 4501/4516/269 4499/4514/268
f 4504/4515/270 4503/4518/270 4501/4516/269
f 4506/4517/271 4505/4520/271 4503/4518/270
f 4508/4519/272 4507/4522/272 4505/4520/271
f 4510/4521/273 4509/4524/273 4507/4522/272
f 4512/4523/274 4511/4526/274 4509/4524/273
f 4514/4525/275 4513/4528/275 4511/4526/274
f 4516/4527/276 4515/4530/276 4513/4528/275
f 4518/4529/277 4517/4532/277 4515/4530/276
f 4520/4531/278 4519/4534/501 4517/4532/277
f 4522/4533/279 4521/4536/279 4519/4534/501
f 4524/4535/280 4523/4538/280 4521/4536/279
f 4526/4537/281 4525/4540/281 4523/4538/280
f 4528/4539/282 4527/4542/282 4525/4540/281
f 4530/4541/283 4529/4544/283 4527/4542/282
f 4532/4543/284 4531/4546/284 4529/4544/283
f 4534/4545/285 4533/4548/285 4531/4546/284
f 4536/4547/286 4535/4550/286 4533/4548/285
f 4538/4549/287 4537/4552/287 4535/4550/286
f 4540/4551/288 4539/4554/288 4537/4552/287
f 4542/4553/289 4541/4556/289 4539/4554/288
f 4544/4555/290 4543/4558/290 4541/4556/289
f 4546/4557/291 4545/4560/291 4543/4558/290
f 4548/4559/292 4547/4562/292 4545/4560/291
f 4550/4561/293 4549/4564/293 4547/4562/292
f 4552/4563/294 4551/4566/294 4549/4564/293
f 4554/4565/295 4553/4568/295 4551/4566/294
f 4556/4567/296 4555/4570/296 4553/4568/295
f 4558/4569/297 4557/4572/297 4555/4570/296
f 4560/4571/9 4559/4574/9 4557/4572/297
f 4562/4573/6 4561/4576/6 4559/4574/9
f 4564/4575/298 4563/4578/298 4561/4576/6
f 4464/4577/251 4463/6570/251 4563/4578/298
f 4568/4579/299 4567/4583/299 4565/4580/300
f 4570/4582/301 4569/4585/301 4567/4583/299
f 4572/4584/302 4571/4587/302 4569/4585/301
f 4574/4586/303 4573/4589/305 4571/4587/302
f 4576/4588/304 4575/4591/304 4573/4589/305
f 4578/4590/306 4577/4593/306 4575/4591/304
f 4580/4592/307 4579/4595/307 4577/4593/306
f 4582/4594/308 4581/4597/308 4579/4595/307
f 4584/4596/309 4583/4599/309 4581/4597/308
f 4586/4598/310 4585/4601/310 4583/4599/309
f 4588/4600/311 4587/4603/311 4585/4601/310
f 4590/4602/312 4589/4605/312 4587/4603/311
f 4592/4604/313 4591/4607/313 4589/4605/312
f 4594/4606/314 4593/4609/314 4591/4607/313
f 4596/4608/315 4595/4611/315 4593/4609/314
f 4598/4610/316 4597/4613/316 4595/4611/315
f 4600/4612/317 4599/4615/317 4597/4613/316
f 4602/4614/318 4601/4617/318 4599/4615/317
f 4604/4616/319 4603/4619/319 4601/4617/318
f 4606/4618/320 4605/4621/320 4603/4619/319
f 4608/4620/321 4607/4623/321 4605/4621/320
f 4610/4622/322 4609/4625/322 4607/4623/321
f 4612/4624/323 4611/4627/323 4609/4625/322
f 4614/4626/324 4613/4629/324 4611/4627/323
f 4616/4628/325 4615/4631/325 4613/4629/324
f 4618/4630/326 4617/4633/326 4615/4631/325
f 4620/4632/327 4619/4635/327 4617/4633/326
f 4622/4634/43 4621/4637/43 4619/4635/327
f 4624/4636/328 4623/4639/328 4621/4637/43
f 4626/4638/329 4625/4641/329 4623/4639/328
f 4628/4640/330 4627/4643/330 4625/4641/329
f 4630/4642/331 4629/4645/331 4627/4643/330
f 4632/4644/332 4631/4647/332 4629/4645/331
f 4634/4646/333 4633/4649/333 4631/4647/332
f 4636/4648/334 4635/4651/334 4633/4649/333
f 4638/4650/335 4637/4653/335 4635/4651/334
f 4640/4652/336 4639/4655/336 4637/4653/335
f 4642/4654/337 4641/4657/337 4639/4655/336
f 4644/4656/338 4643/4659/338 4641/4657/337
f 4646/4658/339 4645/4661/339 4643/4659/338
f 4648/4660/340 4647/4663/340 4645/4661/339
f 4650/4662/341 4649/4665/341 4647/4663/340
f 4652/4664/342 4651/4667/342 4649/4665/341
f 4654/4666/343 4653/4669/343 4651/4667/342
f 4656/4668/344 4655/4671/344 4653/4669/343
f 4658/4670/345 4657/4673/345 4655/4671/344
f 4660/4672/346 4659/4675/346 4657/4673/345
f 4662/4674/347 4661/4677/347 4659/4675/346
f 4566/4676/300 4565/6571/300 4661/4677/347
f 4666/4678/502 4665/4682/502 4663/4679/503
f 4668/4681/504 4667/4684/504 4665/4682/502
f 4670/4683/505 4669/4686/505 4667/4684/504
f 4672/4685/506 4671/4688/506 4669/4686/505
f 4674/4687/507 4673/4690/507 4671/4688/506
f 4676/4689/508 4675/4692/508 4673/4690/507
f 4678/4691/509 4677/4694/509 4675/4692/508
f 4680/4693/510 4679/4696/510 4677/4694/509
f 4682/4695/511 4681/4698/511 4679/4696/510
f 4684/4697/512 4683/4700/512 4681/4698/511
f 4686/4699/513 4685/4702/513 4683/4700/512
f 4688/4701/514 4687/4704/514 4685/4702/513
f 4690/4703/515 4689/4706/515 4687/4704/514
f 4692/4705/516 4691/4708/516 4689/4706/515
f 4694/4707/517 4693/4710/517 4691/4708/516
f 4696/4709/518 4695/4712/518 4693/4710/517
f 4698/4711/519 4697/4714/519 4695/4712/518
f 4700/4713/520 4699/4716/522 4697/4714/519
f 4702/4715/521 4701/4718/521 4699/4716/522
f 4704/4717/523 4703/4720/523 4701/4718/521
f 4706/4719/524 4705/4722/524 4703/4720/523
f 4708/4721/525 4707/4724/525 4705/4722/524
f 4710/4723/526 4709/4726/526 4707/4724/525
f 4712/4725/527 4711/4728/527 4709/4726/526
f 4714/4727/9 4713/4730/9 4711/4728/527
f 4716/4729/6 4715/4732/6 4713/4730/9
f 4718/4731/528 4717/4734/528 4715/4732/6
f 4720/4733/529 4719/4736/529 4717/4734/528
f 4722/4735/530 4721/4738/530 4719/4736/529
f 4724/4737/531 4723/4740/531 4721/4738/530
f 4726/4739/532 4725/4742/532 4723/4740/531
f 4728/4741/533 4727/4744/533 4725/4742/532
f 4730/4743/534 4729/4746/534 4727/4744/533
f 4732/4745/535 4731/4748/535 4729/4746/534
f 4734/4747/536 4733/4750/536 4731/4748/535
f 4736/4749/537 4735/4752/537 4733/4750/536
f 4738/4751/538 4737/4754/538 4735/4752/537
f 4740/4753/539 4739/4756/539 4737/4754/538
f 4742/4755/540 4741/4758/540 4739/4756/539
f 4744/4757/541 4743/4760/541 4741/4758/540
f 4746/4759/542 4745/4762/542 4743/4760/541
f 4748/4761/543 4747/4764/543 4745/4762/542
f 4750/4763/544 4749/4766/544 4747/4764/543
f 4752/4765/545 4751/4768/545 4749/4766/544
f 4754/4767/546 4753/4770/546 4751/4768/545
f 4756/4769/547 4755/4772/547 4753/4770/546
f 4758/4771/548 4757/4774/548 4755/4772/547
f 4760/4773/549 4759/4776/549 4757/4774/548
f 4762/4775/550 4761/4778/550 4759/4776/549
f 4764/4777/551 4763/4780/551 4761/4778/550
f 4766/4779/552 4765/4782/552 4763/4780/551
f 4768/4781/9 4767/4784/9 4765/4782/552
f 4770/4783/6 4769/4786/6 4767/4784/9
f 4772/4785/7 4771/4788/7 4769/4786/6
f 4774/4787/8 4773/4790/8 4771/4788/7
f 4664/4789/503 4663/6572/503 4773/4790/8
f 4778/4791/553 4777/4795/553 4775/4792/554
f 4780/4794/555 4779/4797/555 4777/4795/553
f 4782/4796/556 4781/4799/556 4779/4797/555
f 4784/4798/557 4783/4801/557 4781/4799/556
f 4786/4800/558 4785/4803/558 4783/4801/557
f 4788/4802/559 4787/4805/559 4785/4803/558
f 4790/4804/560 4789/4807/560 4787/4805/559
f 4792/4806/561 4791/4809/561 4789/4807/560
f 4794/4808/562 4793/4811/562 4791/4809/561
f 4796/4810/563 4795/4813/563 4793/4811/562
f 4798/4812/564 4797/4815/564 4795/4813/563
f 4800/4814/565 4799/4817/565 4797/4815/564
f 4802/4816/566 4801/4819/566 4799/4817/565
f 4804/4818/567 4803/4821/567 4801/4819/566
f 4806/4820/568 4805/4823/568 4803/4821/567
f 4808/4822/569 4807/4825/569 4805/4823/568
f 4810/4824/570 4809/4827/570 4807/4825/569
f 4812/4826/571 4811/4829/571 4809/4827/570
f 4814/4828/572 4813/4831/572 4811/4829/571
f 4816/4830/573 4815/4833/573 4813/4831/572
f 4818/4832/574 4817/4835/574 4815/4833/573
f 4820/4834/575 4819/4837/577 4817/4835/574
f 4822/4836/576 4821/4839/576 4819/4837/577
f 4824/4838/578 4823/4841/578 4821/4839/576
f 4826/4840/579 4825/4843/579 4823/4841/578
f 4828/4842/580 4827/4845/580 4825/4843/579
f 4830/4844/581 4829/4847/581 4827/4845/580
f 4832/4846/582 4831/4849/582 4829/4847/581
f 4834/4848/337 4833/4851/337 4831/4849/582
f 4836/4850/583 4835/4853/583 4833/4851/337
f 4838/4852/584 4837/4855/584 4835/4853/583
f 4840/4854/585 4839/4857/585 4837/4855/584
f 4842/4856/586 4841/4859/586 4839/4857/585
f 4844/4858/587 4843/4861/587 4841/4859/586
f 4846/4860/588 4845/4863/588 4843/4861/587
f 4848/4862/589 4847/4865/589 4845/4863/588
f 4850/4864/590 4849/4867/590 4847/4865/589
f 4852/4866/591 4851/4869/591 4849/4867/590
f 4854/4868/592 4853/4871/592 4851/4869/591
f 4856/4870/593 4855/4873/593 4853/4871/592
f 4858/4872/594 4857/4875/594 4855/4873/593
f 4860/4874/595 4859/4877/595 4857/4875/594
f 4862/4876/596 4861/4879/596 4859/4877/595
f 4864/4878/597 4863/4881/597 4861/4879/596
f 4866/4880/598 4865/4883/598 4863/4881/597
f 4868/4882/599 4867/4885/599 4865/4883/598
f 4870/4884/600 4869/4887/600 4867/4885/599
f 4872/4886/601 4871/4889/601 4869/4887/600
f 4874/4888/602 4873/4891/602 4871/4889/601
f 4876/4890/603 4875/4893/603 4873/4891/602
f 4878/4892/604 4877/4895/604 4875/4893/603
f 4880/4894/605 4879/4897/605 4877/4895/604
f 4882/4896/606 4881/4899/606 4879/4897/605
f 4884/4898/607 4883/4901/607 4881/4899/606
f 4886/4900/608 4885/4903/608 4883/4901/607
f 4888/4902/609 4887/4905/609 4885/4903/608
f 4890/4904/610 4889/4907/610 4887/4905/609
f 4892/4906/611 4891/4909/611 4889/4907/610
f 4894/4908/612 4893/4911/612 4891/4909/611
f 4896/4910/613 4895/4913/613 4893/4911/612
f 4898/4912/614 4897/4915/614 4895/4913/613
f 4900/4914/615 4899/4917/615 4897/4915/614
f 4902/4916/616 4901/4919/616 4899/4917/615
f 4904/4918/617 4903/4921/617 4901/4919/616
f 4906/4920/618 4905/4923/618 4903/4921/617
f 4908/4922/619 4907/4925/619 4905/4923/618
f 4910/4924/620 4909/4927/620 4907/4925/619
f 4912/4926/621 4911/4929/621 4909/4927/620
f 4914/4928/622 4913/4931/622 4911/4929/621
f 4916/4930/623 4915/4933/623 4913/4931/622
f 4918/4932/624 4917/4935/624 4915/4933/623
f 4920/4934/625 4919/4937/625 4917/4935/624
f 4922/4936/626 4921/4939/626 4919/4937/625
f 4924/4938/627 4923/4941/627 4921/4939/626
f 4926/4940/628 4925/4943/628 4923/4941/627
f 4928/4942/629 4927/4945/629 4925/4943/628
f 4930/4944/630 4929/4947/630 4927/4945/629
f 4932/4946/631 4931/4949/631 4929/4947/630
f 4934/4948/632 4933/4951/632 4931/4949/631
f 4936/4950/633 4935/4953/633 4933/4951/632
f 4938/4952/634 4937/4955/634 4935/4953/633
f 4940/4954/635 4939/4957/635 4937/4955/634
f 4942/4956/636 4941/4959/636 4939/4957/635
f 4944/4958/637 4943/4961/637 4941/4959/636
f 4946/4960/638 4945/4963/638 4943/4961/637
f 4948/4962/639 4947/4965/639 4945/4963/638
f 4950/4964/640 4949/4967/640 4947/4965/639
f 4952/4966/641 4951/4969/641 4949/4967/640
f 4954/4968/642 4953/4971/642 4951/4969/641
f 4956/4970/643 4955/4973/643 4953/4971/642
f 4958/4972/644 4957/4975/644 4955/4973/643
f 4960/4974/645 4959/4977/645 4957/4975/644
f 4962/4976/646 4961/4979/646 4959/4977/645
f 4964/4978/647 4963/4981/647 4961/4979/646
f 4966/4980/648 4965/4983/648 4963/4981/647
f 4968/4982/649 4967/4985/649 4965/4983/648
f 4970/4984/650 4969/4987/650 4967/4985/649
f 4972/4986/651 4971/4989/651 4969/4987/650
f 4974/4988/652 4973/4991/652 4971/4989/651
f 4976/4990/653 4975/4993/653 4973/4991/652
f 4978/4992/654 4977/4995/654 4975/4993/653
f 4980/4994/655 4979/4997/655 4977/4995/654
f 4982/4996/656 4981/4999/656 4979/4997/655
f 4984/4998/657 4983/5001/657 4981/4999/656
f 4986/5000/428 4985/5003/428 4983/5001/657
f 4988/5002/658 4987/5005/658 4985/5003/428
f 4990/5004/659 4989/5007/659 4987/5005/658
f 4992/5006/660 4991/5009/660 4989/5007/659
f 4994/5008/661 4993/5011/661 4991/5009/660
f 4996/5010/662 4995/5013/662 4993/5011/661
f 4998/5012/663 4997/5015/663 4995/5013/662
f 5000/5014/664 4999/5017/664 4997/5015/663
f 5002/5016/665 5001/5019/665 4999/5017/664
f 5004/5018/666 5003/5021/666 5001/5019/665
f 5006/5020/667 5005/5023/667 5003/5021/666
f 5008/5022/668 5007/5025/668 5005/5023/667
f 5010/5024/669 5009/5027/669 5007/5025/668
f 5012/5026/670 5011/5029/670 5009/5027/669
f 5014/5028/671 5013/5031/671 5011/5029/670
f 5016/5030/672 5015/5033/672 5013/5031/671
f 5018/5032/673 5017/5035/673 5015/5033/672
f 5020/5034/674 5019/5037/674 5017/5035/673
f 5022/5036/675 5021/5039/675 5019/5037/674
f 5024/5038/676 5023/5041/676 5021/5039/675
f 5026/5040/677 5025/5043/677 5023/5041/676
f 5028/5042/678 5027/5045/678 5025/5043/677
f 5030/5044/679 5029/5047/679 5027/5045/678
f 5032/5046/680 5031/5049/680 5029/5047/679
f 5034/5048/681 5033/5051/681 5031/5049/680
f 5036/5050/682 5035/5053/684 5033/5051/681
f 5038/5052/683 5037/5055/683 5035/5053/684
f 5040/5054/685 5039/5057/685 5037/5055/683
f 5042/5056/686 5041/5059/686 5039/5057/685
f 5044/5058/687 5043/5061/687 5041/5059/686
f 5046/5060/688 5045/5063/688 5043/5061/687
f 5048/5062/689 5047/5065/689 5045/5063/688
f 5050/5064/690 5049/5067/690 5047/5065/689
f 5052/5066/691 5051/5069/691 5049/5067/690
f 5054/5068/692 5053/5071/692 5051/5069/691
f 5056/5070/693 5055/5073/693 5053/5071/692
f 5058/5072/694 5057/5075/694 5055/5073/693
f 5060/5074/695 5059/5077/695 5057/5075/694
f 5062/5076/696 5061/5079/696 5059/5077/695
f 5064/5078/697 5063/5081/697 5061/5079/696
f 5066/5080/698 5065/5083/698 5063/5081/697
f 5068/5082/699 5067/5085/699 5065/5083/698
f 5070/5084/700 5069/5087/700 5067/5085/699
f 5072/5086/701 5071/5089/701 5069/5087/700
f 5074/5088/702 5073/5091/702 5071/5089/701
f 5076/5090/703 5075/5093/703 5073/5091/702
f 5078/5092/704 5077/5095/704 5075/5093/703
f 5080/5094/705 5079/5097/705 5077/5095/704
f 5082/5096/706 5081/5099/706 5079/5097/705
f 5084/5098/707 5083/5101/707 5081/5099/706
f 5086/5100/708 5085/5103/708 5083/5101/707
f 5088/5102/709 5087/5105/709 5085/5103/708
f 5090/5104/710 5089/5107/710 5087/5105/709
f 5092/5106/6 5091/5109/6 5089/5107/710
f 5094/5108/7 5093/5111/7 5091/5109/6
f 4776/5110/554 4775/6573/554 5093/5111/7
f 5098/5112/711 5097/5116/711 5095/5113/712
f 5100/5115/713 5099/5118/713 5097/5116/711
f 5102/5117/714 5101/5120/714 5099/5118/713
f 5104/5119/715 5103/5122/715 5101/5120/714
f 5106/5121/716 5105/5124/716 5103/5122/715
f 5108/5123/717 5107/5126/717 5105/5124/716
f 5110/5125/718 5109/5128/718 5107/5126/717
f 5112/5127/719 5111/5130/719 5109/5128/718
f 5114/5129/720 5113/5132/720 5111/5130/719
f 5116/5131/721 5115/5134/721 5113/5132/720
f 5118/5133/722 5117/5136/722 5115/5134/721
f 5120/5135/723 5119/5138/723 5117/5136/722
f 5122/5137/724 5121/5140/724 5119/5138/723
f 5124/5139/725 5123/5142/725 5121/5140/724
f 5126/5141/726 5125/5144/726 5123/5142/725
f 5128/5143/727 5127/5146/727 5125/5144/726
f 5130/5145/728 5129/5148/728 5127/5146/727
f 5132/5147/729 5131/5150/729 5129/5148/728
f 5134/5149/730 5133/5152/730 5131/5150/729
f 5136/5151/731 5135/5154/731 5133/5152/730
f 5138/5153/732 5137/5156/732 5135/5154/731
f 5140/5155/733 5139/5158/733 5137/5156/732
f 5142/5157/734 5141/5160/734 5139/5158/733
f 5144/5159/735 5143/5162/735 5141/5160/734
f 5146/5161/736 5145/5164/736 5143/5162/735
f 5148/5163/737 5147/5166/737 5145/5164/736
f 5150/5165/738 5149/5168/738 5147/5166/737
f 5152/5167/739 5151/5170/739 5149/5168/738
f 5154/5169/740 5153/5172/740 5151/5170/739
f 5156/5171/741 5155/5174/741 5153/5172/740
f 5158/5173/742 5157/5176/742 5155/5174/741
f 5160/5175/743 5159/5178/743 5157/5176/742
f 5162/5177/744 5161/5180/744 5159/5178/743
f 5164/5179/745 5163/5182/745 5161/5180/744
f 5166/5181/746 5165/5184/746 5163/5182/745
f 5168/5183/747 5167/5186/747 5165/5184/746
f 5170/5185/748 5169/5188/748 5167/5186/747
f 5172/5187/749 5171/5190/749 5169/5188/748
f 5174/5189/750 5173/5192/750 5171/5190/749
f 5176/5191/751 5175/5194/751 5173/5192/750
f 5178/5193/752 5177/5196/752 5175/5194/751
f 5180/5195/753 5179/5198/753 5177/5196/752
f 5182/5197/754 5181/5200/754 5179/5198/753
f 5184/5199/755 5183/5202/755 5181/5200/754
f 5186/5201/756 5185/5204/756 5183/5202/755
f 5188/5203/757 5187/5206/757 5185/5204/756
f 5190/5205/758 5189/5208/758 5187/5206/757
f 5096/5207/712 5095/6574/712 5189/5208/758
f 5194/5209/759 5193/5213/762 5191/5210/760
f 5196/5212/761 5195/5215/761 5193/5213/762
f 5198/5214/763 5197/5217/763 5195/5215/761
f 5200/5216/764 5199/5219/764 5197/5217/763
f 5202/5218/765 5201/5221/765 5199/5219/764
f 5204/5220/766 5203/5223/766 5201/5221/765
f 5206/5222/767 5205/5225/767 5203/5223/766
f 5208/5224/768 5207/5227/768 5205/5225/767
f 5210/5226/769 5209/5229/769 5207/5227/768
f 5212/5228/770 5211/5231/770 5209/5229/769
f 5214/5230/771 5213/5233/771 5211/5231/770
f 5216/5232/772 5215/5235/772 5213/5233/771
f 5218/5234/773 5217/5237/773 5215/5235/772
f 5220/5236/774 5219/5239/776 5217/5237/773
f 5222/5238/775 5221/5241/775 5219/5239/776
f 5224/5240/777 5223/5243/777 5221/5241/775
f 5226/5242/778 5225/5245/778 5223/5243/777
f 5228/5244/779 5227/5247/779 5225/5245/778
f 5230/5246/780 5229/5249/780 5227/5247/779
f 5232/5248/781 5231/5251/781 5229/5249/780
f 5234/5250/782 5233/5253/782 5231/5251/781
f 5236/5252/783 5235/5255/783 5233/5253/782
f 5238/5254/784 5237/5257/784 5235/5255/783
f 5240/5256/785 5239/5259/785 5237/5257/784
f 5242/5258/786 5241/5261/786 5239/5259/785
f 5244/5260/787 5243/5263/787 5241/5261/786
f 5246/5262/788 5245/5265/788 5243/5263/787
f 5248/5264/789 5247/5267/789 5245/5265/788
f 5250/5266/790 5249/5269/790 5247/5267/789
f 5252/5268/791 5251/5271/793 5249/5269/790
f 5254/5270/792 5253/5273/792 5251/5271/793
f 5256/5272/794 5255/5275/794 5253/5273/792
f 5258/5274/795 5257/5277/795 5255/5275/794
f 5260/5276/796 5259/5279/796 5257/5277/795
f 5262/5278/797 5261/5281/797 5259/5279/796
f 5264/5280/798 5263/5283/798 5261/5281/797
f 5266/5282/799 5265/5285/799 5263/5283/798
f 5268/5284/800 5267/5287/800 5265/5285/799
f 5270/5286/801 5269/5289/801 5267/5287/800
f 5272/5288/802 5271/5291/802 5269/5289/801
f 5274/5290/803 5273/5293/803 5271/5291/802
f 5276/5292/804 5275/5295/804 5273/5293/803
f 5278/5294/805 5277/5297/805 5275/5295/804
f 5280/5296/806 5279/5299/806 5277/5297/805
f 5282/5298/807 5281/5301/807 5279/5299/806
f 5284/5300/808 5283/5303/808 5281/5301/807
f 5286/5302/809 5285/5305/809 5283/5303/808
f 5192/5304/760 5191/6575/760 5285/5305/809
f 5290/5306/553 5289/5310/553 5287/5307/554
f 5292/5309/555 5291/5312/555 5289/5310/553
f 5294/5311/556 5293/5314/556 5291/5312/555
f 5296/5313/557 5295/5316/557 5293/5314/556
f 5298/5315/558 5297/5318/558 5295/5316/557
f 5300/5317/559 5299/5320/559 5297/5318/558
f 5302/5319/560 5301/5322/560 5299/5320/559
f 5304/5321/561 5303/5324/561 5301/5322/560
f 5306/5323/562 5305/5326/562 5303/5324/561
f 5308/5325/563 5307/5328/563 5305/5326/562
f 5310/5327/564 5309/5330/564 5307/5328/563
f 5312/5329/565 5311/5332/565 5309/5330/564
f 5314/5331/566 5313/5334/566 5311/5332/565
f 5316/5333/567 5315/5336/567 5313/5334/566
f 5318/5335/568 5317/5338/568 5315/5336/567
f 5320/5337/569 5319/5340/569 5317/5338/568
f 5322/5339/570 5321/5342/570 5319/5340/569
f 5324/5341/571 5323/5344/571 5321/5342/570
f 5326/5343/572 5325/5346/572 5323/5344/571
f 5328/5345/573 5327/5348/573 5325/5346/572
f 5330/5347/574 5329/5350/574 5327/5348/573
f 5332/5349/575 5331/5352/577 5329/5350/574
f 5334/5351/576 5333/5354/576 5331/5352/577
f 5336/5353/578 5335/5356/578 5333/5354/576
f 5338/5355/579 5337/5358/810 5335/5356/578
f 5340/5357/580 5339/5360/580 5337/5358/810
f 5342/5359/581 5341/5362/581 5339/5360/580
f 5344/5361/582 5343/5364/582 5341/5362/581
f 5346/5363/337 5345/5366/337 5343/5364/582
f 5348/5365/583 5347/5368/583 5345/5366/337
f 5350/5367/584 5349/5370/584 5347/5368/583
f 5352/5369/585 5351/5372/585 5349/5370/584
f 5354/5371/586 5353/5374/586 5351/5372/585
f 5356/5373/587 5355/5376/587 5353/5374/586
f 5358/5375/588 5357/5378/588 5355/5376/587
f 5360/5377/589 5359/5380/589 5357/5378/588
f 5362/5379/590 5361/5382/590 5359/5380/589
f 5364/5381/591 5363/5384/591 5361/5382/590
f 5366/5383/592 5365/5386/592 5363/5384/591
f 5368/5385/593 5367/5388/593 5365/5386/592
f 5370/5387/594 5369/5390/594 5367/5388/593
f 5372/5389/595 5371/5392/595 5369/5390/594
f 5374/5391/596 5373/5394/596 5371/5392/595
f 5376/5393/597 5375/5396/597 5373/5394/596
f 5378/5395/598 5377/5398/598 5375/5396/597
f 5380/5397/599 5379/5400/599 5377/5398/598
f 5382/5399/600 5381/5402/600 5379/5400/599
f 5384/5401/601 5383/5404/601 5381/5402/600
f 5386/5403/602 5385/5406/602 5383/5404/601
f 5388/5405/603 5387/5408/603 5385/5406/602
f 5390/5407/604 5389/5410/604 5387/5408/603
f 5392/5409/605 5391/5412/605 5389/5410/604
f 5394/5411/606 5393/5414/606 5391/5412/605
f 5396/5413/607 5395/5416/607 5393/5414/606
f 5398/5415/608 5397/5418/608 5395/5416/607
f 5400/5417/609 5399/5420/609 5397/5418/608
f 5402/5419/610 5401/5422/610 5399/5420/609
f 5404/5421/611 5403/5424/611 5401/5422/610
f 5406/5423/612 5405/5426/612 5403/5424/611
f 5408/5425/613 5407/5428/613 5405/5426/612
f 5410/5427/614 5409/5430/614 5407/5428/613
f 5412/5429/615 5411/5432/615 5409/5430/614
f 5414/5431/616 5413/5434/616 5411/5432/615
f 5416/5433/617 5415/5436/617 5413/5434/616
f 5418/5435/618 5417/5438/618 5415/5436/617
f 5420/5437/619 5419/5440/619 5417/5438/618
f 5422/5439/620 5421/5442/620 5419/5440/619
f 5424/5441/621 5423/5444/621 5421/5442/620
f 5426/5443/622 5425/5446/622 5423/5444/621
f 5428/5445/623 5427/5448/623 5425/5446/622
f 5430/5447/624 5429/5450/624 5427/5448/623
f 5432/5449/625 5431/5452/625 5429/5450/624
f 5434/5451/626 5433/5454/626 5431/5452/625
f 5436/5453/627 5435/5456/627 5433/5454/626
f 5438/5455/628 5437/5458/628 5435/5456/627
f 5440/5457/629 5439/5460/629 5437/5458/628
f 5442/5459/630 5441/5462/630 5439/5460/629
f 5444/5461/631 5443/5464/631 5441/5462/630
f 5446/5463/632 5445/5466/632 5443/5464/631
f 5448/5465/633 5447/5468/633 5445/5466/632
f 5450/5467/634 5449/5470/634 5447/5468/633
f 5452/5469/635 5451/5472/635 5449/5470/634
f 5454/5471/636 5453/5474/636 5451/5472/635
f 5456/5473/637 5455/5476/637 5453/5474/636
f 5458/5475/638 5457/5478/638 5455/5476/637
f 5460/5477/639 5459/5480/639 5457/5478/638
f 5462/5479/640 5461/5482/640 5459/5480/639
f 5464/5481/641 5463/5484/641 5461/5482/640
f 5466/5483/642 5465/5486/642 5463/5484/641
f 5468/5485/643 5467/5488/643 5465/5486/642
f 5470/5487/644 5469/5490/644 5467/5488/643
f 5472/5489/645 5471/5492/645 5469/5490/644
f 5474/5491/646 5473/5494/646 5471/5492/645
f 5476/5493/647 5475/5496/647 5473/5494/646
f 5478/5495/648 5477/5498/648 5475/5496/647
f 5480/5497/649 5479/5500/649 5477/5498/648
f 5482/5499/650 5481/5502/650 5479/5500/649
f 5484/5501/651 5483/5504/651 5481/5502/650
f 5486/5503/652 5485/5506/652 5483/5504/651
f 5488/5505/653 5487/5508/653 5485/5506/652
f 5490/5507/654 5489/5510/654 5487/5508/653
f 5492/5509/655 5491/5512/655 5489/5510/654
f 5494/5511/656 5493/5514/656 5491/5512/655
f 5496/5513/657 5495/5516/657 5493/5514/656
f 5498/5515/428 5497/5518/428 5495/5516/657
f 5500/5517/658 5499/5520/658 5497/5518/428
f 5502/5519/659 5501/5522/659 5499/5520/658
f 5504/5521/660 5503/5524/660 5501/5522/659
f 5506/5523/661 5505/5526/661 5503/5524/660
f 5508/5525/662 5507/5528/662 5505/5526/661
f 5510/5527/663 5509/5530/663 5507/5528/662
f 5512/5529/664 5511/5532/664 5509/5530/663
f 5514/5531/665 5513/5534/665 5511/5532/664
f 5516/5533/666 5515/5536/666 5513/5534/665
f 5518/5535/667 5517/5538/667 5515/5536/666
f 5520/5537/668 5519/5540/668 5517/5538/667
f 5522/5539/669 5521/5542/669 5519/5540/668
f 5524/5541/670 5523/5544/670 5521/5542/669
f 5526/5543/671 5525/5546/671 5523/5544/670
f 5528/5545/672 5527/5548/672 5525/5546/671
f 5530/5547/673 5529/5550/673 5527/5548/672
f 5532/5549/674 5531/5552/674 5529/5550/673
f 5534/5551/675 5533/5554/675 5531/5552/674
f 5536/5553/676 5535/5556/676 5533/5554/675
f 5538/5555/677 5537/5558/677 5535/5556/676
f 5540/5557/678 5539/5560/678 5537/5558/677
f 5542/5559/679 5541/5562/679 5539/5560/678
f 5544/5561/680 5543/5564/680 5541/5562/679
f 5546/5563/681 5545/5566/681 5543/5564/680
f 5548/5565/682 5547/5568/684 5545/5566/681
f 5550/5567/683 5549/5570/683 5547/5568/684
f 5552/5569/685 5551/5572/685 5549/5570/683
f 5554/5571/686 5553/5574/686 5551/5572/685
f 5556/5573/687 5555/5576/687 5553/5574/686
f 5558/5575/688 5557/5578/688 5555/5576/687
f 5560/5577/689 5559/5580/689 5557/5578/688
f 5562/5579/690 5561/5582/690 5559/5580/689
f 5564/5581/691 5563/5584/691 5561/5582/690
f 5566/5583/692 5565/5586/692 5563/5584/691
f 5568/5585/693 5567/5588/693 5565/5586/692
f 5570/5587/694 5569/5590/694 5567/5588/693
f 5572/5589/695 5571/5592/695 5569/5590/694
f 5574/5591/696 5573/5594/696 5571/5592/695
f 5576/5593/697 5575/5596/697 5573/5594/696
f 5578/5595/698 5577/5598/698 5575/5596/697
f 5580/5597/699 5579/5600/699 5577/5598/698
f 5582/5599/700 5581/5602/700 5579/5600/699
f 5584/5601/701 5583/5604/701 5581/5602/700
f 5586/5603/702 5585/5606/702 5583/5604/701
f 5588/5605/703 5587/5608/703 5585/5606/702
f 5590/5607/704 5589/5610/704 5587/5608/703
f 5592/5609/705 5591/5612/705 5589/5610/704
f 5594/5611/706 5593/5614/706 5591/5612/705
f 5596/5613/707 5595/5616/707 5593/5614/706
f 5598/5615/708 5597/5618/708 5595/5616/707
f 5600/5617/709 5599/5620/709 5597/5618/708
f 5602/5619/710 5601/5622/710 5599/5620/709
f 5604/5621/6 5603/5624/6 5601/5622/710
f 5606/5623/7 5605/5626/7 5603/5624/6
f 5288/5625/554 5287/6576/554 5605/5626/7
f 5610/5627/711 5609/5631/711 5607/5628/712
f 5612/5630/713 5611/5633/713 5609/5631/711
f 5614/5632/714 5613/5635/714 5611/5633/713
f 5616/5634/715 5615/5637/715 5613/5635/714
f 5618/5636/716 5617/5639/716 5615/5637/715
f 5620/5638/717 5619/5641/717 5617/5639/716
f 5622/5640/718 5621/5643/718 5619/5641/717
f 5624/5642/719 5623/5645/719 5621/5643/718
f 5626/5644/720 5625/5647/720 5623/5645/719
f 5628/5646/721 5627/5649/721 5625/5647/720
f 5630/5648/722 5629/5651/722 5627/5649/721
f 5632/5650/723 5631/5653/723 5629/5651/722
f 5634/5652/724 5633/5655/724 5631/5653/723
f 5636/5654/725 5635/5657/725 5633/5655/724
f 5638/5656/726 5637/5659/726 5635/5657/725
f 5640/5658/727 5639/5661/727 5637/5659/726
f 5642/5660/728 5641/5663/728 5639/5661/727
f 5644/5662/729 5643/5665/729 5641/5663/728
f 5646/5664/730 5645/5667/730 5643/5665/729
f 5648/5666/731 5647/5669/731 5645/5667/730
f 5650/5668/732 5649/5671/732 5647/5669/731
f 5652/5670/733 5651/5673/733 5649/5671/732
f 5654/5672/734 5653/5675/734 5651/5673/733
f 5656/5674/735 5655/5677/735 5653/5675/734
f 5658/5676/736 5657/5679/736 5655/5677/735
f 5660/5678/737 5659/5681/737 5657/5679/736
f 5662/5680/738 5661/5683/738 5659/5681/737
f 5664/5682/739 5663/5685/739 5661/5683/738
f 5666/5684/740 5665/5687/740 5663/5685/739
f 5668/5686/741 5667/5689/741 5665/5687/740
f 5670/5688/742 5669/5691/742 5667/5689/741
f 5672/5690/743 5671/5693/743 5669/5691/742
f 5674/5692/744 5673/5695/744 5671/5693/743
f 5676/5694/745 5675/5697/745 5673/5695/744
f 5678/5696/746 5677/5699/746 5675/5697/745
f 5680/5698/747 5679/5701/747 5677/5699/746
f 5682/5700/748 5681/5703/748 5679/5701/747
f 5684/5702/749 5683/5705/749 5681/5703/748
f 5686/5704/750 5685/5707/750 5683/5705/749
f 5688/5706/751 5687/5709/751 5685/5707/750
f 5690/5708/752 5689/5711/752 5687/5709/751
f 5692/5710/753 5691/5713/753 5689/5711/752
f 5694/5712/754 5693/5715/754 5691/5713/753
f 5696/5714/755 5695/5717/755 5693/5715/754
f 5698/5716/756 5697/5719/756 5695/5717/755
f 5700/5718/757 5699/5721/757 5697/5719/756
f 5702/5720/758 5701/5723/758 5699/5721/757
f 5608/5722/712 5607/6577/712 5701/5723/758
f 5706/5724/759 5705/5728/762 5703/5725/760
f 5708/5727/761 5707/5730/761 5705/5728/762
f 5710/5729/763 5709/5732/763 5707/5730/761
f 5712/5731/764 5711/5734/764 5709/5732/763
f 5714/5733/765 5713/5736/765 5711/5734/764
f 5716/5735/766 5715/5738/766 5713/5736/765
f 5718/5737/767 5717/5740/767 5715/5738/766
f 5720/5739/768 5719/5742/768 5717/5740/767
f 5722/5741/769 5721/5744/769 5719/5742/768
f 5724/5743/770 5723/5746/770 5721/5744/769
f 5726/5745/771 5725/5748/771 5723/5746/770
f 5728/5747/772 5727/5750/772 5725/5748/771
f 5730/5749/773 5729/5752/773 5727/5750/772
f 5732/5751/774 5731/5754/776 5729/5752/773
f 5734/5753/775 5733/5756/775 5731/5754/776
f 5736/5755/777 5735/5758/777 5733/5756/775
f 5738/5757/811 5737/5760/778 5735/5758/777
f 5740/5759/779 5739/5762/779 5737/5760/778
f 5742/5761/780 5741/5764/780 5739/5762/779
f 5744/5763/781 5743/5766/781 5741/5764/780
f 5746/5765/782 5745/5768/782 5743/5766/781
f 5748/5767/783 5747/5770/783 5745/5768/782
f 5750/5769/784 5749/5772/784 5747/5770/783
f 5752/5771/785 5751/5774/785 5749/5772/784
f 5754/5773/786 5753/5776/786 5751/5774/785
f 5756/5775/787 5755/5778/787 5753/5776/786
f 5758/5777/788 5757/5780/788 5755/5778/787
f 5760/5779/789 5759/5782/789 5757/5780/788
f 5762/5781/790 5761/5784/790 5759/5782/789
f 5764/5783/791 5763/5786/793 5761/5784/790
f 5766/5785/792 5765/5788/792 5763/5786/793
f 5768/5787/794 5767/5790/794 5765/5788/792
f 5770/5789/795 5769/5792/795 5767/5790/794
f 5772/5791/796 5771/5794/796 5769/5792/795
f 5774/5793/797 5773/5796/797 5771/5794/796
f 5776/5795/798 5775/5798/798 5773/5796/797
f 5778/5797/799 5777/5800/799 5775/5798/798
f 5780/5799/800 5779/5802/800 5777/5800/799
f 5782/5801/801 5781/5804/801 5779/5802/800
f 5784/5803/802 5783/5806/802 5781/5804/801
f 5786/5805/803 5785/5808/803 5783/5806/802
f 5788/5807/804 5787/5810/804 5785/5808/803
f 5790/5809/805 5789/5812/805 5787/5810/804
f 5792/5811/806 5791/5814/806 5789/5812/805
f 5794/5813/807 5793/5816/807 5791/5814/806
f 5796/5815/808 5795/5818/808 5793/5816/807
f 5798/5817/809 5797/5820/809 5795/5818/808
f 5704/5819/760 5703/6578/760 5797/5820/809
f 5802/5821/9 5801/5825/9 5799/5822/8
f 5804/5824/6 5803/5827/6 5801/5825/9
f 5806/5826/7 5805/5829/7 5803/5827/6
f 5800/5828/8 5799/6579/8 5805/5829/7
f 5810/5830/812 5809/5834/812 5807/5831/813
f 5812/5833/814 5811/5836/814 5809/5834/812
f 5814/5835/815 5813/5838/815 5811/5836/814
f 5816/5837/816 5815/5840/816 5813/5838/815
f 5818/5839/8 5817/5842/8 5815/5840/816
f 5820/5841/817 5819/5844/817 5817/5842/8
f 5822/5843/818 5821/5846/818 5819/5844/817
f 5824/5845/819 5823/5848/819 5821/5846/818
f 5826/5847/820 5825/5850/820 5823/5848/819
f 5828/5849/821 5827/5852/821 5825/5850/820
f 5830/5851/822 5829/5854/822 5827/5852/821
f 5832/5853/823 5831/5856/823 5829/5854/822
f 5834/5855/824 5833/5858/824 5831/5856/823
f 5836/5857/825 5835/5860/825 5833/5858/824
f 5838/5859/826 5837/5862/826 5835/5860/825
f 5840/5861/827 5839/5864/827 5837/5862/826
f 5842/5863/9 5841/5866/9 5839/5864/827
f 5844/5865/828 5843/5868/828 5841/5866/9
f 5846/5867/829 5845/5870/831 5843/5868/828
f 5848/5869/830 5847/5872/830 5845/5870/831
f 5850/5871/832 5849/5874/832 5847/5872/830
f 5852/5873/833 5851/5876/833 5849/5874/832
f 5854/5875/834 5853/5878/834 5851/5876/833
f 5856/5877/835 5855/5880/835 5853/5878/834
f 5858/5879/836 5857/5882/836 5855/5880/835
f 5860/5881/837 5859/5884/837 5857/5882/836
f 5862/5883/838 5861/5886/838 5859/5884/837
f 5864/5885/839 5863/5888/839 5861/5886/838
f 5866/5887/6 5865/5890/6 5863/5888/839
f 5868/5889/840 5867/5892/840 5865/5890/6
f 5870/5891/841 5869/5894/841 5867/5892/840
f 5872/5893/842 5871/5896/842 5869/5894/841
f 5874/5895/843 5873/5898/843 5871/5896/842
f 5876/5897/844 5875/5900/844 5873/5898/843
f 5878/5899/845 5877/5902/845 5875/5900/844
f 5880/5901/846 5879/5904/846 5877/5902/845
f 5882/5903/847 5881/5906/847 5879/5904/846
f 5884/5905/848 5883/5908/848 5881/5906/847
f 5886/5907/849 5885/5910/849 5883/5908/848
f 5888/5909/850 5887/5912/850 5885/5910/849
f 5890/5911/7 5889/5914/7 5887/5912/850
f 5892/5913/851 5891/5916/851 5889/5914/7
f 5894/5915/852 5893/5918/854 5891/5916/851
f 5896/5917/853 5895/5920/853 5893/5918/854
f 5898/5919/855 5897/5922/855 5895/5920/853
f 5900/5921/856 5899/5924/856 5897/5922/855
f 5902/5923/857 5901/5926/857 5899/5924/856
f 5808/5925/813 5807/6580/813 5901/5926/857
f 5906/5927/10 5905/5931/10 5903/5928/11
f 5908/5930/12 5907/5933/12 5905/5931/10
f 5910/5932/13 5909/5935/13 5907/5933/12
f 5912/5934/14 5911/5937/14 5909/5935/13
f 5914/5936/15 5913/5939/15 5911/5937/14
f 5916/5938/16 5915/5941/16 5913/5939/15
f 5918/5940/17 5917/5943/17 5915/5941/16
f 5920/5942/20 5919/5945/20 5917/5943/17
f 5922/5944/22 5921/5947/22 5919/5945/20
f 5924/5946/21 5923/5949/21 5921/5947/22
f 5926/5948/23 5925/5951/23 5923/5949/21
f 5928/5950/24 5927/5953/24 5925/5951/23
f 5930/5952/25 5929/5955/25 5927/5953/24
f 5932/5954/26 5931/5957/26 5929/5955/25
f 5934/5956/27 5933/5959/27 5931/5957/26
f 5936/5958/28 5935/5961/28 5933/5959/27
f 5938/5960/31 5937/5963/31 5935/5961/28
f 5940/5962/30 5939/5965/30 5937/5963/31
f 5942/5964/32 5941/5967/32 5939/5965/30
f 5944/5966/33 5943/5969/33 5941/5967/32
f 5946/5968/34 5945/5971/34 5943/5969/33
f 5948/5970/35 5947/5973/35 5945/5971/34
f 5950/5972/36 5949/5975/36 5947/5973/35
f 5952/5974/37 5951/5977/37 5949/5975/36
f 5954/5976/7 5953/5979/7 5951/5977/37
f 5956/5978/8 5955/5981/8 5953/5979/7
f 5958/5980/858 5957/5983/858 5955/5981/8
f 5960/5982/39 5959/5985/39 5957/5983/858
f 5962/5984/40 5961/5987/40 5959/5985/39
f 5964/5986/41 5963/5989/41 5961/5987/40
f 5966/5988/42 5965/5991/42 5963/5989/41
f 5968/5990/43 5967/5993/43 5965/5991/42
f 5970/5992/44 5969/5995/44 5967/5993/43
f 5972/5994/45 5971/5997/45 5969/5995/44
f 5974/5996/46 5973/5999/46 5971/5997/45
f 5976/5998/47 5975/6001/47 5973/5999/46
f 5978/6000/48 5977/6003/48 5975/6001/47
f 5980/6002/49 5979/6005/49 5977/6003/48
f 5982/6004/50 5981/6007/50 5979/6005/49
f 5984/6006/51 5983/6009/51 5981/6007/50
f 5986/6008/52 5985/6011/52 5983/6009/51
f 5988/6010/53 5987/6013/53 5985/6011/52
f 5990/6012/54 5989/6015/54 5987/6013/53
f 5992/6014/55 5991/6017/55 5989/6015/54
f 5994/6016/56 5993/6019/56 5991/6017/55
f 5996/6018/57 5995/6021/57 5993/6019/56
f 5998/6020/58 5997/6023/58 5995/6021/57
f 6000/6022/59 5999/6025/59 5997/6023/58
f 6002/6024/60 6001/6027/60 5999/6025/59
f 6004/6026/61 6003/6029/61 6001/6027/60
f 6006/6028/62 6005/6031/62 6003/6029/61
f 6008/6030/7 6007/6033/7 6005/6031/62
f 6010/6032/8 6009/6035/8 6007/6033/7
f 6012/6034/9 6011/6037/9 6009/6035/8
f 6014/6036/6 6013/6039/6 6011/6037/9
f 6016/6038/6 6015/6041/6 6013/6039/6
f 5904/6040/11 5903/6581/11 6015/6041/6
f 6020/6042/553 6019/6046/553 6017/6043/554
f 6022/6045/555 6021/6048/555 6019/6046/553
f 6024/6047/556 6023/6050/556 6021/6048/555
f 6026/6049/557 6025/6052/557 6023/6050/556
f 6028/6051/558 6027/6054/558 6025/6052/557
f 6030/6053/559 6029/6056/559 6027/6054/558
f 6032/6055/560 6031/6058/560 6029/6056/559
f 6034/6057/561 6033/6060/561 6031/6058/560
f 6036/6059/562 6035/6062/562 6033/6060/561
f 6038/6061/563 6037/6064/563 6035/6062/562
f 6040/6063/859 6039/6066/859 6037/6064/563
f 6042/6065/565 6041/6068/565 6039/6066/859
f 6044/6067/860 6043/6070/860 6041/6068/565
f 6046/6069/567 6045/6072/567 6043/6070/860
f 6048/6071/568 6047/6074/568 6045/6072/567
f 6050/6073/569 6049/6076/569 6047/6074/568
f 6052/6075/570 6051/6078/570 6049/6076/569
f 6054/6077/861 6053/6080/571 6051/6078/570
f 6056/6079/572 6055/6082/572 6053/6080/571
f 6058/6081/573 6057/6084/573 6055/6082/572
f 6060/6083/574 6059/6086/574 6057/6084/573
f 6062/6085/575 6061/6088/577 6059/6086/574
f 6064/6087/576 6063/6090/576 6061/6088/577
f 6066/6089/578 6065/6092/578 6063/6090/576
f 6068/6091/579 6067/6094/810 6065/6092/578
f 6070/6093/580 6069/6096/580 6067/6094/810
f 6072/6095/581 6071/6098/581 6069/6096/580
f 6074/6097/582 6073/6100/582 6071/6098/581
f 6076/6099/337 6075/6102/337 6073/6100/582
f 6078/6101/583 6077/6104/583 6075/6102/337
f 6080/6103/584 6079/6106/584 6077/6104/583
f 6082/6105/585 6081/6108/585 6079/6106/584
f 6084/6107/586 6083/6110/586 6081/6108/585
f 6086/6109/587 6085/6112/587 6083/6110/586
f 6088/6111/588 6087/6114/588 6085/6112/587
f 6090/6113/589 6089/6116/589 6087/6114/588
f 6092/6115/590 6091/6118/590 6089/6116/589
f 6094/6117/591 6093/6120/591 6091/6118/590
f 6096/6119/592 6095/6122/592 6093/6120/591
f 6098/6121/593 6097/6124/593 6095/6122/592
f 6100/6123/594 6099/6126/594 6097/6124/593
f 6102/6125/595 6101/6128/595 6099/6126/594
f 6104/6127/596 6103/6130/596 6101/6128/595
f 6106/6129/597 6105/6132/597 6103/6130/596
f 6108/6131/598 6107/6134/598 6105/6132/597
f 6110/6133/599 6109/6136/599 6107/6134/598
f 6112/6135/600 6111/6138/600 6109/6136/599
f 6114/6137/601 6113/6140/601 6111/6138/600
f 6116/6139/602 6115/6142/602 6113/6140/601
f 6118/6141/603 6117/6144/603 6115/6142/602
f 6120/6143/604 6119/6146/604 6117/6144/603
f 6122/6145/605 6121/6148/605 6119/6146/604
f 6124/6147/606 6123/6150/606 6121/6148/605
f 6126/6149/607 6125/6152/607 6123/6150/606
f 6128/6151/608 6127/6154/608 6125/6152/607
f 6130/6153/609 6129/6156/609 6127/6154/608
f 6132/6155/610 6131/6158/610 6129/6156/609
f 6134/6157/611 6133/6160/611 6131/6158/610
f 6136/6159/612 6135/6162/612 6133/6160/611
f 6138/6161/613 6137/6164/613 6135/6162/612
f 6140/6163/614 6139/6166/614 6137/6164/613
f 6142/6165/615 6141/6168/615 6139/6166/614
f 6144/6167/616 6143/6170/616 6141/6168/615
f 6146/6169/617 6145/6172/617 6143/6170/616
f 6148/6171/618 6147/6174/618 6145/6172/617
f 6150/6173/619 6149/6176/619 6147/6174/618
f 6152/6175/620 6151/6178/620 6149/6176/619
f 6154/6177/621 6153/6180/621 6151/6178/620
f 6156/6179/622 6155/6182/622 6153/6180/621
f 6158/6181/623 6157/6184/623 6155/6182/622
f 6160/6183/624 6159/6186/624 6157/6184/623
f 6162/6185/625 6161/6188/625 6159/6186/624
f 6164/6187/626 6163/6190/626 6161/6188/625
f 6166/6189/627 6165/6192/627 6163/6190/626
f 6168/6191/628 6167/6194/628 6165/6192/627
f 6170/6193/629 6169/6196/629 6167/6194/628
f 6172/6195/630 6171/6198/630 6169/6196/629
f 6174/6197/631 6173/6200/631 6171/6198/630
f 6176/6199/632 6175/6202/632 6173/6200/631
f 6178/6201/633 6177/6204/633 6175/6202/632
f 6180/6203/634 6179/6206/634 6177/6204/633
f 6182/6205/635 6181/6208/635 6179/6206/634
f 6184/6207/636 6183/6210/636 6181/6208/635
f 6186/6209/637 6185/6212/637 6183/6210/636
f 6188/6211/638 6187/6214/638 6185/6212/637
f 6190/6213/639 6189/6216/639 6187/6214/638
f 6192/6215/640 6191/6218/640 6189/6216/639
f 6194/6217/641 6193/6220/641 6191/6218/640
f 6196/6219/642 6195/6222/642 6193/6220/641
f 6198/6221/643 6197/6224/643 6195/6222/642
f 6200/6223/644 6199/6226/644 6197/6224/643
f 6202/6225/645 6201/6228/645 6199/6226/644
f 6204/6227/646 6203/6230/646 6201/6228/645
f 6206/6229/647 6205/6232/647 6203/6230/646
f 6208/6231/648 6207/6234/648 6205/6232/647
f 6210/6233/649 6209/6236/649 6207/6234/648
f 6212/6235/650 6211/6238/650 6209/6236/649
f 6214/6237/651 6213/6240/651 6211/6238/650
f 6216/6239/652 6215/6242/652 6213/6240/651
f 6218/6241/653 6217/6244/653 6215/6242/652
f 6220/6243/654 6219/6246/654 6217/6244/653
f 6222/6245/655 6221/6248/655 6219/6246/654
f 6224/6247/656 6223/6250/656 6221/6248/655
f 6226/6249/657 6225/6252/657 6223/6250/656
f 6228/6251/428 6227/6254/428 6225/6252/657
f 6230/6253/658 6229/6256/658 6227/6254/428
f 6232/6255/659 6231/6258/659 6229/6256/658
f 6234/6257/660 6233/6260/660 6231/6258/659
f 6236/6259/661 6235/6262/661 6233/6260/660
f 6238/6261/662 6237/6264/662 6235/6262/661
f 6240/6263/663 6239/6266/663 6237/6264/662
f 6242/6265/664 6241/6268/664 6239/6266/663
f 6244/6267/665 6243/6270/665 6241/6268/664
f 6246/6269/666 6245/6272/666 6243/6270/665
f 6248/6271/667 6247/6274/667 6245/6272/666
f 6250/6273/668 6249/6276/668 6247/6274/667
f 6252/6275/669 6251/6278/669 6249/6276/668
f 6254/6277/670 6253/6280/670 6251/6278/669
f 6256/6279/671 6255/6282/671 6253/6280/670
f 6258/6281/672 6257/6284/672 6255/6282/671
f 6260/6283/673 6259/6286/673 6257/6284/672
f 6262/6285/674 6261/6288/674 6259/6286/673
f 6264/6287/675 6263/6290/675 6261/6288/674
f 6266/6289/676 6265/6292/676 6263/6290/675
f 6268/6291/677 6267/6294/677 6265/6292/676
f 6270/6293/678 6269/6296/678 6267/6294/677
f 6272/6295/679 6271/6298/679 6269/6296/678
f 6274/6297/680 6273/6300/680 6271/6298/679
f 6276/6299/681 6275/6302/681 6273/6300/680
f 6278/6301/682 6277/6304/682 6275/6302/681
f 6280/6303/683 6279/6306/683 6277/6304/682
f 6282/6305/685 6281/6308/685 6279/6306/683
f 6284/6307/686 6283/6310/686 6281/6308/685
f 6286/6309/687 6285/6312/687 6283/6310/686
f 6288/6311/688 6287/6314/688 6285/6312/687
f 6290/6313/689 6289/6316/689 6287/6314/688
f 6292/6315/690 6291/6318/690 6289/6316/689
f 6294/6317/691 6293/6320/691 6291/6318/690
f 6296/6319/692 6295/6322/692 6293/6320/691
f 6298/6321/693 6297/6324/693 6295/6322/692
f 6300/6323/694 6299/6326/694 6297/6324/693
f 6302/6325/695 6301/6328/695 6299/6326/694
f 6304/6327/862 6303/6330/862 6301/6328/695
f 6306/6329/697 6305/6332/697 6303/6330/862
f 6308/6331/698 6307/6334/698 6305/6332/697
f 6310/6333/699 6309/6336/699 6307/6334/698
f 6312/6335/700 6311/6338/700 6309/6336/699
f 6314/6337/701 6313/6340/701 6311/6338/700
f 6316/6339/702 6315/6342/702 6313/6340/701
f 6318/6341/703 6317/6344/703 6315/6342/702
f 6320/6343/704 6319/6346/704 6317/6344/703
f 6322/6345/705 6321/6348/705 6319/6346/704
f 6324/6347/706 6323/6350/706 6321/6348/705
f 6326/6349/707 6325/6352/707 6323/6350/706
f 6328/6351/708 6327/6354/708 6325/6352/707
f 6330/6353/709 6329/6356/709 6327/6354/708
f 6332/6355/710 6331/6358/710 6329/6356/709
f 6334/6357/6 6333/6360/6 6331/6358/710
f 6336/6359/7 6335/6362/7 6333/6360/6
f 6018/6361/554 6017/6582/554 6335/6362/7
f 6340/6363/711 6339/6367/711 6337/6364/712
f 6342/6366/713 6341/6369/713 6339/6367/711
f 6344/6368/714 6343/6371/714 6341/6369/713
f 6346/6370/715 6345/6373/715 6343/6371/714
f 6348/6372/716 6347/6375/716 6345/6373/715
f 6350/6374/717 6349/6377/717 6347/6375/716
f 6352/6376/718 6351/6379/718 6349/6377/717
f 6354/6378/719 6353/6381/719 6351/6379/718
f 6356/6380/720 6355/6383/720 6353/6381/719
f 6358/6382/721 6357/6385/721 6355/6383/720
f 6360/6384/722 6359/6387/722 6357/6385/721
f 6362/6386/723 6361/6389/723 6359/6387/722
f 6364/6388/724 6363/6391/724 6361/6389/723
f 6366/6390/725 6365/6393/725 6363/6391/724
f 6368/6392/726 6367/6395/726 6365/6393/725
f 6370/6394/727 6369/6397/727 6367/6395/726
f 6372/6396/728 6371/6399/728 6369/6397/727
f 6374/6398/729 6373/6401/729 6371/6399/728
f 6376/6400/730 6375/6403/730 6373/6401/729
f 6378/6402/731 6377/6405/731 6375/6403/730
f 6380/6404/732 6379/6407/732 6377/6405/731
f 6382/6406/733 6381/6409/733 6379/6407/732
f 6384/6408/734 6383/6411/734 6381/6409/733
f 6386/6410/735 6385/6413/735 6383/6411/734
f 6388/6412/736 6387/6415/736 6385/6413/735
f 6390/6414/737 6389/6417/737 6387/6415/736
f 6392/6416/738 6391/6419/738 6389/6417/737
f 6394/6418/739 6393/6421/739 6391/6419/738
f 6396/6420/740 6395/6423/740 6393/6421/739
f 6398/6422/741 6397/6425/741 6395/6423/740
f 6400/6424/742 6399/6427/742 6397/6425/741
f 6402/6426/743 6401/6429/743 6399/6427/742
f 6404/6428/744 6403/6431/744 6401/6429/743
f 6406/6430/745 6405/6433/745 6403/6431/744
f 6408/6432/746 6407/6435/746 6405/6433/745
f 6410/6434/747 6409/6437/747 6407/6435/746
f 6412/6436/748 6411/6439/748 6409/6437/747
f 6414/6438/749 6413/6441/749 6411/6439/748
f 6416/6440/750 6415/6443/750 6413/6441/749
f 6418/6442/751 6417/6445/751 6415/6443/750
f 6420/6444/752 6419/6447/752 6417/6445/751
f 6422/6446/753 6421/6449/753 6419/6447/752
f 6424/6448/754 6423/6451/754 6421/6449/753
f 6426/6450/755 6425/6453/755 6423/6451/754
f 6428/6452/756 6427/6455/756 6425/6453/755
f 6430/6454/757 6429/6457/757 6427/6455/756
f 6432/6456/758 6431/6459/758 6429/6457/757
f 6338/6458/712 6337/6583/712 6431/6459/758
f 6436/6460/759 6435/6464/762 6433/6461/760
f 6438/6463/761 6437/6466/761 6435/6464/762
f 6440/6465/763 6439/6468/763 6437/6466/761
f 6442/6467/764 6441/6470/764 6439/6468/763
f 6444/6469/765 6443/6472/765 6441/6470/764
f 6446/6471/766 6445/6474/766 6443/6472/765
f 6448/6473/767 6447/6476/767 6445/6474/766
f 6450/6475/768 6449/6478/768 6447/6476/767
f 6452/6477/769 6451/6480/769 6449/6478/768
f 6454/6479/770 6453/6482/770 6451/6480/769
f 6456/6481/771 6455/6484/771 6453/6482/770
f 6458/6483/772 6457/6486/772 6455/6484/771
f 6460/6485/773 6459/6488/773 6457/6486/772
f 6462/6487/774 6461/6490/774 6459/6488/773
f 6464/6489/775 6463/6492/775 6461/6490/774
f 6466/6491/777 6465/6494/777 6463/6492/775
f 6468/6493/778 6467/6496/778 6465/6494/777
f 6470/6495/779 6469/6498/779 6467/6496/778
f 6472/6497/780 6471/6500/780 6469/6498/779
f 6474/6499/781 6473/6502/781 6471/6500/780
f 6476/6501/782 6475/6504/782 6473/6502/781
f 6478/6503/783 6477/6506/783 6475/6504/782
f 6480/6505/784 6479/6508/784 6477/6506/783
f 6482/6507/785 6481/6510/785 6479/6508/784
f 6484/6509/786 6483/6512/786 6481/6510/785
f 6486/6511/787 6485/6514/787 6483/6512/786
f 6488/6513/788 6487/6516/788 6485/6514/787
f 6490/6515/789 6489/6518/789 6487/6516/788
f 6492/6517/790 6491/6520/790 6489/6518/789
f 6494/6519/791 6493/6522/791 6491/6520/790
f 6496/6521/863 6495/6524/863 6493/6522/791
f 6498/6523/794 6497/6526/794 6495/6524/863
f 6500/6525/795 6499/6528/795 6497/6526/794
f 6502/6527/864 6501/6530/864 6499/6528/795
f 6504/6529/797 6503/6532/797 6501/6530/864
f 6506/6531/798 6505/6534/798 6503/6532/797
f 6508/6533/799 6507/6536/799 6505/6534/798
f 6510/6535/800 6509/6538/800 6507/6536/799
f 6512/6537/801 6511/6540/801 6509/6538/800
f 6514/6539/802 6513/6542/802 6511/6540/801
f 6516/6541/803 6515/6544/803 6513/6542/802
f 6518/6543/804 6517/6546/804 6515/6544/803
f 6520/6545/805 6519/6548/805 6517/6546/804
f 6522/6547/806 6521/6550/806 6519/6548/805
f 6524/6549/807 6523/6552/807 6521/6550/806
f 6526/6551/808 6525/6554/808 6523/6552/807
f 6528/6553/809 6527/6556/809 6525/6554/808
f 6434/6555/760 6433/6584/760 6527/6556/809
