# Blender v2.92.0 OBJ File: 'untitled.blend'
# www.blender.org
mtllib easy.mtl
o pLay_Play
v 0.512148 0.037707 0.239195
v 0.528025 0.037707 0.256094
v 0.542833 0.037707 0.274198
v 0.556511 0.037707 0.293381
v 0.569002 0.037707 0.313518
v 0.580246 0.037707 0.334480
v 0.590182 0.037707 0.356143
v 0.598753 0.037707 0.378380
v 0.605898 0.037707 0.401064
v 0.611559 0.037707 0.424070
v 0.615676 0.037707 0.447271
v 0.618189 0.037707 0.470541
v 0.619041 0.037707 0.493753
v 0.618190 0.037707 0.516966
v 0.615676 0.037707 0.540236
v 0.611559 0.037707 0.563437
v 0.605898 0.037707 0.586443
v 0.598753 0.037707 0.609127
v 0.590182 0.037707 0.631364
v 0.580246 0.037707 0.653027
v 0.569002 0.037707 0.673989
v 0.556511 0.037707 0.694125
v 0.542833 0.037707 0.713309
v 0.528025 0.037707 0.731413
v 0.512148 0.037707 0.748312
v 0.482945 0.037707 0.748312
v 0.495734 0.037707 0.730277
v 0.507380 0.037707 0.711702
v 0.517890 0.037707 0.692576
v 0.527270 0.037707 0.672887
v 0.535524 0.037707 0.652625
v 0.542659 0.037707 0.631777
v 0.548681 0.037707 0.610332
v 0.553595 0.037707 0.588279
v 0.557407 0.037707 0.565606
v 0.560123 0.037707 0.542302
v 0.561748 0.037707 0.518355
v 0.562288 0.037707 0.493753
v 0.561748 0.037707 0.469152
v 0.560123 0.037707 0.445205
v 0.557407 0.037707 0.421901
v 0.553595 0.037707 0.399228
v 0.548681 0.037707 0.377174
v 0.542659 0.037707 0.355730
v 0.535524 0.037707 0.334882
v 0.527270 0.037707 0.314620
v 0.517890 0.037707 0.294931
v 0.507380 0.037707 0.275805
v 0.495734 0.037707 0.257230
v 0.482945 0.037707 0.239195
v 0.246569 0.037707 0.748312
v 0.330871 0.037707 0.568689
v 0.234998 0.037707 0.374188
v 0.290649 0.037707 0.374188
v 0.357319 0.037707 0.513589
v 0.421234 0.037707 0.374188
v 0.476333 0.037707 0.374188
v 0.301118 0.037707 0.748312
v 0.194538 0.037707 0.433774
v 0.187779 0.037707 0.429871
v 0.181130 0.037707 0.426386
v 0.174614 0.037707 0.423308
v 0.168250 0.037707 0.420628
v 0.162061 0.037707 0.418336
v 0.156067 0.037707 0.416423
v 0.150288 0.037707 0.414880
v 0.144748 0.037707 0.413696
v 0.139465 0.037707 0.412862
v 0.134462 0.037707 0.412369
v 0.129759 0.037707 0.412207
v 0.124952 0.037707 0.412398
v 0.120463 0.037707 0.412962
v 0.116311 0.037707 0.413877
v 0.112515 0.037707 0.415125
v 0.109093 0.037707 0.416686
v 0.106066 0.037707 0.418543
v 0.103452 0.037707 0.420675
v 0.101270 0.037707 0.423063
v 0.099540 0.037707 0.425689
v 0.098281 0.037707 0.428532
v 0.097511 0.037707 0.431575
v 0.097250 0.037707 0.434797
v 0.097601 0.037707 0.437604
v 0.098676 0.037707 0.440537
v 0.100513 0.037707 0.443630
v 0.103148 0.037707 0.446919
v 0.106617 0.037707 0.450437
v 0.110956 0.037707 0.454220
v 0.116202 0.037707 0.458301
v 0.122392 0.037707 0.462714
v 0.129561 0.037707 0.467495
v 0.137746 0.037707 0.472678
v 0.146983 0.037707 0.478297
v 0.157309 0.037707 0.484387
v 0.166969 0.037707 0.490940
v 0.175588 0.037707 0.497144
v 0.183205 0.037707 0.503060
v 0.189858 0.037707 0.508753
v 0.195585 0.037707 0.514285
v 0.200424 0.037707 0.519719
v 0.204413 0.037707 0.525119
v 0.207592 0.037707 0.530547
v 0.209997 0.037707 0.536068
v 0.211668 0.037707 0.541743
v 0.212642 0.037707 0.547637
v 0.212959 0.037707 0.553812
v 0.212249 0.037707 0.564387
v 0.210171 0.037707 0.574313
v 0.206803 0.037707 0.583539
v 0.202225 0.037707 0.592014
v 0.196514 0.037707 0.599685
v 0.189748 0.037707 0.606500
v 0.182007 0.037707 0.612409
v 0.173369 0.037707 0.617360
v 0.163912 0.037707 0.621300
v 0.153714 0.037707 0.624178
v 0.142855 0.037707 0.625943
v 0.131412 0.037707 0.626543
v 0.123965 0.037707 0.626414
v 0.116742 0.037707 0.626017
v 0.109691 0.037707 0.625337
v 0.102760 0.037707 0.624359
v 0.095899 0.037707 0.623067
v 0.089054 0.037707 0.621446
v 0.082175 0.037707 0.619481
v 0.075211 0.037707 0.617155
v 0.068108 0.037707 0.614455
v 0.060816 0.037707 0.611365
v 0.053283 0.037707 0.607869
v 0.045457 0.037707 0.603952
v 0.045457 0.037707 0.551057
v 0.053385 0.037707 0.556326
v 0.061176 0.037707 0.561117
v 0.068805 0.037707 0.565434
v 0.076251 0.037707 0.569280
v 0.083491 0.037707 0.572660
v 0.090501 0.037707 0.575576
v 0.097258 0.037707 0.578033
v 0.103740 0.037707 0.580035
v 0.109923 0.037707 0.581585
v 0.115785 0.037707 0.582688
v 0.121303 0.037707 0.583347
v 0.126453 0.037707 0.583565
v 0.131335 0.037707 0.583118
v 0.136034 0.037707 0.582326
v 0.140503 0.037707 0.581189
v 0.144697 0.037707 0.579708
v 0.148569 0.037707 0.577883
v 0.152074 0.037707 0.575714
v 0.155166 0.037707 0.573200
v 0.157798 0.037707 0.570341
v 0.159926 0.037707 0.567139
v 0.161502 0.037707 0.563592
v 0.162482 0.037707 0.559700
v 0.162818 0.037707 0.555465
v 0.160542 0.037707 0.547220
v 0.154247 0.037707 0.539417
v 0.144739 0.037707 0.531832
v 0.132820 0.037707 0.524242
v 0.119294 0.037707 0.516422
v 0.104964 0.037707 0.508148
v 0.090635 0.037707 0.499197
v 0.077108 0.037707 0.489346
v 0.065189 0.037707 0.478369
v 0.055681 0.037707 0.466043
v 0.049387 0.037707 0.452145
v 0.047110 0.037707 0.436450
v 0.047767 0.037707 0.426331
v 0.049707 0.037707 0.416931
v 0.052878 0.037707 0.408281
v 0.057232 0.037707 0.400411
v 0.062718 0.037707 0.393353
v 0.069287 0.037707 0.387136
v 0.076890 0.037707 0.381792
v 0.085475 0.037707 0.377351
v 0.094995 0.037707 0.373844
v 0.105398 0.037707 0.371300
v 0.116635 0.037707 0.369752
v 0.128657 0.037707 0.369229
v 0.134455 0.037707 0.369367
v 0.140281 0.037707 0.369783
v 0.146142 0.037707 0.370477
v 0.152043 0.037707 0.371453
v 0.157991 0.037707 0.372713
v 0.163989 0.037707 0.374257
v 0.170045 0.037707 0.376088
v 0.176165 0.037707 0.378208
v 0.182353 0.037707 0.380619
v 0.188616 0.037707 0.383323
v 0.194959 0.037707 0.386321
v 0.201388 0.037707 0.389616
v 0.201388 0.037707 0.438103
v 0.008667 0.037707 0.610763
v 0.003768 0.037707 0.613852
v -0.000715 0.037707 0.616547
v -0.004847 0.037707 0.618870
v -0.008696 0.037707 0.620840
v -0.012328 0.037707 0.622479
v -0.015812 0.037707 0.623809
v -0.019213 0.037707 0.624849
v -0.022599 0.037707 0.625622
v -0.026037 0.037707 0.626147
v -0.029593 0.037707 0.626447
v -0.033335 0.037707 0.626543
v -0.038502 0.037707 0.626381
v -0.043266 0.037707 0.625890
v -0.047635 0.037707 0.625062
v -0.051620 0.037707 0.623890
v -0.055230 0.037707 0.622366
v -0.058474 0.037707 0.620482
v -0.061363 0.037707 0.618231
v -0.063905 0.037707 0.615605
v -0.066111 0.037707 0.612596
v -0.067989 0.037707 0.609197
v -0.069550 0.037707 0.605400
v -0.070803 0.037707 0.601197
v -0.076197 0.037707 0.605284
v -0.081634 0.037707 0.609005
v -0.087109 0.037707 0.612363
v -0.092618 0.037707 0.615360
v -0.098158 0.037707 0.617996
v -0.103724 0.037707 0.620275
v -0.109314 0.037707 0.622198
v -0.114923 0.037707 0.623767
v -0.120547 0.037707 0.624985
v -0.126182 0.037707 0.625851
v -0.131826 0.037707 0.626370
v -0.137473 0.037707 0.626543
v -0.146305 0.037707 0.625960
v -0.154589 0.037707 0.624272
v -0.162285 0.037707 0.621567
v -0.169349 0.037707 0.617931
v -0.175739 0.037707 0.613453
v -0.181414 0.037707 0.608222
v -0.186332 0.037707 0.602325
v -0.190450 0.037707 0.595850
v -0.193726 0.037707 0.588886
v -0.196118 0.037707 0.581519
v -0.197584 0.037707 0.573839
v -0.198082 0.037707 0.565933
v -0.197181 0.037707 0.554366
v -0.194592 0.037707 0.544106
v -0.190489 0.037707 0.535035
v -0.185042 0.037707 0.527038
v -0.178424 0.037707 0.519997
v -0.170808 0.037707 0.513796
v -0.162365 0.037707 0.508318
v -0.153268 0.037707 0.503447
v -0.143689 0.037707 0.499065
v -0.133799 0.037707 0.495057
v -0.123772 0.037707 0.491305
v -0.113780 0.037707 0.487693
v -0.070252 0.037707 0.472265
v -0.070252 0.037707 0.459041
v -0.070561 0.037707 0.451703
v -0.071491 0.037707 0.445103
v -0.073041 0.037707 0.439222
v -0.075210 0.037707 0.434042
v -0.078000 0.037707 0.429543
v -0.081409 0.037707 0.425706
v -0.085438 0.037707 0.422511
v -0.090087 0.037707 0.419941
v -0.095356 0.037707 0.417975
v -0.101245 0.037707 0.416594
v -0.107754 0.037707 0.415780
v -0.114882 0.037707 0.415512
v -0.121641 0.037707 0.415778
v -0.128407 0.037707 0.416581
v -0.135165 0.037707 0.417932
v -0.141901 0.037707 0.419839
v -0.148598 0.037707 0.422312
v -0.155242 0.037707 0.425361
v -0.161817 0.037707 0.428996
v -0.168308 0.037707 0.433226
v -0.174699 0.037707 0.438060
v -0.180976 0.037707 0.443509
v -0.187122 0.037707 0.449581
v -0.193123 0.037707 0.456286
v -0.193123 0.037707 0.402840
v -0.188140 0.037707 0.397433
v -0.182833 0.037707 0.392506
v -0.177196 0.037707 0.388058
v -0.171226 0.037707 0.384085
v -0.164920 0.037707 0.380588
v -0.158273 0.037707 0.377563
v -0.151281 0.037707 0.375008
v -0.143942 0.037707 0.372923
v -0.136250 0.037707 0.371304
v -0.128203 0.037707 0.370150
v -0.119796 0.037707 0.369459
v -0.111025 0.037707 0.369229
v -0.098725 0.037707 0.369760
v -0.086962 0.037707 0.371367
v -0.075839 0.037707 0.374067
v -0.065456 0.037707 0.377882
v -0.055915 0.037707 0.382828
v -0.047316 0.037707 0.388927
v -0.039763 0.037707 0.396196
v -0.033355 0.037707 0.404656
v -0.028195 0.037707 0.414324
v -0.024384 0.037707 0.425221
v -0.022023 0.037707 0.437365
v -0.021213 0.037707 0.450776
v -0.021213 0.037707 0.578055
v -0.021145 0.037707 0.580272
v -0.020940 0.037707 0.582247
v -0.020602 0.037707 0.583987
v -0.020132 0.037707 0.585504
v -0.019531 0.037707 0.586807
v -0.018803 0.037707 0.587904
v -0.017948 0.037707 0.588807
v -0.016969 0.037707 0.589524
v -0.015867 0.037707 0.590065
v -0.014645 0.037707 0.590440
v -0.013304 0.037707 0.590658
v -0.011846 0.037707 0.590728
v -0.010505 0.037707 0.590626
v -0.008971 0.037707 0.590322
v -0.007258 0.037707 0.589824
v -0.005377 0.037707 0.589136
v -0.003344 0.037707 0.588265
v -0.001171 0.037707 0.587216
v 0.001128 0.037707 0.585994
v 0.003541 0.037707 0.584606
v 0.006052 0.037707 0.583057
v 0.008650 0.037707 0.581354
v 0.011321 0.037707 0.579501
v 0.014050 0.037707 0.577504
v 0.014050 0.037707 0.607258
v -0.080588 0.037707 0.502853
v -0.090587 0.037707 0.506495
v -0.100143 0.037707 0.510240
v -0.109148 0.037707 0.514140
v -0.117494 0.037707 0.518247
v -0.125075 0.037707 0.522612
v -0.131784 0.037707 0.527287
v -0.137514 0.037707 0.532323
v -0.142156 0.037707 0.537773
v -0.145605 0.037707 0.543687
v -0.147753 0.037707 0.550118
v -0.148493 0.037707 0.557118
v -0.148188 0.037707 0.562083
v -0.147296 0.037707 0.566768
v -0.145850 0.037707 0.571142
v -0.143881 0.037707 0.575178
v -0.141422 0.037707 0.578846
v -0.138506 0.037707 0.582119
v -0.135165 0.037707 0.584967
v -0.131432 0.037707 0.587361
v -0.127340 0.037707 0.589273
v -0.122920 0.037707 0.590675
v -0.118205 0.037707 0.591537
v -0.113229 0.037707 0.591830
v -0.109395 0.037707 0.591671
v -0.105607 0.037707 0.591200
v -0.101865 0.037707 0.590427
v -0.098169 0.037707 0.589361
v -0.094518 0.037707 0.588012
v -0.090914 0.037707 0.586389
v -0.087355 0.037707 0.584502
v -0.083843 0.037707 0.582361
v -0.080376 0.037707 0.579975
v -0.076955 0.037707 0.577354
v -0.073580 0.037707 0.574507
v -0.070252 0.037707 0.571443
v -0.070252 0.037707 0.499263
v -0.242390 0.037707 0.602082
v -0.249727 0.037707 0.606391
v -0.257073 0.037707 0.610271
v -0.264487 0.037707 0.613727
v -0.272031 0.037707 0.616762
v -0.279767 0.037707 0.619380
v -0.287755 0.037707 0.621584
v -0.296057 0.037707 0.623380
v -0.304733 0.037707 0.624769
v -0.313847 0.037707 0.625757
v -0.323457 0.037707 0.626347
v -0.333626 0.037707 0.626543
v -0.352194 0.037707 0.625256
v -0.369308 0.037707 0.621533
v -0.384937 0.037707 0.615574
v -0.399051 0.037707 0.607584
v -0.411620 0.037707 0.597765
v -0.422612 0.037707 0.586320
v -0.431996 0.037707 0.573452
v -0.439743 0.037707 0.559362
v -0.445822 0.037707 0.544255
v -0.450202 0.037707 0.528333
v -0.452852 0.037707 0.511799
v -0.453743 0.037707 0.494855
v -0.452771 0.037707 0.476642
v -0.449916 0.037707 0.459531
v -0.445271 0.037707 0.443613
v -0.438927 0.037707 0.428981
v -0.430976 0.037707 0.415727
v -0.421510 0.037707 0.403942
v -0.410620 0.037707 0.393718
v -0.398398 0.037707 0.385147
v -0.384937 0.037707 0.378320
v -0.370328 0.037707 0.373331
v -0.354663 0.037707 0.370270
v -0.338034 0.037707 0.369229
v -0.322146 0.037707 0.370160
v -0.307309 0.037707 0.372958
v -0.293584 0.037707 0.377632
v -0.281037 0.037707 0.384188
v -0.269729 0.037707 0.392634
v -0.259724 0.037707 0.402977
v -0.251085 0.037707 0.415227
v -0.243876 0.037707 0.429389
v -0.238158 0.037707 0.445473
v -0.233996 0.037707 0.463485
v -0.231452 0.037707 0.483433
v -0.230590 0.037707 0.505324
v -0.404704 0.037707 0.505324
v -0.402352 0.037707 0.517089
v -0.399153 0.037707 0.527861
v -0.395113 0.037707 0.537635
v -0.390236 0.037707 0.546404
v -0.384523 0.037707 0.554163
v -0.377981 0.037707 0.560906
v -0.370612 0.037707 0.566627
v -0.362421 0.037707 0.571321
v -0.353410 0.037707 0.574982
v -0.343585 0.037707 0.577604
v -0.332948 0.037707 0.579181
v -0.321504 0.037707 0.579708
v -0.314099 0.037707 0.579481
v -0.306755 0.037707 0.578805
v -0.299465 0.037707 0.577694
v -0.292220 0.037707 0.576157
v -0.285014 0.037707 0.574208
v -0.277838 0.037707 0.571857
v -0.270685 0.037707 0.569115
v -0.263548 0.037707 0.565995
v -0.256418 0.037707 0.562507
v -0.249289 0.037707 0.558663
v -0.242151 0.037707 0.554476
v -0.234998 0.037707 0.549955
v -0.234998 0.037707 0.597340
v -0.279901 0.037707 0.463742
v -0.281527 0.037707 0.455276
v -0.283933 0.037707 0.447453
v -0.287098 0.037707 0.440307
v -0.290997 0.037707 0.433873
v -0.295608 0.037707 0.428185
v -0.300907 0.037707 0.423278
v -0.306872 0.037707 0.419186
v -0.313480 0.037707 0.415943
v -0.320708 0.037707 0.413584
v -0.328533 0.037707 0.412143
v -0.336932 0.037707 0.411655
v -0.345988 0.037707 0.412112
v -0.354421 0.037707 0.413469
v -0.362226 0.037707 0.415710
v -0.369400 0.037707 0.418818
v -0.375938 0.037707 0.422776
v -0.381838 0.037707 0.427565
v -0.387095 0.037707 0.433170
v -0.391705 0.037707 0.439572
v -0.395665 0.037707 0.446755
v -0.398970 0.037707 0.454702
v -0.401617 0.037707 0.463394
v -0.403602 0.037707 0.472816
v -0.279078 0.037707 0.472816
v -0.512148 0.037707 0.748312
v -0.528025 0.037707 0.731413
v -0.542833 0.037707 0.713309
v -0.556511 0.037707 0.694125
v -0.569002 0.037707 0.673989
v -0.580245 0.037707 0.653027
v -0.590182 0.037707 0.631364
v -0.598753 0.037707 0.609127
v -0.605898 0.037707 0.586443
v -0.611559 0.037707 0.563437
v -0.615676 0.037707 0.540236
v -0.618189 0.037707 0.516966
v -0.619040 0.037707 0.493753
v -0.618189 0.037707 0.470541
v -0.615676 0.037707 0.447271
v -0.611559 0.037707 0.424070
v -0.605898 0.037707 0.401064
v -0.598753 0.037707 0.378380
v -0.590182 0.037707 0.356143
v -0.580245 0.037707 0.334480
v -0.569002 0.037707 0.313518
v -0.556511 0.037707 0.293381
v -0.542833 0.037707 0.274198
v -0.528025 0.037707 0.256094
v -0.512148 0.037707 0.239195
v -0.482945 0.037707 0.239195
v -0.495734 0.037707 0.257230
v -0.507380 0.037707 0.275805
v -0.517890 0.037707 0.294931
v -0.527270 0.037707 0.314620
v -0.535524 0.037707 0.334882
v -0.542659 0.037707 0.355730
v -0.548681 0.037707 0.377174
v -0.553595 0.037707 0.399228
v -0.557407 0.037707 0.421901
v -0.560123 0.037707 0.445205
v -0.561748 0.037707 0.469152
v -0.562288 0.037707 0.493753
v -0.561748 0.037707 0.518355
v -0.560122 0.037707 0.542302
v -0.557407 0.037707 0.565606
v -0.553595 0.037707 0.588279
v -0.548681 0.037707 0.610332
v -0.542659 0.037707 0.631777
v -0.535524 0.037707 0.652625
v -0.527270 0.037707 0.672887
v -0.517890 0.037707 0.692576
v -0.507380 0.037707 0.711702
v -0.495734 0.037707 0.730277
v -0.482945 0.037707 0.748312
v 0.209377 0.037707 0.197319
v 0.293679 0.037707 0.017696
v 0.197806 0.037707 -0.176805
v 0.253457 0.037707 -0.176805
v 0.320127 0.037707 -0.037404
v 0.384042 0.037707 -0.176805
v 0.439141 0.037707 -0.176805
v 0.263926 0.037707 0.197319
v 0.183607 0.037707 0.059770
v 0.178708 0.037707 0.062859
v 0.174226 0.037707 0.065555
v 0.170094 0.037707 0.067877
v 0.166245 0.037707 0.069847
v 0.162612 0.037707 0.071486
v 0.159128 0.037707 0.072816
v 0.155727 0.037707 0.073856
v 0.152341 0.037707 0.074629
v 0.148903 0.037707 0.075154
v 0.145347 0.037707 0.075455
v 0.141605 0.037707 0.075550
v 0.136438 0.037707 0.075388
v 0.131675 0.037707 0.074897
v 0.127305 0.037707 0.074069
v 0.123320 0.037707 0.072897
v 0.119711 0.037707 0.071373
v 0.116466 0.037707 0.069489
v 0.113578 0.037707 0.067238
v 0.111035 0.037707 0.064612
v 0.108830 0.037707 0.061603
v 0.106951 0.037707 0.058204
v 0.105390 0.037707 0.054407
v 0.104138 0.037707 0.050204
v 0.098743 0.037707 0.054291
v 0.093307 0.037707 0.058012
v 0.087832 0.037707 0.061370
v 0.082322 0.037707 0.064367
v 0.076783 0.037707 0.067003
v 0.071216 0.037707 0.069282
v 0.065626 0.037707 0.071205
v 0.060017 0.037707 0.072775
v 0.054393 0.037707 0.073992
v 0.048758 0.037707 0.074859
v 0.043115 0.037707 0.075377
v 0.037468 0.037707 0.075550
v 0.028636 0.037707 0.074968
v 0.020351 0.037707 0.073280
v 0.012656 0.037707 0.070574
v 0.005592 0.037707 0.066938
v -0.000799 0.037707 0.062461
v -0.006474 0.037707 0.057229
v -0.011392 0.037707 0.051332
v -0.015509 0.037707 0.044858
v -0.018785 0.037707 0.037893
v -0.021177 0.037707 0.030527
v -0.022644 0.037707 0.022847
v -0.023142 0.037707 0.014941
v -0.022241 0.037707 0.003373
v -0.019652 0.037707 -0.006887
v -0.015548 0.037707 -0.015958
v -0.010102 0.037707 -0.023955
v -0.003484 0.037707 -0.030996
v 0.004132 0.037707 -0.037197
v 0.012575 0.037707 -0.042675
v 0.021672 0.037707 -0.047546
v 0.031252 0.037707 -0.051927
v 0.041141 0.037707 -0.055936
v 0.051168 0.037707 -0.059688
v 0.061160 0.037707 -0.063300
v 0.104689 0.037707 -0.078728
v 0.104689 0.037707 -0.091952
v 0.104379 0.037707 -0.099290
v 0.103449 0.037707 -0.105890
v 0.101899 0.037707 -0.111770
v 0.099730 0.037707 -0.116951
v 0.096940 0.037707 -0.121450
v 0.093531 0.037707 -0.125287
v 0.089502 0.037707 -0.128481
v 0.084853 0.037707 -0.131052
v 0.079584 0.037707 -0.133018
v 0.073695 0.037707 -0.134399
v 0.067187 0.037707 -0.135213
v 0.060058 0.037707 -0.135480
v 0.053300 0.037707 -0.135215
v 0.046533 0.037707 -0.134412
v 0.039775 0.037707 -0.133061
v 0.033039 0.037707 -0.131154
v 0.026342 0.037707 -0.128681
v 0.019698 0.037707 -0.125631
v 0.013123 0.037707 -0.121997
v 0.006632 0.037707 -0.117767
v 0.000241 0.037707 -0.112933
v -0.006035 0.037707 -0.107484
v -0.012182 0.037707 -0.101412
v -0.018183 0.037707 -0.094707
v -0.018183 0.037707 -0.148153
v -0.013200 0.037707 -0.153560
v -0.007892 0.037707 -0.158487
v -0.002256 0.037707 -0.162935
v 0.003714 0.037707 -0.166907
v 0.010021 0.037707 -0.170405
v 0.016668 0.037707 -0.173430
v 0.023659 0.037707 -0.175984
v 0.030998 0.037707 -0.178070
v 0.038690 0.037707 -0.179689
v 0.046737 0.037707 -0.180843
v 0.055145 0.037707 -0.181534
v 0.063915 0.037707 -0.181764
v 0.076215 0.037707 -0.181233
v 0.087978 0.037707 -0.179626
v 0.099101 0.037707 -0.176925
v 0.109484 0.037707 -0.173111
v 0.119026 0.037707 -0.168164
v 0.127624 0.037707 -0.162066
v 0.135177 0.037707 -0.154796
v 0.141585 0.037707 -0.146337
v 0.146745 0.037707 -0.136668
v 0.150556 0.037707 -0.125772
v 0.152917 0.037707 -0.113628
v 0.153727 0.037707 -0.100217
v 0.153727 0.037707 0.027063
v 0.153796 0.037707 0.029280
v 0.154000 0.037707 0.031254
v 0.154338 0.037707 0.032994
v 0.154809 0.037707 0.034511
v 0.155409 0.037707 0.035814
v 0.156138 0.037707 0.036912
v 0.156992 0.037707 0.037814
v 0.157972 0.037707 0.038531
v 0.159073 0.037707 0.039072
v 0.160296 0.037707 0.039447
v 0.161636 0.037707 0.039665
v 0.163094 0.037707 0.039735
v 0.164435 0.037707 0.039633
v 0.165969 0.037707 0.039330
v 0.167683 0.037707 0.038831
v 0.169563 0.037707 0.038144
v 0.171596 0.037707 0.037272
v 0.173769 0.037707 0.036223
v 0.176069 0.037707 0.035001
v 0.178481 0.037707 0.033613
v 0.180993 0.037707 0.032064
v 0.183590 0.037707 0.030361
v 0.186261 0.037707 0.028508
v 0.188991 0.037707 0.026512
v 0.188991 0.037707 0.056265
v 0.094352 0.037707 -0.048139
v 0.084353 0.037707 -0.044498
v 0.074797 0.037707 -0.040753
v 0.065793 0.037707 -0.036853
v 0.057446 0.037707 -0.032746
v 0.049865 0.037707 -0.028381
v 0.043156 0.037707 -0.023706
v 0.037427 0.037707 -0.018670
v 0.032784 0.037707 -0.013220
v 0.029335 0.037707 -0.007306
v 0.027187 0.037707 -0.000875
v 0.026448 0.037707 0.006125
v 0.026752 0.037707 0.011090
v 0.027644 0.037707 0.015775
v 0.029091 0.037707 0.020149
v 0.031060 0.037707 0.024185
v 0.033518 0.037707 0.027854
v 0.036434 0.037707 0.031126
v 0.039775 0.037707 0.033974
v 0.043508 0.037707 0.036368
v 0.047601 0.037707 0.038280
v 0.052020 0.037707 0.039682
v 0.056735 0.037707 0.040544
v 0.061711 0.037707 0.040837
v 0.065545 0.037707 0.040678
v 0.069333 0.037707 0.040207
v 0.073075 0.037707 0.039434
v 0.076772 0.037707 0.038368
v 0.080422 0.037707 0.037019
v 0.084026 0.037707 0.035396
v 0.087585 0.037707 0.033510
v 0.091098 0.037707 0.031368
v 0.094564 0.037707 0.028982
v 0.097985 0.037707 0.026361
v 0.101360 0.037707 0.023514
v 0.104689 0.037707 0.020451
v 0.104689 0.037707 -0.051729
v -0.122320 0.037707 0.070591
v -0.122320 0.037707 -0.305186
v -0.073282 0.037707 -0.305186
v -0.073282 0.037707 0.070591
v -0.263612 0.037707 -0.304198
v -0.245847 0.037707 -0.301319
v -0.229893 0.037707 -0.296680
v -0.215724 0.037707 -0.290411
v -0.203315 0.037707 -0.282643
v -0.192641 0.037707 -0.273504
v -0.183677 0.037707 -0.263126
v -0.176399 0.037707 -0.251638
v -0.170782 0.037707 -0.239170
v -0.166800 0.037707 -0.225853
v -0.164430 0.037707 -0.211817
v -0.163645 0.037707 -0.197192
v -0.164476 0.037707 -0.182736
v -0.166987 0.037707 -0.168925
v -0.171204 0.037707 -0.155876
v -0.177154 0.037707 -0.143704
v -0.184865 0.037707 -0.132528
v -0.194363 0.037707 -0.122463
v -0.205674 0.037707 -0.113627
v -0.218826 0.037707 -0.106135
v -0.233845 0.037707 -0.100105
v -0.250758 0.037707 -0.095653
v -0.269592 0.037707 -0.092897
v -0.290373 0.037707 -0.091952
v -0.346575 0.037707 -0.091952
v -0.346575 0.037707 0.070591
v -0.400572 0.037707 0.070591
v -0.400572 0.037707 -0.305186
v -0.283210 0.037707 -0.305186
v -0.285414 0.037707 -0.140439
v -0.275664 0.037707 -0.140884
v -0.266550 0.037707 -0.142205
v -0.258114 0.037707 -0.144382
v -0.250396 0.037707 -0.147398
v -0.243435 0.037707 -0.151233
v -0.237271 0.037707 -0.155867
v -0.231946 0.037707 -0.161282
v -0.227499 0.037707 -0.167458
v -0.223970 0.037707 -0.174377
v -0.221400 0.037707 -0.182019
v -0.219828 0.037707 -0.190365
v -0.219295 0.037707 -0.199396
v -0.219616 0.037707 -0.206310
v -0.220624 0.037707 -0.213206
v -0.222386 0.037707 -0.219972
v -0.224968 0.037707 -0.226496
v -0.228439 0.037707 -0.232669
v -0.232863 0.037707 -0.238378
v -0.238310 0.037707 -0.243514
v -0.244845 0.037707 -0.247965
v -0.252536 0.037707 -0.251619
v -0.261449 0.037707 -0.254367
v -0.271651 0.037707 -0.256097
v -0.283210 0.037707 -0.256699
v -0.346575 0.037707 -0.256699
v -0.346575 0.037707 -0.140439
v 0.512148 -0.037707 0.239195
v 0.528025 -0.037707 0.256094
v 0.542833 -0.037707 0.274198
v 0.556511 -0.037707 0.293381
v 0.569002 -0.037707 0.313518
v 0.580246 -0.037707 0.334480
v 0.590182 -0.037707 0.356143
v 0.598753 -0.037707 0.378380
v 0.605898 -0.037707 0.401064
v 0.611559 -0.037707 0.424070
v 0.615676 -0.037707 0.447271
v 0.618189 -0.037707 0.470541
v 0.619041 -0.037707 0.493753
v 0.618190 -0.037707 0.516966
v 0.615676 -0.037707 0.540236
v 0.611559 -0.037707 0.563437
v 0.605898 -0.037707 0.586443
v 0.598753 -0.037707 0.609127
v 0.590182 -0.037707 0.631364
v 0.580246 -0.037707 0.653027
v 0.569002 -0.037707 0.673989
v 0.556511 -0.037707 0.694125
v 0.542833 -0.037707 0.713309
v 0.528025 -0.037707 0.731413
v 0.512148 -0.037707 0.748312
v 0.482945 -0.037707 0.748312
v 0.495734 -0.037707 0.730277
v 0.507380 -0.037707 0.711702
v 0.517890 -0.037707 0.692576
v 0.527270 -0.037707 0.672887
v 0.535524 -0.037707 0.652625
v 0.542659 -0.037707 0.631777
v 0.548681 -0.037707 0.610332
v 0.553595 -0.037707 0.588279
v 0.557407 -0.037707 0.565606
v 0.560123 -0.037707 0.542302
v 0.561748 -0.037707 0.518355
v 0.562288 -0.037707 0.493753
v 0.561748 -0.037707 0.469152
v 0.560123 -0.037707 0.445205
v 0.557407 -0.037707 0.421901
v 0.553595 -0.037707 0.399228
v 0.548681 -0.037707 0.377174
v 0.542659 -0.037707 0.355730
v 0.535524 -0.037707 0.334882
v 0.527270 -0.037707 0.314620
v 0.517890 -0.037707 0.294931
v 0.507380 -0.037707 0.275805
v 0.495734 -0.037707 0.257230
v 0.482945 -0.037707 0.239195
v 0.246569 -0.037707 0.748312
v 0.330871 -0.037707 0.568689
v 0.234998 -0.037707 0.374188
v 0.290649 -0.037707 0.374188
v 0.357319 -0.037707 0.513589
v 0.421234 -0.037707 0.374188
v 0.476333 -0.037707 0.374188
v 0.301118 -0.037707 0.748312
v 0.194538 -0.037707 0.433774
v 0.187779 -0.037707 0.429871
v 0.181130 -0.037707 0.426386
v 0.174614 -0.037707 0.423308
v 0.168250 -0.037707 0.420628
v 0.162061 -0.037707 0.418336
v 0.156067 -0.037707 0.416423
v 0.150288 -0.037707 0.414880
v 0.144748 -0.037707 0.413696
v 0.139465 -0.037707 0.412862
v 0.134462 -0.037707 0.412369
v 0.129759 -0.037707 0.412207
v 0.124952 -0.037707 0.412398
v 0.120463 -0.037707 0.412962
v 0.116311 -0.037707 0.413877
v 0.112515 -0.037707 0.415125
v 0.109093 -0.037707 0.416686
v 0.106066 -0.037707 0.418543
v 0.103452 -0.037707 0.420675
v 0.101270 -0.037707 0.423063
v 0.099540 -0.037707 0.425689
v 0.098281 -0.037707 0.428532
v 0.097511 -0.037707 0.431575
v 0.097250 -0.037707 0.434797
v 0.097601 -0.037707 0.437604
v 0.098676 -0.037707 0.440537
v 0.100513 -0.037707 0.443630
v 0.103148 -0.037707 0.446919
v 0.106617 -0.037707 0.450437
v 0.110956 -0.037707 0.454220
v 0.116202 -0.037707 0.458301
v 0.122392 -0.037707 0.462714
v 0.129561 -0.037707 0.467495
v 0.137746 -0.037707 0.472678
v 0.146983 -0.037707 0.478297
v 0.157309 -0.037707 0.484387
v 0.166969 -0.037707 0.490940
v 0.175588 -0.037707 0.497144
v 0.183205 -0.037707 0.503060
v 0.189858 -0.037707 0.508753
v 0.195585 -0.037707 0.514285
v 0.200424 -0.037707 0.519719
v 0.204413 -0.037707 0.525119
v 0.207592 -0.037707 0.530547
v 0.209997 -0.037707 0.536068
v 0.211668 -0.037707 0.541743
v 0.212642 -0.037707 0.547637
v 0.212959 -0.037707 0.553812
v 0.212249 -0.037707 0.564387
v 0.210171 -0.037707 0.574313
v 0.206803 -0.037707 0.583539
v 0.202225 -0.037707 0.592014
v 0.196514 -0.037707 0.599685
v 0.189748 -0.037707 0.606500
v 0.182007 -0.037707 0.612409
v 0.173369 -0.037707 0.617360
v 0.163912 -0.037707 0.621300
v 0.153714 -0.037707 0.624178
v 0.142855 -0.037707 0.625943
v 0.131412 -0.037707 0.626543
v 0.123965 -0.037707 0.626414
v 0.116742 -0.037707 0.626017
v 0.109691 -0.037707 0.625337
v 0.102760 -0.037707 0.624359
v 0.095899 -0.037707 0.623067
v 0.089054 -0.037707 0.621446
v 0.082175 -0.037707 0.619481
v 0.075211 -0.037707 0.617155
v 0.068108 -0.037707 0.614455
v 0.060816 -0.037707 0.611365
v 0.053283 -0.037707 0.607869
v 0.045457 -0.037707 0.603952
v 0.045457 -0.037707 0.551057
v 0.053385 -0.037707 0.556326
v 0.061176 -0.037707 0.561117
v 0.068805 -0.037707 0.565434
v 0.076251 -0.037707 0.569280
v 0.083491 -0.037707 0.572660
v 0.090501 -0.037707 0.575576
v 0.097258 -0.037707 0.578033
v 0.103740 -0.037707 0.580035
v 0.109923 -0.037707 0.581585
v 0.115785 -0.037707 0.582688
v 0.121303 -0.037707 0.583347
v 0.126453 -0.037707 0.583565
v 0.131335 -0.037707 0.583118
v 0.136034 -0.037707 0.582326
v 0.140503 -0.037707 0.581189
v 0.144697 -0.037707 0.579708
v 0.148569 -0.037707 0.577883
v 0.152074 -0.037707 0.575714
v 0.155166 -0.037707 0.573200
v 0.157798 -0.037707 0.570341
v 0.159926 -0.037707 0.567139
v 0.161502 -0.037707 0.563592
v 0.162482 -0.037707 0.559700
v 0.162818 -0.037707 0.555465
v 0.160542 -0.037707 0.547220
v 0.154247 -0.037707 0.539417
v 0.144739 -0.037707 0.531832
v 0.132820 -0.037707 0.524242
v 0.119294 -0.037707 0.516422
v 0.104964 -0.037707 0.508148
v 0.090635 -0.037707 0.499197
v 0.077108 -0.037707 0.489346
v 0.065189 -0.037707 0.478369
v 0.055681 -0.037707 0.466043
v 0.049387 -0.037707 0.452145
v 0.047110 -0.037707 0.436450
v 0.047767 -0.037707 0.426331
v 0.049707 -0.037707 0.416931
v 0.052878 -0.037707 0.408281
v 0.057232 -0.037707 0.400411
v 0.062718 -0.037707 0.393353
v 0.069287 -0.037707 0.387136
v 0.076890 -0.037707 0.381792
v 0.085475 -0.037707 0.377351
v 0.094995 -0.037707 0.373844
v 0.105398 -0.037707 0.371300
v 0.116635 -0.037707 0.369752
v 0.128657 -0.037707 0.369229
v 0.134455 -0.037707 0.369367
v 0.140281 -0.037707 0.369783
v 0.146142 -0.037707 0.370477
v 0.152043 -0.037707 0.371453
v 0.157991 -0.037707 0.372713
v 0.163989 -0.037707 0.374257
v 0.170045 -0.037707 0.376088
v 0.176165 -0.037707 0.378208
v 0.182353 -0.037707 0.380619
v 0.188616 -0.037707 0.383323
v 0.194959 -0.037707 0.386321
v 0.201388 -0.037707 0.389616
v 0.201388 -0.037707 0.438103
v 0.008667 -0.037707 0.610763
v 0.003768 -0.037707 0.613852
v -0.000715 -0.037707 0.616547
v -0.004847 -0.037707 0.618870
v -0.008696 -0.037707 0.620840
v -0.012328 -0.037707 0.622479
v -0.015812 -0.037707 0.623809
v -0.019213 -0.037707 0.624849
v -0.022599 -0.037707 0.625622
v -0.026037 -0.037707 0.626147
v -0.029593 -0.037707 0.626447
v -0.033335 -0.037707 0.626543
v -0.038502 -0.037707 0.626381
v -0.043266 -0.037707 0.625890
v -0.047635 -0.037707 0.625062
v -0.051620 -0.037707 0.623890
v -0.055230 -0.037707 0.622366
v -0.058474 -0.037707 0.620482
v -0.061363 -0.037707 0.618231
v -0.063905 -0.037707 0.615605
v -0.066111 -0.037707 0.612596
v -0.067989 -0.037707 0.609197
v -0.069550 -0.037707 0.605400
v -0.070803 -0.037707 0.601197
v -0.076197 -0.037707 0.605284
v -0.081634 -0.037707 0.609005
v -0.087109 -0.037707 0.612363
v -0.092618 -0.037707 0.615360
v -0.098158 -0.037707 0.617996
v -0.103724 -0.037707 0.620275
v -0.109314 -0.037707 0.622198
v -0.114923 -0.037707 0.623767
v -0.120547 -0.037707 0.624985
v -0.126182 -0.037707 0.625851
v -0.131826 -0.037707 0.626370
v -0.137473 -0.037707 0.626543
v -0.146305 -0.037707 0.625960
v -0.154589 -0.037707 0.624272
v -0.162285 -0.037707 0.621567
v -0.169349 -0.037707 0.617931
v -0.175739 -0.037707 0.613453
v -0.181414 -0.037707 0.608222
v -0.186332 -0.037707 0.602325
v -0.190450 -0.037707 0.595850
v -0.193726 -0.037707 0.588886
v -0.196118 -0.037707 0.581519
v -0.197584 -0.037707 0.573839
v -0.198082 -0.037707 0.565933
v -0.197181 -0.037707 0.554366
v -0.194592 -0.037707 0.544106
v -0.190489 -0.037707 0.535035
v -0.185042 -0.037707 0.527038
v -0.178424 -0.037707 0.519997
v -0.170808 -0.037707 0.513796
v -0.162365 -0.037707 0.508318
v -0.153268 -0.037707 0.503447
v -0.143689 -0.037707 0.499065
v -0.133799 -0.037707 0.495057
v -0.123772 -0.037707 0.491305
v -0.113780 -0.037707 0.487693
v -0.070252 -0.037707 0.472265
v -0.070252 -0.037707 0.459041
v -0.070561 -0.037707 0.451703
v -0.071491 -0.037707 0.445103
v -0.073041 -0.037707 0.439222
v -0.075210 -0.037707 0.434042
v -0.078000 -0.037707 0.429543
v -0.081409 -0.037707 0.425706
v -0.085438 -0.037707 0.422511
v -0.090087 -0.037707 0.419941
v -0.095356 -0.037707 0.417975
v -0.101245 -0.037707 0.416594
v -0.107754 -0.037707 0.415780
v -0.114882 -0.037707 0.415512
v -0.121641 -0.037707 0.415778
v -0.128407 -0.037707 0.416581
v -0.135165 -0.037707 0.417932
v -0.141901 -0.037707 0.419839
v -0.148598 -0.037707 0.422312
v -0.155242 -0.037707 0.425361
v -0.161817 -0.037707 0.428996
v -0.168308 -0.037707 0.433226
v -0.174699 -0.037707 0.438060
v -0.180976 -0.037707 0.443509
v -0.187122 -0.037707 0.449581
v -0.193123 -0.037707 0.456286
v -0.193123 -0.037707 0.402840
v -0.188140 -0.037707 0.397433
v -0.182833 -0.037707 0.392506
v -0.177196 -0.037707 0.388058
v -0.171226 -0.037707 0.384085
v -0.164920 -0.037707 0.380588
v -0.158273 -0.037707 0.377563
v -0.151281 -0.037707 0.375008
v -0.143942 -0.037707 0.372923
v -0.136250 -0.037707 0.371304
v -0.128203 -0.037707 0.370150
v -0.119796 -0.037707 0.369459
v -0.111025 -0.037707 0.369229
v -0.098725 -0.037707 0.369760
v -0.086962 -0.037707 0.371367
v -0.075839 -0.037707 0.374067
v -0.065456 -0.037707 0.377882
v -0.055915 -0.037707 0.382828
v -0.047316 -0.037707 0.388927
v -0.039763 -0.037707 0.396196
v -0.033355 -0.037707 0.404656
v -0.028195 -0.037707 0.414324
v -0.024384 -0.037707 0.425221
v -0.022023 -0.037707 0.437365
v -0.021213 -0.037707 0.450776
v -0.021213 -0.037707 0.578055
v -0.021145 -0.037707 0.580272
v -0.020940 -0.037707 0.582247
v -0.020602 -0.037707 0.583987
v -0.020132 -0.037707 0.585504
v -0.019531 -0.037707 0.586807
v -0.018803 -0.037707 0.587904
v -0.017948 -0.037707 0.588807
v -0.016969 -0.037707 0.589524
v -0.015867 -0.037707 0.590065
v -0.014645 -0.037707 0.590440
v -0.013304 -0.037707 0.590658
v -0.011846 -0.037707 0.590728
v -0.010505 -0.037707 0.590626
v -0.008971 -0.037707 0.590322
v -0.007258 -0.037707 0.589824
v -0.005377 -0.037707 0.589136
v -0.003344 -0.037707 0.588265
v -0.001171 -0.037707 0.587216
v 0.001128 -0.037707 0.585994
v 0.003541 -0.037707 0.584606
v 0.006052 -0.037707 0.583057
v 0.008650 -0.037707 0.581354
v 0.011321 -0.037707 0.579501
v 0.014050 -0.037707 0.577504
v 0.014050 -0.037707 0.607258
v -0.080588 -0.037707 0.502853
v -0.090587 -0.037707 0.506495
v -0.100143 -0.037707 0.510240
v -0.109148 -0.037707 0.514140
v -0.117494 -0.037707 0.518247
v -0.125075 -0.037707 0.522612
v -0.131784 -0.037707 0.527287
v -0.137514 -0.037707 0.532323
v -0.142156 -0.037707 0.537773
v -0.145605 -0.037707 0.543687
v -0.147753 -0.037707 0.550118
v -0.148493 -0.037707 0.557118
v -0.148188 -0.037707 0.562083
v -0.147296 -0.037707 0.566768
v -0.145850 -0.037707 0.571142
v -0.143881 -0.037707 0.575178
v -0.141422 -0.037707 0.578846
v -0.138506 -0.037707 0.582119
v -0.135165 -0.037707 0.584967
v -0.131432 -0.037707 0.587361
v -0.127340 -0.037707 0.589273
v -0.122920 -0.037707 0.590675
v -0.118205 -0.037707 0.591537
v -0.113229 -0.037707 0.591830
v -0.109395 -0.037707 0.591671
v -0.105607 -0.037707 0.591200
v -0.101865 -0.037707 0.590427
v -0.098169 -0.037707 0.589361
v -0.094518 -0.037707 0.588012
v -0.090914 -0.037707 0.586389
v -0.087355 -0.037707 0.584502
v -0.083843 -0.037707 0.582361
v -0.080376 -0.037707 0.579975
v -0.076955 -0.037707 0.577354
v -0.073580 -0.037707 0.574507
v -0.070252 -0.037707 0.571443
v -0.070252 -0.037707 0.499263
v -0.242390 -0.037707 0.602082
v -0.249727 -0.037707 0.606391
v -0.257073 -0.037707 0.610271
v -0.264487 -0.037707 0.613727
v -0.272031 -0.037707 0.616762
v -0.279767 -0.037707 0.619380
v -0.287755 -0.037707 0.621584
v -0.296057 -0.037707 0.623380
v -0.304733 -0.037707 0.624769
v -0.313847 -0.037707 0.625757
v -0.323457 -0.037707 0.626347
v -0.333626 -0.037707 0.626543
v -0.352194 -0.037707 0.625256
v -0.369308 -0.037707 0.621533
v -0.384937 -0.037707 0.615574
v -0.399051 -0.037707 0.607584
v -0.411620 -0.037707 0.597765
v -0.422612 -0.037707 0.586320
v -0.431996 -0.037707 0.573452
v -0.439743 -0.037707 0.559362
v -0.445822 -0.037707 0.544255
v -0.450202 -0.037707 0.528333
v -0.452852 -0.037707 0.511799
v -0.453743 -0.037707 0.494855
v -0.452771 -0.037707 0.476642
v -0.449916 -0.037707 0.459531
v -0.445271 -0.037707 0.443613
v -0.438927 -0.037707 0.428981
v -0.430976 -0.037707 0.415727
v -0.421510 -0.037707 0.403942
v -0.410620 -0.037707 0.393718
v -0.398398 -0.037707 0.385147
v -0.384937 -0.037707 0.378320
v -0.370328 -0.037707 0.373331
v -0.354663 -0.037707 0.370270
v -0.338034 -0.037707 0.369229
v -0.322146 -0.037707 0.370160
v -0.307309 -0.037707 0.372958
v -0.293584 -0.037707 0.377632
v -0.281037 -0.037707 0.384188
v -0.269729 -0.037707 0.392634
v -0.259724 -0.037707 0.402977
v -0.251085 -0.037707 0.415227
v -0.243876 -0.037707 0.429389
v -0.238158 -0.037707 0.445473
v -0.233996 -0.037707 0.463485
v -0.231452 -0.037707 0.483433
v -0.230590 -0.037707 0.505324
v -0.404704 -0.037707 0.505324
v -0.402352 -0.037707 0.517089
v -0.399153 -0.037707 0.527861
v -0.395113 -0.037707 0.537635
v -0.390236 -0.037707 0.546404
v -0.384523 -0.037707 0.554163
v -0.377981 -0.037707 0.560906
v -0.370612 -0.037707 0.566627
v -0.362421 -0.037707 0.571321
v -0.353410 -0.037707 0.574982
v -0.343585 -0.037707 0.577604
v -0.332948 -0.037707 0.579181
v -0.321504 -0.037707 0.579708
v -0.314099 -0.037707 0.579481
v -0.306755 -0.037707 0.578805
v -0.299465 -0.037707 0.577694
v -0.292220 -0.037707 0.576157
v -0.285014 -0.037707 0.574208
v -0.277838 -0.037707 0.571857
v -0.270685 -0.037707 0.569115
v -0.263548 -0.037707 0.565995
v -0.256418 -0.037707 0.562507
v -0.249289 -0.037707 0.558663
v -0.242151 -0.037707 0.554476
v -0.234998 -0.037707 0.549955
v -0.234998 -0.037707 0.597340
v -0.279901 -0.037707 0.463742
v -0.281527 -0.037707 0.455276
v -0.283933 -0.037707 0.447453
v -0.287098 -0.037707 0.440307
v -0.290997 -0.037707 0.433873
v -0.295608 -0.037707 0.428185
v -0.300907 -0.037707 0.423278
v -0.306872 -0.037707 0.419186
v -0.313480 -0.037707 0.415943
v -0.320708 -0.037707 0.413584
v -0.328533 -0.037707 0.412143
v -0.336932 -0.037707 0.411655
v -0.345988 -0.037707 0.412112
v -0.354421 -0.037707 0.413469
v -0.362226 -0.037707 0.415710
v -0.369400 -0.037707 0.418818
v -0.375938 -0.037707 0.422776
v -0.381838 -0.037707 0.427565
v -0.387095 -0.037707 0.433170
v -0.391705 -0.037707 0.439572
v -0.395665 -0.037707 0.446755
v -0.398970 -0.037707 0.454702
v -0.401617 -0.037707 0.463394
v -0.403602 -0.037707 0.472816
v -0.279078 -0.037707 0.472816
v -0.512148 -0.037707 0.748312
v -0.528025 -0.037707 0.731413
v -0.542833 -0.037707 0.713309
v -0.556511 -0.037707 0.694125
v -0.569002 -0.037707 0.673989
v -0.580245 -0.037707 0.653027
v -0.590182 -0.037707 0.631364
v -0.598753 -0.037707 0.609127
v -0.605898 -0.037707 0.586443
v -0.611559 -0.037707 0.563437
v -0.615676 -0.037707 0.540236
v -0.618189 -0.037707 0.516966
v -0.619040 -0.037707 0.493753
v -0.618189 -0.037707 0.470541
v -0.615676 -0.037707 0.447271
v -0.611559 -0.037707 0.424070
v -0.605898 -0.037707 0.401064
v -0.598753 -0.037707 0.378380
v -0.590182 -0.037707 0.356143
v -0.580245 -0.037707 0.334480
v -0.569002 -0.037707 0.313518
v -0.556511 -0.037707 0.293381
v -0.542833 -0.037707 0.274198
v -0.528025 -0.037707 0.256094
v -0.512148 -0.037707 0.239195
v -0.482945 -0.037707 0.239195
v -0.495734 -0.037707 0.257230
v -0.507380 -0.037707 0.275805
v -0.517890 -0.037707 0.294931
v -0.527270 -0.037707 0.314620
v -0.535524 -0.037707 0.334882
v -0.542659 -0.037707 0.355730
v -0.548681 -0.037707 0.377174
v -0.553595 -0.037707 0.399228
v -0.557407 -0.037707 0.421901
v -0.560123 -0.037707 0.445205
v -0.561748 -0.037707 0.469152
v -0.562288 -0.037707 0.493753
v -0.561748 -0.037707 0.518355
v -0.560122 -0.037707 0.542302
v -0.557407 -0.037707 0.565606
v -0.553595 -0.037707 0.588279
v -0.548681 -0.037707 0.610332
v -0.542659 -0.037707 0.631777
v -0.535524 -0.037707 0.652625
v -0.527270 -0.037707 0.672887
v -0.517890 -0.037707 0.692576
v -0.507380 -0.037707 0.711702
v -0.495734 -0.037707 0.730277
v -0.482945 -0.037707 0.748312
v 0.209377 -0.037707 0.197319
v 0.293679 -0.037707 0.017696
v 0.197806 -0.037707 -0.176805
v 0.253457 -0.037707 -0.176805
v 0.320127 -0.037707 -0.037404
v 0.384042 -0.037707 -0.176805
v 0.439141 -0.037707 -0.176805
v 0.263926 -0.037707 0.197319
v 0.183607 -0.037707 0.059770
v 0.178708 -0.037707 0.062859
v 0.174226 -0.037707 0.065555
v 0.170094 -0.037707 0.067877
v 0.166245 -0.037707 0.069847
v 0.162612 -0.037707 0.071486
v 0.159128 -0.037707 0.072816
v 0.155727 -0.037707 0.073856
v 0.152341 -0.037707 0.074629
v 0.148903 -0.037707 0.075154
v 0.145347 -0.037707 0.075455
v 0.141605 -0.037707 0.075550
v 0.136438 -0.037707 0.075388
v 0.131675 -0.037707 0.074897
v 0.127305 -0.037707 0.074069
v 0.123320 -0.037707 0.072897
v 0.119711 -0.037707 0.071373
v 0.116466 -0.037707 0.069489
v 0.113578 -0.037707 0.067238
v 0.111035 -0.037707 0.064612
v 0.108830 -0.037707 0.061603
v 0.106951 -0.037707 0.058204
v 0.105390 -0.037707 0.054407
v 0.104138 -0.037707 0.050204
v 0.098743 -0.037707 0.054291
v 0.093307 -0.037707 0.058012
v 0.087832 -0.037707 0.061370
v 0.082322 -0.037707 0.064367
v 0.076783 -0.037707 0.067003
v 0.071216 -0.037707 0.069282
v 0.065626 -0.037707 0.071205
v 0.060017 -0.037707 0.072775
v 0.054393 -0.037707 0.073992
v 0.048758 -0.037707 0.074859
v 0.043115 -0.037707 0.075377
v 0.037468 -0.037707 0.075550
v 0.028636 -0.037707 0.074968
v 0.020351 -0.037707 0.073280
v 0.012656 -0.037707 0.070574
v 0.005592 -0.037707 0.066938
v -0.000799 -0.037707 0.062461
v -0.006474 -0.037707 0.057229
v -0.011392 -0.037707 0.051332
v -0.015509 -0.037707 0.044858
v -0.018785 -0.037707 0.037893
v -0.021177 -0.037707 0.030527
v -0.022644 -0.037707 0.022847
v -0.023142 -0.037707 0.014941
v -0.022241 -0.037707 0.003373
v -0.019652 -0.037707 -0.006887
v -0.015548 -0.037707 -0.015958
v -0.010102 -0.037707 -0.023955
v -0.003484 -0.037707 -0.030996
v 0.004132 -0.037707 -0.037197
v 0.012575 -0.037707 -0.042675
v 0.021672 -0.037707 -0.047546
v 0.031252 -0.037707 -0.051927
v 0.041141 -0.037707 -0.055936
v 0.051168 -0.037707 -0.059688
v 0.061160 -0.037707 -0.063300
v 0.104689 -0.037707 -0.078728
v 0.104689 -0.037707 -0.091952
v 0.104379 -0.037707 -0.099290
v 0.103449 -0.037707 -0.105890
v 0.101899 -0.037707 -0.111770
v 0.099730 -0.037707 -0.116951
v 0.096940 -0.037707 -0.121450
v 0.093531 -0.037707 -0.125287
v 0.089502 -0.037707 -0.128481
v 0.084853 -0.037707 -0.131052
v 0.079584 -0.037707 -0.133018
v 0.073695 -0.037707 -0.134399
v 0.067187 -0.037707 -0.135213
v 0.060058 -0.037707 -0.135480
v 0.053300 -0.037707 -0.135215
v 0.046533 -0.037707 -0.134412
v 0.039775 -0.037707 -0.133061
v 0.033039 -0.037707 -0.131154
v 0.026342 -0.037707 -0.128681
v 0.019698 -0.037707 -0.125631
v 0.013123 -0.037707 -0.121997
v 0.006632 -0.037707 -0.117767
v 0.000241 -0.037707 -0.112933
v -0.006035 -0.037707 -0.107484
v -0.012182 -0.037707 -0.101412
v -0.018183 -0.037707 -0.094707
v -0.018183 -0.037707 -0.148153
v -0.013200 -0.037707 -0.153560
v -0.007892 -0.037707 -0.158487
v -0.002256 -0.037707 -0.162935
v 0.003714 -0.037707 -0.166907
v 0.010021 -0.037707 -0.170405
v 0.016668 -0.037707 -0.173430
v 0.023659 -0.037707 -0.175984
v 0.030998 -0.037707 -0.178070
v 0.038690 -0.037707 -0.179689
v 0.046737 -0.037707 -0.180843
v 0.055145 -0.037707 -0.181534
v 0.063915 -0.037707 -0.181764
v 0.076215 -0.037707 -0.181233
v 0.087978 -0.037707 -0.179626
v 0.099101 -0.037707 -0.176925
v 0.109484 -0.037707 -0.173111
v 0.119026 -0.037707 -0.168164
v 0.127624 -0.037707 -0.162066
v 0.135177 -0.037707 -0.154796
v 0.141585 -0.037707 -0.146337
v 0.146745 -0.037707 -0.136668
v 0.150556 -0.037707 -0.125772
v 0.152917 -0.037707 -0.113628
v 0.153727 -0.037707 -0.100217
v 0.153727 -0.037707 0.027063
v 0.153796 -0.037707 0.029280
v 0.154000 -0.037707 0.031254
v 0.154338 -0.037707 0.032994
v 0.154809 -0.037707 0.034511
v 0.155409 -0.037707 0.035814
v 0.156138 -0.037707 0.036912
v 0.156992 -0.037707 0.037814
v 0.157972 -0.037707 0.038531
v 0.159073 -0.037707 0.039072
v 0.160296 -0.037707 0.039447
v 0.161636 -0.037707 0.039665
v 0.163094 -0.037707 0.039735
v 0.164435 -0.037707 0.039633
v 0.165969 -0.037707 0.039330
v 0.167683 -0.037707 0.038831
v 0.169563 -0.037707 0.038144
v 0.171596 -0.037707 0.037272
v 0.173769 -0.037707 0.036223
v 0.176069 -0.037707 0.035001
v 0.178481 -0.037707 0.033613
v 0.180993 -0.037707 0.032064
v 0.183590 -0.037707 0.030361
v 0.186261 -0.037707 0.028508
v 0.188991 -0.037707 0.026512
v 0.188991 -0.037707 0.056265
v 0.094352 -0.037707 -0.048139
v 0.084353 -0.037707 -0.044498
v 0.074797 -0.037707 -0.040753
v 0.065793 -0.037707 -0.036853
v 0.057446 -0.037707 -0.032746
v 0.049865 -0.037707 -0.028381
v 0.043156 -0.037707 -0.023706
v 0.037427 -0.037707 -0.018670
v 0.032784 -0.037707 -0.013220
v 0.029335 -0.037707 -0.007306
v 0.027187 -0.037707 -0.000875
v 0.026448 -0.037707 0.006125
v 0.026752 -0.037707 0.011090
v 0.027644 -0.037707 0.015775
v 0.029091 -0.037707 0.020149
v 0.031060 -0.037707 0.024185
v 0.033518 -0.037707 0.027854
v 0.036434 -0.037707 0.031126
v 0.039775 -0.037707 0.033974
v 0.043508 -0.037707 0.036368
v 0.047601 -0.037707 0.038280
v 0.052020 -0.037707 0.039682
v 0.056735 -0.037707 0.040544
v 0.061711 -0.037707 0.040837
v 0.065545 -0.037707 0.040678
v 0.069333 -0.037707 0.040207
v 0.073075 -0.037707 0.039434
v 0.076772 -0.037707 0.038368
v 0.080422 -0.037707 0.037019
v 0.084026 -0.037707 0.035396
v 0.087585 -0.037707 0.033510
v 0.091098 -0.037707 0.031368
v 0.094564 -0.037707 0.028982
v 0.097985 -0.037707 0.026361
v 0.101360 -0.037707 0.023514
v 0.104689 -0.037707 0.020451
v 0.104689 -0.037707 -0.051729
v -0.122320 -0.037707 0.070591
v -0.122320 -0.037707 -0.305186
v -0.073282 -0.037707 -0.305186
v -0.073282 -0.037707 0.070591
v -0.263612 -0.037707 -0.304198
v -0.245847 -0.037707 -0.301319
v -0.229893 -0.037707 -0.296680
v -0.215724 -0.037707 -0.290411
v -0.203315 -0.037707 -0.282643
v -0.192641 -0.037707 -0.273504
v -0.183677 -0.037707 -0.263126
v -0.176399 -0.037707 -0.251638
v -0.170782 -0.037707 -0.239170
v -0.166800 -0.037707 -0.225853
v -0.164430 -0.037707 -0.211817
v -0.163645 -0.037707 -0.197192
v -0.164476 -0.037707 -0.182736
v -0.166987 -0.037707 -0.168925
v -0.171204 -0.037707 -0.155876
v -0.177154 -0.037707 -0.143704
v -0.184865 -0.037707 -0.132528
v -0.194363 -0.037707 -0.122463
v -0.205674 -0.037707 -0.113627
v -0.218826 -0.037707 -0.106135
v -0.233845 -0.037707 -0.100105
v -0.250758 -0.037707 -0.095653
v -0.269592 -0.037707 -0.092897
v -0.290373 -0.037707 -0.091952
v -0.346575 -0.037707 -0.091952
v -0.346575 -0.037707 0.070591
v -0.400572 -0.037707 0.070591
v -0.400572 -0.037707 -0.305186
v -0.283210 -0.037707 -0.305186
v -0.285414 -0.037707 -0.140439
v -0.275664 -0.037707 -0.140884
v -0.266550 -0.037707 -0.142205
v -0.258114 -0.037707 -0.144382
v -0.250396 -0.037707 -0.147398
v -0.243435 -0.037707 -0.151233
v -0.237271 -0.037707 -0.155867
v -0.231946 -0.037707 -0.161282
v -0.227499 -0.037707 -0.167458
v -0.223970 -0.037707 -0.174377
v -0.221400 -0.037707 -0.182019
v -0.219828 -0.037707 -0.190365
v -0.219295 -0.037707 -0.199396
v -0.219616 -0.037707 -0.206310
v -0.220624 -0.037707 -0.213206
v -0.222386 -0.037707 -0.219972
v -0.224968 -0.037707 -0.226496
v -0.228439 -0.037707 -0.232669
v -0.232863 -0.037707 -0.238378
v -0.238310 -0.037707 -0.243514
v -0.244845 -0.037707 -0.247965
v -0.252536 -0.037707 -0.251619
v -0.261449 -0.037707 -0.254367
v -0.271651 -0.037707 -0.256097
v -0.283210 -0.037707 -0.256699
v -0.346575 -0.037707 -0.256699
v -0.346575 -0.037707 -0.140439
v -0.263612 -0.037707 -0.304198
v -0.263612 0.037707 -0.304198
v -0.245847 -0.037707 -0.301319
v -0.245847 0.037707 -0.301319
v -0.229893 -0.037707 -0.296680
v -0.229893 0.037707 -0.296680
v -0.215724 -0.037707 -0.290411
v -0.215724 0.037707 -0.290411
v -0.203315 -0.037707 -0.282643
v -0.203315 0.037707 -0.282643
v -0.192641 -0.037707 -0.273504
v -0.192641 0.037707 -0.273504
v -0.183677 -0.037707 -0.263126
v -0.183677 0.037707 -0.263126
v -0.176399 -0.037707 -0.251638
v -0.176399 0.037707 -0.251638
v -0.170782 -0.037707 -0.239170
v -0.170782 0.037707 -0.239170
v -0.166800 -0.037707 -0.225853
v -0.166800 0.037707 -0.225853
v -0.164430 -0.037707 -0.211817
v -0.164430 0.037707 -0.211817
v -0.163645 -0.037707 -0.197192
v -0.163645 0.037707 -0.197192
v -0.164476 -0.037707 -0.182736
v -0.164476 0.037707 -0.182736
v -0.166987 -0.037707 -0.168925
v -0.166987 0.037707 -0.168925
v -0.171204 -0.037707 -0.155876
v -0.171204 0.037707 -0.155876
v -0.177154 -0.037707 -0.143704
v -0.177154 0.037707 -0.143704
v -0.184865 -0.037707 -0.132528
v -0.184865 0.037707 -0.132528
v -0.194363 -0.037707 -0.122463
v -0.194363 0.037707 -0.122463
v -0.205674 -0.037707 -0.113627
v -0.205674 0.037707 -0.113627
v -0.218826 -0.037707 -0.106135
v -0.218826 0.037707 -0.106135
v -0.233845 -0.037707 -0.100105
v -0.233845 0.037707 -0.100105
v -0.250758 -0.037707 -0.095653
v -0.250758 0.037707 -0.095653
v -0.269592 -0.037707 -0.092897
v -0.269592 0.037707 -0.092897
v -0.290373 -0.037707 -0.091952
v -0.290373 0.037707 -0.091952
v -0.346575 -0.037707 -0.091952
v -0.346575 0.037707 -0.091952
v -0.346575 -0.037707 0.070591
v -0.346575 0.037707 0.070591
v -0.400572 -0.037707 0.070591
v -0.400572 0.037707 0.070591
v -0.400572 -0.037707 -0.305186
v -0.400572 0.037707 -0.305186
v -0.283210 -0.037707 -0.305186
v -0.283210 0.037707 -0.305186
v -0.285414 -0.037707 -0.140439
v -0.285414 0.037707 -0.140439
v -0.275664 -0.037707 -0.140884
v -0.275664 0.037707 -0.140884
v -0.266550 -0.037707 -0.142205
v -0.266550 0.037707 -0.142205
v -0.258114 -0.037707 -0.144382
v -0.258114 0.037707 -0.144382
v -0.250396 -0.037707 -0.147398
v -0.250396 0.037707 -0.147398
v -0.243435 -0.037707 -0.151233
v -0.243435 0.037707 -0.151233
v -0.237271 -0.037707 -0.155867
v -0.237271 0.037707 -0.155867
v -0.231946 -0.037707 -0.161282
v -0.231946 0.037707 -0.161282
v -0.227499 -0.037707 -0.167458
v -0.227499 0.037707 -0.167458
v -0.223970 -0.037707 -0.174377
v -0.223970 0.037707 -0.174377
v -0.221400 -0.037707 -0.182019
v -0.221400 0.037707 -0.182019
v -0.219828 -0.037707 -0.190365
v -0.219828 0.037707 -0.190365
v -0.219295 -0.037707 -0.199396
v -0.219295 0.037707 -0.199396
v -0.219616 -0.037707 -0.206310
v -0.219616 0.037707 -0.206310
v -0.220624 -0.037707 -0.213206
v -0.220624 0.037707 -0.213206
v -0.222386 -0.037707 -0.219972
v -0.222386 0.037707 -0.219972
v -0.224968 -0.037707 -0.226496
v -0.224968 0.037707 -0.226496
v -0.228439 -0.037707 -0.232669
v -0.228439 0.037707 -0.232669
v -0.232863 -0.037707 -0.238378
v -0.232863 0.037707 -0.238378
v -0.238310 -0.037707 -0.243514
v -0.238310 0.037707 -0.243514
v -0.244845 -0.037707 -0.247965
v -0.244845 0.037707 -0.247965
v -0.252536 -0.037707 -0.251619
v -0.252536 0.037707 -0.251619
v -0.261449 -0.037707 -0.254367
v -0.261449 0.037707 -0.254367
v -0.271651 -0.037707 -0.256097
v -0.271651 0.037707 -0.256097
v -0.283210 -0.037707 -0.256699
v -0.283210 0.037707 -0.256699
v -0.346575 -0.037707 -0.256699
v -0.346575 0.037707 -0.256699
v -0.346575 -0.037707 -0.140439
v -0.346575 0.037707 -0.140439
v -0.122320 -0.037707 0.070591
v -0.122320 0.037707 0.070591
v -0.122320 -0.037707 -0.305186
v -0.122320 0.037707 -0.305186
v -0.073282 -0.037707 -0.305186
v -0.073282 0.037707 -0.305186
v -0.073282 -0.037707 0.070591
v -0.073282 0.037707 0.070591
v 0.183607 -0.037707 0.059770
v 0.183607 0.037707 0.059770
v 0.178708 -0.037707 0.062859
v 0.178708 0.037707 0.062859
v 0.174226 -0.037707 0.065555
v 0.174226 0.037707 0.065555
v 0.170094 -0.037707 0.067877
v 0.170094 0.037707 0.067877
v 0.166245 -0.037707 0.069847
v 0.166245 0.037707 0.069847
v 0.162612 -0.037707 0.071486
v 0.162612 0.037707 0.071486
v 0.159128 -0.037707 0.072816
v 0.159128 0.037707 0.072816
v 0.155727 -0.037707 0.073856
v 0.155727 0.037707 0.073856
v 0.152341 -0.037707 0.074629
v 0.152341 0.037707 0.074629
v 0.148903 -0.037707 0.075154
v 0.148903 0.037707 0.075154
v 0.145347 -0.037707 0.075455
v 0.145347 0.037707 0.075455
v 0.141605 -0.037707 0.075550
v 0.141605 0.037707 0.075550
v 0.136438 -0.037707 0.075388
v 0.136438 0.037707 0.075388
v 0.131675 -0.037707 0.074897
v 0.131675 0.037707 0.074897
v 0.127305 -0.037707 0.074069
v 0.127305 0.037707 0.074069
v 0.123320 -0.037707 0.072897
v 0.123320 0.037707 0.072897
v 0.119711 -0.037707 0.071373
v 0.119711 0.037707 0.071373
v 0.116466 -0.037707 0.069489
v 0.116466 0.037707 0.069489
v 0.113578 -0.037707 0.067238
v 0.113578 0.037707 0.067238
v 0.111035 -0.037707 0.064612
v 0.111035 0.037707 0.064612
v 0.108830 -0.037707 0.061603
v 0.108830 0.037707 0.061603
v 0.106951 -0.037707 0.058204
v 0.106951 0.037707 0.058204
v 0.105390 -0.037707 0.054407
v 0.105390 0.037707 0.054407
v 0.104138 -0.037707 0.050204
v 0.104138 0.037707 0.050204
v 0.098743 -0.037707 0.054291
v 0.098743 0.037707 0.054291
v 0.093307 -0.037707 0.058012
v 0.093307 0.037707 0.058012
v 0.087832 -0.037707 0.061370
v 0.087832 0.037707 0.061370
v 0.082322 -0.037707 0.064367
v 0.082322 0.037707 0.064367
v 0.076783 -0.037707 0.067003
v 0.076783 0.037707 0.067003
v 0.071216 -0.037707 0.069282
v 0.071216 0.037707 0.069282
v 0.065626 -0.037707 0.071205
v 0.065626 0.037707 0.071205
v 0.060017 -0.037707 0.072775
v 0.060017 0.037707 0.072775
v 0.054393 -0.037707 0.073992
v 0.054393 0.037707 0.073992
v 0.048758 -0.037707 0.074859
v 0.048758 0.037707 0.074859
v 0.043115 -0.037707 0.075377
v 0.043115 0.037707 0.075377
v 0.037468 -0.037707 0.075550
v 0.037468 0.037707 0.075550
v 0.028636 -0.037707 0.074968
v 0.028636 0.037707 0.074968
v 0.020351 -0.037707 0.073280
v 0.020351 0.037707 0.073280
v 0.012656 -0.037707 0.070574
v 0.012656 0.037707 0.070574
v 0.005592 -0.037707 0.066938
v 0.005592 0.037707 0.066938
v -0.000799 -0.037707 0.062461
v -0.000799 0.037707 0.062461
v -0.006474 -0.037707 0.057229
v -0.006474 0.037707 0.057229
v -0.011392 -0.037707 0.051332
v -0.011392 0.037707 0.051332
v -0.015509 -0.037707 0.044858
v -0.015509 0.037707 0.044858
v -0.018785 -0.037707 0.037893
v -0.018785 0.037707 0.037893
v -0.021177 -0.037707 0.030527
v -0.021177 0.037707 0.030527
v -0.022644 -0.037707 0.022847
v -0.022644 0.037707 0.022847
v -0.023142 -0.037707 0.014941
v -0.023142 0.037707 0.014941
v -0.022241 -0.037707 0.003373
v -0.022241 0.037707 0.003373
v -0.019652 -0.037707 -0.006887
v -0.019652 0.037707 -0.006887
v -0.015548 -0.037707 -0.015958
v -0.015548 0.037707 -0.015958
v -0.010102 -0.037707 -0.023955
v -0.010102 0.037707 -0.023955
v -0.003484 -0.037707 -0.030996
v -0.003484 0.037707 -0.030996
v 0.004132 -0.037707 -0.037197
v 0.004132 0.037707 -0.037197
v 0.012575 -0.037707 -0.042675
v 0.012575 0.037707 -0.042675
v 0.021672 -0.037707 -0.047546
v 0.021672 0.037707 -0.047546
v 0.031252 -0.037707 -0.051927
v 0.031252 0.037707 -0.051927
v 0.041141 -0.037707 -0.055936
v 0.041141 0.037707 -0.055936
v 0.051168 -0.037707 -0.059688
v 0.051168 0.037707 -0.059688
v 0.061160 -0.037707 -0.063300
v 0.061160 0.037707 -0.063300
v 0.104689 -0.037707 -0.078728
v 0.104689 0.037707 -0.078728
v 0.104689 -0.037707 -0.091952
v 0.104689 0.037707 -0.091952
v 0.104379 -0.037707 -0.099290
v 0.104379 0.037707 -0.099290
v 0.103449 -0.037707 -0.105890
v 0.103449 0.037707 -0.105890
v 0.101899 -0.037707 -0.111770
v 0.101899 0.037707 -0.111770
v 0.099730 -0.037707 -0.116951
v 0.099730 0.037707 -0.116951
v 0.096940 -0.037707 -0.121450
v 0.096940 0.037707 -0.121450
v 0.093531 -0.037707 -0.125287
v 0.093531 0.037707 -0.125287
v 0.089502 -0.037707 -0.128481
v 0.089502 0.037707 -0.128481
v 0.084853 -0.037707 -0.131052
v 0.084853 0.037707 -0.131052
v 0.079584 -0.037707 -0.133018
v 0.079584 0.037707 -0.133018
v 0.073695 -0.037707 -0.134399
v 0.073695 0.037707 -0.134399
v 0.067187 -0.037707 -0.135213
v 0.067187 0.037707 -0.135213
v 0.060058 -0.037707 -0.135480
v 0.060058 0.037707 -0.135480
v 0.053300 -0.037707 -0.135215
v 0.053300 0.037707 -0.135215
v 0.046533 -0.037707 -0.134412
v 0.046533 0.037707 -0.134412
v 0.039775 -0.037707 -0.133061
v 0.039775 0.037707 -0.133061
v 0.033039 -0.037707 -0.131154
v 0.033039 0.037707 -0.131154
v 0.026342 -0.037707 -0.128681
v 0.026342 0.037707 -0.128681
v 0.019698 -0.037707 -0.125631
v 0.019698 0.037707 -0.125631
v 0.013123 -0.037707 -0.121997
v 0.013123 0.037707 -0.121997
v 0.006632 -0.037707 -0.117767
v 0.006632 0.037707 -0.117767
v 0.000241 -0.037707 -0.112933
v 0.000241 0.037707 -0.112933
v -0.006035 -0.037707 -0.107484
v -0.006035 0.037707 -0.107484
v -0.012182 -0.037707 -0.101412
v -0.012182 0.037707 -0.101412
v -0.018183 -0.037707 -0.094707
v -0.018183 0.037707 -0.094707
v -0.018183 -0.037707 -0.148153
v -0.018183 0.037707 -0.148153
v -0.013200 -0.037707 -0.153560
v -0.013200 0.037707 -0.153560
v -0.007892 -0.037707 -0.158487
v -0.007892 0.037707 -0.158487
v -0.002256 -0.037707 -0.162935
v -0.002256 0.037707 -0.162935
v 0.003714 -0.037707 -0.166907
v 0.003714 0.037707 -0.166907
v 0.010021 -0.037707 -0.170405
v 0.010021 0.037707 -0.170405
v 0.016668 -0.037707 -0.173430
v 0.016668 0.037707 -0.173430
v 0.023659 -0.037707 -0.175984
v 0.023659 0.037707 -0.175984
v 0.030998 -0.037707 -0.178070
v 0.030998 0.037707 -0.178070
v 0.038690 -0.037707 -0.179689
v 0.038690 0.037707 -0.179689
v 0.046737 -0.037707 -0.180843
v 0.046737 0.037707 -0.180843
v 0.055145 -0.037707 -0.181534
v 0.055145 0.037707 -0.181534
v 0.063915 -0.037707 -0.181764
v 0.063915 0.037707 -0.181764
v 0.076215 -0.037707 -0.181233
v 0.076215 0.037707 -0.181233
v 0.087978 -0.037707 -0.179626
v 0.087978 0.037707 -0.179626
v 0.099101 -0.037707 -0.176925
v 0.099101 0.037707 -0.176925
v 0.109484 -0.037707 -0.173111
v 0.109484 0.037707 -0.173111
v 0.119026 -0.037707 -0.168164
v 0.119026 0.037707 -0.168164
v 0.127624 -0.037707 -0.162066
v 0.127624 0.037707 -0.162066
v 0.135177 -0.037707 -0.154796
v 0.135177 0.037707 -0.154796
v 0.141585 -0.037707 -0.146337
v 0.141585 0.037707 -0.146337
v 0.146745 -0.037707 -0.136668
v 0.146745 0.037707 -0.136668
v 0.150556 -0.037707 -0.125772
v 0.150556 0.037707 -0.125772
v 0.152917 -0.037707 -0.113628
v 0.152917 0.037707 -0.113628
v 0.153727 -0.037707 -0.100217
v 0.153727 0.037707 -0.100217
v 0.153727 -0.037707 0.027063
v 0.153727 0.037707 0.027063
v 0.153796 -0.037707 0.029280
v 0.153796 0.037707 0.029280
v 0.154000 -0.037707 0.031254
v 0.154000 0.037707 0.031254
v 0.154338 -0.037707 0.032994
v 0.154338 0.037707 0.032994
v 0.154809 -0.037707 0.034511
v 0.154809 0.037707 0.034511
v 0.155409 -0.037707 0.035814
v 0.155409 0.037707 0.035814
v 0.156138 -0.037707 0.036912
v 0.156138 0.037707 0.036912
v 0.156992 -0.037707 0.037814
v 0.156992 0.037707 0.037814
v 0.157972 -0.037707 0.038531
v 0.157972 0.037707 0.038531
v 0.159073 -0.037707 0.039072
v 0.159073 0.037707 0.039072
v 0.160296 -0.037707 0.039447
v 0.160296 0.037707 0.039447
v 0.161636 -0.037707 0.039665
v 0.161636 0.037707 0.039665
v 0.163094 -0.037707 0.039735
v 0.163094 0.037707 0.039735
v 0.164435 -0.037707 0.039633
v 0.164435 0.037707 0.039633
v 0.165969 -0.037707 0.039330
v 0.165969 0.037707 0.039330
v 0.167683 -0.037707 0.038831
v 0.167683 0.037707 0.038831
v 0.169563 -0.037707 0.038144
v 0.169563 0.037707 0.038144
v 0.171596 -0.037707 0.037272
v 0.171596 0.037707 0.037272
v 0.173769 -0.037707 0.036223
v 0.173769 0.037707 0.036223
v 0.176069 -0.037707 0.035001
v 0.176069 0.037707 0.035001
v 0.178481 -0.037707 0.033613
v 0.178481 0.037707 0.033613
v 0.180993 -0.037707 0.032064
v 0.180993 0.037707 0.032064
v 0.183590 -0.037707 0.030361
v 0.183590 0.037707 0.030361
v 0.186261 -0.037707 0.028508
v 0.186261 0.037707 0.028508
v 0.188991 -0.037707 0.026512
v 0.188991 0.037707 0.026512
v 0.188991 -0.037707 0.056265
v 0.188991 0.037707 0.056265
v 0.094352 -0.037707 -0.048139
v 0.094352 0.037707 -0.048139
v 0.084353 -0.037707 -0.044498
v 0.084353 0.037707 -0.044498
v 0.074797 -0.037707 -0.040753
v 0.074797 0.037707 -0.040753
v 0.065793 -0.037707 -0.036853
v 0.065793 0.037707 -0.036853
v 0.057446 -0.037707 -0.032746
v 0.057446 0.037707 -0.032746
v 0.049865 -0.037707 -0.028381
v 0.049865 0.037707 -0.028381
v 0.043156 -0.037707 -0.023706
v 0.043156 0.037707 -0.023706
v 0.037427 -0.037707 -0.018670
v 0.037427 0.037707 -0.018670
v 0.032784 -0.037707 -0.013220
v 0.032784 0.037707 -0.013220
v 0.029335 -0.037707 -0.007306
v 0.029335 0.037707 -0.007306
v 0.027187 -0.037707 -0.000875
v 0.027187 0.037707 -0.000875
v 0.026448 -0.037707 0.006125
v 0.026448 0.037707 0.006125
v 0.026752 -0.037707 0.011090
v 0.026752 0.037707 0.011090
v 0.027644 -0.037707 0.015775
v 0.027644 0.037707 0.015775
v 0.029091 -0.037707 0.020149
v 0.029091 0.037707 0.020149
v 0.031060 -0.037707 0.024185
v 0.031060 0.037707 0.024185
v 0.033518 -0.037707 0.027854
v 0.033518 0.037707 0.027854
v 0.036434 -0.037707 0.031126
v 0.036434 0.037707 0.031126
v 0.039775 -0.037707 0.033974
v 0.039775 0.037707 0.033974
v 0.043508 -0.037707 0.036368
v 0.043508 0.037707 0.036368
v 0.047601 -0.037707 0.038280
v 0.047601 0.037707 0.038280
v 0.052020 -0.037707 0.039682
v 0.052020 0.037707 0.039682
v 0.056735 -0.037707 0.040544
v 0.056735 0.037707 0.040544
v 0.061711 -0.037707 0.040837
v 0.061711 0.037707 0.040837
v 0.065545 -0.037707 0.040678
v 0.065545 0.037707 0.040678
v 0.069333 -0.037707 0.040207
v 0.069333 0.037707 0.040207
v 0.073075 -0.037707 0.039434
v 0.073075 0.037707 0.039434
v 0.076772 -0.037707 0.038368
v 0.076772 0.037707 0.038368
v 0.080422 -0.037707 0.037019
v 0.080422 0.037707 0.037019
v 0.084026 -0.037707 0.035396
v 0.084026 0.037707 0.035396
v 0.087585 -0.037707 0.033510
v 0.087585 0.037707 0.033510
v 0.091098 -0.037707 0.031368
v 0.091098 0.037707 0.031368
v 0.094564 -0.037707 0.028982
v 0.094564 0.037707 0.028982
v 0.097985 -0.037707 0.026361
v 0.097985 0.037707 0.026361
v 0.101360 -0.037707 0.023514
v 0.101360 0.037707 0.023514
v 0.104689 -0.037707 0.020451
v 0.104689 0.037707 0.020451
v 0.104689 -0.037707 -0.051729
v 0.104689 0.037707 -0.051729
v 0.209377 -0.037707 0.197319
v 0.209377 0.037707 0.197319
v 0.293679 -0.037707 0.017696
v 0.293679 0.037707 0.017696
v 0.197806 -0.037707 -0.176805
v 0.197806 0.037707 -0.176805
v 0.253457 -0.037707 -0.176805
v 0.253457 0.037707 -0.176805
v 0.320127 -0.037707 -0.037404
v 0.320127 0.037707 -0.037404
v 0.384042 -0.037707 -0.176805
v 0.384042 0.037707 -0.176805
v 0.439141 -0.037707 -0.176805
v 0.439141 0.037707 -0.176805
v 0.263926 -0.037707 0.197319
v 0.263926 0.037707 0.197319
v -0.512148 -0.037707 0.748312
v -0.512148 0.037707 0.748312
v -0.528025 -0.037707 0.731413
v -0.528025 0.037707 0.731413
v -0.542833 -0.037707 0.713309
v -0.542833 0.037707 0.713309
v -0.556511 -0.037707 0.694125
v -0.556511 0.037707 0.694125
v -0.569002 -0.037707 0.673989
v -0.569002 0.037707 0.673989
v -0.580245 -0.037707 0.653027
v -0.580245 0.037707 0.653027
v -0.590182 -0.037707 0.631364
v -0.590182 0.037707 0.631364
v -0.598753 -0.037707 0.609127
v -0.598753 0.037707 0.609127
v -0.605898 -0.037707 0.586443
v -0.605898 0.037707 0.586443
v -0.611559 -0.037707 0.563437
v -0.611559 0.037707 0.563437
v -0.615676 -0.037707 0.540236
v -0.615676 0.037707 0.540236
v -0.618189 -0.037707 0.516966
v -0.618189 0.037707 0.516966
v -0.619040 -0.037707 0.493753
v -0.619040 0.037707 0.493753
v -0.618189 -0.037707 0.470541
v -0.618189 0.037707 0.470541
v -0.615676 -0.037707 0.447271
v -0.615676 0.037707 0.447271
v -0.611559 -0.037707 0.424070
v -0.611559 0.037707 0.424070
v -0.605898 -0.037707 0.401064
v -0.605898 0.037707 0.401064
v -0.598753 -0.037707 0.378380
v -0.598753 0.037707 0.378380
v -0.590182 -0.037707 0.356143
v -0.590182 0.037707 0.356143
v -0.580245 -0.037707 0.334480
v -0.580245 0.037707 0.334480
v -0.569002 -0.037707 0.313518
v -0.569002 0.037707 0.313518
v -0.556511 -0.037707 0.293381
v -0.556511 0.037707 0.293381
v -0.542833 -0.037707 0.274198
v -0.542833 0.037707 0.274198
v -0.528025 -0.037707 0.256094
v -0.528025 0.037707 0.256094
v -0.512148 -0.037707 0.239195
v -0.512148 0.037707 0.239195
v -0.482945 -0.037707 0.239195
v -0.482945 0.037707 0.239195
v -0.495734 -0.037707 0.257230
v -0.495734 0.037707 0.257230
v -0.507380 -0.037707 0.275805
v -0.507380 0.037707 0.275805
v -0.517890 -0.037707 0.294931
v -0.517890 0.037707 0.294931
v -0.527270 -0.037707 0.314620
v -0.527270 0.037707 0.314620
v -0.535524 -0.037707 0.334882
v -0.535524 0.037707 0.334882
v -0.542659 -0.037707 0.355730
v -0.542659 0.037707 0.355730
v -0.548681 -0.037707 0.377174
v -0.548681 0.037707 0.377174
v -0.553595 -0.037707 0.399228
v -0.553595 0.037707 0.399228
v -0.557407 -0.037707 0.421901
v -0.557407 0.037707 0.421901
v -0.560123 -0.037707 0.445205
v -0.560123 0.037707 0.445205
v -0.561748 -0.037707 0.469152
v -0.561748 0.037707 0.469152
v -0.562288 -0.037707 0.493753
v -0.562288 0.037707 0.493753
v -0.561748 -0.037707 0.518355
v -0.561748 0.037707 0.518355
v -0.560122 -0.037707 0.542302
v -0.560122 0.037707 0.542302
v -0.557407 -0.037707 0.565606
v -0.557407 0.037707 0.565606
v -0.553595 -0.037707 0.588279
v -0.553595 0.037707 0.588279
v -0.548681 -0.037707 0.610332
v -0.548681 0.037707 0.610332
v -0.542659 -0.037707 0.631777
v -0.542659 0.037707 0.631777
v -0.535524 -0.037707 0.652625
v -0.535524 0.037707 0.652625
v -0.527270 -0.037707 0.672887
v -0.527270 0.037707 0.672887
v -0.517890 -0.037707 0.692576
v -0.517890 0.037707 0.692576
v -0.507380 -0.037707 0.711702
v -0.507380 0.037707 0.711702
v -0.495734 -0.037707 0.730277
v -0.495734 0.037707 0.730277
v -0.482945 -0.037707 0.748312
v -0.482945 0.037707 0.748312
v -0.242390 -0.037707 0.602082
v -0.242390 0.037707 0.602082
v -0.249727 -0.037707 0.606391
v -0.249727 0.037707 0.606391
v -0.257073 -0.037707 0.610271
v -0.257073 0.037707 0.610271
v -0.264487 -0.037707 0.613727
v -0.264487 0.037707 0.613727
v -0.272031 -0.037707 0.616762
v -0.272031 0.037707 0.616762
v -0.279767 -0.037707 0.619380
v -0.279767 0.037707 0.619380
v -0.287755 -0.037707 0.621584
v -0.287755 0.037707 0.621584
v -0.296057 -0.037707 0.623380
v -0.296057 0.037707 0.623380
v -0.304733 -0.037707 0.624769
v -0.304733 0.037707 0.624769
v -0.313847 -0.037707 0.625757
v -0.313847 0.037707 0.625757
v -0.323457 -0.037707 0.626347
v -0.323457 0.037707 0.626347
v -0.333626 -0.037707 0.626543
v -0.333626 0.037707 0.626543
v -0.352194 -0.037707 0.625256
v -0.352194 0.037707 0.625256
v -0.369308 -0.037707 0.621533
v -0.369308 0.037707 0.621533
v -0.384937 -0.037707 0.615574
v -0.384937 0.037707 0.615574
v -0.399051 -0.037707 0.607584
v -0.399051 0.037707 0.607584
v -0.411620 -0.037707 0.597765
v -0.411620 0.037707 0.597765
v -0.422612 -0.037707 0.586320
v -0.422612 0.037707 0.586320
v -0.431996 -0.037707 0.573452
v -0.431996 0.037707 0.573452
v -0.439743 -0.037707 0.559362
v -0.439743 0.037707 0.559362
v -0.445822 -0.037707 0.544255
v -0.445822 0.037707 0.544255
v -0.450202 -0.037707 0.528333
v -0.450202 0.037707 0.528333
v -0.452852 -0.037707 0.511799
v -0.452852 0.037707 0.511799
v -0.453743 -0.037707 0.494855
v -0.453743 0.037707 0.494855
v -0.452771 -0.037707 0.476642
v -0.452771 0.037707 0.476642
v -0.449916 -0.037707 0.459531
v -0.449916 0.037707 0.459531
v -0.445271 -0.037707 0.443613
v -0.445271 0.037707 0.443613
v -0.438927 -0.037707 0.428981
v -0.438927 0.037707 0.428981
v -0.430976 -0.037707 0.415727
v -0.430976 0.037707 0.415727
v -0.421510 -0.037707 0.403942
v -0.421510 0.037707 0.403942
v -0.410620 -0.037707 0.393718
v -0.410620 0.037707 0.393718
v -0.398398 -0.037707 0.385147
v -0.398398 0.037707 0.385147
v -0.384937 -0.037707 0.378320
v -0.384937 0.037707 0.378320
v -0.370328 -0.037707 0.373331
v -0.370328 0.037707 0.373331
v -0.354663 -0.037707 0.370270
v -0.354663 0.037707 0.370270
v -0.338034 -0.037707 0.369229
v -0.338034 0.037707 0.369229
v -0.322146 -0.037707 0.370160
v -0.322146 0.037707 0.370160
v -0.307309 -0.037707 0.372958
v -0.307309 0.037707 0.372958
v -0.293584 -0.037707 0.377632
v -0.293584 0.037707 0.377632
v -0.281037 -0.037707 0.384188
v -0.281037 0.037707 0.384188
v -0.269729 -0.037707 0.392634
v -0.269729 0.037707 0.392634
v -0.259724 -0.037707 0.402977
v -0.259724 0.037707 0.402977
v -0.251085 -0.037707 0.415227
v -0.251085 0.037707 0.415227
v -0.243876 -0.037707 0.429389
v -0.243876 0.037707 0.429389
v -0.238158 -0.037707 0.445473
v -0.238158 0.037707 0.445473
v -0.233996 -0.037707 0.463485
v -0.233996 0.037707 0.463485
v -0.231452 -0.037707 0.483433
v -0.231452 0.037707 0.483433
v -0.230590 -0.037707 0.505324
v -0.230590 0.037707 0.505324
v -0.404704 -0.037707 0.505324
v -0.404704 0.037707 0.505324
v -0.402352 -0.037707 0.517089
v -0.402352 0.037707 0.517089
v -0.399153 -0.037707 0.527861
v -0.399153 0.037707 0.527861
v -0.395113 -0.037707 0.537635
v -0.395113 0.037707 0.537635
v -0.390236 -0.037707 0.546404
v -0.390236 0.037707 0.546404
v -0.384523 -0.037707 0.554163
v -0.384523 0.037707 0.554163
v -0.377981 -0.037707 0.560906
v -0.377981 0.037707 0.560906
v -0.370612 -0.037707 0.566627
v -0.370612 0.037707 0.566627
v -0.362421 -0.037707 0.571321
v -0.362421 0.037707 0.571321
v -0.353410 -0.037707 0.574982
v -0.353410 0.037707 0.574982
v -0.343585 -0.037707 0.577604
v -0.343585 0.037707 0.577604
v -0.332948 -0.037707 0.579181
v -0.332948 0.037707 0.579181
v -0.321504 -0.037707 0.579708
v -0.321504 0.037707 0.579708
v -0.314099 -0.037707 0.579481
v -0.314099 0.037707 0.579481
v -0.306755 -0.037707 0.578805
v -0.306755 0.037707 0.578805
v -0.299465 -0.037707 0.577694
v -0.299465 0.037707 0.577694
v -0.292220 -0.037707 0.576157
v -0.292220 0.037707 0.576157
v -0.285014 -0.037707 0.574208
v -0.285014 0.037707 0.574208
v -0.277838 -0.037707 0.571857
v -0.277838 0.037707 0.571857
v -0.270685 -0.037707 0.569115
v -0.270685 0.037707 0.569115
v -0.263548 -0.037707 0.565995
v -0.263548 0.037707 0.565995
v -0.256418 -0.037707 0.562507
v -0.256418 0.037707 0.562507
v -0.249289 -0.037707 0.558663
v -0.249289 0.037707 0.558663
v -0.242151 -0.037707 0.554476
v -0.242151 0.037707 0.554476
v -0.234998 -0.037707 0.549955
v -0.234998 0.037707 0.549955
v -0.234998 -0.037707 0.597340
v -0.234998 0.037707 0.597340
v -0.279901 -0.037707 0.463742
v -0.279901 0.037707 0.463742
v -0.281527 -0.037707 0.455276
v -0.281527 0.037707 0.455276
v -0.283933 -0.037707 0.447453
v -0.283933 0.037707 0.447453
v -0.287098 -0.037707 0.440307
v -0.287098 0.037707 0.440307
v -0.290997 -0.037707 0.433873
v -0.290997 0.037707 0.433873
v -0.295608 -0.037707 0.428185
v -0.295608 0.037707 0.428185
v -0.300907 -0.037707 0.423278
v -0.300907 0.037707 0.423278
v -0.306872 -0.037707 0.419186
v -0.306872 0.037707 0.419186
v -0.313480 -0.037707 0.415943
v -0.313480 0.037707 0.415943
v -0.320708 -0.037707 0.413584
v -0.320708 0.037707 0.413584
v -0.328533 -0.037707 0.412143
v -0.328533 0.037707 0.412143
v -0.336932 -0.037707 0.411655
v -0.336932 0.037707 0.411655
v -0.345988 -0.037707 0.412112
v -0.345988 0.037707 0.412112
v -0.354421 -0.037707 0.413469
v -0.354421 0.037707 0.413469
v -0.362226 -0.037707 0.415710
v -0.362226 0.037707 0.415710
v -0.369400 -0.037707 0.418818
v -0.369400 0.037707 0.418818
v -0.375938 -0.037707 0.422776
v -0.375938 0.037707 0.422776
v -0.381838 -0.037707 0.427565
v -0.381838 0.037707 0.427565
v -0.387095 -0.037707 0.433170
v -0.387095 0.037707 0.433170
v -0.391705 -0.037707 0.439572
v -0.391705 0.037707 0.439572
v -0.395665 -0.037707 0.446755
v -0.395665 0.037707 0.446755
v -0.398970 -0.037707 0.454702
v -0.398970 0.037707 0.454702
v -0.401617 -0.037707 0.463394
v -0.401617 0.037707 0.463394
v -0.403602 -0.037707 0.472816
v -0.403602 0.037707 0.472816
v -0.279078 -0.037707 0.472816
v -0.279078 0.037707 0.472816
v 0.008667 -0.037707 0.610763
v 0.008667 0.037707 0.610763
v 0.003768 -0.037707 0.613852
v 0.003768 0.037707 0.613852
v -0.000715 -0.037707 0.616547
v -0.000715 0.037707 0.616547
v -0.004847 -0.037707 0.618870
v -0.004847 0.037707 0.618870
v -0.008696 -0.037707 0.620840
v -0.008696 0.037707 0.620840
v -0.012328 -0.037707 0.622479
v -0.012328 0.037707 0.622479
v -0.015812 -0.037707 0.623809
v -0.015812 0.037707 0.623809
v -0.019213 -0.037707 0.624849
v -0.019213 0.037707 0.624849
v -0.022599 -0.037707 0.625622
v -0.022599 0.037707 0.625622
v -0.026037 -0.037707 0.626147
v -0.026037 0.037707 0.626147
v -0.029593 -0.037707 0.626447
v -0.029593 0.037707 0.626447
v -0.033335 -0.037707 0.626543
v -0.033335 0.037707 0.626543
v -0.038502 -0.037707 0.626381
v -0.038502 0.037707 0.626381
v -0.043266 -0.037707 0.625890
v -0.043266 0.037707 0.625890
v -0.047635 -0.037707 0.625062
v -0.047635 0.037707 0.625062
v -0.051620 -0.037707 0.623890
v -0.051620 0.037707 0.623890
v -0.055230 -0.037707 0.622366
v -0.055230 0.037707 0.622366
v -0.058474 -0.037707 0.620482
v -0.058474 0.037707 0.620482
v -0.061363 -0.037707 0.618231
v -0.061363 0.037707 0.618231
v -0.063905 -0.037707 0.615605
v -0.063905 0.037707 0.615605
v -0.066111 -0.037707 0.612596
v -0.066111 0.037707 0.612596
v -0.067989 -0.037707 0.609197
v -0.067989 0.037707 0.609197
v -0.069550 -0.037707 0.605400
v -0.069550 0.037707 0.605400
v -0.070803 -0.037707 0.601197
v -0.070803 0.037707 0.601197
v -0.076197 -0.037707 0.605284
v -0.076197 0.037707 0.605284
v -0.081634 -0.037707 0.609005
v -0.081634 0.037707 0.609005
v -0.087109 -0.037707 0.612363
v -0.087109 0.037707 0.612363
v -0.092618 -0.037707 0.615360
v -0.092618 0.037707 0.615360
v -0.098158 -0.037707 0.617996
v -0.098158 0.037707 0.617996
v -0.103724 -0.037707 0.620275
v -0.103724 0.037707 0.620275
v -0.109314 -0.037707 0.622198
v -0.109314 0.037707 0.622198
v -0.114923 -0.037707 0.623767
v -0.114923 0.037707 0.623767
v -0.120547 -0.037707 0.624985
v -0.120547 0.037707 0.624985
v -0.126182 -0.037707 0.625851
v -0.126182 0.037707 0.625851
v -0.131826 -0.037707 0.626370
v -0.131826 0.037707 0.626370
v -0.137473 -0.037707 0.626543
v -0.137473 0.037707 0.626543
v -0.146305 -0.037707 0.625960
v -0.146305 0.037707 0.625960
v -0.154589 -0.037707 0.624272
v -0.154589 0.037707 0.624272
v -0.162285 -0.037707 0.621567
v -0.162285 0.037707 0.621567
v -0.169349 -0.037707 0.617931
v -0.169349 0.037707 0.617931
v -0.175739 -0.037707 0.613453
v -0.175739 0.037707 0.613453
v -0.181414 -0.037707 0.608222
v -0.181414 0.037707 0.608222
v -0.186332 -0.037707 0.602325
v -0.186332 0.037707 0.602325
v -0.190450 -0.037707 0.595850
v -0.190450 0.037707 0.595850
v -0.193726 -0.037707 0.588886
v -0.193726 0.037707 0.588886
v -0.196118 -0.037707 0.581519
v -0.196118 0.037707 0.581519
v -0.197584 -0.037707 0.573839
v -0.197584 0.037707 0.573839
v -0.198082 -0.037707 0.565933
v -0.198082 0.037707 0.565933
v -0.197181 -0.037707 0.554366
v -0.197181 0.037707 0.554366
v -0.194592 -0.037707 0.544106
v -0.194592 0.037707 0.544106
v -0.190489 -0.037707 0.535035
v -0.190489 0.037707 0.535035
v -0.185042 -0.037707 0.527038
v -0.185042 0.037707 0.527038
v -0.178424 -0.037707 0.519997
v -0.178424 0.037707 0.519997
v -0.170808 -0.037707 0.513796
v -0.170808 0.037707 0.513796
v -0.162365 -0.037707 0.508318
v -0.162365 0.037707 0.508318
v -0.153268 -0.037707 0.503447
v -0.153268 0.037707 0.503447
v -0.143689 -0.037707 0.499065
v -0.143689 0.037707 0.499065
v -0.133799 -0.037707 0.495057
v -0.133799 0.037707 0.495057
v -0.123772 -0.037707 0.491305
v -0.123772 0.037707 0.491305
v -0.113780 -0.037707 0.487693
v -0.113780 0.037707 0.487693
v -0.070252 -0.037707 0.472265
v -0.070252 0.037707 0.472265
v -0.070252 -0.037707 0.459041
v -0.070252 0.037707 0.459041
v -0.070561 -0.037707 0.451703
v -0.070561 0.037707 0.451703
v -0.071491 -0.037707 0.445103
v -0.071491 0.037707 0.445103
v -0.073041 -0.037707 0.439222
v -0.073041 0.037707 0.439222
v -0.075210 -0.037707 0.434042
v -0.075210 0.037707 0.434042
v -0.078000 -0.037707 0.429543
v -0.078000 0.037707 0.429543
v -0.081409 -0.037707 0.425706
v -0.081409 0.037707 0.425706
v -0.085438 -0.037707 0.422511
v -0.085438 0.037707 0.422511
v -0.090087 -0.037707 0.419941
v -0.090087 0.037707 0.419941
v -0.095356 -0.037707 0.417975
v -0.095356 0.037707 0.417975
v -0.101245 -0.037707 0.416594
v -0.101245 0.037707 0.416594
v -0.107754 -0.037707 0.415780
v -0.107754 0.037707 0.415780
v -0.114882 -0.037707 0.415512
v -0.114882 0.037707 0.415512
v -0.121641 -0.037707 0.415778
v -0.121641 0.037707 0.415778
v -0.128407 -0.037707 0.416581
v -0.128407 0.037707 0.416581
v -0.135165 -0.037707 0.417932
v -0.135165 0.037707 0.417932
v -0.141901 -0.037707 0.419839
v -0.141901 0.037707 0.419839
v -0.148598 -0.037707 0.422312
v -0.148598 0.037707 0.422312
v -0.155242 -0.037707 0.425361
v -0.155242 0.037707 0.425361
v -0.161817 -0.037707 0.428996
v -0.161817 0.037707 0.428996
v -0.168308 -0.037707 0.433226
v -0.168308 0.037707 0.433226
v -0.174699 -0.037707 0.438060
v -0.174699 0.037707 0.438060
v -0.180976 -0.037707 0.443509
v -0.180976 0.037707 0.443509
v -0.187122 -0.037707 0.449581
v -0.187122 0.037707 0.449581
v -0.193123 -0.037707 0.456286
v -0.193123 0.037707 0.456286
v -0.193123 -0.037707 0.402840
v -0.193123 0.037707 0.402840
v -0.188140 -0.037707 0.397433
v -0.188140 0.037707 0.397433
v -0.182833 -0.037707 0.392506
v -0.182833 0.037707 0.392506
v -0.177196 -0.037707 0.388058
v -0.177196 0.037707 0.388058
v -0.171226 -0.037707 0.384085
v -0.171226 0.037707 0.384085
v -0.164920 -0.037707 0.380588
v -0.164920 0.037707 0.380588
v -0.158273 -0.037707 0.377563
v -0.158273 0.037707 0.377563
v -0.151281 -0.037707 0.375008
v -0.151281 0.037707 0.375008
v -0.143942 -0.037707 0.372923
v -0.143942 0.037707 0.372923
v -0.136250 -0.037707 0.371304
v -0.136250 0.037707 0.371304
v -0.128203 -0.037707 0.370150
v -0.128203 0.037707 0.370150
v -0.119796 -0.037707 0.369459
v -0.119796 0.037707 0.369459
v -0.111025 -0.037707 0.369229
v -0.111025 0.037707 0.369229
v -0.098725 -0.037707 0.369760
v -0.098725 0.037707 0.369760
v -0.086962 -0.037707 0.371367
v -0.086962 0.037707 0.371367
v -0.075839 -0.037707 0.374067
v -0.075839 0.037707 0.374067
v -0.065456 -0.037707 0.377882
v -0.065456 0.037707 0.377882
v -0.055915 -0.037707 0.382828
v -0.055915 0.037707 0.382828
v -0.047316 -0.037707 0.388927
v -0.047316 0.037707 0.388927
v -0.039763 -0.037707 0.396196
v -0.039763 0.037707 0.396196
v -0.033355 -0.037707 0.404656
v -0.033355 0.037707 0.404656
v -0.028195 -0.037707 0.414324
v -0.028195 0.037707 0.414324
v -0.024384 -0.037707 0.425221
v -0.024384 0.037707 0.425221
v -0.022023 -0.037707 0.437365
v -0.022023 0.037707 0.437365
v -0.021213 -0.037707 0.450776
v -0.021213 0.037707 0.450776
v -0.021213 -0.037707 0.578055
v -0.021213 0.037707 0.578055
v -0.021145 -0.037707 0.580272
v -0.021145 0.037707 0.580272
v -0.020940 -0.037707 0.582247
v -0.020940 0.037707 0.582247
v -0.020602 -0.037707 0.583987
v -0.020602 0.037707 0.583987
v -0.020132 -0.037707 0.585504
v -0.020132 0.037707 0.585504
v -0.019531 -0.037707 0.586807
v -0.019531 0.037707 0.586807
v -0.018803 -0.037707 0.587904
v -0.018803 0.037707 0.587904
v -0.017948 -0.037707 0.588807
v -0.017948 0.037707 0.588807
v -0.016969 -0.037707 0.589524
v -0.016969 0.037707 0.589524
v -0.015867 -0.037707 0.590065
v -0.015867 0.037707 0.590065
v -0.014645 -0.037707 0.590440
v -0.014645 0.037707 0.590440
v -0.013304 -0.037707 0.590658
v -0.013304 0.037707 0.590658
v -0.011846 -0.037707 0.590728
v -0.011846 0.037707 0.590728
v -0.010505 -0.037707 0.590626
v -0.010505 0.037707 0.590626
v -0.008971 -0.037707 0.590322
v -0.008971 0.037707 0.590322
v -0.007258 -0.037707 0.589824
v -0.007258 0.037707 0.589824
v -0.005377 -0.037707 0.589136
v -0.005377 0.037707 0.589136
v -0.003344 -0.037707 0.588265
v -0.003344 0.037707 0.588265
v -0.001171 -0.037707 0.587216
v -0.001171 0.037707 0.587216
v 0.001128 -0.037707 0.585994
v 0.001128 0.037707 0.585994
v 0.003541 -0.037707 0.584606
v 0.003541 0.037707 0.584606
v 0.006052 -0.037707 0.583057
v 0.006052 0.037707 0.583057
v 0.008650 -0.037707 0.581354
v 0.008650 0.037707 0.581354
v 0.011321 -0.037707 0.579501
v 0.011321 0.037707 0.579501
v 0.014050 -0.037707 0.577504
v 0.014050 0.037707 0.577504
v 0.014050 -0.037707 0.607258
v 0.014050 0.037707 0.607258
v -0.080588 -0.037707 0.502853
v -0.080588 0.037707 0.502853
v -0.090587 -0.037707 0.506495
v -0.090587 0.037707 0.506495
v -0.100143 -0.037707 0.510240
v -0.100143 0.037707 0.510240
v -0.109148 -0.037707 0.514140
v -0.109148 0.037707 0.514140
v -0.117494 -0.037707 0.518247
v -0.117494 0.037707 0.518247
v -0.125075 -0.037707 0.522612
v -0.125075 0.037707 0.522612
v -0.131784 -0.037707 0.527287
v -0.131784 0.037707 0.527287
v -0.137514 -0.037707 0.532323
v -0.137514 0.037707 0.532323
v -0.142156 -0.037707 0.537773
v -0.142156 0.037707 0.537773
v -0.145605 -0.037707 0.543687
v -0.145605 0.037707 0.543687
v -0.147753 -0.037707 0.550118
v -0.147753 0.037707 0.550118
v -0.148493 -0.037707 0.557118
v -0.148493 0.037707 0.557118
v -0.148188 -0.037707 0.562083
v -0.148188 0.037707 0.562083
v -0.147296 -0.037707 0.566768
v -0.147296 0.037707 0.566768
v -0.145850 -0.037707 0.571142
v -0.145850 0.037707 0.571142
v -0.143881 -0.037707 0.575178
v -0.143881 0.037707 0.575178
v -0.141422 -0.037707 0.578846
v -0.141422 0.037707 0.578846
v -0.138506 -0.037707 0.582119
v -0.138506 0.037707 0.582119
v -0.135165 -0.037707 0.584967
v -0.135165 0.037707 0.584967
v -0.131432 -0.037707 0.587361
v -0.131432 0.037707 0.587361
v -0.127340 -0.037707 0.589273
v -0.127340 0.037707 0.589273
v -0.122920 -0.037707 0.590675
v -0.122920 0.037707 0.590675
v -0.118205 -0.037707 0.591537
v -0.118205 0.037707 0.591537
v -0.113229 -0.037707 0.591830
v -0.113229 0.037707 0.591830
v -0.109395 -0.037707 0.591671
v -0.109395 0.037707 0.591671
v -0.105607 -0.037707 0.591200
v -0.105607 0.037707 0.591200
v -0.101865 -0.037707 0.590427
v -0.101865 0.037707 0.590427
v -0.098169 -0.037707 0.589361
v -0.098169 0.037707 0.589361
v -0.094518 -0.037707 0.588012
v -0.094518 0.037707 0.588012
v -0.090914 -0.037707 0.586389
v -0.090914 0.037707 0.586389
v -0.087355 -0.037707 0.584502
v -0.087355 0.037707 0.584502
v -0.083843 -0.037707 0.582361
v -0.083843 0.037707 0.582361
v -0.080376 -0.037707 0.579975
v -0.080376 0.037707 0.579975
v -0.076955 -0.037707 0.577354
v -0.076955 0.037707 0.577354
v -0.073580 -0.037707 0.574507
v -0.073580 0.037707 0.574507
v -0.070252 -0.037707 0.571443
v -0.070252 0.037707 0.571443
v -0.070252 -0.037707 0.499263
v -0.070252 0.037707 0.499263
v 0.194538 -0.037707 0.433774
v 0.194538 0.037707 0.433774
v 0.187779 -0.037707 0.429871
v 0.187779 0.037707 0.429871
v 0.181130 -0.037707 0.426386
v 0.181130 0.037707 0.426386
v 0.174614 -0.037707 0.423308
v 0.174614 0.037707 0.423308
v 0.168250 -0.037707 0.420628
v 0.168250 0.037707 0.420628
v 0.162061 -0.037707 0.418336
v 0.162061 0.037707 0.418336
v 0.156067 -0.037707 0.416423
v 0.156067 0.037707 0.416423
v 0.150288 -0.037707 0.414880
v 0.150288 0.037707 0.414880
v 0.144748 -0.037707 0.413696
v 0.144748 0.037707 0.413696
v 0.139465 -0.037707 0.412862
v 0.139465 0.037707 0.412862
v 0.134462 -0.037707 0.412369
v 0.134462 0.037707 0.412369
v 0.129759 -0.037707 0.412207
v 0.129759 0.037707 0.412207
v 0.124952 -0.037707 0.412398
v 0.124952 0.037707 0.412398
v 0.120463 -0.037707 0.412962
v 0.120463 0.037707 0.412962
v 0.116311 -0.037707 0.413877
v 0.116311 0.037707 0.413877
v 0.112515 -0.037707 0.415125
v 0.112515 0.037707 0.415125
v 0.109093 -0.037707 0.416686
v 0.109093 0.037707 0.416686
v 0.106066 -0.037707 0.418543
v 0.106066 0.037707 0.418543
v 0.103452 -0.037707 0.420675
v 0.103452 0.037707 0.420675
v 0.101270 -0.037707 0.423063
v 0.101270 0.037707 0.423063
v 0.099540 -0.037707 0.425689
v 0.099540 0.037707 0.425689
v 0.098281 -0.037707 0.428532
v 0.098281 0.037707 0.428532
v 0.097511 -0.037707 0.431575
v 0.097511 0.037707 0.431575
v 0.097250 -0.037707 0.434797
v 0.097250 0.037707 0.434797
v 0.097601 -0.037707 0.437604
v 0.097601 0.037707 0.437604
v 0.098676 -0.037707 0.440537
v 0.098676 0.037707 0.440537
v 0.100513 -0.037707 0.443630
v 0.100513 0.037707 0.443630
v 0.103148 -0.037707 0.446919
v 0.103148 0.037707 0.446919
v 0.106617 -0.037707 0.450437
v 0.106617 0.037707 0.450437
v 0.110956 -0.037707 0.454220
v 0.110956 0.037707 0.454220
v 0.116202 -0.037707 0.458301
v 0.116202 0.037707 0.458301
v 0.122392 -0.037707 0.462714
v 0.122392 0.037707 0.462714
v 0.129561 -0.037707 0.467495
v 0.129561 0.037707 0.467495
v 0.137746 -0.037707 0.472678
v 0.137746 0.037707 0.472678
v 0.146983 -0.037707 0.478297
v 0.146983 0.037707 0.478297
v 0.157309 -0.037707 0.484387
v 0.157309 0.037707 0.484387
v 0.166969 -0.037707 0.490940
v 0.166969 0.037707 0.490940
v 0.175588 -0.037707 0.497144
v 0.175588 0.037707 0.497144
v 0.183205 -0.037707 0.503060
v 0.183205 0.037707 0.503060
v 0.189858 -0.037707 0.508753
v 0.189858 0.037707 0.508753
v 0.195585 -0.037707 0.514285
v 0.195585 0.037707 0.514285
v 0.200424 -0.037707 0.519719
v 0.200424 0.037707 0.519719
v 0.204413 -0.037707 0.525119
v 0.204413 0.037707 0.525119
v 0.207592 -0.037707 0.530547
v 0.207592 0.037707 0.530547
v 0.209997 -0.037707 0.536068
v 0.209997 0.037707 0.536068
v 0.211668 -0.037707 0.541743
v 0.211668 0.037707 0.541743
v 0.212642 -0.037707 0.547637
v 0.212642 0.037707 0.547637
v 0.212959 -0.037707 0.553812
v 0.212959 0.037707 0.553812
v 0.212249 -0.037707 0.564387
v 0.212249 0.037707 0.564387
v 0.210171 -0.037707 0.574313
v 0.210171 0.037707 0.574313
v 0.206803 -0.037707 0.583539
v 0.206803 0.037707 0.583539
v 0.202225 -0.037707 0.592014
v 0.202225 0.037707 0.592014
v 0.196514 -0.037707 0.599685
v 0.196514 0.037707 0.599685
v 0.189748 -0.037707 0.606500
v 0.189748 0.037707 0.606500
v 0.182007 -0.037707 0.612409
v 0.182007 0.037707 0.612409
v 0.173369 -0.037707 0.617360
v 0.173369 0.037707 0.617360
v 0.163912 -0.037707 0.621300
v 0.163912 0.037707 0.621300
v 0.153714 -0.037707 0.624178
v 0.153714 0.037707 0.624178
v 0.142855 -0.037707 0.625943
v 0.142855 0.037707 0.625943
v 0.131412 -0.037707 0.626543
v 0.131412 0.037707 0.626543
v 0.123965 -0.037707 0.626414
v 0.123965 0.037707 0.626414
v 0.116742 -0.037707 0.626017
v 0.116742 0.037707 0.626017
v 0.109691 -0.037707 0.625337
v 0.109691 0.037707 0.625337
v 0.102760 -0.037707 0.624359
v 0.102760 0.037707 0.624359
v 0.095899 -0.037707 0.623067
v 0.095899 0.037707 0.623067
v 0.089054 -0.037707 0.621446
v 0.089054 0.037707 0.621446
v 0.082175 -0.037707 0.619481
v 0.082175 0.037707 0.619481
v 0.075211 -0.037707 0.617155
v 0.075211 0.037707 0.617155
v 0.068108 -0.037707 0.614455
v 0.068108 0.037707 0.614455
v 0.060816 -0.037707 0.611365
v 0.060816 0.037707 0.611365
v 0.053283 -0.037707 0.607869
v 0.053283 0.037707 0.607869
v 0.045457 -0.037707 0.603952
v 0.045457 0.037707 0.603952
v 0.045457 -0.037707 0.551057
v 0.045457 0.037707 0.551057
v 0.053385 -0.037707 0.556326
v 0.053385 0.037707 0.556326
v 0.061176 -0.037707 0.561117
v 0.061176 0.037707 0.561117
v 0.068805 -0.037707 0.565434
v 0.068805 0.037707 0.565434
v 0.076251 -0.037707 0.569280
v 0.076251 0.037707 0.569280
v 0.083491 -0.037707 0.572660
v 0.083491 0.037707 0.572660
v 0.090501 -0.037707 0.575576
v 0.090501 0.037707 0.575576
v 0.097258 -0.037707 0.578033
v 0.097258 0.037707 0.578033
v 0.103740 -0.037707 0.580035
v 0.103740 0.037707 0.580035
v 0.109923 -0.037707 0.581585
v 0.109923 0.037707 0.581585
v 0.115785 -0.037707 0.582688
v 0.115785 0.037707 0.582688
v 0.121303 -0.037707 0.583347
v 0.121303 0.037707 0.583347
v 0.126453 -0.037707 0.583565
v 0.126453 0.037707 0.583565
v 0.131335 -0.037707 0.583118
v 0.131335 0.037707 0.583118
v 0.136034 -0.037707 0.582326
v 0.136034 0.037707 0.582326
v 0.140503 -0.037707 0.581189
v 0.140503 0.037707 0.581189
v 0.144697 -0.037707 0.579708
v 0.144697 0.037707 0.579708
v 0.148569 -0.037707 0.577883
v 0.148569 0.037707 0.577883
v 0.152074 -0.037707 0.575714
v 0.152074 0.037707 0.575714
v 0.155166 -0.037707 0.573200
v 0.155166 0.037707 0.573200
v 0.157798 -0.037707 0.570341
v 0.157798 0.037707 0.570341
v 0.159926 -0.037707 0.567139
v 0.159926 0.037707 0.567139
v 0.161502 -0.037707 0.563592
v 0.161502 0.037707 0.563592
v 0.162482 -0.037707 0.559700
v 0.162482 0.037707 0.559700
v 0.162818 -0.037707 0.555465
v 0.162818 0.037707 0.555465
v 0.160542 -0.037707 0.547220
v 0.160542 0.037707 0.547220
v 0.154247 -0.037707 0.539417
v 0.154247 0.037707 0.539417
v 0.144739 -0.037707 0.531832
v 0.144739 0.037707 0.531832
v 0.132820 -0.037707 0.524242
v 0.132820 0.037707 0.524242
v 0.119294 -0.037707 0.516422
v 0.119294 0.037707 0.516422
v 0.104964 -0.037707 0.508148
v 0.104964 0.037707 0.508148
v 0.090635 -0.037707 0.499197
v 0.090635 0.037707 0.499197
v 0.077108 -0.037707 0.489346
v 0.077108 0.037707 0.489346
v 0.065189 -0.037707 0.478369
v 0.065189 0.037707 0.478369
v 0.055681 -0.037707 0.466043
v 0.055681 0.037707 0.466043
v 0.049387 -0.037707 0.452145
v 0.049387 0.037707 0.452145
v 0.047110 -0.037707 0.436450
v 0.047110 0.037707 0.436450
v 0.047767 -0.037707 0.426331
v 0.047767 0.037707 0.426331
v 0.049707 -0.037707 0.416931
v 0.049707 0.037707 0.416931
v 0.052878 -0.037707 0.408281
v 0.052878 0.037707 0.408281
v 0.057232 -0.037707 0.400411
v 0.057232 0.037707 0.400411
v 0.062718 -0.037707 0.393353
v 0.062718 0.037707 0.393353
v 0.069287 -0.037707 0.387136
v 0.069287 0.037707 0.387136
v 0.076890 -0.037707 0.381792
v 0.076890 0.037707 0.381792
v 0.085475 -0.037707 0.377351
v 0.085475 0.037707 0.377351
v 0.094995 -0.037707 0.373844
v 0.094995 0.037707 0.373844
v 0.105398 -0.037707 0.371300
v 0.105398 0.037707 0.371300
v 0.116635 -0.037707 0.369752
v 0.116635 0.037707 0.369752
v 0.128657 -0.037707 0.369229
v 0.128657 0.037707 0.369229
v 0.134455 -0.037707 0.369367
v 0.134455 0.037707 0.369367
v 0.140281 -0.037707 0.369783
v 0.140281 0.037707 0.369783
v 0.146142 -0.037707 0.370477
v 0.146142 0.037707 0.370477
v 0.152043 -0.037707 0.371453
v 0.152043 0.037707 0.371453
v 0.157991 -0.037707 0.372713
v 0.157991 0.037707 0.372713
v 0.163989 -0.037707 0.374257
v 0.163989 0.037707 0.374257
v 0.170045 -0.037707 0.376088
v 0.170045 0.037707 0.376088
v 0.176165 -0.037707 0.378208
v 0.176165 0.037707 0.378208
v 0.182353 -0.037707 0.380619
v 0.182353 0.037707 0.380619
v 0.188616 -0.037707 0.383323
v 0.188616 0.037707 0.383323
v 0.194959 -0.037707 0.386321
v 0.194959 0.037707 0.386321
v 0.201388 -0.037707 0.389616
v 0.201388 0.037707 0.389616
v 0.201388 -0.037707 0.438103
v 0.201388 0.037707 0.438103
v 0.246569 -0.037707 0.748312
v 0.246569 0.037707 0.748312
v 0.330871 -0.037707 0.568689
v 0.330871 0.037707 0.568689
v 0.234998 -0.037707 0.374188
v 0.234998 0.037707 0.374188
v 0.290649 -0.037707 0.374188
v 0.290649 0.037707 0.374188
v 0.357319 -0.037707 0.513589
v 0.357319 0.037707 0.513589
v 0.421234 -0.037707 0.374188
v 0.421234 0.037707 0.374188
v 0.476333 -0.037707 0.374188
v 0.476333 0.037707 0.374188
v 0.301118 -0.037707 0.748312
v 0.301118 0.037707 0.748312
v 0.512148 -0.037707 0.239195
v 0.512148 0.037707 0.239195
v 0.528025 -0.037707 0.256094
v 0.528025 0.037707 0.256094
v 0.542833 -0.037707 0.274198
v 0.542833 0.037707 0.274198
v 0.556511 -0.037707 0.293381
v 0.556511 0.037707 0.293381
v 0.569002 -0.037707 0.313518
v 0.569002 0.037707 0.313518
v 0.580246 -0.037707 0.334480
v 0.580246 0.037707 0.334480
v 0.590182 -0.037707 0.356143
v 0.590182 0.037707 0.356143
v 0.598753 -0.037707 0.378380
v 0.598753 0.037707 0.378380
v 0.605898 -0.037707 0.401064
v 0.605898 0.037707 0.401064
v 0.611559 -0.037707 0.424070
v 0.611559 0.037707 0.424070
v 0.615676 -0.037707 0.447271
v 0.615676 0.037707 0.447271
v 0.618189 -0.037707 0.470541
v 0.618189 0.037707 0.470541
v 0.619041 -0.037707 0.493753
v 0.619041 0.037707 0.493753
v 0.618190 -0.037707 0.516966
v 0.618190 0.037707 0.516966
v 0.615676 -0.037707 0.540236
v 0.615676 0.037707 0.540236
v 0.611559 -0.037707 0.563437
v 0.611559 0.037707 0.563437
v 0.605898 -0.037707 0.586443
v 0.605898 0.037707 0.586443
v 0.598753 -0.037707 0.609127
v 0.598753 0.037707 0.609127
v 0.590182 -0.037707 0.631364
v 0.590182 0.037707 0.631364
v 0.580246 -0.037707 0.653027
v 0.580246 0.037707 0.653027
v 0.569002 -0.037707 0.673989
v 0.569002 0.037707 0.673989
v 0.556511 -0.037707 0.694125
v 0.556511 0.037707 0.694125
v 0.542833 -0.037707 0.713309
v 0.542833 0.037707 0.713309
v 0.528025 -0.037707 0.731413
v 0.528025 0.037707 0.731413
v 0.512148 -0.037707 0.748312
v 0.512148 0.037707 0.748312
v 0.482945 -0.037707 0.748312
v 0.482945 0.037707 0.748312
v 0.495734 -0.037707 0.730277
v 0.495734 0.037707 0.730277
v 0.507380 -0.037707 0.711702
v 0.507380 0.037707 0.711702
v 0.517890 -0.037707 0.692576
v 0.517890 0.037707 0.692576
v 0.527270 -0.037707 0.672887
v 0.527270 0.037707 0.672887
v 0.535524 -0.037707 0.652625
v 0.535524 0.037707 0.652625
v 0.542659 -0.037707 0.631777
v 0.542659 0.037707 0.631777
v 0.548681 -0.037707 0.610332
v 0.548681 0.037707 0.610332
v 0.553595 -0.037707 0.588279
v 0.553595 0.037707 0.588279
v 0.557407 -0.037707 0.565606
v 0.557407 0.037707 0.565606
v 0.560123 -0.037707 0.542302
v 0.560123 0.037707 0.542302
v 0.561748 -0.037707 0.518355
v 0.561748 0.037707 0.518355
v 0.562288 -0.037707 0.493753
v 0.562288 0.037707 0.493753
v 0.561748 -0.037707 0.469152
v 0.561748 0.037707 0.469152
v 0.560123 -0.037707 0.445205
v 0.560123 0.037707 0.445205
v 0.557407 -0.037707 0.421901
v 0.557407 0.037707 0.421901
v 0.553595 -0.037707 0.399228
v 0.553595 0.037707 0.399228
v 0.548681 -0.037707 0.377174
v 0.548681 0.037707 0.377174
v 0.542659 -0.037707 0.355730
v 0.542659 0.037707 0.355730
v 0.535524 -0.037707 0.334882
v 0.535524 0.037707 0.334882
v 0.527270 -0.037707 0.314620
v 0.527270 0.037707 0.314620
v 0.517890 -0.037707 0.294931
v 0.517890 0.037707 0.294931
v 0.507380 -0.037707 0.275805
v 0.507380 0.037707 0.275805
v 0.495734 -0.037707 0.257230
v 0.495734 0.037707 0.257230
v 0.482945 -0.037707 0.239195
v 0.482945 0.037707 0.239195
vt 0.979592 0.000000
vt 0.000000 0.000000
vt 1.000000 0.000000
vt 0.020408 0.000000
vt 0.040816 0.000000
vt 0.959184 0.000000
vt 0.061224 0.000000
vt 0.938776 0.000000
vt 0.081633 0.000000
vt 0.918367 0.000000
vt 0.102041 0.000000
vt 0.897959 0.000000
vt 0.122449 0.000000
vt 0.877551 0.000000
vt 0.857143 0.000000
vt 0.142857 0.000000
vt 0.836735 0.000000
vt 0.163265 0.000000
vt 0.816327 0.000000
vt 0.183673 0.000000
vt 0.795918 0.000000
vt 0.204082 0.000000
vt 0.775510 0.000000
vt 0.224490 0.000000
vt 0.755102 0.000000
vt 0.244898 0.000000
vt 0.734694 0.000000
vt 0.265306 0.000000
vt 0.285714 0.000000
vt 0.714286 0.000000
vt 0.306122 0.000000
vt 0.693878 0.000000
vt 0.326531 0.000000
vt 0.673469 0.000000
vt 0.346939 0.000000
vt 0.653061 0.000000
vt 0.367347 0.000000
vt 0.632653 0.000000
vt 0.387755 0.000000
vt 0.612245 0.000000
vt 0.591837 0.000000
vt 0.408163 0.000000
vt 0.571429 0.000000
vt 0.428571 0.000000
vt 0.551020 0.000000
vt 0.448980 0.000000
vt 0.530612 0.000000
vt 0.469388 0.000000
vt 0.510204 0.000000
vt 0.489796 0.000000
vt 0.142857 0.000000
vt 0.428571 0.000000
vt 0.285714 0.000000
vt 0.571429 0.000000
vt 0.857143 0.000000
vt 0.714286 0.000000
vt 1.000000 0.000000
vt 0.000000 0.000000
vt 0.894737 0.000000
vt 0.909774 0.000000
vt 0.902256 0.000000
vt 0.917293 0.000000
vt 0.887218 0.000000
vt 0.924812 0.000000
vt 0.932331 0.000000
vt 0.879699 0.000000
vt 0.939850 0.000000
vt 0.947368 0.000000
vt 0.872180 0.000000
vt 0.954887 0.000000
vt 0.962406 0.000000
vt 0.864662 0.000000
vt 0.969925 0.000000
vt 0.977444 0.000000
vt 0.857143 0.000000
vt 0.984962 0.000000
vt 0.992481 0.000000
vt 0.849624 0.000000
vt 0.052632 0.000000
vt 0.045113 0.000000
vt 0.037594 0.000000
vt 0.030075 0.000000
vt 0.022556 0.000000
vt 0.015038 0.000000
vt 0.007519 0.000000
vt 0.000000 0.000000
vt 1.000000 0.000000
vt 0.842105 0.000000
vt 0.067669 0.000000
vt 0.060150 0.000000
vt 0.834586 0.000000
vt 0.075188 0.000000
vt 0.827068 0.000000
vt 0.090226 0.000000
vt 0.082707 0.000000
vt 0.097744 0.000000
vt 0.105263 0.000000
vt 0.112782 0.000000
vt 0.120301 0.000000
vt 0.127820 0.000000
vt 0.819549 0.000000
vt 0.135338 0.000000
vt 0.142857 0.000000
vt 0.150376 0.000000
vt 0.157895 0.000000
vt 0.812030 0.000000
vt 0.165414 0.000000
vt 0.172932 0.000000
vt 0.180451 0.000000
vt 0.804511 0.000000
vt 0.187970 0.000000
vt 0.195489 0.000000
vt 0.203008 0.000000
vt 0.210526 0.000000
vt 0.218045 0.000000
vt 0.796992 0.000000
vt 0.225564 0.000000
vt 0.233083 0.000000
vt 0.240602 0.000000
vt 0.789474 0.000000
vt 0.248120 0.000000
vt 0.255639 0.000000
vt 0.263158 0.000000
vt 0.781955 0.000000
vt 0.270677 0.000000
vt 0.774436 0.000000
vt 0.278196 0.000000
vt 0.285714 0.000000
vt 0.766917 0.000000
vt 0.293233 0.000000
vt 0.759399 0.000000
vt 0.300752 0.000000
vt 0.308271 0.000000
vt 0.751880 0.000000
vt 0.315789 0.000000
vt 0.744361 0.000000
vt 0.323308 0.000000
vt 0.330827 0.000000
vt 0.736842 0.000000
vt 0.338346 0.000000
vt 0.729323 0.000000
vt 0.345865 0.000000
vt 0.721804 0.000000
vt 0.353383 0.000000
vt 0.533835 0.000000
vt 0.548872 0.000000
vt 0.541353 0.000000
vt 0.360902 0.000000
vt 0.714286 0.000000
vt 0.556391 0.000000
vt 0.706767 0.000000
vt 0.563910 0.000000
vt 0.699248 0.000000
vt 0.368421 0.000000
vt 0.571429 0.000000
vt 0.691729 0.000000
vt 0.578947 0.000000
vt 0.684211 0.000000
vt 0.586466 0.000000
vt 0.676692 0.000000
vt 0.375940 0.000000
vt 0.593985 0.000000
vt 0.669173 0.000000
vt 0.661654 0.000000
vt 0.601504 0.000000
vt 0.654135 0.000000
vt 0.609023 0.000000
vt 0.646617 0.000000
vt 0.616541 0.000000
vt 0.639098 0.000000
vt 0.624060 0.000000
vt 0.631579 0.000000
vt 0.383459 0.000000
vt 0.390977 0.000000
vt 0.398496 0.000000
vt 0.526316 0.000000
vt 0.406015 0.000000
vt 0.518797 0.000000
vt 0.511278 0.000000
vt 0.413534 0.000000
vt 0.503759 0.000000
vt 0.496241 0.000000
vt 0.421053 0.000000
vt 0.488722 0.000000
vt 0.428571 0.000000
vt 0.481203 0.000000
vt 0.473684 0.000000
vt 0.436090 0.000000
vt 0.466165 0.000000
vt 0.458647 0.000000
vt 0.443609 0.000000
vt 0.451128 0.000000
vt 0.560694 0.000000
vt 0.572254 0.000000
vt 0.566474 0.000000
vt 0.554913 0.000000
vt 0.578035 0.000000
vt 0.549133 0.000000
vt 0.543353 0.000000
vt 0.583815 0.000000
vt 0.537572 0.000000
vt 0.589595 0.000000
vt 0.531792 0.000000
vt 0.526012 0.000000
vt 0.595376 0.000000
vt 0.520231 0.000000
vt 0.601156 0.000000
vt 0.514451 0.000000
vt 0.508671 0.000000
vt 0.606936 0.000000
vt 0.502890 0.000000
vt 0.612717 0.000000
vt 0.497110 0.000000
vt 0.491329 0.000000
vt 0.485549 0.000000
vt 0.479769 0.000000
vt 0.473988 0.000000
vt 0.468208 0.000000
vt 0.462428 0.000000
vt 0.456647 0.000000
vt 0.450867 0.000000
vt 0.445087 0.000000
vt 0.439306 0.000000
vt 0.433526 0.000000
vt 0.427746 0.000000
vt 0.421965 0.000000
vt 0.618497 0.000000
vt 0.416185 0.000000
vt 0.624277 0.000000
vt 0.410405 0.000000
vt 0.404624 0.000000
vt 0.398844 0.000000
vt 0.393064 0.000000
vt 0.387283 0.000000
vt 0.630058 0.000000
vt 0.381503 0.000000
vt 0.375723 0.000000
vt 0.369942 0.000000
vt 0.635838 0.000000
vt 0.364162 0.000000
vt 0.358382 0.000000
vt 0.641618 0.000000
vt 0.352601 0.000000
vt 0.346821 0.000000
vt 0.341040 0.000000
vt 1.000000 0.000000
vt 0.335260 0.000000
vt 0.329480 0.000000
vt 0.323699 0.000000
vt 0.317919 0.000000
vt 0.791907 0.000000
vt 0.994220 0.000000
vt 0.797688 0.000000
vt 0.312139 0.000000
vt 0.803468 0.000000
vt 0.306358 0.000000
vt 0.809249 0.000000
vt 0.300578 0.000000
vt 0.815029 0.000000
vt 0.820809 0.000000
vt 0.294798 0.000000
vt 0.826590 0.000000
vt 0.289017 0.000000
vt 0.832370 0.000000
vt 0.838150 0.000000
vt 0.283237 0.000000
vt 0.843931 0.000000
vt 0.849711 0.000000
vt 0.277457 0.000000
vt 0.855491 0.000000
vt 0.271676 0.000000
vt 0.861272 0.000000
vt 0.867052 0.000000
vt 0.265896 0.000000
vt 0.872832 0.000000
vt 0.878613 0.000000
vt 0.988439 0.000000
vt 0.260116 0.000000
vt 0.982659 0.000000
vt 0.884393 0.000000
vt 0.976879 0.000000
vt 0.774566 0.000000
vt 0.786127 0.000000
vt 0.780347 0.000000
vt 0.647399 0.000000
vt 0.890173 0.000000
vt 0.768786 0.000000
vt 0.971098 0.000000
vt 0.653179 0.000000
vt 0.763006 0.000000
vt 0.254335 0.000000
vt 0.895954 0.000000
vt 0.658960 0.000000
vt 0.965318 0.000000
vt 0.757225 0.000000
vt 0.664740 0.000000
vt 0.959538 0.000000
vt 0.751445 0.000000
vt 0.901734 0.000000
vt 0.670520 0.000000
vt 0.745665 0.000000
vt 0.953757 0.000000
vt 0.676301 0.000000
vt 0.739884 0.000000
vt 0.907514 0.000000
vt 0.682081 0.000000
vt 0.947977 0.000000
vt 0.734104 0.000000
vt 0.687861 0.000000
vt 0.248555 0.000000
vt 0.728324 0.000000
vt 0.913295 0.000000
vt 0.942197 0.000000
vt 0.693642 0.000000
vt 0.722543 0.000000
vt 0.699422 0.000000
vt 0.716763 0.000000
vt 0.936416 0.000000
vt 0.705202 0.000000
vt 0.710983 0.000000
vt 0.919075 0.000000
vt 0.930636 0.000000
vt 0.924855 0.000000
vt 0.132948 0.000000
vt 0.242775 0.000000
vt 0.138728 0.000000
vt 0.127168 0.000000
vt 0.236994 0.000000
vt 0.144509 0.000000
vt 0.121387 0.000000
vt 0.000000 0.000000
vt 0.231214 0.000000
vt 0.150289 0.000000
vt 0.115607 0.000000
vt 0.005780 0.000000
vt 0.156069 0.000000
vt 0.109827 0.000000
vt 0.225434 0.000000
vt 0.011561 0.000000
vt 0.161850 0.000000
vt 0.104046 0.000000
vt 0.017341 0.000000
vt 0.219653 0.000000
vt 0.167630 0.000000
vt 0.098266 0.000000
vt 0.023121 0.000000
vt 0.173410 0.000000
vt 0.092486 0.000000
vt 0.028902 0.000000
vt 0.213873 0.000000
vt 0.179191 0.000000
vt 0.086705 0.000000
vt 0.034682 0.000000
vt 0.184971 0.000000
vt 0.040462 0.000000
vt 0.080925 0.000000
vt 0.208092 0.000000
vt 0.046243 0.000000
vt 0.190751 0.000000
vt 0.075145 0.000000
vt 0.052023 0.000000
vt 0.196532 0.000000
vt 0.069364 0.000000
vt 0.202312 0.000000
vt 0.057803 0.000000
vt 0.063584 0.000000
vt 0.346939 0.000000
vt 0.367347 0.000000
vt 0.357143 0.000000
vt 0.377551 0.000000
vt 0.336735 0.000000
vt 0.387755 0.000000
vt 0.326531 0.000000
vt 0.397959 0.000000
vt 0.316327 0.000000
vt 0.408163 0.000000
vt 0.306122 0.000000
vt 0.418367 0.000000
vt 0.295918 0.000000
vt 0.428571 0.000000
vt 0.285714 0.000000
vt 0.867347 0.000000
vt 0.877551 0.000000
vt 0.857143 0.000000
vt 0.887755 0.000000
vt 0.846939 0.000000
vt 0.897959 0.000000
vt 0.836735 0.000000
vt 0.438776 0.000000
vt 0.908163 0.000000
vt 0.275510 0.000000
vt 0.826531 0.000000
vt 0.918367 0.000000
vt 0.816327 0.000000
vt 0.928571 0.000000
vt 0.806122 0.000000
vt 0.938776 0.000000
vt 0.795918 0.000000
vt 0.265306 0.000000
vt 0.448980 0.000000
vt 0.948980 0.000000
vt 0.785714 0.000000
vt 0.959184 0.000000
vt 0.775510 0.000000
vt 0.255102 0.000000
vt 0.459184 0.000000
vt 0.969388 0.000000
vt 0.765306 0.000000
vt 0.979592 0.000000
vt 0.755102 0.000000
vt 0.244898 0.000000
vt 0.989796 0.000000
vt 0.469388 0.000000
vt 1.000000 0.000000
vt 0.234694 0.000000
vt 0.479592 0.000000
vt 0.224490 0.000000
vt 0.489796 0.000000
vt 0.500000 0.000000
vt 0.214286 0.000000
vt 0.510204 0.000000
vt 0.520408 0.000000
vt 0.204082 0.000000
vt 0.530612 0.000000
vt 0.193878 0.000000
vt 0.540816 0.000000
vt 0.724490 0.000000
vt 0.744898 0.000000
vt 0.734694 0.000000
vt 0.551020 0.000000
vt 0.714286 0.000000
vt 0.704082 0.000000
vt 0.183673 0.000000
vt 0.561224 0.000000
vt 0.693878 0.000000
vt 0.683673 0.000000
vt 0.571429 0.000000
vt 0.673469 0.000000
vt 0.581633 0.000000
vt 0.663265 0.000000
vt 0.173469 0.000000
vt 0.653061 0.000000
vt 0.591837 0.000000
vt 0.642857 0.000000
vt 0.602041 0.000000
vt 0.632653 0.000000
vt 0.622449 0.000000
vt 0.612245 0.000000
vt 0.163265 0.000000
vt 0.000000 0.000000
vt 0.153061 0.000000
vt 0.010204 0.000000
vt 0.020408 0.000000
vt 0.142857 0.000000
vt 0.030612 0.000000
vt 0.040816 0.000000
vt 0.132653 0.000000
vt 0.051020 0.000000
vt 0.061224 0.000000
vt 0.122449 0.000000
vt 0.071429 0.000000
vt 0.081633 0.000000
vt 0.091837 0.000000
vt 0.112245 0.000000
vt 0.102041 0.000000
vt 0.469388 0.000000
vt 0.510204 0.000000
vt 0.489796 0.000000
vt 0.530612 0.000000
vt 0.448980 0.000000
vt 0.551020 0.000000
vt 0.428571 0.000000
vt 0.571429 0.000000
vt 0.408163 0.000000
vt 0.591837 0.000000
vt 0.387755 0.000000
vt 0.612245 0.000000
vt 0.367347 0.000000
vt 0.632653 0.000000
vt 0.653061 0.000000
vt 0.346939 0.000000
vt 0.673469 0.000000
vt 0.326531 0.000000
vt 0.693878 0.000000
vt 0.306122 0.000000
vt 0.714286 0.000000
vt 0.285714 0.000000
vt 0.734694 0.000000
vt 0.265306 0.000000
vt 0.755102 0.000000
vt 0.244898 0.000000
vt 0.224490 0.000000
vt 0.775510 0.000000
vt 0.204082 0.000000
vt 0.795918 0.000000
vt 0.183673 0.000000
vt 0.816327 0.000000
vt 0.163265 0.000000
vt 0.836735 0.000000
vt 0.142857 0.000000
vt 0.857143 0.000000
vt 0.122449 0.000000
vt 0.877551 0.000000
vt 0.102041 0.000000
vt 0.897959 0.000000
vt 0.918367 0.000000
vt 0.081633 0.000000
vt 0.938776 0.000000
vt 0.061224 0.000000
vt 0.959184 0.000000
vt 0.040816 0.000000
vt 0.979592 0.000000
vt 0.020408 0.000000
vt 1.000000 0.000000
vt 0.000000 0.000000
vt 0.142857 0.000000
vt 0.428571 0.000000
vt 0.285714 0.000000
vt 0.571429 0.000000
vt 0.857143 0.000000
vt 0.714286 0.000000
vt 1.000000 0.000000
vt 0.000000 0.000000
vt 0.560694 0.000000
vt 0.572254 0.000000
vt 0.566474 0.000000
vt 0.554913 0.000000
vt 0.578035 0.000000
vt 0.549133 0.000000
vt 0.543353 0.000000
vt 0.583815 0.000000
vt 0.537572 0.000000
vt 0.589595 0.000000
vt 0.531792 0.000000
vt 0.526012 0.000000
vt 0.595376 0.000000
vt 0.520231 0.000000
vt 0.601156 0.000000
vt 0.514451 0.000000
vt 0.508671 0.000000
vt 0.606936 0.000000
vt 0.502890 0.000000
vt 0.612717 0.000000
vt 0.497110 0.000000
vt 0.491329 0.000000
vt 0.485549 0.000000
vt 0.479769 0.000000
vt 0.473988 0.000000
vt 0.468208 0.000000
vt 0.462428 0.000000
vt 0.456647 0.000000
vt 0.450867 0.000000
vt 0.445087 0.000000
vt 0.439306 0.000000
vt 0.433526 0.000000
vt 0.427746 0.000000
vt 0.421965 0.000000
vt 0.618497 0.000000
vt 0.416185 0.000000
vt 0.624277 0.000000
vt 0.410405 0.000000
vt 0.404624 0.000000
vt 0.398844 0.000000
vt 0.393064 0.000000
vt 0.387283 0.000000
vt 0.630058 0.000000
vt 0.381503 0.000000
vt 0.375723 0.000000
vt 0.369942 0.000000
vt 0.635838 0.000000
vt 0.364162 0.000000
vt 0.358382 0.000000
vt 0.641618 0.000000
vt 0.352601 0.000000
vt 0.346821 0.000000
vt 0.341040 0.000000
vt 1.000000 0.000000
vt 0.335260 0.000000
vt 0.329480 0.000000
vt 0.323699 0.000000
vt 0.317919 0.000000
vt 0.791907 0.000000
vt 0.994220 0.000000
vt 0.797688 0.000000
vt 0.312139 0.000000
vt 0.803468 0.000000
vt 0.306358 0.000000
vt 0.809249 0.000000
vt 0.300578 0.000000
vt 0.815029 0.000000
vt 0.820809 0.000000
vt 0.294798 0.000000
vt 0.826590 0.000000
vt 0.289017 0.000000
vt 0.832370 0.000000
vt 0.838150 0.000000
vt 0.283237 0.000000
vt 0.843931 0.000000
vt 0.849711 0.000000
vt 0.277457 0.000000
vt 0.855491 0.000000
vt 0.271676 0.000000
vt 0.861272 0.000000
vt 0.867052 0.000000
vt 0.265896 0.000000
vt 0.872832 0.000000
vt 0.878613 0.000000
vt 0.988439 0.000000
vt 0.260116 0.000000
vt 0.982659 0.000000
vt 0.884393 0.000000
vt 0.976879 0.000000
vt 0.774566 0.000000
vt 0.786127 0.000000
vt 0.780347 0.000000
vt 0.647399 0.000000
vt 0.890173 0.000000
vt 0.768786 0.000000
vt 0.971098 0.000000
vt 0.653179 0.000000
vt 0.763006 0.000000
vt 0.254335 0.000000
vt 0.895954 0.000000
vt 0.658960 0.000000
vt 0.965318 0.000000
vt 0.757225 0.000000
vt 0.664740 0.000000
vt 0.959538 0.000000
vt 0.751445 0.000000
vt 0.901734 0.000000
vt 0.670520 0.000000
vt 0.745665 0.000000
vt 0.953757 0.000000
vt 0.676301 0.000000
vt 0.739884 0.000000
vt 0.907514 0.000000
vt 0.682081 0.000000
vt 0.947977 0.000000
vt 0.734104 0.000000
vt 0.687861 0.000000
vt 0.248555 0.000000
vt 0.728324 0.000000
vt 0.913295 0.000000
vt 0.942197 0.000000
vt 0.693642 0.000000
vt 0.722543 0.000000
vt 0.699422 0.000000
vt 0.716763 0.000000
vt 0.936416 0.000000
vt 0.705202 0.000000
vt 0.710983 0.000000
vt 0.919075 0.000000
vt 0.930636 0.000000
vt 0.924855 0.000000
vt 0.132948 0.000000
vt 0.242775 0.000000
vt 0.138728 0.000000
vt 0.127168 0.000000
vt 0.236994 0.000000
vt 0.144509 0.000000
vt 0.121387 0.000000
vt 0.000000 0.000000
vt 0.231214 0.000000
vt 0.150289 0.000000
vt 0.115607 0.000000
vt 0.005780 0.000000
vt 0.156069 0.000000
vt 0.109827 0.000000
vt 0.225434 0.000000
vt 0.011561 0.000000
vt 0.161850 0.000000
vt 0.104046 0.000000
vt 0.017341 0.000000
vt 0.219653 0.000000
vt 0.167630 0.000000
vt 0.098266 0.000000
vt 0.023121 0.000000
vt 0.173410 0.000000
vt 0.092486 0.000000
vt 0.028902 0.000000
vt 0.213873 0.000000
vt 0.179191 0.000000
vt 0.086705 0.000000
vt 0.034682 0.000000
vt 0.184971 0.000000
vt 0.040462 0.000000
vt 0.080925 0.000000
vt 0.208092 0.000000
vt 0.046243 0.000000
vt 0.190751 0.000000
vt 0.075145 0.000000
vt 0.052023 0.000000
vt 0.196532 0.000000
vt 0.069364 0.000000
vt 0.202312 0.000000
vt 0.057803 0.000000
vt 0.063584 0.000000
vt 0.000000 0.000000
vt 0.666667 0.000000
vt 0.333333 0.000000
vt 1.000000 0.000000
vt 0.472727 0.000000
vt 0.981818 0.000000
vt 0.490909 0.000000
vt 0.509091 0.000000
vt 0.000000 0.000000
vt 0.018182 0.000000
vt 0.036364 0.000000
vt 0.054545 0.000000
vt 0.072727 0.000000
vt 0.090909 0.000000
vt 0.109091 0.000000
vt 0.963636 0.000000
vt 0.127273 0.000000
vt 1.000000 0.000000
vt 0.945455 0.000000
vt 0.927273 0.000000
vt 0.909091 0.000000
vt 0.145455 0.000000
vt 0.890909 0.000000
vt 0.872727 0.000000
vt 0.854545 0.000000
vt 0.163636 0.000000
vt 0.836364 0.000000
vt 0.818182 0.000000
vt 0.800000 0.000000
vt 0.181818 0.000000
vt 0.781818 0.000000
vt 0.763636 0.000000
vt 0.200000 0.000000
vt 0.745455 0.000000
vt 0.727273 0.000000
vt 0.218182 0.000000
vt 0.709091 0.000000
vt 0.236364 0.000000
vt 0.690909 0.000000
vt 0.672727 0.000000
vt 0.254545 0.000000
vt 0.654545 0.000000
vt 0.636364 0.000000
vt 0.272727 0.000000
vt 0.618182 0.000000
vt 0.600000 0.000000
vt 0.581818 0.000000
vt 0.563636 0.000000
vt 0.290909 0.000000
vt 0.545455 0.000000
vt 0.527273 0.000000
vt 0.436364 0.000000
vt 0.309091 0.000000
vt 0.327273 0.000000
vt 0.345455 0.000000
vt 0.363636 0.000000
vt 0.381818 0.000000
vt 0.400000 0.000000
vt 0.418182 0.000000
vt 0.454545 0.000000
vt 0.000000 0.000000
vt 0.979592 0.000000
vt 1.000000 0.000000
vt 0.020408 0.000000
vt 0.040816 0.000000
vt 0.959184 0.000000
vt 0.061224 0.000000
vt 0.938776 0.000000
vt 0.081633 0.000000
vt 0.918367 0.000000
vt 0.102041 0.000000
vt 0.897959 0.000000
vt 0.122449 0.000000
vt 0.877551 0.000000
vt 0.857143 0.000000
vt 0.142857 0.000000
vt 0.836735 0.000000
vt 0.163265 0.000000
vt 0.816327 0.000000
vt 0.183673 0.000000
vt 0.795918 0.000000
vt 0.204082 0.000000
vt 0.775510 0.000000
vt 0.224490 0.000000
vt 0.755102 0.000000
vt 0.244898 0.000000
vt 0.734694 0.000000
vt 0.265306 0.000000
vt 0.285714 0.000000
vt 0.714286 0.000000
vt 0.306122 0.000000
vt 0.693878 0.000000
vt 0.326531 0.000000
vt 0.673469 0.000000
vt 0.346939 0.000000
vt 0.653061 0.000000
vt 0.367347 0.000000
vt 0.632653 0.000000
vt 0.387755 0.000000
vt 0.612245 0.000000
vt 0.591837 0.000000
vt 0.408163 0.000000
vt 0.571429 0.000000
vt 0.428571 0.000000
vt 0.551020 0.000000
vt 0.448980 0.000000
vt 0.530612 0.000000
vt 0.469388 0.000000
vt 0.510204 0.000000
vt 0.489796 0.000000
vt 0.428571 0.000000
vt 0.142857 0.000000
vt 0.285714 0.000000
vt 0.571429 0.000000
vt 0.857143 0.000000
vt 0.714286 0.000000
vt 1.000000 0.000000
vt 0.000000 0.000000
vt 0.909774 0.000000
vt 0.894737 0.000000
vt 0.902256 0.000000
vt 0.917293 0.000000
vt 0.887218 0.000000
vt 0.924812 0.000000
vt 0.932331 0.000000
vt 0.879699 0.000000
vt 0.939850 0.000000
vt 0.947368 0.000000
vt 0.872180 0.000000
vt 0.954887 0.000000
vt 0.962406 0.000000
vt 0.864662 0.000000
vt 0.969925 0.000000
vt 0.977444 0.000000
vt 0.857143 0.000000
vt 0.984962 0.000000
vt 0.992481 0.000000
vt 0.849624 0.000000
vt 0.052632 0.000000
vt 0.045113 0.000000
vt 0.037594 0.000000
vt 0.030075 0.000000
vt 0.022556 0.000000
vt 0.015038 0.000000
vt 0.007519 0.000000
vt 0.000000 0.000000
vt 1.000000 0.000000
vt 0.067669 0.000000
vt 0.842105 0.000000
vt 0.060150 0.000000
vt 0.075188 0.000000
vt 0.834586 0.000000
vt 0.090226 0.000000
vt 0.827068 0.000000
vt 0.082707 0.000000
vt 0.097744 0.000000
vt 0.105263 0.000000
vt 0.112782 0.000000
vt 0.120301 0.000000
vt 0.127820 0.000000
vt 0.819549 0.000000
vt 0.135338 0.000000
vt 0.142857 0.000000
vt 0.150376 0.000000
vt 0.157895 0.000000
vt 0.812030 0.000000
vt 0.165414 0.000000
vt 0.172932 0.000000
vt 0.180451 0.000000
vt 0.804511 0.000000
vt 0.187970 0.000000
vt 0.195489 0.000000
vt 0.203008 0.000000
vt 0.210526 0.000000
vt 0.218045 0.000000
vt 0.796992 0.000000
vt 0.225564 0.000000
vt 0.233083 0.000000
vt 0.240602 0.000000
vt 0.789474 0.000000
vt 0.248120 0.000000
vt 0.255639 0.000000
vt 0.263158 0.000000
vt 0.781955 0.000000
vt 0.270677 0.000000
vt 0.774436 0.000000
vt 0.278196 0.000000
vt 0.285714 0.000000
vt 0.766917 0.000000
vt 0.293233 0.000000
vt 0.759399 0.000000
vt 0.300752 0.000000
vt 0.308271 0.000000
vt 0.751880 0.000000
vt 0.315789 0.000000
vt 0.744361 0.000000
vt 0.323308 0.000000
vt 0.330827 0.000000
vt 0.736842 0.000000
vt 0.338346 0.000000
vt 0.729323 0.000000
vt 0.345865 0.000000
vt 0.721804 0.000000
vt 0.353383 0.000000
vt 0.548872 0.000000
vt 0.533835 0.000000
vt 0.541353 0.000000
vt 0.360902 0.000000
vt 0.714286 0.000000
vt 0.556391 0.000000
vt 0.706767 0.000000
vt 0.563910 0.000000
vt 0.699248 0.000000
vt 0.368421 0.000000
vt 0.571429 0.000000
vt 0.691729 0.000000
vt 0.578947 0.000000
vt 0.684211 0.000000
vt 0.586466 0.000000
vt 0.676692 0.000000
vt 0.375940 0.000000
vt 0.593985 0.000000
vt 0.669173 0.000000
vt 0.661654 0.000000
vt 0.601504 0.000000
vt 0.654135 0.000000
vt 0.609023 0.000000
vt 0.646617 0.000000
vt 0.616541 0.000000
vt 0.639098 0.000000
vt 0.624060 0.000000
vt 0.631579 0.000000
vt 0.383459 0.000000
vt 0.390977 0.000000
vt 0.398496 0.000000
vt 0.526316 0.000000
vt 0.406015 0.000000
vt 0.518797 0.000000
vt 0.511278 0.000000
vt 0.413534 0.000000
vt 0.503759 0.000000
vt 0.496241 0.000000
vt 0.421053 0.000000
vt 0.488722 0.000000
vt 0.428571 0.000000
vt 0.481203 0.000000
vt 0.473684 0.000000
vt 0.436090 0.000000
vt 0.466165 0.000000
vt 0.458647 0.000000
vt 0.443609 0.000000
vt 0.451128 0.000000
vt 0.572254 0.000000
vt 0.560694 0.000000
vt 0.566474 0.000000
vt 0.554913 0.000000
vt 0.578035 0.000000
vt 0.549133 0.000000
vt 0.543353 0.000000
vt 0.583815 0.000000
vt 0.537572 0.000000
vt 0.589595 0.000000
vt 0.531792 0.000000
vt 0.526012 0.000000
vt 0.595376 0.000000
vt 0.520231 0.000000
vt 0.601156 0.000000
vt 0.514451 0.000000
vt 0.508671 0.000000
vt 0.606936 0.000000
vt 0.502890 0.000000
vt 0.612717 0.000000
vt 0.497110 0.000000
vt 0.485549 0.000000
vt 0.491329 0.000000
vt 0.479769 0.000000
vt 0.473988 0.000000
vt 0.468208 0.000000
vt 0.462428 0.000000
vt 0.456647 0.000000
vt 0.450867 0.000000
vt 0.445087 0.000000
vt 0.439306 0.000000
vt 0.433526 0.000000
vt 0.427746 0.000000
vt 0.421965 0.000000
vt 0.618497 0.000000
vt 0.416185 0.000000
vt 0.624277 0.000000
vt 0.410405 0.000000
vt 0.404624 0.000000
vt 0.398844 0.000000
vt 0.393064 0.000000
vt 0.387283 0.000000
vt 0.630058 0.000000
vt 0.381503 0.000000
vt 0.375723 0.000000
vt 0.369942 0.000000
vt 0.635838 0.000000
vt 0.364162 0.000000
vt 0.358382 0.000000
vt 0.641618 0.000000
vt 0.352601 0.000000
vt 0.346821 0.000000
vt 1.000000 0.000000
vt 0.341040 0.000000
vt 0.335260 0.000000
vt 0.329480 0.000000
vt 0.323699 0.000000
vt 0.317919 0.000000
vt 0.791907 0.000000
vt 0.994220 0.000000
vt 0.797688 0.000000
vt 0.312139 0.000000
vt 0.803468 0.000000
vt 0.306358 0.000000
vt 0.809249 0.000000
vt 0.300578 0.000000
vt 0.815029 0.000000
vt 0.820809 0.000000
vt 0.294798 0.000000
vt 0.826590 0.000000
vt 0.289017 0.000000
vt 0.832370 0.000000
vt 0.838150 0.000000
vt 0.283237 0.000000
vt 0.843931 0.000000
vt 0.849711 0.000000
vt 0.277457 0.000000
vt 0.855491 0.000000
vt 0.271676 0.000000
vt 0.861272 0.000000
vt 0.867052 0.000000
vt 0.265896 0.000000
vt 0.872832 0.000000
vt 0.878613 0.000000
vt 0.988439 0.000000
vt 0.260116 0.000000
vt 0.982659 0.000000
vt 0.884393 0.000000
vt 0.976879 0.000000
vt 0.786127 0.000000
vt 0.774566 0.000000
vt 0.780347 0.000000
vt 0.647399 0.000000
vt 0.890173 0.000000
vt 0.768786 0.000000
vt 0.971098 0.000000
vt 0.653179 0.000000
vt 0.763006 0.000000
vt 0.254335 0.000000
vt 0.895954 0.000000
vt 0.658960 0.000000
vt 0.965318 0.000000
vt 0.757225 0.000000
vt 0.664740 0.000000
vt 0.959538 0.000000
vt 0.751445 0.000000
vt 0.901734 0.000000
vt 0.670520 0.000000
vt 0.745665 0.000000
vt 0.953757 0.000000
vt 0.676301 0.000000
vt 0.739884 0.000000
vt 0.907514 0.000000
vt 0.682081 0.000000
vt 0.947977 0.000000
vt 0.734104 0.000000
vt 0.687861 0.000000
vt 0.248555 0.000000
vt 0.728324 0.000000
vt 0.913295 0.000000
vt 0.942197 0.000000
vt 0.693642 0.000000
vt 0.722543 0.000000
vt 0.699422 0.000000
vt 0.716763 0.000000
vt 0.936416 0.000000
vt 0.705202 0.000000
vt 0.710983 0.000000
vt 0.919075 0.000000
vt 0.930636 0.000000
vt 0.924855 0.000000
vt 0.132948 0.000000
vt 0.242775 0.000000
vt 0.138728 0.000000
vt 0.127168 0.000000
vt 0.236994 0.000000
vt 0.144509 0.000000
vt 0.121387 0.000000
vt 0.000000 0.000000
vt 0.231214 0.000000
vt 0.150289 0.000000
vt 0.115607 0.000000
vt 0.005780 0.000000
vt 0.156069 0.000000
vt 0.109827 0.000000
vt 0.225434 0.000000
vt 0.011561 0.000000
vt 0.161850 0.000000
vt 0.104046 0.000000
vt 0.017341 0.000000
vt 0.219653 0.000000
vt 0.167630 0.000000
vt 0.098266 0.000000
vt 0.023121 0.000000
vt 0.173410 0.000000
vt 0.092486 0.000000
vt 0.028902 0.000000
vt 0.213873 0.000000
vt 0.179191 0.000000
vt 0.086705 0.000000
vt 0.034682 0.000000
vt 0.184971 0.000000
vt 0.040462 0.000000
vt 0.080925 0.000000
vt 0.208092 0.000000
vt 0.046243 0.000000
vt 0.190751 0.000000
vt 0.075145 0.000000
vt 0.052023 0.000000
vt 0.196532 0.000000
vt 0.069364 0.000000
vt 0.202312 0.000000
vt 0.057803 0.000000
vt 0.063584 0.000000
vt 0.367347 0.000000
vt 0.346939 0.000000
vt 0.357143 0.000000
vt 0.377551 0.000000
vt 0.336735 0.000000
vt 0.387755 0.000000
vt 0.326531 0.000000
vt 0.397959 0.000000
vt 0.316327 0.000000
vt 0.408163 0.000000
vt 0.306122 0.000000
vt 0.418367 0.000000
vt 0.295918 0.000000
vt 0.428571 0.000000
vt 0.867347 0.000000
vt 0.285714 0.000000
vt 0.877551 0.000000
vt 0.857143 0.000000
vt 0.887755 0.000000
vt 0.846939 0.000000
vt 0.897959 0.000000
vt 0.836735 0.000000
vt 0.438776 0.000000
vt 0.908163 0.000000
vt 0.275510 0.000000
vt 0.826531 0.000000
vt 0.918367 0.000000
vt 0.816327 0.000000
vt 0.928571 0.000000
vt 0.806122 0.000000
vt 0.938776 0.000000
vt 0.795918 0.000000
vt 0.265306 0.000000
vt 0.448980 0.000000
vt 0.948980 0.000000
vt 0.785714 0.000000
vt 0.959184 0.000000
vt 0.775510 0.000000
vt 0.255102 0.000000
vt 0.459184 0.000000
vt 0.969388 0.000000
vt 0.765306 0.000000
vt 0.979592 0.000000
vt 0.755102 0.000000
vt 0.244898 0.000000
vt 0.989796 0.000000
vt 0.469388 0.000000
vt 1.000000 0.000000
vt 0.234694 0.000000
vt 0.479592 0.000000
vt 0.489796 0.000000
vt 0.224490 0.000000
vt 0.500000 0.000000
vt 0.214286 0.000000
vt 0.510204 0.000000
vt 0.520408 0.000000
vt 0.204082 0.000000
vt 0.530612 0.000000
vt 0.193878 0.000000
vt 0.540816 0.000000
vt 0.744898 0.000000
vt 0.724490 0.000000
vt 0.734694 0.000000
vt 0.551020 0.000000
vt 0.714286 0.000000
vt 0.704082 0.000000
vt 0.183673 0.000000
vt 0.561224 0.000000
vt 0.693878 0.000000
vt 0.683673 0.000000
vt 0.571429 0.000000
vt 0.673469 0.000000
vt 0.581633 0.000000
vt 0.663265 0.000000
vt 0.173469 0.000000
vt 0.653061 0.000000
vt 0.591837 0.000000
vt 0.642857 0.000000
vt 0.602041 0.000000
vt 0.632653 0.000000
vt 0.622449 0.000000
vt 0.612245 0.000000
vt 0.163265 0.000000
vt 0.000000 0.000000
vt 0.153061 0.000000
vt 0.010204 0.000000
vt 0.020408 0.000000
vt 0.142857 0.000000
vt 0.030612 0.000000
vt 0.040816 0.000000
vt 0.132653 0.000000
vt 0.051020 0.000000
vt 0.061224 0.000000
vt 0.122449 0.000000
vt 0.071429 0.000000
vt 0.081633 0.000000
vt 0.091837 0.000000
vt 0.112245 0.000000
vt 0.102041 0.000000
vt 0.510204 0.000000
vt 0.469388 0.000000
vt 0.489796 0.000000
vt 0.530612 0.000000
vt 0.448980 0.000000
vt 0.551020 0.000000
vt 0.428571 0.000000
vt 0.571429 0.000000
vt 0.408163 0.000000
vt 0.591837 0.000000
vt 0.387755 0.000000
vt 0.612245 0.000000
vt 0.367347 0.000000
vt 0.632653 0.000000
vt 0.653061 0.000000
vt 0.346939 0.000000
vt 0.673469 0.000000
vt 0.326531 0.000000
vt 0.693878 0.000000
vt 0.306122 0.000000
vt 0.714286 0.000000
vt 0.285714 0.000000
vt 0.734694 0.000000
vt 0.265306 0.000000
vt 0.755102 0.000000
vt 0.244898 0.000000
vt 0.224490 0.000000
vt 0.775510 0.000000
vt 0.204082 0.000000
vt 0.795918 0.000000
vt 0.183673 0.000000
vt 0.816327 0.000000
vt 0.163265 0.000000
vt 0.836735 0.000000
vt 0.142857 0.000000
vt 0.857143 0.000000
vt 0.122449 0.000000
vt 0.877551 0.000000
vt 0.102041 0.000000
vt 0.897959 0.000000
vt 0.918367 0.000000
vt 0.081633 0.000000
vt 0.938776 0.000000
vt 0.061224 0.000000
vt 0.959184 0.000000
vt 0.040816 0.000000
vt 0.979592 0.000000
vt 0.020408 0.000000
vt 1.000000 0.000000
vt 0.000000 0.000000
vt 0.428571 0.000000
vt 0.142857 0.000000
vt 0.285714 0.000000
vt 0.571429 0.000000
vt 0.857143 0.000000
vt 0.714286 0.000000
vt 1.000000 0.000000
vt 0.000000 0.000000
vt 0.572254 0.000000
vt 0.560694 0.000000
vt 0.566474 0.000000
vt 0.554913 0.000000
vt 0.578035 0.000000
vt 0.549133 0.000000
vt 0.543353 0.000000
vt 0.583815 0.000000
vt 0.537572 0.000000
vt 0.589595 0.000000
vt 0.531792 0.000000
vt 0.526012 0.000000
vt 0.595376 0.000000
vt 0.520231 0.000000
vt 0.601156 0.000000
vt 0.514451 0.000000
vt 0.508671 0.000000
vt 0.606936 0.000000
vt 0.502890 0.000000
vt 0.612717 0.000000
vt 0.497110 0.000000
vt 0.485549 0.000000
vt 0.491329 0.000000
vt 0.479769 0.000000
vt 0.473988 0.000000
vt 0.468208 0.000000
vt 0.462428 0.000000
vt 0.456647 0.000000
vt 0.450867 0.000000
vt 0.445087 0.000000
vt 0.439306 0.000000
vt 0.433526 0.000000
vt 0.427746 0.000000
vt 0.421965 0.000000
vt 0.618497 0.000000
vt 0.416185 0.000000
vt 0.624277 0.000000
vt 0.410405 0.000000
vt 0.404624 0.000000
vt 0.398844 0.000000
vt 0.393064 0.000000
vt 0.387283 0.000000
vt 0.630058 0.000000
vt 0.381503 0.000000
vt 0.375723 0.000000
vt 0.369942 0.000000
vt 0.635838 0.000000
vt 0.364162 0.000000
vt 0.358382 0.000000
vt 0.641618 0.000000
vt 0.352601 0.000000
vt 0.346821 0.000000
vt 1.000000 0.000000
vt 0.341040 0.000000
vt 0.335260 0.000000
vt 0.329480 0.000000
vt 0.323699 0.000000
vt 0.317919 0.000000
vt 0.791907 0.000000
vt 0.994220 0.000000
vt 0.797688 0.000000
vt 0.312139 0.000000
vt 0.803468 0.000000
vt 0.306358 0.000000
vt 0.809249 0.000000
vt 0.300578 0.000000
vt 0.815029 0.000000
vt 0.820809 0.000000
vt 0.294798 0.000000
vt 0.826590 0.000000
vt 0.289017 0.000000
vt 0.832370 0.000000
vt 0.838150 0.000000
vt 0.283237 0.000000
vt 0.843931 0.000000
vt 0.849711 0.000000
vt 0.277457 0.000000
vt 0.855491 0.000000
vt 0.271676 0.000000
vt 0.861272 0.000000
vt 0.867052 0.000000
vt 0.265896 0.000000
vt 0.872832 0.000000
vt 0.878613 0.000000
vt 0.988439 0.000000
vt 0.260116 0.000000
vt 0.982659 0.000000
vt 0.884393 0.000000
vt 0.976879 0.000000
vt 0.786127 0.000000
vt 0.774566 0.000000
vt 0.780347 0.000000
vt 0.647399 0.000000
vt 0.890173 0.000000
vt 0.768786 0.000000
vt 0.971098 0.000000
vt 0.653179 0.000000
vt 0.763006 0.000000
vt 0.254335 0.000000
vt 0.895954 0.000000
vt 0.658960 0.000000
vt 0.965318 0.000000
vt 0.757225 0.000000
vt 0.664740 0.000000
vt 0.959538 0.000000
vt 0.751445 0.000000
vt 0.901734 0.000000
vt 0.670520 0.000000
vt 0.745665 0.000000
vt 0.953757 0.000000
vt 0.676301 0.000000
vt 0.739884 0.000000
vt 0.907514 0.000000
vt 0.682081 0.000000
vt 0.947977 0.000000
vt 0.734104 0.000000
vt 0.687861 0.000000
vt 0.248555 0.000000
vt 0.728324 0.000000
vt 0.913295 0.000000
vt 0.942197 0.000000
vt 0.693642 0.000000
vt 0.722543 0.000000
vt 0.699422 0.000000
vt 0.716763 0.000000
vt 0.936416 0.000000
vt 0.705202 0.000000
vt 0.710983 0.000000
vt 0.919075 0.000000
vt 0.930636 0.000000
vt 0.924855 0.000000
vt 0.132948 0.000000
vt 0.242775 0.000000
vt 0.138728 0.000000
vt 0.127168 0.000000
vt 0.236994 0.000000
vt 0.144509 0.000000
vt 0.121387 0.000000
vt 0.000000 0.000000
vt 0.231214 0.000000
vt 0.150289 0.000000
vt 0.115607 0.000000
vt 0.005780 0.000000
vt 0.156069 0.000000
vt 0.109827 0.000000
vt 0.225434 0.000000
vt 0.011561 0.000000
vt 0.161850 0.000000
vt 0.104046 0.000000
vt 0.017341 0.000000
vt 0.219653 0.000000
vt 0.167630 0.000000
vt 0.098266 0.000000
vt 0.023121 0.000000
vt 0.173410 0.000000
vt 0.092486 0.000000
vt 0.028902 0.000000
vt 0.213873 0.000000
vt 0.179191 0.000000
vt 0.086705 0.000000
vt 0.034682 0.000000
vt 0.184971 0.000000
vt 0.040462 0.000000
vt 0.080925 0.000000
vt 0.208092 0.000000
vt 0.046243 0.000000
vt 0.190751 0.000000
vt 0.075145 0.000000
vt 0.052023 0.000000
vt 0.196532 0.000000
vt 0.069364 0.000000
vt 0.202312 0.000000
vt 0.057803 0.000000
vt 0.063584 0.000000
vt 0.666667 0.000000
vt 0.000000 0.000000
vt 0.333333 0.000000
vt 1.000000 0.000000
vt 0.981818 0.000000
vt 0.472727 0.000000
vt 0.490909 0.000000
vt 0.509091 0.000000
vt 0.000000 0.000000
vt 0.018182 0.000000
vt 0.036364 0.000000
vt 0.054545 0.000000
vt 0.072727 0.000000
vt 0.090909 0.000000
vt 0.109091 0.000000
vt 0.963636 0.000000
vt 0.127273 0.000000
vt 1.000000 0.000000
vt 0.945455 0.000000
vt 0.927273 0.000000
vt 0.909091 0.000000
vt 0.145455 0.000000
vt 0.890909 0.000000
vt 0.872727 0.000000
vt 0.854545 0.000000
vt 0.163636 0.000000
vt 0.836364 0.000000
vt 0.818182 0.000000
vt 0.800000 0.000000
vt 0.181818 0.000000
vt 0.781818 0.000000
vt 0.763636 0.000000
vt 0.200000 0.000000
vt 0.745455 0.000000
vt 0.727273 0.000000
vt 0.218182 0.000000
vt 0.709091 0.000000
vt 0.236364 0.000000
vt 0.690909 0.000000
vt 0.672727 0.000000
vt 0.254545 0.000000
vt 0.654545 0.000000
vt 0.636364 0.000000
vt 0.272727 0.000000
vt 0.618182 0.000000
vt 0.600000 0.000000
vt 0.581818 0.000000
vt 0.563636 0.000000
vt 0.290909 0.000000
vt 0.545455 0.000000
vt 0.527273 0.000000
vt 0.436364 0.000000
vt 0.309091 0.000000
vt 0.327273 0.000000
vt 0.345455 0.000000
vt 0.363636 0.000000
vt 0.381818 0.000000
vt 0.400000 0.000000
vt 0.418182 0.000000
vt 0.454545 0.000000
vt 0.034483 1.000000
vt 0.000000 0.000000
vt 0.000000 1.000000
vt 0.068966 1.000000
vt 0.034483 0.000000
vt 0.103448 1.000000
vt 0.068966 0.000000
vt 0.137931 1.000000
vt 0.103448 0.000000
vt 0.172414 1.000000
vt 0.137931 0.000000
vt 0.206897 1.000000
vt 0.172414 0.000000
vt 0.241379 1.000000
vt 0.206897 0.000000
vt 0.275862 1.000000
vt 0.241379 0.000000
vt 0.310345 1.000000
vt 0.275862 0.000000
vt 0.344828 1.000000
vt 0.310345 0.000000
vt 0.379310 1.000000
vt 0.344828 0.000000
vt 0.413793 1.000000
vt 0.379310 0.000000
vt 0.448276 1.000000
vt 0.413793 0.000000
vt 0.482759 1.000000
vt 0.448276 0.000000
vt 0.517241 1.000000
vt 0.482759 0.000000
vt 0.551724 1.000000
vt 0.517241 0.000000
vt 0.586207 1.000000
vt 0.551724 0.000000
vt 0.620690 1.000000
vt 0.586207 0.000000
vt 0.655172 1.000000
vt 0.620690 0.000000
vt 0.689655 1.000000
vt 0.655172 0.000000
vt 0.724138 1.000000
vt 0.689655 0.000000
vt 0.758621 1.000000
vt 0.724138 0.000000
vt 0.793103 1.000000
vt 0.758621 0.000000
vt 0.827586 1.000000
vt 0.793103 0.000000
vt 0.862069 1.000000
vt 0.827586 0.000000
vt 0.896552 1.000000
vt 0.862069 0.000000
vt 0.931035 1.000000
vt 0.896552 0.000000
vt 0.965517 1.000000
vt 0.931035 0.000000
vt 1.000000 1.000000
vt 0.965517 0.000000
vt 0.037037 1.000000
vt 0.000000 0.000000
vt 0.000000 1.000000
vt 0.074074 1.000000
vt 0.037037 0.000000
vt 0.111111 1.000000
vt 0.074074 0.000000
vt 0.148148 1.000000
vt 0.111111 0.000000
vt 0.185185 1.000000
vt 0.148148 0.000000
vt 0.222222 1.000000
vt 0.185185 0.000000
vt 0.259259 1.000000
vt 0.222222 0.000000
vt 0.296296 1.000000
vt 0.259259 0.000000
vt 0.333333 1.000000
vt 0.296296 0.000000
vt 0.370370 1.000000
vt 0.333333 0.000000
vt 0.407407 1.000000
vt 0.370370 0.000000
vt 0.444444 1.000000
vt 0.407407 0.000000
vt 0.481481 1.000000
vt 0.444444 0.000000
vt 0.518519 1.000000
vt 0.481481 0.000000
vt 0.555556 1.000000
vt 0.518519 0.000000
vt 0.592593 1.000000
vt 0.555556 0.000000
vt 0.629630 1.000000
vt 0.592593 0.000000
vt 0.666667 1.000000
vt 0.629630 0.000000
vt 0.703704 1.000000
vt 0.666667 0.000000
vt 0.740741 1.000000
vt 0.703704 0.000000
vt 0.777778 1.000000
vt 0.740741 0.000000
vt 0.814815 1.000000
vt 0.777778 0.000000
vt 0.851852 1.000000
vt 0.814815 0.000000
vt 0.888889 1.000000
vt 0.851852 0.000000
vt 0.925926 1.000000
vt 0.888889 0.000000
vt 0.962963 1.000000
vt 0.925926 0.000000
vt 1.000000 1.000000
vt 0.962963 0.000000
vt 0.250000 1.000000
vt 0.000000 0.000000
vt 0.000000 1.000000
vt 0.500000 1.000000
vt 0.250000 0.000000
vt 0.750000 1.000000
vt 0.500000 0.000000
vt 1.000000 1.000000
vt 0.750000 0.000000
vt 0.007299 1.000000
vt 0.000000 0.000000
vt 0.000000 1.000000
vt 0.014599 1.000000
vt 0.007299 0.000000
vt 0.021898 1.000000
vt 0.014599 0.000000
vt 0.029197 1.000000
vt 0.021898 0.000000
vt 0.036496 1.000000
vt 0.029197 0.000000
vt 0.043796 1.000000
vt 0.036496 0.000000
vt 0.051095 1.000000
vt 0.043796 0.000000
vt 0.058394 1.000000
vt 0.051095 0.000000
vt 0.065693 1.000000
vt 0.058394 0.000000
vt 0.072993 1.000000
vt 0.065693 0.000000
vt 0.080292 1.000000
vt 0.072993 0.000000
vt 0.087591 1.000000
vt 0.080292 0.000000
vt 0.094891 1.000000
vt 0.087591 0.000000
vt 0.102190 1.000000
vt 0.094891 0.000000
vt 0.109489 1.000000
vt 0.102190 0.000000
vt 0.116788 1.000000
vt 0.109489 0.000000
vt 0.124088 1.000000
vt 0.116788 0.000000
vt 0.131387 1.000000
vt 0.124088 0.000000
vt 0.138686 1.000000
vt 0.131387 0.000000
vt 0.145985 1.000000
vt 0.138686 0.000000
vt 0.153285 1.000000
vt 0.145985 0.000000
vt 0.160584 1.000000
vt 0.153285 0.000000
vt 0.167883 1.000000
vt 0.160584 0.000000
vt 0.175182 1.000000
vt 0.167883 0.000000
vt 0.182482 1.000000
vt 0.175182 0.000000
vt 0.189781 1.000000
vt 0.182482 0.000000
vt 0.197080 1.000000
vt 0.189781 0.000000
vt 0.204380 1.000000
vt 0.197080 0.000000
vt 0.211679 1.000000
vt 0.204380 0.000000
vt 0.218978 1.000000
vt 0.211679 0.000000
vt 0.226277 1.000000
vt 0.218978 0.000000
vt 0.233577 1.000000
vt 0.226277 0.000000
vt 0.240876 1.000000
vt 0.233577 0.000000
vt 0.248175 1.000000
vt 0.240876 0.000000
vt 0.255474 1.000000
vt 0.248175 0.000000
vt 0.262774 1.000000
vt 0.255474 0.000000
vt 0.270073 1.000000
vt 0.262774 0.000000
vt 0.277372 1.000000
vt 0.270073 0.000000
vt 0.284672 1.000000
vt 0.277372 0.000000
vt 0.291971 1.000000
vt 0.284672 0.000000
vt 0.299270 1.000000
vt 0.291971 0.000000
vt 0.306569 1.000000
vt 0.299270 0.000000
vt 0.313869 1.000000
vt 0.306569 0.000000
vt 0.321168 1.000000
vt 0.313869 0.000000
vt 0.328467 1.000000
vt 0.321168 0.000000
vt 0.335766 1.000000
vt 0.328467 0.000000
vt 0.343066 1.000000
vt 0.335766 0.000000
vt 0.350365 1.000000
vt 0.343066 0.000000
vt 0.357664 1.000000
vt 0.350365 0.000000
vt 0.364964 1.000000
vt 0.357664 0.000000
vt 0.372263 1.000000
vt 0.364964 0.000000
vt 0.379562 1.000000
vt 0.372263 0.000000
vt 0.386861 1.000000
vt 0.379562 0.000000
vt 0.394161 1.000000
vt 0.386861 0.000000
vt 0.401460 1.000000
vt 0.394161 0.000000
vt 0.408759 1.000000
vt 0.401460 0.000000
vt 0.416058 1.000000
vt 0.408759 0.000000
vt 0.423358 1.000000
vt 0.416058 0.000000
vt 0.430657 1.000000
vt 0.423358 0.000000
vt 0.437956 1.000000
vt 0.430657 0.000000
vt 0.445255 1.000000
vt 0.437956 0.000000
vt 0.452555 1.000000
vt 0.445255 0.000000
vt 0.459854 1.000000
vt 0.452555 0.000000
vt 0.467153 1.000000
vt 0.459854 0.000000
vt 0.474453 1.000000
vt 0.467153 0.000000
vt 0.481752 1.000000
vt 0.474453 0.000000
vt 0.489051 1.000000
vt 0.481752 0.000000
vt 0.496350 1.000000
vt 0.489051 0.000000
vt 0.503650 1.000000
vt 0.496350 0.000000
vt 0.510949 1.000000
vt 0.503650 0.000000
vt 0.518248 1.000000
vt 0.510949 0.000000
vt 0.525547 1.000000
vt 0.518248 0.000000
vt 0.532847 1.000000
vt 0.525547 0.000000
vt 0.540146 1.000000
vt 0.532847 0.000000
vt 0.547445 1.000000
vt 0.540146 0.000000
vt 0.554745 1.000000
vt 0.547445 0.000000
vt 0.562044 1.000000
vt 0.554745 0.000000
vt 0.569343 1.000000
vt 0.562044 0.000000
vt 0.576642 1.000000
vt 0.569343 0.000000
vt 0.583942 1.000000
vt 0.576642 0.000000
vt 0.591241 1.000000
vt 0.583942 0.000000
vt 0.598540 1.000000
vt 0.591241 0.000000
vt 0.605839 1.000000
vt 0.598540 0.000000
vt 0.613139 1.000000
vt 0.605839 0.000000
vt 0.620438 1.000000
vt 0.613139 0.000000
vt 0.627737 1.000000
vt 0.620438 0.000000
vt 0.635036 1.000000
vt 0.627737 0.000000
vt 0.642336 1.000000
vt 0.635036 0.000000
vt 0.649635 1.000000
vt 0.642336 0.000000
vt 0.656934 1.000000
vt 0.649635 0.000000
vt 0.664234 1.000000
vt 0.656934 0.000000
vt 0.671533 1.000000
vt 0.664234 0.000000
vt 0.678832 1.000000
vt 0.671533 0.000000
vt 0.686131 1.000000
vt 0.678832 0.000000
vt 0.693431 1.000000
vt 0.686131 0.000000
vt 0.700730 1.000000
vt 0.693431 0.000000
vt 0.708029 1.000000
vt 0.700730 0.000000
vt 0.715328 1.000000
vt 0.708029 0.000000
vt 0.722628 1.000000
vt 0.715328 0.000000
vt 0.729927 1.000000
vt 0.722628 0.000000
vt 0.737226 1.000000
vt 0.729927 0.000000
vt 0.744526 1.000000
vt 0.737226 0.000000
vt 0.751825 1.000000
vt 0.744526 0.000000
vt 0.759124 1.000000
vt 0.751825 0.000000
vt 0.766423 1.000000
vt 0.759124 0.000000
vt 0.773723 1.000000
vt 0.766423 0.000000
vt 0.781022 1.000000
vt 0.773723 0.000000
vt 0.788321 1.000000
vt 0.781022 0.000000
vt 0.795620 1.000000
vt 0.788321 0.000000
vt 0.802920 1.000000
vt 0.795620 0.000000
vt 0.810219 1.000000
vt 0.802920 0.000000
vt 0.817518 1.000000
vt 0.810219 0.000000
vt 0.824818 1.000000
vt 0.817518 0.000000
vt 0.832117 1.000000
vt 0.824818 0.000000
vt 0.839416 1.000000
vt 0.832117 0.000000
vt 0.846715 1.000000
vt 0.839416 0.000000
vt 0.854015 1.000000
vt 0.846715 0.000000
vt 0.861314 1.000000
vt 0.854015 0.000000
vt 0.868613 1.000000
vt 0.861314 0.000000
vt 0.875912 1.000000
vt 0.868613 0.000000
vt 0.883212 1.000000
vt 0.875912 0.000000
vt 0.890511 1.000000
vt 0.883212 0.000000
vt 0.897810 1.000000
vt 0.890511 0.000000
vt 0.905109 1.000000
vt 0.897810 0.000000
vt 0.912409 1.000000
vt 0.905109 0.000000
vt 0.919708 1.000000
vt 0.912409 0.000000
vt 0.927007 1.000000
vt 0.919708 0.000000
vt 0.934307 1.000000
vt 0.927007 0.000000
vt 0.941606 1.000000
vt 0.934307 0.000000
vt 0.948905 1.000000
vt 0.941606 0.000000
vt 0.956204 1.000000
vt 0.948905 0.000000
vt 0.963504 1.000000
vt 0.956204 0.000000
vt 0.970803 1.000000
vt 0.963504 0.000000
vt 0.978102 1.000000
vt 0.970803 0.000000
vt 0.985401 1.000000
vt 0.978102 0.000000
vt 0.992701 1.000000
vt 0.985401 0.000000
vt 1.000000 1.000000
vt 0.992701 0.000000
vt 0.027027 1.000000
vt 0.000000 0.000000
vt 0.000000 1.000000
vt 0.054054 1.000000
vt 0.027027 0.000000
vt 0.081081 1.000000
vt 0.054054 0.000000
vt 0.108108 1.000000
vt 0.081081 0.000000
vt 0.135135 1.000000
vt 0.108108 0.000000
vt 0.162162 1.000000
vt 0.135135 0.000000
vt 0.189189 1.000000
vt 0.162162 0.000000
vt 0.216216 1.000000
vt 0.189189 0.000000
vt 0.243243 1.000000
vt 0.216216 0.000000
vt 0.270270 1.000000
vt 0.243243 0.000000
vt 0.297297 1.000000
vt 0.270270 0.000000
vt 0.324324 1.000000
vt 0.297297 0.000000
vt 0.351351 1.000000
vt 0.324324 0.000000
vt 0.378378 1.000000
vt 0.351351 0.000000
vt 0.405405 1.000000
vt 0.378378 0.000000
vt 0.432432 1.000000
vt 0.405405 0.000000
vt 0.459459 1.000000
vt 0.432432 0.000000
vt 0.486486 1.000000
vt 0.459459 0.000000
vt 0.513514 1.000000
vt 0.486486 0.000000
vt 0.540541 1.000000
vt 0.513514 0.000000
vt 0.567568 1.000000
vt 0.540541 0.000000
vt 0.594595 1.000000
vt 0.567568 0.000000
vt 0.621622 1.000000
vt 0.594595 0.000000
vt 0.648649 1.000000
vt 0.621622 0.000000
vt 0.675676 1.000000
vt 0.648649 0.000000
vt 0.702703 1.000000
vt 0.675676 0.000000
vt 0.729730 1.000000
vt 0.702703 0.000000
vt 0.756757 1.000000
vt 0.729730 0.000000
vt 0.783784 1.000000
vt 0.756757 0.000000
vt 0.810811 1.000000
vt 0.783784 0.000000
vt 0.837838 1.000000
vt 0.810811 0.000000
vt 0.864865 1.000000
vt 0.837838 0.000000
vt 0.891892 1.000000
vt 0.864865 0.000000
vt 0.918919 1.000000
vt 0.891892 0.000000
vt 0.945946 1.000000
vt 0.918919 0.000000
vt 0.972973 1.000000
vt 0.945946 0.000000
vt 1.000000 1.000000
vt 0.972973 0.000000
vt 0.125000 1.000000
vt 0.000000 0.000000
vt 0.000000 1.000000
vt 0.250000 1.000000
vt 0.125000 0.000000
vt 0.375000 1.000000
vt 0.250000 0.000000
vt 0.500000 1.000000
vt 0.375000 0.000000
vt 0.625000 1.000000
vt 0.500000 0.000000
vt 0.750000 1.000000
vt 0.625000 0.000000
vt 0.875000 1.000000
vt 0.750000 0.000000
vt 1.000000 1.000000
vt 0.875000 0.000000
vt 0.020000 1.000000
vt 0.000000 0.000000
vt 0.000000 1.000000
vt 0.040000 1.000000
vt 0.020000 0.000000
vt 0.060000 1.000000
vt 0.040000 0.000000
vt 0.080000 1.000000
vt 0.060000 0.000000
vt 0.100000 1.000000
vt 0.080000 0.000000
vt 0.120000 1.000000
vt 0.100000 0.000000
vt 0.140000 1.000000
vt 0.120000 0.000000
vt 0.160000 1.000000
vt 0.140000 0.000000
vt 0.180000 1.000000
vt 0.160000 0.000000
vt 0.200000 1.000000
vt 0.180000 0.000000
vt 0.220000 1.000000
vt 0.200000 0.000000
vt 0.240000 1.000000
vt 0.220000 0.000000
vt 0.260000 1.000000
vt 0.240000 0.000000
vt 0.280000 1.000000
vt 0.260000 0.000000
vt 0.300000 1.000000
vt 0.280000 0.000000
vt 0.320000 1.000000
vt 0.300000 0.000000
vt 0.340000 1.000000
vt 0.320000 0.000000
vt 0.360000 1.000000
vt 0.340000 0.000000
vt 0.380000 1.000000
vt 0.360000 0.000000
vt 0.400000 1.000000
vt 0.380000 0.000000
vt 0.420000 1.000000
vt 0.400000 0.000000
vt 0.440000 1.000000
vt 0.420000 0.000000
vt 0.460000 1.000000
vt 0.440000 0.000000
vt 0.480000 1.000000
vt 0.460000 0.000000
vt 0.500000 1.000000
vt 0.480000 0.000000
vt 0.520000 1.000000
vt 0.500000 0.000000
vt 0.540000 1.000000
vt 0.520000 0.000000
vt 0.560000 1.000000
vt 0.540000 0.000000
vt 0.580000 1.000000
vt 0.560000 0.000000
vt 0.600000 1.000000
vt 0.580000 0.000000
vt 0.620000 1.000000
vt 0.600000 0.000000
vt 0.640000 1.000000
vt 0.620000 0.000000
vt 0.660000 1.000000
vt 0.640000 0.000000
vt 0.680000 1.000000
vt 0.660000 0.000000
vt 0.700000 1.000000
vt 0.680000 0.000000
vt 0.720000 1.000000
vt 0.700000 0.000000
vt 0.740000 1.000000
vt 0.720000 0.000000
vt 0.760000 1.000000
vt 0.740000 0.000000
vt 0.780000 1.000000
vt 0.760000 0.000000
vt 0.800000 1.000000
vt 0.780000 0.000000
vt 0.820000 1.000000
vt 0.800000 0.000000
vt 0.840000 1.000000
vt 0.820000 0.000000
vt 0.860000 1.000000
vt 0.840000 0.000000
vt 0.880000 1.000000
vt 0.860000 0.000000
vt 0.900000 1.000000
vt 0.880000 0.000000
vt 0.920000 1.000000
vt 0.900000 0.000000
vt 0.940000 1.000000
vt 0.920000 0.000000
vt 0.960000 1.000000
vt 0.940000 0.000000
vt 0.980000 1.000000
vt 0.960000 0.000000
vt 1.000000 1.000000
vt 0.980000 0.000000
vt 0.013514 1.000000
vt 0.000000 0.000000
vt 0.000000 1.000000
vt 0.027027 1.000000
vt 0.013514 0.000000
vt 0.040541 1.000000
vt 0.027027 0.000000
vt 0.054054 1.000000
vt 0.040541 0.000000
vt 0.067568 1.000000
vt 0.054054 0.000000
vt 0.081081 1.000000
vt 0.067568 0.000000
vt 0.094595 1.000000
vt 0.081081 0.000000
vt 0.108108 1.000000
vt 0.094595 0.000000
vt 0.121622 1.000000
vt 0.108108 0.000000
vt 0.135135 1.000000
vt 0.121622 0.000000
vt 0.148649 1.000000
vt 0.135135 0.000000
vt 0.162162 1.000000
vt 0.148649 0.000000
vt 0.175676 1.000000
vt 0.162162 0.000000
vt 0.189189 1.000000
vt 0.175676 0.000000
vt 0.202703 1.000000
vt 0.189189 0.000000
vt 0.216216 1.000000
vt 0.202703 0.000000
vt 0.229730 1.000000
vt 0.216216 0.000000
vt 0.243243 1.000000
vt 0.229730 0.000000
vt 0.256757 1.000000
vt 0.243243 0.000000
vt 0.270270 1.000000
vt 0.256757 0.000000
vt 0.283784 1.000000
vt 0.270270 0.000000
vt 0.297297 1.000000
vt 0.283784 0.000000
vt 0.310811 1.000000
vt 0.297297 0.000000
vt 0.324324 1.000000
vt 0.310811 0.000000
vt 0.337838 1.000000
vt 0.324324 0.000000
vt 0.351351 1.000000
vt 0.337838 0.000000
vt 0.364865 1.000000
vt 0.351351 0.000000
vt 0.378378 1.000000
vt 0.364865 0.000000
vt 0.391892 1.000000
vt 0.378378 0.000000
vt 0.405405 1.000000
vt 0.391892 0.000000
vt 0.418919 1.000000
vt 0.405405 0.000000
vt 0.432432 1.000000
vt 0.418919 0.000000
vt 0.445946 1.000000
vt 0.432432 0.000000
vt 0.459459 1.000000
vt 0.445946 0.000000
vt 0.472973 1.000000
vt 0.459459 0.000000
vt 0.486486 1.000000
vt 0.472973 0.000000
vt 0.500000 1.000000
vt 0.486486 0.000000
vt 0.513514 1.000000
vt 0.500000 0.000000
vt 0.527027 1.000000
vt 0.513514 0.000000
vt 0.540541 1.000000
vt 0.527027 0.000000
vt 0.554054 1.000000
vt 0.540541 0.000000
vt 0.567568 1.000000
vt 0.554054 0.000000
vt 0.581081 1.000000
vt 0.567568 0.000000
vt 0.594595 1.000000
vt 0.581081 0.000000
vt 0.608108 1.000000
vt 0.594595 0.000000
vt 0.621622 1.000000
vt 0.608108 0.000000
vt 0.635135 1.000000
vt 0.621622 0.000000
vt 0.648649 1.000000
vt 0.635135 0.000000
vt 0.662162 1.000000
vt 0.648649 0.000000
vt 0.675676 1.000000
vt 0.662162 0.000000
vt 0.689189 1.000000
vt 0.675676 0.000000
vt 0.702703 1.000000
vt 0.689189 0.000000
vt 0.716216 1.000000
vt 0.702703 0.000000
vt 0.729730 1.000000
vt 0.716216 0.000000
vt 0.743243 1.000000
vt 0.729730 0.000000
vt 0.756757 1.000000
vt 0.743243 0.000000
vt 0.770270 1.000000
vt 0.756757 0.000000
vt 0.783784 1.000000
vt 0.770270 0.000000
vt 0.797297 1.000000
vt 0.783784 0.000000
vt 0.810811 1.000000
vt 0.797297 0.000000
vt 0.824324 1.000000
vt 0.810811 0.000000
vt 0.837838 1.000000
vt 0.824324 0.000000
vt 0.851351 1.000000
vt 0.837838 0.000000
vt 0.864865 1.000000
vt 0.851351 0.000000
vt 0.878378 1.000000
vt 0.864865 0.000000
vt 0.891892 1.000000
vt 0.878378 0.000000
vt 0.905405 1.000000
vt 0.891892 0.000000
vt 0.918919 1.000000
vt 0.905405 0.000000
vt 0.932432 1.000000
vt 0.918919 0.000000
vt 0.945946 1.000000
vt 0.932432 0.000000
vt 0.959459 1.000000
vt 0.945946 0.000000
vt 0.972973 1.000000
vt 0.959459 0.000000
vt 0.986486 1.000000
vt 0.972973 0.000000
vt 1.000000 1.000000
vt 0.986486 0.000000
vt 0.040000 1.000000
vt 0.000000 0.000000
vt 0.000000 1.000000
vt 0.080000 1.000000
vt 0.040000 0.000000
vt 0.120000 1.000000
vt 0.080000 0.000000
vt 0.160000 1.000000
vt 0.120000 0.000000
vt 0.200000 1.000000
vt 0.160000 0.000000
vt 0.240000 1.000000
vt 0.200000 0.000000
vt 0.280000 1.000000
vt 0.240000 0.000000
vt 0.320000 1.000000
vt 0.280000 0.000000
vt 0.360000 1.000000
vt 0.320000 0.000000
vt 0.400000 1.000000
vt 0.360000 0.000000
vt 0.440000 1.000000
vt 0.400000 0.000000
vt 0.480000 1.000000
vt 0.440000 0.000000
vt 0.520000 1.000000
vt 0.480000 0.000000
vt 0.560000 1.000000
vt 0.520000 0.000000
vt 0.600000 1.000000
vt 0.560000 0.000000
vt 0.640000 1.000000
vt 0.600000 0.000000
vt 0.680000 1.000000
vt 0.640000 0.000000
vt 0.720000 1.000000
vt 0.680000 0.000000
vt 0.760000 1.000000
vt 0.720000 0.000000
vt 0.800000 1.000000
vt 0.760000 0.000000
vt 0.840000 1.000000
vt 0.800000 0.000000
vt 0.880000 1.000000
vt 0.840000 0.000000
vt 0.920000 1.000000
vt 0.880000 0.000000
vt 0.960000 1.000000
vt 0.920000 0.000000
vt 1.000000 1.000000
vt 0.960000 0.000000
vt 0.007299 1.000000
vt 0.000000 0.000000
vt 0.000000 1.000000
vt 0.014599 1.000000
vt 0.007299 0.000000
vt 0.021898 1.000000
vt 0.014599 0.000000
vt 0.029197 1.000000
vt 0.021898 0.000000
vt 0.036496 1.000000
vt 0.029197 0.000000
vt 0.043796 1.000000
vt 0.036496 0.000000
vt 0.051095 1.000000
vt 0.043796 0.000000
vt 0.058394 1.000000
vt 0.051095 0.000000
vt 0.065693 1.000000
vt 0.058394 0.000000
vt 0.072993 1.000000
vt 0.065693 0.000000
vt 0.080292 1.000000
vt 0.072993 0.000000
vt 0.087591 1.000000
vt 0.080292 0.000000
vt 0.094891 1.000000
vt 0.087591 0.000000
vt 0.102190 1.000000
vt 0.094891 0.000000
vt 0.109489 1.000000
vt 0.102190 0.000000
vt 0.116788 1.000000
vt 0.109489 0.000000
vt 0.124088 1.000000
vt 0.116788 0.000000
vt 0.131387 1.000000
vt 0.124088 0.000000
vt 0.138686 1.000000
vt 0.131387 0.000000
vt 0.145985 1.000000
vt 0.138686 0.000000
vt 0.153285 1.000000
vt 0.145985 0.000000
vt 0.160584 1.000000
vt 0.153285 0.000000
vt 0.167883 1.000000
vt 0.160584 0.000000
vt 0.175182 1.000000
vt 0.167883 0.000000
vt 0.182482 1.000000
vt 0.175182 0.000000
vt 0.189781 1.000000
vt 0.182482 0.000000
vt 0.197080 1.000000
vt 0.189781 0.000000
vt 0.204380 1.000000
vt 0.197080 0.000000
vt 0.211679 1.000000
vt 0.204380 0.000000
vt 0.218978 1.000000
vt 0.211679 0.000000
vt 0.226277 1.000000
vt 0.218978 0.000000
vt 0.233577 1.000000
vt 0.226277 0.000000
vt 0.240876 1.000000
vt 0.233577 0.000000
vt 0.248175 1.000000
vt 0.240876 0.000000
vt 0.255474 1.000000
vt 0.248175 0.000000
vt 0.262774 1.000000
vt 0.255474 0.000000
vt 0.270073 1.000000
vt 0.262774 0.000000
vt 0.277372 1.000000
vt 0.270073 0.000000
vt 0.284672 1.000000
vt 0.277372 0.000000
vt 0.291971 1.000000
vt 0.284672 0.000000
vt 0.299270 1.000000
vt 0.291971 0.000000
vt 0.306569 1.000000
vt 0.299270 0.000000
vt 0.313869 1.000000
vt 0.306569 0.000000
vt 0.321168 1.000000
vt 0.313869 0.000000
vt 0.328467 1.000000
vt 0.321168 0.000000
vt 0.335766 1.000000
vt 0.328467 0.000000
vt 0.343066 1.000000
vt 0.335766 0.000000
vt 0.350365 1.000000
vt 0.343066 0.000000
vt 0.357664 1.000000
vt 0.350365 0.000000
vt 0.364964 1.000000
vt 0.357664 0.000000
vt 0.372263 1.000000
vt 0.364964 0.000000
vt 0.379562 1.000000
vt 0.372263 0.000000
vt 0.386861 1.000000
vt 0.379562 0.000000
vt 0.394161 1.000000
vt 0.386861 0.000000
vt 0.401460 1.000000
vt 0.394161 0.000000
vt 0.408759 1.000000
vt 0.401460 0.000000
vt 0.416058 1.000000
vt 0.408759 0.000000
vt 0.423358 1.000000
vt 0.416058 0.000000
vt 0.430657 1.000000
vt 0.423358 0.000000
vt 0.437956 1.000000
vt 0.430657 0.000000
vt 0.445255 1.000000
vt 0.437956 0.000000
vt 0.452555 1.000000
vt 0.445255 0.000000
vt 0.459854 1.000000
vt 0.452555 0.000000
vt 0.467153 1.000000
vt 0.459854 0.000000
vt 0.474453 1.000000
vt 0.467153 0.000000
vt 0.481752 1.000000
vt 0.474453 0.000000
vt 0.489051 1.000000
vt 0.481752 0.000000
vt 0.496350 1.000000
vt 0.489051 0.000000
vt 0.503650 1.000000
vt 0.496350 0.000000
vt 0.510949 1.000000
vt 0.503650 0.000000
vt 0.518248 1.000000
vt 0.510949 0.000000
vt 0.525547 1.000000
vt 0.518248 0.000000
vt 0.532847 1.000000
vt 0.525547 0.000000
vt 0.540146 1.000000
vt 0.532847 0.000000
vt 0.547445 1.000000
vt 0.540146 0.000000
vt 0.554745 1.000000
vt 0.547445 0.000000
vt 0.562044 1.000000
vt 0.554745 0.000000
vt 0.569343 1.000000
vt 0.562044 0.000000
vt 0.576642 1.000000
vt 0.569343 0.000000
vt 0.583942 1.000000
vt 0.576642 0.000000
vt 0.591241 1.000000
vt 0.583942 0.000000
vt 0.598540 1.000000
vt 0.591241 0.000000
vt 0.605839 1.000000
vt 0.598540 0.000000
vt 0.613139 1.000000
vt 0.605839 0.000000
vt 0.620438 1.000000
vt 0.613139 0.000000
vt 0.627737 1.000000
vt 0.620438 0.000000
vt 0.635036 1.000000
vt 0.627737 0.000000
vt 0.642336 1.000000
vt 0.635036 0.000000
vt 0.649635 1.000000
vt 0.642336 0.000000
vt 0.656934 1.000000
vt 0.649635 0.000000
vt 0.664234 1.000000
vt 0.656934 0.000000
vt 0.671533 1.000000
vt 0.664234 0.000000
vt 0.678832 1.000000
vt 0.671533 0.000000
vt 0.686131 1.000000
vt 0.678832 0.000000
vt 0.693431 1.000000
vt 0.686131 0.000000
vt 0.700730 1.000000
vt 0.693431 0.000000
vt 0.708029 1.000000
vt 0.700730 0.000000
vt 0.715328 1.000000
vt 0.708029 0.000000
vt 0.722628 1.000000
vt 0.715328 0.000000
vt 0.729927 1.000000
vt 0.722628 0.000000
vt 0.737226 1.000000
vt 0.729927 0.000000
vt 0.744526 1.000000
vt 0.737226 0.000000
vt 0.751825 1.000000
vt 0.744526 0.000000
vt 0.759124 1.000000
vt 0.751825 0.000000
vt 0.766423 1.000000
vt 0.759124 0.000000
vt 0.773723 1.000000
vt 0.766423 0.000000
vt 0.781022 1.000000
vt 0.773723 0.000000
vt 0.788321 1.000000
vt 0.781022 0.000000
vt 0.795620 1.000000
vt 0.788321 0.000000
vt 0.802920 1.000000
vt 0.795620 0.000000
vt 0.810219 1.000000
vt 0.802920 0.000000
vt 0.817518 1.000000
vt 0.810219 0.000000
vt 0.824818 1.000000
vt 0.817518 0.000000
vt 0.832117 1.000000
vt 0.824818 0.000000
vt 0.839416 1.000000
vt 0.832117 0.000000
vt 0.846715 1.000000
vt 0.839416 0.000000
vt 0.854015 1.000000
vt 0.846715 0.000000
vt 0.861314 1.000000
vt 0.854015 0.000000
vt 0.868613 1.000000
vt 0.861314 0.000000
vt 0.875912 1.000000
vt 0.868613 0.000000
vt 0.883212 1.000000
vt 0.875912 0.000000
vt 0.890511 1.000000
vt 0.883212 0.000000
vt 0.897810 1.000000
vt 0.890511 0.000000
vt 0.905109 1.000000
vt 0.897810 0.000000
vt 0.912409 1.000000
vt 0.905109 0.000000
vt 0.919708 1.000000
vt 0.912409 0.000000
vt 0.927007 1.000000
vt 0.919708 0.000000
vt 0.934307 1.000000
vt 0.927007 0.000000
vt 0.941606 1.000000
vt 0.934307 0.000000
vt 0.948905 1.000000
vt 0.941606 0.000000
vt 0.956204 1.000000
vt 0.948905 0.000000
vt 0.963504 1.000000
vt 0.956204 0.000000
vt 0.970803 1.000000
vt 0.963504 0.000000
vt 0.978102 1.000000
vt 0.970803 0.000000
vt 0.985401 1.000000
vt 0.978102 0.000000
vt 0.992701 1.000000
vt 0.985401 0.000000
vt 1.000000 1.000000
vt 0.992701 0.000000
vt 0.027027 1.000000
vt 0.000000 0.000000
vt 0.000000 1.000000
vt 0.054054 1.000000
vt 0.027027 0.000000
vt 0.081081 1.000000
vt 0.054054 0.000000
vt 0.108108 1.000000
vt 0.081081 0.000000
vt 0.135135 1.000000
vt 0.108108 0.000000
vt 0.162162 1.000000
vt 0.135135 0.000000
vt 0.189189 1.000000
vt 0.162162 0.000000
vt 0.216216 1.000000
vt 0.189189 0.000000
vt 0.243243 1.000000
vt 0.216216 0.000000
vt 0.270270 1.000000
vt 0.243243 0.000000
vt 0.297297 1.000000
vt 0.270270 0.000000
vt 0.324324 1.000000
vt 0.297297 0.000000
vt 0.351351 1.000000
vt 0.324324 0.000000
vt 0.378378 1.000000
vt 0.351351 0.000000
vt 0.405405 1.000000
vt 0.378378 0.000000
vt 0.432432 1.000000
vt 0.405405 0.000000
vt 0.459459 1.000000
vt 0.432432 0.000000
vt 0.486486 1.000000
vt 0.459459 0.000000
vt 0.513514 1.000000
vt 0.486486 0.000000
vt 0.540541 1.000000
vt 0.513514 0.000000
vt 0.567568 1.000000
vt 0.540541 0.000000
vt 0.594595 1.000000
vt 0.567568 0.000000
vt 0.621622 1.000000
vt 0.594595 0.000000
vt 0.648649 1.000000
vt 0.621622 0.000000
vt 0.675676 1.000000
vt 0.648649 0.000000
vt 0.702703 1.000000
vt 0.675676 0.000000
vt 0.729730 1.000000
vt 0.702703 0.000000
vt 0.756757 1.000000
vt 0.729730 0.000000
vt 0.783784 1.000000
vt 0.756757 0.000000
vt 0.810811 1.000000
vt 0.783784 0.000000
vt 0.837838 1.000000
vt 0.810811 0.000000
vt 0.864865 1.000000
vt 0.837838 0.000000
vt 0.891892 1.000000
vt 0.864865 0.000000
vt 0.918919 1.000000
vt 0.891892 0.000000
vt 0.945946 1.000000
vt 0.918919 0.000000
vt 0.972973 1.000000
vt 0.945946 0.000000
vt 1.000000 1.000000
vt 0.972973 0.000000
vt 0.007463 1.000000
vt 0.000000 0.000000
vt 0.000000 1.000000
vt 0.014925 1.000000
vt 0.007463 0.000000
vt 0.022388 1.000000
vt 0.014925 0.000000
vt 0.029851 1.000000
vt 0.022388 0.000000
vt 0.037313 1.000000
vt 0.029851 0.000000
vt 0.044776 1.000000
vt 0.037313 0.000000
vt 0.052239 1.000000
vt 0.044776 0.000000
vt 0.059701 1.000000
vt 0.052239 0.000000
vt 0.067164 1.000000
vt 0.059701 0.000000
vt 0.074627 1.000000
vt 0.067164 0.000000
vt 0.082090 1.000000
vt 0.074627 0.000000
vt 0.089552 1.000000
vt 0.082090 0.000000
vt 0.097015 1.000000
vt 0.089552 0.000000
vt 0.104478 1.000000
vt 0.097015 0.000000
vt 0.111940 1.000000
vt 0.104478 0.000000
vt 0.119403 1.000000
vt 0.111940 0.000000
vt 0.126866 1.000000
vt 0.119403 0.000000
vt 0.134328 1.000000
vt 0.126866 0.000000
vt 0.141791 1.000000
vt 0.134328 0.000000
vt 0.149254 1.000000
vt 0.141791 0.000000
vt 0.156716 1.000000
vt 0.149254 0.000000
vt 0.164179 1.000000
vt 0.156716 0.000000
vt 0.171642 1.000000
vt 0.164179 0.000000
vt 0.179104 1.000000
vt 0.171642 0.000000
vt 0.186567 1.000000
vt 0.179104 0.000000
vt 0.194030 1.000000
vt 0.186567 0.000000
vt 0.201493 1.000000
vt 0.194030 0.000000
vt 0.208955 1.000000
vt 0.201493 0.000000
vt 0.216418 1.000000
vt 0.208955 0.000000
vt 0.223881 1.000000
vt 0.216418 0.000000
vt 0.231343 1.000000
vt 0.223881 0.000000
vt 0.238806 1.000000
vt 0.231343 0.000000
vt 0.246269 1.000000
vt 0.238806 0.000000
vt 0.253731 1.000000
vt 0.246269 0.000000
vt 0.261194 1.000000
vt 0.253731 0.000000
vt 0.268657 1.000000
vt 0.261194 0.000000
vt 0.276119 1.000000
vt 0.268657 0.000000
vt 0.283582 1.000000
vt 0.276119 0.000000
vt 0.291045 1.000000
vt 0.283582 0.000000
vt 0.298507 1.000000
vt 0.291045 0.000000
vt 0.305970 1.000000
vt 0.298507 0.000000
vt 0.313433 1.000000
vt 0.305970 0.000000
vt 0.320896 1.000000
vt 0.313433 0.000000
vt 0.328358 1.000000
vt 0.320896 0.000000
vt 0.335821 1.000000
vt 0.328358 0.000000
vt 0.343284 1.000000
vt 0.335821 0.000000
vt 0.350746 1.000000
vt 0.343284 0.000000
vt 0.358209 1.000000
vt 0.350746 0.000000
vt 0.365672 1.000000
vt 0.358209 0.000000
vt 0.373134 1.000000
vt 0.365672 0.000000
vt 0.380597 1.000000
vt 0.373134 0.000000
vt 0.388060 1.000000
vt 0.380597 0.000000
vt 0.395522 1.000000
vt 0.388060 0.000000
vt 0.402985 1.000000
vt 0.395522 0.000000
vt 0.410448 1.000000
vt 0.402985 0.000000
vt 0.417910 1.000000
vt 0.410448 0.000000
vt 0.425373 1.000000
vt 0.417910 0.000000
vt 0.432836 1.000000
vt 0.425373 0.000000
vt 0.440298 1.000000
vt 0.432836 0.000000
vt 0.447761 1.000000
vt 0.440298 0.000000
vt 0.455224 1.000000
vt 0.447761 0.000000
vt 0.462687 1.000000
vt 0.455224 0.000000
vt 0.470149 1.000000
vt 0.462687 0.000000
vt 0.477612 1.000000
vt 0.470149 0.000000
vt 0.485075 1.000000
vt 0.477612 0.000000
vt 0.492537 1.000000
vt 0.485075 0.000000
vt 0.500000 1.000000
vt 0.492537 0.000000
vt 0.507463 1.000000
vt 0.500000 0.000000
vt 0.514925 1.000000
vt 0.507463 0.000000
vt 0.522388 1.000000
vt 0.514925 0.000000
vt 0.529851 1.000000
vt 0.522388 0.000000
vt 0.537313 1.000000
vt 0.529851 0.000000
vt 0.544776 1.000000
vt 0.537313 0.000000
vt 0.552239 1.000000
vt 0.544776 0.000000
vt 0.559702 1.000000
vt 0.552239 0.000000
vt 0.567164 1.000000
vt 0.559702 0.000000
vt 0.574627 1.000000
vt 0.567164 0.000000
vt 0.582090 1.000000
vt 0.574627 0.000000
vt 0.589552 1.000000
vt 0.582090 0.000000
vt 0.597015 1.000000
vt 0.589552 0.000000
vt 0.604478 1.000000
vt 0.597015 0.000000
vt 0.611940 1.000000
vt 0.604478 0.000000
vt 0.619403 1.000000
vt 0.611940 0.000000
vt 0.626866 1.000000
vt 0.619403 0.000000
vt 0.634328 1.000000
vt 0.626866 0.000000
vt 0.641791 1.000000
vt 0.634328 0.000000
vt 0.649254 1.000000
vt 0.641791 0.000000
vt 0.656716 1.000000
vt 0.649254 0.000000
vt 0.664179 1.000000
vt 0.656716 0.000000
vt 0.671642 1.000000
vt 0.664179 0.000000
vt 0.679105 1.000000
vt 0.671642 0.000000
vt 0.686567 1.000000
vt 0.679105 0.000000
vt 0.694030 1.000000
vt 0.686567 0.000000
vt 0.701493 1.000000
vt 0.694030 0.000000
vt 0.708955 1.000000
vt 0.701493 0.000000
vt 0.716418 1.000000
vt 0.708955 0.000000
vt 0.723881 1.000000
vt 0.716418 0.000000
vt 0.731343 1.000000
vt 0.723881 0.000000
vt 0.738806 1.000000
vt 0.731343 0.000000
vt 0.746269 1.000000
vt 0.738806 0.000000
vt 0.753731 1.000000
vt 0.746269 0.000000
vt 0.761194 1.000000
vt 0.753731 0.000000
vt 0.768657 1.000000
vt 0.761194 0.000000
vt 0.776119 1.000000
vt 0.768657 0.000000
vt 0.783582 1.000000
vt 0.776119 0.000000
vt 0.791045 1.000000
vt 0.783582 0.000000
vt 0.798507 1.000000
vt 0.791045 0.000000
vt 0.805970 1.000000
vt 0.798507 0.000000
vt 0.813433 1.000000
vt 0.805970 0.000000
vt 0.820895 1.000000
vt 0.813433 0.000000
vt 0.828358 1.000000
vt 0.820895 0.000000
vt 0.835821 1.000000
vt 0.828358 0.000000
vt 0.843284 1.000000
vt 0.835821 0.000000
vt 0.850746 1.000000
vt 0.843284 0.000000
vt 0.858209 1.000000
vt 0.850746 0.000000
vt 0.865672 1.000000
vt 0.858209 0.000000
vt 0.873134 1.000000
vt 0.865672 0.000000
vt 0.880597 1.000000
vt 0.873134 0.000000
vt 0.888060 1.000000
vt 0.880597 0.000000
vt 0.895522 1.000000
vt 0.888060 0.000000
vt 0.902985 1.000000
vt 0.895522 0.000000
vt 0.910448 1.000000
vt 0.902985 0.000000
vt 0.917910 1.000000
vt 0.910448 0.000000
vt 0.925373 1.000000
vt 0.917910 0.000000
vt 0.932836 1.000000
vt 0.925373 0.000000
vt 0.940298 1.000000
vt 0.932836 0.000000
vt 0.947761 1.000000
vt 0.940298 0.000000
vt 0.955224 1.000000
vt 0.947761 0.000000
vt 0.962687 1.000000
vt 0.955224 0.000000
vt 0.970149 1.000000
vt 0.962687 0.000000
vt 0.977612 1.000000
vt 0.970149 0.000000
vt 0.985075 1.000000
vt 0.977612 0.000000
vt 0.992537 1.000000
vt 0.985075 0.000000
vt 1.000000 1.000000
vt 0.992537 0.000000
vt 0.125000 1.000000
vt 0.000000 0.000000
vt 0.000000 1.000000
vt 0.250000 1.000000
vt 0.125000 0.000000
vt 0.375000 1.000000
vt 0.250000 0.000000
vt 0.500000 1.000000
vt 0.375000 0.000000
vt 0.625000 1.000000
vt 0.500000 0.000000
vt 0.750000 1.000000
vt 0.625000 0.000000
vt 0.875000 1.000000
vt 0.750000 0.000000
vt 1.000000 1.000000
vt 0.875000 0.000000
vt 0.020000 1.000000
vt 0.000000 0.000000
vt 0.000000 1.000000
vt 0.040000 1.000000
vt 0.020000 0.000000
vt 0.060000 1.000000
vt 0.040000 0.000000
vt 0.080000 1.000000
vt 0.060000 0.000000
vt 0.100000 1.000000
vt 0.080000 0.000000
vt 0.120000 1.000000
vt 0.100000 0.000000
vt 0.140000 1.000000
vt 0.120000 0.000000
vt 0.160000 1.000000
vt 0.140000 0.000000
vt 0.180000 1.000000
vt 0.160000 0.000000
vt 0.200000 1.000000
vt 0.180000 0.000000
vt 0.220000 1.000000
vt 0.200000 0.000000
vt 0.240000 1.000000
vt 0.220000 0.000000
vt 0.260000 1.000000
vt 0.240000 0.000000
vt 0.280000 1.000000
vt 0.260000 0.000000
vt 0.300000 1.000000
vt 0.280000 0.000000
vt 0.320000 1.000000
vt 0.300000 0.000000
vt 0.340000 1.000000
vt 0.320000 0.000000
vt 0.360000 1.000000
vt 0.340000 0.000000
vt 0.380000 1.000000
vt 0.360000 0.000000
vt 0.400000 1.000000
vt 0.380000 0.000000
vt 0.420000 1.000000
vt 0.400000 0.000000
vt 0.440000 1.000000
vt 0.420000 0.000000
vt 0.460000 1.000000
vt 0.440000 0.000000
vt 0.480000 1.000000
vt 0.460000 0.000000
vt 0.500000 1.000000
vt 0.480000 0.000000
vt 0.520000 1.000000
vt 0.500000 0.000000
vt 0.540000 1.000000
vt 0.520000 0.000000
vt 0.560000 1.000000
vt 0.540000 0.000000
vt 0.580000 1.000000
vt 0.560000 0.000000
vt 0.600000 1.000000
vt 0.580000 0.000000
vt 0.620000 1.000000
vt 0.600000 0.000000
vt 0.640000 1.000000
vt 0.620000 0.000000
vt 0.660000 1.000000
vt 0.640000 0.000000
vt 0.680000 1.000000
vt 0.660000 0.000000
vt 0.700000 1.000000
vt 0.680000 0.000000
vt 0.720000 1.000000
vt 0.700000 0.000000
vt 0.740000 1.000000
vt 0.720000 0.000000
vt 0.760000 1.000000
vt 0.740000 0.000000
vt 0.780000 1.000000
vt 0.760000 0.000000
vt 0.800000 1.000000
vt 0.780000 0.000000
vt 0.820000 1.000000
vt 0.800000 0.000000
vt 0.840000 1.000000
vt 0.820000 0.000000
vt 0.860000 1.000000
vt 0.840000 0.000000
vt 0.880000 1.000000
vt 0.860000 0.000000
vt 0.900000 1.000000
vt 0.880000 0.000000
vt 0.920000 1.000000
vt 0.900000 0.000000
vt 0.940000 1.000000
vt 0.920000 0.000000
vt 0.960000 1.000000
vt 0.940000 0.000000
vt 0.980000 1.000000
vt 0.960000 0.000000
vt 1.000000 1.000000
vt 0.980000 0.000000
vt 1.000000 0.000000
vt 1.000000 0.000000
vt 1.000000 0.000000
vt 1.000000 0.000000
vt 1.000000 0.000000
vt 1.000000 0.000000
vt 1.000000 0.000000
vt 1.000000 0.000000
vt 1.000000 0.000000
vt 1.000000 0.000000
vt 1.000000 0.000000
vt 1.000000 0.000000
vt 1.000000 0.000000
vt 1.000000 0.000000
vn 0.0000 1.0000 0.0000
vn 0.0000 1.0000 -0.0001
vn 0.0000 1.0000 0.0001
vn 0.0000 -1.0000 0.0000
vn 0.0000 -1.0000 -0.0001
vn 0.0000 -1.0000 0.0001
vn 0.2200 0.0000 -0.9755
vn 0.1053 0.0000 -0.9944
vn 0.3426 0.0000 -0.9395
vn 0.4688 0.0000 -0.8833
vn 0.5921 0.0000 -0.8058
vn 0.7056 0.0000 -0.7086
vn 0.8029 0.0000 -0.5960
vn 0.8804 0.0000 -0.4742
vn 0.9369 0.0000 -0.3494
vn 0.9739 0.0000 -0.2269
vn 0.9939 0.0000 -0.1102
vn 1.0000 0.0000 0.0019
vn 0.9930 0.0000 0.1183
vn 0.9698 0.0000 0.2437
vn 0.9273 0.0000 0.3743
vn 0.8631 0.0000 0.5049
vn 0.7775 0.0000 0.6289
vn 0.6734 0.0000 0.7393
vn 0.5567 0.0000 0.8307
vn 0.4348 0.0000 0.9005
vn 0.3142 0.0000 0.9493
vn 0.2000 0.0000 0.9798
vn 0.0952 0.0000 0.9955
vn 0.0227 0.0000 0.9997
vn 0.7071 0.0000 0.7071
vn -0.7071 0.0000 0.7071
vn -0.7071 0.0000 -0.7071
vn 0.0252 0.0000 -0.9997
vn -0.0946 0.0000 -0.9955
vn -0.0228 0.0000 -0.9997
vn -0.1970 0.0000 -0.9804
vn -0.3075 0.0000 -0.9515
vn -0.4241 0.0000 -0.9056
vn -0.5431 0.0000 -0.8397
vn -0.6588 0.0000 -0.7523
vn -0.7645 0.0000 -0.6446
vn -0.8536 0.0000 -0.5208
vn -0.9218 0.0000 -0.3876
vn -0.9676 0.0000 -0.2525
vn -0.9925 0.0000 -0.1222
vn -1.0000 0.0000 -0.0063
vn -0.9954 0.0000 0.0956
vn -0.9801 0.0000 0.1986
vn -0.9505 0.0000 0.3106
vn -0.9028 0.0000 0.4300
vn -0.8333 0.0000 0.5528
vn -0.7404 0.0000 0.6721
vn -0.6264 0.0000 0.7795
vn -0.4975 0.0000 0.8674
vn -0.3629 0.0000 0.9318
vn -0.2314 0.0000 0.9728
vn -0.1097 0.0000 0.9940
vn -0.0260 0.0000 0.9996
vn 0.7071 0.0000 -0.7071
vn 0.5244 0.0000 0.8515
vn 0.5395 0.0000 0.8420
vn 0.5027 0.0000 0.8645
vn 0.4729 0.0000 0.8811
vn 0.5027 0.0000 0.8644
vn 0.4336 0.0000 0.9011
vn 0.3841 0.0000 0.9233
vn 0.3247 0.0000 0.9458
vn 0.2576 0.0000 0.9662
vn 0.1869 0.0000 0.9824
vn 0.1177 0.0000 0.9930
vn 0.0548 0.0000 0.9985
vn -0.0029 0.0000 1.0000
vn -0.0670 0.0000 0.9977
vn -0.1444 0.0000 0.9895
vn -0.2344 0.0000 0.9721
vn -0.3361 0.0000 0.9418
vn -0.4464 0.0000 0.8948
vn -0.5597 0.0000 0.8287
vn -0.6682 0.0000 0.7439
vn -0.7643 0.0000 0.6449
vn -0.8426 0.0000 0.5385
vn -0.9015 0.0000 0.4326
vn -0.9428 0.0000 0.3334
vn -0.3111 0.0000 0.9503
vn 0.5845 0.0000 0.8114
vn 0.5440 0.0000 0.8391
vn 0.5005 0.0000 0.8657
vn 0.4539 0.0000 0.8910
vn 0.4045 0.0000 0.9145
vn 0.3522 0.0000 0.9359
vn 0.2975 0.0000 0.9547
vn 0.2405 0.0000 0.9706
vn 0.1819 0.0000 0.9833
vn 0.1218 0.0000 0.9925
vn 0.0611 0.0000 0.9981
vn -0.0176 0.0000 0.9998
vn -0.1330 0.0000 0.9911
vn -0.2663 0.0000 0.9639
vn -0.3956 0.0000 0.9184
vn -0.5169 0.0000 0.8560
vn -0.6272 0.0000 0.7789
vn -0.7244 0.0000 0.6893
vn -0.8076 0.0000 0.5897
vn -0.8761 0.0000 0.4821
vn -0.9298 0.0000 0.3680
vn -0.9686 0.0000 0.2487
vn -0.9921 0.0000 0.1254
vn -1.0000 0.0000 -0.0074
vn -0.9868 0.0000 -0.1617
vn -0.9441 0.0000 -0.3297
vn -0.8721 0.0000 -0.4894
vn -0.7800 0.0000 -0.6258
vn -0.6815 0.0000 -0.7318
vn -0.5887 0.0000 -0.8083
vn -0.5086 0.0000 -0.8610
vn -0.4442 0.0000 -0.8959
vn -0.3959 0.0000 -0.9183
vn -0.3631 0.0000 -0.9317
vn -0.3452 0.0000 -0.9385
vn -0.3370 0.0000 -0.9415
vn -0.8167 0.0000 -0.5770
vn -0.9998 0.0000 0.0211
vn -0.9958 0.0000 0.0909
vn -0.9803 0.0000 0.1975
vn -0.9470 0.0000 0.3213
vn -0.8889 0.0000 0.4580
vn -0.8017 0.0000 0.5977
vn -0.6870 0.0000 0.7266
vn -0.5545 0.0000 0.8322
vn -0.4179 0.0000 0.9085
vn -0.2895 0.0000 0.9572
vn -0.1764 0.0000 0.9843
vn -0.0809 0.0000 0.9967
vn -0.1765 0.0000 0.9843
vn 0.0009 0.0000 1.0000
vn 0.0786 0.0000 0.9969
vn 0.1570 0.0000 0.9876
vn 0.2344 0.0000 0.9721
vn 0.3096 0.0000 0.9508
vn 0.3821 0.0000 0.9241
vn 0.3097 0.0000 0.9508
vn 0.4508 0.0000 0.8926
vn 0.5152 0.0000 0.8571
vn 0.5749 0.0000 0.8182
vn 0.6297 0.0000 0.7768
vn 0.6795 0.0000 0.7336
vn 0.7243 0.0000 0.6894
vn -0.3569 0.0000 0.9341
vn -0.9315 0.0000 -0.3637
vn -0.7084 0.0000 -0.7058
vn -0.6504 0.0000 -0.7595
vn -0.5872 0.0000 -0.8094
vn -0.5199 0.0000 -0.8542
vn -0.4500 0.0000 -0.8930
vn -0.3789 0.0000 -0.9254
vn -0.3085 0.0000 -0.9512
vn -0.2398 0.0000 -0.9708
vn -0.1740 0.0000 -0.9847
vn -0.1120 0.0000 -0.9937
vn -0.0540 0.0000 -0.9985
vn 0.0085 0.0000 -0.9999
vn 0.0893 0.0000 -0.9960
vn 0.1859 0.0000 -0.9825
vn 0.2908 0.0000 -0.9568
vn 0.4033 0.0000 -0.9150
vn 0.5206 0.0000 -0.8538
vn 0.6377 0.0000 -0.7702
vn 0.7476 0.0000 -0.6642
vn 0.8423 0.0000 -0.5390
vn 0.9158 0.0000 -0.4017
vn 0.9653 0.0000 -0.2612
vn 0.9920 0.0000 -0.1258
vn 0.9995 0.0000 -0.0301
vn 0.9999 0.0000 -0.0154
vn 0.9977 0.0000 -0.0670
vn 0.9891 0.0000 -0.1470
vn 0.9698 0.0000 -0.2438
vn 0.9337 0.0000 -0.3581
vn 0.8733 0.0000 -0.4872
vn 0.7825 0.0000 -0.6226
vn 0.6611 0.0000 -0.7502
vn 0.5178 0.0000 -0.8555
vn 0.3681 0.0000 -0.9297
vn 0.2272 0.0000 -0.9738
vn 0.1045 0.0000 -0.9945
vn -0.0139 0.0000 -0.9999
vn -0.1352 0.0000 -0.9908
vn -0.2368 0.0000 -0.9716
vn -0.3115 0.0000 -0.9502
vn -0.3688 0.0000 -0.9295
vn -0.4145 0.0000 -0.9100
vn -0.4521 0.0000 -0.8920
vn -0.4840 0.0000 -0.8750
vn -0.5118 0.0000 -0.8591
vn -0.5367 0.0000 -0.8438
vn -0.5119 0.0000 -0.8591
vn -0.5593 0.0000 -0.8290
vn -0.5802 0.0000 -0.8144
vn 0.4526 0.0000 -0.8917
vn 0.8791 0.0000 0.4766
vn 0.3536 0.0000 0.9354
vn 0.3352 0.0000 0.9421
vn 0.3812 0.0000 0.9245
vn 0.4196 0.0000 0.9077
vn 0.4704 0.0000 0.8824
vn 0.5358 0.0000 0.8443
vn 0.6169 0.0000 0.7870
vn 0.7125 0.0000 0.7016
vn 0.8158 0.0000 0.5784
vn 0.9110 0.0000 0.4124
vn 0.9772 0.0000 0.2122
vn 0.9998 0.0000 0.0220
vn 0.9922 0.0000 -0.1244
vn 0.9680 0.0000 -0.2510
vn 0.9262 0.0000 -0.3771
vn 0.8667 0.0000 -0.4988
vn 0.7905 0.0000 -0.6124
vn 0.6993 0.0000 -0.7148
vn 0.5957 0.0000 -0.8032
vn 0.4827 0.0000 -0.8758
vn 0.3635 0.0000 -0.9315
vn 0.2415 0.0000 -0.9704
vn 0.1196 0.0000 -0.9928
vn 0.0087 0.0000 -0.9999
vn -0.0825 0.0000 -0.9966
vn -0.1630 0.0000 -0.9866
vn -0.2399 0.0000 -0.9708
vn -0.3121 0.0000 -0.9500
vn -0.3788 0.0000 -0.9254
vn -0.4397 0.0000 -0.8981
vn -0.4947 0.0000 -0.8690
vn -0.5439 0.0000 -0.8391
vn -0.5878 0.0000 -0.8090
vn -0.6267 0.0000 -0.7792
vn -0.6611 0.0000 -0.7503
vn -0.9157 0.0000 -0.4018
vn -0.5796 0.0000 0.8149
vn -0.9999 0.0000 0.0096
vn -0.8441 0.0000 0.5362
vn -0.8491 0.0000 -0.5281
vn 0.5332 0.0000 -0.8460
vn -0.0081 0.0000 -0.9999
vn -0.5400 0.0000 -0.8416
vn 0.8438 0.0000 -0.5366
vn 0.5366 0.0000 0.8438
vn -0.7519 0.0000 0.6593
vn -0.3970 0.0000 0.9178
vn -0.7945 0.0000 0.6072
vn -0.8324 0.0000 0.5541
vn -0.8659 0.0000 0.5001
vn -0.8955 0.0000 0.4450
vn -0.9214 0.0000 0.3885
vn -0.9439 0.0000 0.3302
vn -0.9629 0.0000 0.2698
vn -0.9783 0.0000 0.2069
vn -0.9900 0.0000 0.1411
vn -0.9974 0.0000 0.0721
vn -1.0000 0.0000 0.0000
vn -0.9974 0.0000 -0.0721
vn -0.9900 0.0000 -0.1411
vn -0.9783 0.0000 -0.2069
vn -0.9629 0.0000 -0.2698
vn -0.9439 0.0000 -0.3302
vn -0.9214 0.0000 -0.3885
vn -0.8955 0.0000 -0.4450
vn -0.8659 0.0000 -0.5001
vn -0.8324 0.0000 -0.5541
vn -0.7945 0.0000 -0.6072
vn -0.7519 0.0000 -0.6593
vn -0.3970 0.0000 -0.9178
vn 0.8884 0.0000 -0.4591
vn 0.8318 0.0000 0.5550
vn 0.8621 0.0000 0.5066
vn 0.8900 0.0000 0.4560
vn 0.9148 0.0000 0.4038
vn 0.9365 0.0000 0.3507
vn 0.9548 0.0000 0.2972
vn 0.9698 0.0000 0.2440
vn 0.9814 0.0000 0.1917
vn 0.9900 0.0000 0.1408
vn 0.9958 0.0000 0.0917
vn 0.9990 0.0000 0.0448
vn 1.0000 0.0000 0.0000
vn 0.9990 0.0000 -0.0448
vn 0.9958 0.0000 -0.0917
vn 0.9900 0.0000 -0.1408
vn 0.9814 0.0000 -0.1917
vn 0.9698 0.0000 -0.2440
vn 0.9548 0.0000 -0.2972
vn 0.9365 0.0000 -0.3507
vn 0.9148 0.0000 -0.4038
vn 0.8900 0.0000 -0.4560
vn 0.8621 0.0000 -0.5066
vn 0.8318 0.0000 -0.5550
vn 0.8884 0.0000 0.4591
vn 0.4869 0.0000 0.8734
vn 0.5233 0.0000 0.8521
vn 0.5232 0.0000 0.8521
vn 0.4449 0.0000 0.8955
vn 0.3980 0.0000 0.9174
vn 0.3470 0.0000 0.9378
vn 0.2934 0.0000 0.9560
vn 0.2388 0.0000 0.9711
vn 0.1848 0.0000 0.9828
vn 0.1330 0.0000 0.9911
vn 0.0845 0.0000 0.9964
vn 0.0403 0.0000 0.9992
vn -0.0249 0.0000 0.9997
vn -0.1412 0.0000 0.9900
vn -0.2852 0.0000 0.9584
vn -0.4256 0.0000 0.9049
vn -0.5557 0.0000 0.8314
vn -0.6701 0.0000 0.7422
vn -0.7664 0.0000 0.6424
vn -0.8438 0.0000 0.5366
vn -0.9036 0.0000 0.4283
vn -0.9475 0.0000 0.3198
vn -0.9772 0.0000 0.2120
vn -0.9944 0.0000 0.1055
vn -1.0000 0.0000 -0.0004
vn -0.9940 0.0000 -0.1091
vn -0.9749 0.0000 -0.2227
vn -0.9405 0.0000 -0.3396
vn -0.8894 0.0000 -0.4571
vn -0.8205 0.0000 -0.5716
vn -0.7338 0.0000 -0.6793
vn -0.6309 0.0000 -0.7758
vn -0.5145 0.0000 -0.8574
vn -0.3887 0.0000 -0.9214
vn -0.2581 0.0000 -0.9661
vn -0.1274 0.0000 -0.9919
vn -0.0020 0.0000 -1.0000
vn 0.1222 0.0000 -0.9925
vn 0.2545 0.0000 -0.9671
vn 0.3938 0.0000 -0.9192
vn 0.5324 0.0000 -0.8464
vn 0.6607 0.0000 -0.7506
vn 0.7703 0.0000 -0.6377
vn 0.8564 0.0000 -0.5163
vn 0.9186 0.0000 -0.3951
vn 0.9598 0.0000 -0.2805
vn 0.9844 0.0000 -0.1760
vn 0.9965 0.0000 -0.0830
vn 0.7209 0.0000 0.6930
vn 0.7733 0.0000 0.6340
vn 0.9706 0.0000 -0.2406
vn 0.9427 0.0000 -0.3338
vn 0.9005 0.0000 -0.4348
vn 0.8413 0.0000 -0.5406
vn 0.7632 0.0000 -0.6461
vn 0.6671 0.0000 -0.7449
vn 0.5566 0.0000 -0.8308
vn 0.4378 0.0000 -0.8991
vn 0.3177 0.0000 -0.9481
vn 0.2026 0.0000 -0.9792
vn 0.0965 0.0000 -0.9953
vn 0.0076 0.0000 -1.0000
vn -0.0612 0.0000 -0.9981
vn -0.1212 0.0000 -0.9926
vn -0.1791 0.0000 -0.9838
vn -0.2344 0.0000 -0.9721
vn -0.2864 0.0000 -0.9581
vn -0.3347 0.0000 -0.9423
vn -0.3793 0.0000 -0.9252
vn -0.4201 0.0000 -0.9075
vn -0.4570 0.0000 -0.8894
vn -0.4904 0.0000 -0.8715
vn -0.5202 0.0000 -0.8540
vn 0.4825 0.0000 -0.8759
vn 0.8775 0.0000 0.4796
vn 0.4826 0.0000 -0.8759
vn -0.9703 0.0000 0.2417
vn -0.9902 0.0000 0.1396
vn -0.9367 0.0000 0.3501
vn -0.8866 0.0000 0.4625
vn -0.8179 0.0000 0.5753
vn -0.7300 0.0000 0.6835
vn -0.6242 0.0000 0.7812
vn -0.5044 0.0000 0.8634
vn -0.3763 0.0000 0.9265
vn -0.2462 0.0000 0.9692
vn -0.1197 0.0000 0.9928
vn -0.0038 0.0000 1.0000
vn -0.1198 0.0000 0.9928
vn 0.1048 0.0000 0.9945
vn 0.2178 0.0000 0.9760
vn 0.3374 0.0000 0.9413
vn 0.4587 0.0000 0.8886
vn 0.3375 0.0000 0.9413
vn 0.5754 0.0000 0.8179
vn 0.6814 0.0000 0.7319
vn 0.7721 0.0000 0.6355
vn 0.8451 0.0000 0.5345
vn 0.9009 0.0000 0.4340
vn 0.9411 0.0000 0.3381
vn 0.9685 0.0000 0.2490
vn 0.7766 0.0000 -0.6300
vn -0.7383 0.0000 -0.6744
vn 0.3840 0.0000 0.9233
vn 0.2577 0.0000 0.9662
vn 0.1870 0.0000 0.9824
vn -0.4465 0.0000 0.8948
vn 0.5440 0.0000 0.8390
vn 0.4044 0.0000 0.9145
vn 0.1818 0.0000 0.9833
vn 0.2406 0.0000 0.9706
vn 0.0610 0.0000 0.9981
vn -0.8889 0.0000 0.4581
vn -0.5544 0.0000 0.8322
vn 0.3820 0.0000 0.9241
vn -0.3790 0.0000 -0.9254
vn -0.0541 0.0000 -0.9985
vn 0.1859 0.0000 -0.9826
vn 0.1044 0.0000 -0.9945
vn 0.2273 0.0000 -0.9738
vn -0.0140 0.0000 -0.9999
vn -0.1353 0.0000 -0.9908
vn -0.3689 0.0000 -0.9295
vn -0.4840 0.0000 -0.8751
vn -0.4521 0.0000 -0.8919
vn 0.8157 0.0000 0.5784
vn 0.7126 0.0000 0.7016
vn -0.4946 0.0000 -0.8691
vn -0.6611 0.0000 -0.7502
vn -0.4823 0.0000 0.8760
vn -0.5172 0.0000 0.8558
vn -0.4458 0.0000 0.8951
vn -0.4822 0.0000 0.8760
vn -0.4077 0.0000 0.9131
vn -0.3677 0.0000 0.9299
vn -0.3257 0.0000 0.9455
vn -0.2811 0.0000 0.9597
vn -0.2336 0.0000 0.9723
vn -0.1825 0.0000 0.9832
vn -0.1270 0.0000 0.9919
vn -0.0663 0.0000 0.9978
vn 0.0027 0.0000 1.0000
vn 0.0822 0.0000 0.9966
vn 0.1700 0.0000 0.9854
vn 0.2641 0.0000 0.9645
vn 0.3643 0.0000 0.9312
vn 0.4699 0.0000 0.8827
vn 0.5787 0.0000 0.8155
vn 0.6870 0.0000 0.7266
vn 0.7891 0.0000 0.6142
vn 0.8777 0.0000 0.4792
vn 0.9452 0.0000 0.3263
vn 0.9865 0.0000 0.1635
vn 0.9998 0.0000 -0.0217
vn 0.9718 0.0000 -0.2356
vn 0.9032 0.0000 -0.4292
vn 0.8221 0.0000 -0.5693
vn 0.7472 0.0000 -0.6645
vn 0.6850 0.0000 -0.7285
vn 0.6358 0.0000 -0.7719
vn 0.5974 0.0000 -0.8019
vn 0.5678 0.0000 -0.8231
vn 0.5449 0.0000 -0.8385
vn 0.5678 0.0000 -0.8232
vn 0.5274 0.0000 -0.8496
vn 0.5138 0.0000 -0.8578
vn 0.5273 0.0000 -0.8496
vn 0.5350 0.0000 -0.8448
vn 0.5138 0.0000 -0.8579
vn 0.5728 0.0000 -0.8197
vn 0.5989 0.0000 -0.8008
vn 0.6319 0.0000 -0.7750
vn 0.6727 0.0000 -0.7398
vn 0.7213 0.0000 -0.6926
vn 0.7764 0.0000 -0.6303
vn 0.8348 0.0000 -0.5505
vn 0.8914 0.0000 -0.4531
vn 0.9398 0.0000 -0.3416
vn 0.9748 0.0000 -0.2232
vn 0.9942 0.0000 -0.1073
vn 0.9999 0.0000 0.0079
vn 0.9907 0.0000 0.1363
vn 0.9615 0.0000 0.2746
vn 0.9120 0.0000 0.4102
vn 0.8431 0.0000 0.5376
vn 0.7578 0.0000 0.6525
vn 0.6598 0.0000 0.7514
vn 0.5531 0.0000 0.8330
vn 0.4418 0.0000 0.8971
vn 0.5532 0.0000 0.8330
vn 0.3287 0.0000 0.9444
vn 0.2164 0.0000 0.9763
vn 0.1065 0.0000 0.9943
vn 0.0175 0.0000 0.9998
vn -0.0360 0.0000 0.9993
vn -0.0754 0.0000 0.9971
vn -0.0361 0.0000 0.9993
vn -0.1179 0.0000 0.9930
vn -0.1624 0.0000 0.9867
vn -0.2078 0.0000 0.9781
vn -0.1625 0.0000 0.9867
vn -0.2527 0.0000 0.9675
vn -0.2958 0.0000 0.9553
vn -0.3360 0.0000 0.9418
vn -0.2958 0.0000 0.9552
vn -0.3728 0.0000 0.9279
vn -0.4056 0.0000 0.9140
vn -0.4343 0.0000 0.9008
vn -0.8507 0.0000 0.5255
vn -0.4725 0.0000 -0.8813
vn -0.8507 0.0000 0.5256
vn 0.5388 0.0000 -0.8424
vn 0.5082 0.0000 -0.8612
vn 0.4758 0.0000 -0.8796
vn 0.4410 0.0000 -0.8975
vn 0.4036 0.0000 -0.9149
vn 0.3630 0.0000 -0.9318
vn 0.3185 0.0000 -0.9479
vn 0.2692 0.0000 -0.9631
vn 0.2141 0.0000 -0.9768
vn 0.1518 0.0000 -0.9884
vn 0.0805 0.0000 -0.9967
vn -0.0245 0.0000 -0.9997
vn -0.1288 0.0000 -0.9916
vn -0.2065 0.0000 -0.9784
vn -0.2900 0.0000 -0.9570
vn -0.3801 0.0000 -0.9249
vn -0.4771 0.0000 -0.8788
vn -0.5798 0.0000 -0.8148
vn -0.6850 0.0000 -0.7285
vn -0.7867 0.0000 -0.6173
vn -0.8765 0.0000 -0.4814
vn -0.9452 0.0000 -0.3263
vn -0.9867 0.0000 -0.1622
vn -0.9955 0.0000 0.0949
vn -0.8897 0.0000 0.4565
vn -0.7052 0.0000 0.7090
vn -0.5812 0.0000 0.8137
vn -0.5189 0.0000 0.8548
vn -0.5003 0.0000 0.8659
vn -0.5150 0.0000 0.8572
vn -0.5596 0.0000 0.8287
vn -0.6341 0.0000 0.7732
vn -0.7372 0.0000 0.6756
vn -0.8571 0.0000 0.5151
vn -0.9597 0.0000 0.2808
vn -0.9992 0.0000 0.0396
vn -0.9910 0.0000 -0.1338
vn -0.9618 0.0000 -0.2739
vn -0.9096 0.0000 -0.4154
vn -0.8348 0.0000 -0.5506
vn -0.7406 0.0000 -0.6720
vn -0.6329 0.0000 -0.7742
vn -0.5184 0.0000 -0.8551
vn -0.4034 0.0000 -0.9150
vn -0.2921 0.0000 -0.9564
vn -0.1872 0.0000 -0.9823
vn -0.0901 0.0000 -0.9959
vn -0.0098 0.0000 -0.9999
vn 0.0475 0.0000 -0.9989
vn 0.0945 0.0000 -0.9955
vn 0.1405 0.0000 -0.9901
vn 0.0944 0.0000 -0.9955
vn 0.1852 0.0000 -0.9827
vn 0.2282 0.0000 -0.9736
vn 0.2694 0.0000 -0.9630
vn 0.3085 0.0000 -0.9512
vn 0.3453 0.0000 -0.9385
vn 0.3797 0.0000 -0.9251
vn 0.4119 0.0000 -0.9112
vn 0.4418 0.0000 -0.8971
vn 0.8532 0.0000 -0.5215
vn 0.4825 0.0000 0.8759
vn 0.7519 0.0000 -0.6593
vn 0.3970 0.0000 -0.9178
vn 0.7945 0.0000 -0.6072
vn 0.8324 0.0000 -0.5541
vn 0.8659 0.0000 -0.5001
vn 0.8955 0.0000 -0.4450
vn 0.9214 0.0000 -0.3885
vn 0.9439 0.0000 -0.3302
vn 0.9629 0.0000 -0.2698
vn 0.9783 0.0000 -0.2069
vn 0.9900 0.0000 -0.1411
vn 0.9974 0.0000 -0.0721
vn 0.9974 0.0000 0.0721
vn 0.9900 0.0000 0.1411
vn 0.9783 0.0000 0.2069
vn 0.9629 0.0000 0.2698
vn 0.9439 0.0000 0.3302
vn 0.9214 0.0000 0.3885
vn 0.8955 0.0000 0.4450
vn 0.8659 0.0000 0.5001
vn 0.8324 0.0000 0.5541
vn 0.7945 0.0000 0.6072
vn 0.7519 0.0000 0.6593
vn 0.3970 0.0000 0.9178
vn -0.8884 0.0000 0.4591
vn -0.8318 0.0000 -0.5550
vn -0.8621 0.0000 -0.5066
vn -0.8900 0.0000 -0.4560
vn -0.9148 0.0000 -0.4038
vn -0.9365 0.0000 -0.3507
vn -0.9548 0.0000 -0.2972
vn -0.9698 0.0000 -0.2440
vn -0.9814 0.0000 -0.1917
vn -0.9900 0.0000 -0.1408
vn -0.9958 0.0000 -0.0917
vn -0.9990 0.0000 -0.0448
vn -0.9990 0.0000 0.0448
vn -0.9958 0.0000 0.0917
vn -0.9900 0.0000 0.1408
vn -0.9814 0.0000 0.1917
vn -0.9698 0.0000 0.2440
vn -0.9548 0.0000 0.2972
vn -0.9365 0.0000 0.3507
vn -0.9148 0.0000 0.4038
vn -0.8900 0.0000 0.4560
vn -0.8621 0.0000 0.5066
vn -0.8318 0.0000 0.5550
vn -0.8884 0.0000 -0.4591
usemtl Material.002
s off
f 49/1/1 1/2/1 50/3/1
f 49/1/1 2/4/1 1/2/1
f 49/1/1 3/5/1 2/4/1
f 48/6/1 3/5/1 49/1/1
f 48/6/1 4/7/1 3/5/1
f 47/8/1 4/7/1 48/6/1
f 47/8/1 5/9/1 4/7/1
f 46/10/1 5/9/1 47/8/1
f 46/10/1 6/11/1 5/9/1
f 45/12/1 6/11/1 46/10/1
f 45/12/1 7/13/1 6/11/1
f 44/14/1 7/13/1 45/12/1
f 43/15/1 7/13/1 44/14/1
f 43/15/1 8/16/1 7/13/1
f 42/17/1 8/16/1 43/15/1
f 42/17/1 9/18/1 8/16/1
f 41/19/1 9/18/1 42/17/1
f 41/19/1 10/20/1 9/18/1
f 40/21/1 10/20/1 41/19/1
f 40/21/1 11/22/1 10/20/1
f 39/23/1 11/22/1 40/21/1
f 39/23/1 12/24/1 11/22/1
f 38/25/1 12/24/1 39/23/1
f 38/25/1 13/26/1 12/24/1
f 37/27/1 13/26/1 38/25/1
f 37/27/1 14/28/1 13/26/1
f 37/27/1 15/29/1 14/28/1
f 36/30/1 15/29/1 37/27/1
f 36/30/1 16/31/1 15/29/1
f 35/32/1 16/31/1 36/30/1
f 35/32/1 17/33/1 16/31/1
f 34/34/1 17/33/1 35/32/1
f 34/34/1 18/35/1 17/33/1
f 33/36/1 18/35/1 34/34/1
f 33/36/1 19/37/1 18/35/1
f 32/38/1 19/37/1 33/36/1
f 32/38/1 20/39/1 19/37/1
f 31/40/1 20/39/1 32/38/1
f 30/41/1 20/39/1 31/40/1
f 30/41/1 21/42/1 20/39/1
f 29/43/1 21/42/1 30/41/1
f 29/43/1 22/44/1 21/42/1
f 28/45/1 22/44/1 29/43/1
f 28/45/1 23/46/1 22/44/1
f 27/47/1 23/46/1 28/45/1
f 27/47/1 24/48/1 23/46/1
f 26/49/1 24/48/1 27/47/1
f 26/49/1 25/50/1 24/48/1
f 52/51/1 54/52/1 53/53/1
f 52/51/1 55/54/1 54/52/1
f 55/54/1 57/55/1 56/56/1
f 55/54/1 58/57/1 57/55/1
f 52/51/1 58/57/1 55/54/1
f 51/58/1 58/57/1 52/51/1
f 178/59/1 180/60/1 179/61/1
f 178/59/1 181/62/1 180/60/1
f 177/63/1 181/62/1 178/59/1
f 177/63/1 182/64/1 181/62/1
f 177/63/1 183/65/1 182/64/1
f 176/66/1 183/65/1 177/63/1
f 176/66/1 184/67/1 183/65/1
f 176/66/1 185/68/1 184/67/1
f 175/69/1 185/68/1 176/66/1
f 175/69/1 186/70/1 185/68/1
f 175/69/1 187/71/1 186/70/1
f 174/72/1 187/71/1 175/69/1
f 174/72/1 188/73/1 187/71/1
f 174/72/1 189/74/1 188/73/1
f 173/75/1 189/74/1 174/72/1
f 173/75/1 190/76/1 189/74/1
f 173/75/1 191/77/1 190/76/1
f 172/78/1 191/77/1 173/75/1
f 172/78/1 66/79/1 191/77/1
f 66/79/1 65/80/1 191/77/1
f 65/80/1 64/81/1 191/77/1
f 64/81/1 63/82/1 191/77/1
f 63/82/1 62/83/1 191/77/1
f 62/83/1 61/84/1 191/77/1
f 61/84/1 60/85/1 191/77/1
f 60/85/1 59/86/1 191/77/1
f 59/86/1 192/87/1 191/77/1
f 171/88/1 68/89/1 172/78/1
f 68/89/1 67/90/1 172/78/1
f 67/90/1 66/79/1 172/78/1
f 170/91/1 69/92/1 171/88/1
f 69/92/1 68/89/1 171/88/1
f 169/93/1 71/94/1 170/91/1
f 71/94/1 70/95/1 170/91/1
f 70/95/1 69/92/1 170/91/1
f 169/93/1 72/96/1 71/94/1
f 169/93/1 73/97/1 72/96/1
f 169/93/1 74/98/1 73/97/1
f 169/93/1 75/99/1 74/98/1
f 169/93/1 76/100/1 75/99/1
f 168/101/1 76/100/1 169/93/1
f 168/101/1 77/102/1 76/100/1
f 168/101/1 78/103/1 77/102/1
f 168/101/1 79/104/1 78/103/1
f 168/101/1 80/105/1 79/104/1
f 167/106/1 80/105/1 168/101/1
f 167/106/1 81/107/1 80/105/1
f 167/106/1 82/108/1 81/107/1
f 167/106/1 83/109/1 82/108/1
f 166/110/1 83/109/1 167/106/1
f 166/110/1 84/111/1 83/109/1
f 166/110/1 85/112/1 84/111/1
f 166/110/1 86/113/1 85/112/1
f 166/110/1 87/114/1 86/113/1
f 166/110/1 88/115/1 87/114/1
f 165/116/1 88/115/1 166/110/1
f 165/116/1 89/117/1 88/115/1
f 165/116/1 90/118/1 89/117/1
f 165/116/1 91/119/1 90/118/1
f 164/120/1 91/119/1 165/116/1
f 164/120/1 92/121/1 91/119/1
f 164/120/1 93/122/1 92/121/1
f 164/120/1 94/123/1 93/122/1
f 163/124/1 94/123/1 164/120/1
f 163/124/1 95/125/1 94/123/1
f 162/126/1 95/125/1 163/124/1
f 162/126/1 96/127/1 95/125/1
f 162/126/1 97/128/1 96/127/1
f 161/129/1 97/128/1 162/126/1
f 161/129/1 98/130/1 97/128/1
f 160/131/1 98/130/1 161/129/1
f 160/131/1 99/132/1 98/130/1
f 160/131/1 100/133/1 99/132/1
f 159/134/1 100/133/1 160/131/1
f 159/134/1 101/135/1 100/133/1
f 158/136/1 101/135/1 159/134/1
f 158/136/1 102/137/1 101/135/1
f 158/136/1 103/138/1 102/137/1
f 157/139/1 103/138/1 158/136/1
f 157/139/1 104/140/1 103/138/1
f 156/141/1 104/140/1 157/139/1
f 156/141/1 105/142/1 104/140/1
f 155/143/1 105/142/1 156/141/1
f 155/143/1 106/144/1 105/142/1
f 130/145/1 132/146/1 131/147/1
f 155/143/1 107/148/1 106/144/1
f 154/149/1 107/148/1 155/143/1
f 130/145/1 133/150/1 132/146/1
f 153/151/1 107/148/1 154/149/1
f 130/145/1 134/152/1 133/150/1
f 152/153/1 107/148/1 153/151/1
f 152/153/1 108/154/1 107/148/1
f 130/145/1 135/155/1 134/152/1
f 151/156/1 108/154/1 152/153/1
f 130/145/1 136/157/1 135/155/1
f 150/158/1 108/154/1 151/156/1
f 130/145/1 137/159/1 136/157/1
f 149/160/1 108/154/1 150/158/1
f 149/160/1 109/161/1 108/154/1
f 130/145/1 138/162/1 137/159/1
f 148/163/1 109/161/1 149/160/1
f 147/164/1 109/161/1 148/163/1
f 130/145/1 139/165/1 138/162/1
f 146/166/1 109/161/1 147/164/1
f 130/145/1 140/167/1 139/165/1
f 145/168/1 109/161/1 146/166/1
f 130/145/1 141/169/1 140/167/1
f 144/170/1 109/161/1 145/168/1
f 130/145/1 142/171/1 141/169/1
f 143/172/1 109/161/1 144/170/1
f 130/145/1 143/172/1 142/171/1
f 143/172/1 110/173/1 109/161/1
f 130/145/1 110/173/1 143/172/1
f 130/145/1 111/174/1 110/173/1
f 130/145/1 112/175/1 111/174/1
f 129/176/1 112/175/1 130/145/1
f 129/176/1 113/177/1 112/175/1
f 128/178/1 113/177/1 129/176/1
f 127/179/1 113/177/1 128/178/1
f 127/179/1 114/180/1 113/177/1
f 126/181/1 114/180/1 127/179/1
f 125/182/1 114/180/1 126/181/1
f 125/182/1 115/183/1 114/180/1
f 124/184/1 115/183/1 125/182/1
f 124/184/1 116/185/1 115/183/1
f 123/186/1 116/185/1 124/184/1
f 122/187/1 116/185/1 123/186/1
f 122/187/1 117/188/1 116/185/1
f 121/189/1 117/188/1 122/187/1
f 120/190/1 117/188/1 121/189/1
f 120/190/1 118/191/1 117/188/1
f 119/192/1 118/191/1 120/190/1
f 290/193/1 292/194/1 291/195/1
f 289/196/1 292/194/1 290/193/1
f 289/196/1 293/197/1 292/194/1
f 288/198/1 293/197/1 289/196/1
f 287/199/1 293/197/1 288/198/1
f 287/199/1 294/200/1 293/197/1
f 286/201/1 294/200/1 287/199/1
f 286/201/1 295/202/1 294/200/1
f 285/203/1 295/202/1 286/201/1
f 284/204/1 295/202/1 285/203/1
f 284/204/1 296/205/1 295/202/1
f 283/206/1 296/205/1 284/204/1
f 283/206/1 297/207/1 296/205/1
f 282/208/1 297/207/1 283/206/1
f 281/209/1 297/207/1 282/208/1
f 281/209/1 298/210/1 297/207/1
f 280/211/1 298/210/1 281/209/1
f 280/211/1 299/212/1 298/210/1
f 279/213/1 299/212/1 280/211/1
f 278/214/1 277/215/1 279/213/1
f 277/215/1 276/216/1 279/213/1
f 276/216/1 275/217/1 279/213/1
f 275/217/1 274/218/1 279/213/1
f 274/218/1 273/219/1 279/213/1
f 273/219/1 272/220/1 279/213/1
f 272/220/1 271/221/1 279/213/1
f 271/221/1 270/222/1 279/213/1
f 270/222/1 269/223/1 279/213/1
f 269/223/1 268/224/1 279/213/1
f 268/224/1 299/212/1 279/213/1
f 268/224/1 267/225/1 299/212/1
f 267/225/1 266/226/1 299/212/1
f 266/226/1 300/227/1 299/212/1
f 266/226/1 265/228/1 300/227/1
f 265/228/1 301/229/1 300/227/1
f 264/230/2 301/229/2 265/228/2
f 263/231/1 301/229/1 264/230/1
f 262/232/1 301/229/1 263/231/1
f 261/233/1 301/229/1 262/232/1
f 260/234/1 301/229/1 261/233/1
f 260/234/1 302/235/1 301/229/1
f 259/236/1 302/235/1 260/234/1
f 258/237/1 302/235/1 259/236/1
f 257/238/1 302/235/1 258/237/1
f 257/238/1 303/239/1 302/235/1
f 256/240/1 303/239/1 257/238/1
f 255/241/1 303/239/1 256/240/1
f 255/241/1 304/242/1 303/239/1
f 254/243/1 304/242/1 255/241/1
f 253/244/1 304/242/1 254/243/1
f 252/245/1 366/246/1 253/244/1
f 366/246/1 304/242/1 253/244/1
f 251/247/1 366/246/1 252/245/1
f 250/248/1 366/246/1 251/247/1
f 249/249/1 366/246/1 250/248/1
f 248/250/1 366/246/1 249/249/1
f 248/250/1 330/251/1 366/246/1
f 365/252/1 304/242/1 366/246/1
f 248/250/1 331/253/1 330/251/1
f 247/254/1 331/253/1 248/250/1
f 247/254/1 332/255/1 331/253/1
f 246/256/1 332/255/1 247/254/1
f 246/256/1 333/257/1 332/255/1
f 245/258/1 333/257/1 246/256/1
f 245/258/1 334/259/1 333/257/1
f 245/258/1 335/260/1 334/259/1
f 244/261/1 335/260/1 245/258/1
f 244/261/1 336/262/1 335/260/1
f 243/263/1 336/262/1 244/261/1
f 243/263/1 337/264/1 336/262/1
f 243/263/1 338/265/1 337/264/1
f 242/266/1 338/265/1 243/263/1
f 242/266/1 339/267/1 338/265/1
f 242/266/1 340/268/1 339/267/1
f 241/269/1 340/268/1 242/266/1
f 241/269/1 341/270/1 340/268/1
f 240/271/1 341/270/1 241/269/1
f 240/271/1 342/272/1 341/270/1
f 240/271/1 343/273/1 342/272/1
f 239/274/1 343/273/1 240/271/1
f 239/274/1 344/275/1 343/273/1
f 239/274/1 345/276/1 344/275/1
f 364/277/1 304/242/1 365/252/1
f 238/278/1 345/276/1 239/274/1
f 363/279/1 304/242/1 364/277/1
f 238/278/1 346/280/1 345/276/1
f 362/281/1 304/242/1 363/279/1
f 327/282/1 329/283/1 328/284/1
f 362/281/1 305/285/1 304/242/1
f 238/278/1 347/286/1 346/280/1
f 326/287/1 329/283/1 327/282/1
f 361/288/1 305/285/1 362/281/1
f 361/288/1 306/289/1 305/285/1
f 325/290/1 329/283/1 326/287/1
f 237/291/1 347/286/1 238/278/1
f 237/291/1 348/292/1 347/286/1
f 361/288/1 307/293/1 306/289/1
f 360/294/1 307/293/1 361/288/1
f 324/295/1 329/283/1 325/290/1
f 360/294/1 308/296/1 307/293/1
f 359/297/1 308/296/1 360/294/1
f 323/298/1 329/283/1 324/295/1
f 237/291/1 349/299/1 348/292/1
f 359/297/1 309/300/1 308/296/1
f 322/301/1 329/283/1 323/298/1
f 358/302/1 309/300/1 359/297/1
f 358/302/1 310/303/1 309/300/1
f 321/304/1 329/283/1 322/301/1
f 237/291/1 350/305/1 349/299/1
f 358/302/1 311/306/1 310/303/1
f 357/307/1 311/306/1 358/302/1
f 320/308/1 329/283/1 321/304/1
f 357/307/1 312/309/1 311/306/1
f 236/310/1 350/305/1 237/291/1
f 319/311/1 329/283/1 320/308/1
f 236/310/1 351/312/1 350/305/1
f 356/313/1 312/309/1 357/307/1
f 356/313/1 313/314/1 312/309/1
f 318/315/1 329/283/1 319/311/1
f 356/313/1 314/316/1 313/314/1
f 317/317/1 329/283/1 318/315/1
f 355/318/1 314/316/1 356/313/1
f 355/318/1 315/319/1 314/316/1
f 316/320/1 329/283/1 317/317/1
f 355/318/3 316/320/3 315/319/3
f 236/310/1 352/321/1 351/312/1
f 355/318/1 329/283/1 316/320/1
f 354/322/1 329/283/1 355/318/1
f 236/310/1 353/323/1 352/321/1
f 353/323/1 329/283/1 354/322/1
f 236/310/1 216/324/1 353/323/1
f 216/324/1 329/283/1 353/323/1
f 235/325/1 216/324/1 236/310/1
f 235/325/1 217/326/1 216/324/1
f 215/327/1 329/283/1 216/324/1
f 234/328/1 217/326/1 235/325/1
f 234/328/1 218/329/1 217/326/1
f 214/330/1 329/283/1 215/327/1
f 214/330/1 193/331/1 329/283/1
f 233/332/1 218/329/1 234/328/1
f 233/332/1 219/333/1 218/329/1
f 213/334/1 193/331/1 214/330/1
f 213/334/1 194/335/1 193/331/1
f 233/332/1 220/336/1 219/333/1
f 212/337/1 194/335/1 213/334/1
f 232/338/1 220/336/1 233/332/1
f 212/337/1 195/339/1 194/335/1
f 232/338/1 221/340/1 220/336/1
f 211/341/1 195/339/1 212/337/1
f 211/341/1 196/342/1 195/339/1
f 231/343/1 221/340/1 232/338/1
f 231/343/1 222/344/1 221/340/1
f 210/345/1 196/342/1 211/341/1
f 210/345/1 197/346/1 196/342/1
f 231/343/1 223/347/1 222/344/1
f 209/348/1 197/346/1 210/345/1
f 209/348/1 198/349/1 197/346/1
f 230/350/1 223/347/1 231/343/1
f 230/350/1 224/351/1 223/347/1
f 208/352/1 198/349/1 209/348/1
f 208/352/1 199/353/1 198/349/1
f 230/350/1 225/354/1 224/351/1
f 208/352/1 200/355/1 199/353/1
f 207/356/1 200/355/1 208/352/1
f 229/357/1 225/354/1 230/350/1
f 207/356/1 201/358/1 200/355/1
f 229/357/1 226/359/1 225/354/1
f 206/360/1 201/358/1 207/356/1
f 206/360/1 202/361/1 201/358/1
f 229/357/1 227/362/1 226/359/1
f 205/363/1 202/361/1 206/360/1
f 228/364/1 227/362/1 229/357/1
f 205/363/1 203/365/1 202/361/1
f 204/366/1 203/365/1 205/363/1
f 401/367/1 403/368/1 402/369/1
f 401/367/1 404/370/1 403/368/1
f 400/371/1 404/370/1 401/367/1
f 400/371/1 405/372/1 404/370/1
f 399/373/1 405/372/1 400/371/1
f 399/373/1 406/374/1 405/372/1
f 398/375/1 406/374/1 399/373/1
f 398/375/1 407/376/1 406/374/1
f 397/377/1 407/376/1 398/375/1
f 397/377/1 408/378/1 407/376/1
f 396/379/1 408/378/1 397/377/1
f 396/379/1 409/380/1 408/378/1
f 395/381/1 452/382/1 396/379/1
f 452/382/1 409/380/1 396/379/1
f 395/381/1 453/383/1 452/382/1
f 451/384/1 409/380/1 452/382/1
f 395/381/1 454/385/1 453/383/1
f 450/386/1 409/380/1 451/384/1
f 395/381/1 455/387/1 454/385/1
f 449/388/1 409/380/1 450/386/1
f 449/388/1 410/389/1 409/380/1
f 395/381/1 456/390/1 455/387/1
f 394/391/1 456/390/1 395/381/1
f 448/392/1 410/389/1 449/388/1
f 394/391/1 457/393/1 456/390/1
f 447/394/1 410/389/1 448/392/1
f 394/391/1 458/395/1 457/393/1
f 446/396/1 410/389/1 447/394/1
f 394/391/1 459/397/1 458/395/1
f 445/398/1 410/389/1 446/396/1
f 393/399/1 459/397/1 394/391/1
f 445/398/1 411/400/1 410/389/1
f 393/399/1 460/401/1 459/397/1
f 444/402/1 411/400/1 445/398/1
f 393/399/1 461/403/1 460/401/1
f 443/404/1 411/400/1 444/402/1
f 392/405/1 461/403/1 393/399/1
f 443/404/1 412/406/1 411/400/1
f 392/405/1 462/407/1 461/403/1
f 442/408/1 412/406/1 443/404/1
f 392/405/1 463/409/1 462/407/1
f 441/410/1 412/406/1 442/408/1
f 391/411/1 463/409/1 392/405/1
f 391/411/1 464/412/1 463/409/1
f 441/410/1 413/413/1 412/406/1
f 465/414/1 413/413/1 441/410/1
f 391/411/1 465/414/1 464/412/1
f 391/411/1 413/413/1 465/414/1
f 390/415/1 413/413/1 391/411/1
f 390/415/1 414/416/1 413/413/1
f 389/417/1 415/418/1 390/415/1
f 415/418/1 414/416/1 390/415/1
f 389/417/1 416/419/1 415/418/1
f 388/420/1 416/419/1 389/417/1
f 388/420/1 417/421/1 416/419/1
f 388/420/1 418/422/1 417/421/1
f 387/423/1 418/422/1 388/420/1
f 387/423/1 419/424/1 418/422/1
f 386/425/1 419/424/1 387/423/1
f 386/425/1 420/426/1 419/424/1
f 438/427/1 440/428/1 439/429/1
f 386/425/1 421/430/1 420/426/1
f 437/431/1 440/428/1 438/427/1
f 436/432/1 440/428/1 437/431/1
f 385/433/1 421/430/1 386/425/1
f 385/433/1 422/434/1 421/430/1
f 435/435/1 440/428/1 436/432/1
f 434/436/1 440/428/1 435/435/1
f 385/433/1 423/437/1 422/434/1
f 433/438/1 440/428/1 434/436/1
f 385/433/1 424/439/1 423/437/1
f 432/440/1 440/428/1 433/438/1
f 384/441/1 424/439/1 385/433/1
f 431/442/1 440/428/1 432/440/1
f 384/441/1 425/443/1 424/439/1
f 430/444/1 440/428/1 431/442/1
f 384/441/1 426/445/1 425/443/1
f 429/446/1 440/428/1 430/444/1
f 428/447/1 440/428/1 429/446/1
f 384/441/1 427/448/1 426/445/1
f 427/448/1 440/428/1 428/447/1
f 384/441/1 440/428/1 427/448/1
f 383/449/1 440/428/1 384/441/1
f 383/449/1 367/450/1 440/428/1
f 382/451/1 367/450/1 383/449/1
f 382/451/1 368/452/1 367/450/1
f 382/451/1 369/453/1 368/452/1
f 381/454/1 369/453/1 382/451/1
f 381/454/1 370/455/1 369/453/1
f 381/454/1 371/456/1 370/455/1
f 380/457/1 371/456/1 381/454/1
f 380/457/1 372/458/1 371/456/1
f 380/457/1 373/459/1 372/458/1
f 379/460/1 373/459/1 380/457/1
f 379/460/1 374/461/1 373/459/1
f 379/460/1 375/462/1 374/461/1
f 379/460/1 376/463/1 375/462/1
f 378/464/1 376/463/1 379/460/1
f 378/464/1 377/465/1 376/463/1
f 489/466/1 491/467/1 490/468/1
f 489/466/1 492/469/1 491/467/1
f 488/470/1 492/469/1 489/466/1
f 488/470/1 493/471/1 492/469/1
f 487/472/1 493/471/1 488/470/1
f 487/472/1 494/473/1 493/471/1
f 486/474/1 494/473/1 487/472/1
f 486/474/1 495/475/1 494/473/1
f 485/476/1 495/475/1 486/474/1
f 485/476/1 496/477/1 495/475/1
f 484/478/1 496/477/1 485/476/1
f 484/478/1 497/479/1 496/477/1
f 484/478/1 498/480/1 497/479/1
f 483/481/1 498/480/1 484/478/1
f 483/481/1 499/482/1 498/480/1
f 482/483/1 499/482/1 483/481/1
f 482/483/1 500/484/1 499/482/1
f 481/485/1 500/484/1 482/483/1
f 481/485/1 501/486/1 500/484/1
f 480/487/1 501/486/1 481/485/1
f 480/487/1 502/488/1 501/486/1
f 479/489/1 502/488/1 480/487/1
f 479/489/1 503/490/1 502/488/1
f 478/491/1 503/490/1 479/489/1
f 477/492/1 503/490/1 478/491/1
f 477/492/1 504/493/1 503/490/1
f 476/494/1 504/493/1 477/492/1
f 476/494/1 505/495/1 504/493/1
f 475/496/1 505/495/1 476/494/1
f 475/496/1 506/497/1 505/495/1
f 474/498/1 506/497/1 475/496/1
f 474/498/1 507/499/1 506/497/1
f 473/500/1 507/499/1 474/498/1
f 473/500/1 508/501/1 507/499/1
f 472/502/1 508/501/1 473/500/1
f 472/502/1 509/503/1 508/501/1
f 471/504/1 509/503/1 472/502/1
f 471/504/1 510/505/1 509/503/1
f 471/504/1 511/506/1 510/505/1
f 470/507/1 511/506/1 471/504/1
f 470/507/1 512/508/1 511/506/1
f 469/509/1 512/508/1 470/507/1
f 469/509/1 513/510/1 512/508/1
f 468/511/1 513/510/1 469/509/1
f 468/511/1 514/512/1 513/510/1
f 467/513/1 514/512/1 468/511/1
f 467/513/1 515/514/1 514/512/1
f 466/515/1 515/514/1 467/513/1
f 517/516/1 519/517/1 518/518/1
f 517/516/1 520/519/1 519/517/1
f 520/519/1 522/520/1 521/521/1
f 520/519/1 523/522/1 522/520/1
f 517/516/1 523/522/1 520/519/1
f 516/523/1 523/522/1 517/516/1
f 621/524/1 623/525/1 622/526/1
f 620/527/1 623/525/1 621/524/1
f 620/527/1 624/528/1 623/525/1
f 619/529/1 624/528/1 620/527/1
f 618/530/1 624/528/1 619/529/1
f 618/530/1 625/531/1 624/528/1
f 617/532/1 625/531/1 618/530/1
f 617/532/1 626/533/1 625/531/1
f 616/534/1 626/533/1 617/532/1
f 615/535/1 626/533/1 616/534/1
f 615/535/1 627/536/1 626/533/1
f 614/537/1 627/536/1 615/535/1
f 614/537/1 628/538/1 627/536/1
f 613/539/1 628/538/1 614/537/1
f 612/540/1 628/538/1 613/539/1
f 612/540/1 629/541/1 628/538/1
f 611/542/1 629/541/1 612/540/1
f 611/542/1 630/543/1 629/541/1
f 610/544/1 630/543/1 611/542/1
f 609/545/1 608/546/1 610/544/1
f 608/546/1 607/547/1 610/544/1
f 607/547/1 606/548/1 610/544/1
f 606/548/1 605/549/1 610/544/1
f 605/549/1 604/550/1 610/544/1
f 604/550/1 603/551/1 610/544/1
f 603/551/1 602/552/1 610/544/1
f 602/552/1 601/553/1 610/544/1
f 601/553/1 600/554/1 610/544/1
f 600/554/1 599/555/1 610/544/1
f 599/555/1 630/543/1 610/544/1
f 599/555/1 598/556/1 630/543/1
f 598/556/1 597/557/1 630/543/1
f 597/557/1 631/558/1 630/543/1
f 597/557/1 596/559/1 631/558/1
f 596/559/1 632/560/1 631/558/1
f 595/561/3 632/560/3 596/559/3
f 594/562/1 632/560/1 595/561/1
f 593/563/1 632/560/1 594/562/1
f 592/564/1 632/560/1 593/563/1
f 591/565/1 632/560/1 592/564/1
f 591/565/1 633/566/1 632/560/1
f 590/567/1 633/566/1 591/565/1
f 589/568/1 633/566/1 590/567/1
f 588/569/1 633/566/1 589/568/1
f 588/569/1 634/570/1 633/566/1
f 587/571/1 634/570/1 588/569/1
f 586/572/1 634/570/1 587/571/1
f 586/572/1 635/573/1 634/570/1
f 585/574/1 635/573/1 586/572/1
f 584/575/1 635/573/1 585/574/1
f 583/576/1 697/577/1 584/575/1
f 697/577/1 635/573/1 584/575/1
f 582/578/1 697/577/1 583/576/1
f 581/579/1 697/577/1 582/578/1
f 580/580/1 697/577/1 581/579/1
f 579/581/1 697/577/1 580/580/1
f 579/581/1 661/582/1 697/577/1
f 696/583/1 635/573/1 697/577/1
f 579/581/1 662/584/1 661/582/1
f 578/585/1 662/584/1 579/581/1
f 578/585/1 663/586/1 662/584/1
f 577/587/1 663/586/1 578/585/1
f 577/587/1 664/588/1 663/586/1
f 576/589/1 664/588/1 577/587/1
f 576/589/1 665/590/1 664/588/1
f 576/589/1 666/591/1 665/590/1
f 575/592/1 666/591/1 576/589/1
f 575/592/1 667/593/1 666/591/1
f 574/594/1 667/593/1 575/592/1
f 574/594/1 668/595/1 667/593/1
f 574/594/1 669/596/1 668/595/1
f 573/597/1 669/596/1 574/594/1
f 573/597/1 670/598/1 669/596/1
f 573/597/1 671/599/1 670/598/1
f 572/600/1 671/599/1 573/597/1
f 572/600/1 672/601/1 671/599/1
f 571/602/1 672/601/1 572/600/1
f 571/602/1 673/603/1 672/601/1
f 571/602/1 674/604/1 673/603/1
f 570/605/1 674/604/1 571/602/1
f 570/605/1 675/606/1 674/604/1
f 570/605/1 676/607/1 675/606/1
f 695/608/1 635/573/1 696/583/1
f 569/609/1 676/607/1 570/605/1
f 694/610/1 635/573/1 695/608/1
f 569/609/1 677/611/1 676/607/1
f 693/612/1 635/573/1 694/610/1
f 658/613/1 660/614/1 659/615/1
f 693/612/1 636/616/1 635/573/1
f 569/609/1 678/617/1 677/611/1
f 657/618/1 660/614/1 658/613/1
f 692/619/1 636/616/1 693/612/1
f 692/619/1 637/620/1 636/616/1
f 656/621/1 660/614/1 657/618/1
f 568/622/1 678/617/1 569/609/1
f 568/622/1 679/623/1 678/617/1
f 692/619/1 638/624/1 637/620/1
f 691/625/1 638/624/1 692/619/1
f 655/626/1 660/614/1 656/621/1
f 691/625/1 639/627/1 638/624/1
f 690/628/1 639/627/1 691/625/1
f 654/629/1 660/614/1 655/626/1
f 568/622/1 680/630/1 679/623/1
f 690/628/1 640/631/1 639/627/1
f 653/632/1 660/614/1 654/629/1
f 689/633/1 640/631/1 690/628/1
f 689/633/1 641/634/1 640/631/1
f 652/635/1 660/614/1 653/632/1
f 568/622/1 681/636/1 680/630/1
f 689/633/1 642/637/1 641/634/1
f 688/638/1 642/637/1 689/633/1
f 651/639/1 660/614/1 652/635/1
f 688/638/1 643/640/1 642/637/1
f 567/641/1 681/636/1 568/622/1
f 650/642/1 660/614/1 651/639/1
f 567/641/1 682/643/1 681/636/1
f 687/644/1 643/640/1 688/638/1
f 687/644/1 644/645/1 643/640/1
f 649/646/1 660/614/1 650/642/1
f 687/644/1 645/647/1 644/645/1
f 648/648/1 660/614/1 649/646/1
f 686/649/1 645/647/1 687/644/1
f 686/649/1 646/650/1 645/647/1
f 647/651/1 660/614/1 648/648/1
f 686/649/1 647/651/1 646/650/1
f 567/641/1 683/652/1 682/643/1
f 686/649/1 660/614/1 647/651/1
f 685/653/1 660/614/1 686/649/1
f 567/641/1 684/654/1 683/652/1
f 684/654/1 660/614/1 685/653/1
f 567/641/1 547/655/1 684/654/1
f 547/655/1 660/614/1 684/654/1
f 566/656/1 547/655/1 567/641/1
f 566/656/1 548/657/1 547/655/1
f 546/658/1 660/614/1 547/655/1
f 565/659/1 548/657/1 566/656/1
f 565/659/1 549/660/1 548/657/1
f 545/661/1 660/614/1 546/658/1
f 545/661/1 524/662/1 660/614/1
f 564/663/1 549/660/1 565/659/1
f 564/663/1 550/664/1 549/660/1
f 544/665/1 524/662/1 545/661/1
f 544/665/1 525/666/1 524/662/1
f 564/663/1 551/667/1 550/664/1
f 543/668/1 525/666/1 544/665/1
f 563/669/1 551/667/1 564/663/1
f 543/668/1 526/670/1 525/666/1
f 563/669/1 552/671/1 551/667/1
f 542/672/1 526/670/1 543/668/1
f 542/672/1 527/673/1 526/670/1
f 562/674/1 552/671/1 563/669/1
f 562/674/1 553/675/1 552/671/1
f 541/676/1 527/673/1 542/672/1
f 541/676/1 528/677/1 527/673/1
f 562/674/1 554/678/1 553/675/1
f 540/679/1 528/677/1 541/676/1
f 540/679/1 529/680/1 528/677/1
f 561/681/1 554/678/1 562/674/1
f 561/681/1 555/682/1 554/678/1
f 539/683/1 529/680/1 540/679/1
f 539/683/1 530/684/1 529/680/1
f 561/681/1 556/685/1 555/682/1
f 539/683/1 531/686/1 530/684/1
f 538/687/1 531/686/1 539/683/1
f 560/688/1 556/685/1 561/681/1
f 538/687/1 532/689/1 531/686/1
f 560/688/1 557/690/1 556/685/1
f 537/691/1 532/689/1 538/687/1
f 537/691/1 533/692/1 532/689/1
f 560/688/1 558/693/1 557/690/1
f 536/694/1 533/692/1 537/691/1
f 559/695/1 558/693/1 560/688/1
f 536/694/1 534/696/1 533/692/1
f 535/697/1 534/696/1 536/694/1
f 698/698/1 700/699/1 699/700/1
f 698/698/1 701/701/1 700/699/1
f 728/702/1 756/703/1 729/704/1
f 756/703/1 730/705/1 729/704/1
f 756/703/1 702/706/1 730/705/1
f 756/703/1 703/707/1 702/706/1
f 756/703/1 704/708/1 703/707/1
f 756/703/1 705/709/1 704/708/1
f 756/703/1 706/710/1 705/709/1
f 756/703/1 707/711/1 706/710/1
f 756/703/1 708/712/1 707/711/1
f 756/703/1 755/713/1 708/712/1
f 755/713/1 709/714/1 708/712/1
f 728/702/1 757/715/1 756/703/1
f 754/716/1 709/714/1 755/713/1
f 753/717/1 709/714/1 754/716/1
f 752/718/1 709/714/1 753/717/1
f 752/718/1 710/719/1 709/714/1
f 751/720/1 710/719/1 752/718/1
f 750/721/1 710/719/1 751/720/1
f 749/722/1 710/719/1 750/721/1
f 749/722/1 711/723/1 710/719/1
f 748/724/1 711/723/1 749/722/1
f 747/725/1 711/723/1 748/724/1
f 746/726/1 711/723/1 747/725/1
f 746/726/1 712/727/1 711/723/1
f 745/728/1 712/727/1 746/726/1
f 744/729/1 712/727/1 745/728/1
f 744/729/1 713/730/1 712/727/1
f 743/731/1 713/730/1 744/729/1
f 742/732/1 713/730/1 743/731/1
f 742/732/1 714/733/1 713/730/1
f 741/734/1 714/733/1 742/732/1
f 741/734/1 715/735/1 714/733/1
f 740/736/1 715/735/1 741/734/1
f 739/737/1 715/735/1 740/736/1
f 739/737/1 716/738/1 715/735/1
f 738/739/1 716/738/1 739/737/1
f 737/740/1 716/738/1 738/739/1
f 737/740/1 717/741/1 716/738/1
f 736/742/1 717/741/1 737/740/1
f 735/743/1 717/741/1 736/742/1
f 734/744/1 717/741/1 735/743/1
f 733/745/1 717/741/1 734/744/1
f 733/745/1 718/746/1 717/741/1
f 732/747/1 718/746/1 733/745/1
f 731/748/1 718/746/1 732/747/1
f 728/702/1 726/749/1 757/715/1
f 726/749/1 731/748/1 757/715/1
f 726/749/1 718/746/1 731/748/1
f 726/749/1 719/750/1 718/746/1
f 726/749/1 720/751/1 719/750/1
f 726/749/1 721/752/1 720/751/1
f 726/749/1 722/753/1 721/752/1
f 726/749/1 723/754/1 722/753/1
f 726/749/1 724/755/1 723/754/1
f 726/749/1 725/756/1 724/755/1
f 728/702/1 727/757/1 726/749/1
f 758/758/4 806/759/4 807/760/4
f 759/761/4 806/759/4 758/758/4
f 760/762/4 806/759/4 759/761/4
f 760/762/4 805/763/4 806/759/4
f 761/764/4 805/763/4 760/762/4
f 761/764/4 804/765/4 805/763/4
f 762/766/4 804/765/4 761/764/4
f 762/766/4 803/767/4 804/765/4
f 763/768/4 803/767/4 762/766/4
f 763/768/4 802/769/4 803/767/4
f 764/770/4 802/769/4 763/768/4
f 764/770/4 801/771/4 802/769/4
f 764/770/4 800/772/4 801/771/4
f 765/773/4 800/772/4 764/770/4
f 765/773/4 799/774/4 800/772/4
f 766/775/4 799/774/4 765/773/4
f 766/775/4 798/776/4 799/774/4
f 767/777/4 798/776/4 766/775/4
f 767/777/4 797/778/4 798/776/4
f 768/779/4 797/778/4 767/777/4
f 768/779/4 796/780/4 797/778/4
f 769/781/4 796/780/4 768/779/4
f 769/781/4 795/782/4 796/780/4
f 770/783/4 795/782/4 769/781/4
f 770/783/4 794/784/4 795/782/4
f 771/785/4 794/784/4 770/783/4
f 772/786/4 794/784/4 771/785/4
f 772/786/4 793/787/4 794/784/4
f 773/788/4 793/787/4 772/786/4
f 773/788/4 792/789/4 793/787/4
f 774/790/4 792/789/4 773/788/4
f 774/790/4 791/791/4 792/789/4
f 775/792/4 791/791/4 774/790/4
f 775/792/4 790/793/4 791/791/4
f 776/794/4 790/793/4 775/792/4
f 776/794/4 789/795/4 790/793/4
f 777/796/4 789/795/4 776/794/4
f 777/796/4 788/797/4 789/795/4
f 777/796/4 787/798/4 788/797/4
f 778/799/4 787/798/4 777/796/4
f 778/799/4 786/800/4 787/798/4
f 779/801/4 786/800/4 778/799/4
f 779/801/4 785/802/4 786/800/4
f 780/803/4 785/802/4 779/801/4
f 780/803/4 784/804/4 785/802/4
f 781/805/4 784/804/4 780/803/4
f 781/805/4 783/806/4 784/804/4
f 782/807/4 783/806/4 781/805/4
f 811/808/4 809/809/4 810/810/4
f 812/811/4 809/809/4 811/808/4
f 814/812/4 812/811/4 813/813/4
f 815/814/4 812/811/4 814/812/4
f 815/814/4 809/809/4 812/811/4
f 815/814/4 808/815/4 809/809/4
f 937/816/4 935/817/4 936/818/4
f 938/819/4 935/817/4 937/816/4
f 938/819/4 934/820/4 935/817/4
f 939/821/4 934/820/4 938/819/4
f 940/822/4 934/820/4 939/821/4
f 940/822/4 933/823/4 934/820/4
f 941/824/4 933/823/4 940/822/4
f 942/825/4 933/823/4 941/824/4
f 942/825/4 932/826/4 933/823/4
f 943/827/4 932/826/4 942/825/4
f 944/828/4 932/826/4 943/827/4
f 944/828/4 931/829/4 932/826/4
f 945/830/4 931/829/4 944/828/4
f 946/831/4 931/829/4 945/830/4
f 946/831/4 930/832/4 931/829/4
f 947/833/4 930/832/4 946/831/4
f 948/834/4 930/832/4 947/833/4
f 948/834/4 929/835/4 930/832/4
f 823/836/4 929/835/4 948/834/4
f 822/837/4 823/836/4 948/834/4
f 821/838/4 822/837/4 948/834/4
f 820/839/4 821/838/4 948/834/4
f 819/840/4 820/839/4 948/834/4
f 818/841/4 819/840/4 948/834/4
f 817/842/4 818/841/4 948/834/4
f 816/843/4 817/842/4 948/834/4
f 949/844/4 816/843/4 948/834/4
f 825/845/4 928/846/4 929/835/4
f 824/847/4 825/845/4 929/835/4
f 823/836/4 824/847/4 929/835/4
f 826/848/4 927/849/4 928/846/4
f 825/845/4 826/848/4 928/846/4
f 828/850/4 926/851/4 927/849/4
f 827/852/4 828/850/4 927/849/4
f 826/848/4 827/852/4 927/849/4
f 829/853/4 926/851/4 828/850/4
f 830/854/4 926/851/4 829/853/4
f 831/855/4 926/851/4 830/854/4
f 832/856/4 926/851/4 831/855/4
f 833/857/4 926/851/4 832/856/4
f 833/857/4 925/858/4 926/851/4
f 834/859/4 925/858/4 833/857/4
f 835/860/4 925/858/4 834/859/4
f 836/861/4 925/858/4 835/860/4
f 837/862/4 925/858/4 836/861/4
f 837/862/4 924/863/4 925/858/4
f 838/864/4 924/863/4 837/862/4
f 839/865/4 924/863/4 838/864/4
f 840/866/4 924/863/4 839/865/4
f 840/866/4 923/867/4 924/863/4
f 841/868/4 923/867/4 840/866/4
f 842/869/4 923/867/4 841/868/4
f 843/870/4 923/867/4 842/869/4
f 844/871/4 923/867/4 843/870/4
f 845/872/4 923/867/4 844/871/4
f 845/872/4 922/873/4 923/867/4
f 846/874/4 922/873/4 845/872/4
f 847/875/4 922/873/4 846/874/4
f 848/876/4 922/873/4 847/875/4
f 848/876/4 921/877/4 922/873/4
f 849/878/4 921/877/4 848/876/4
f 850/879/4 921/877/4 849/878/4
f 851/880/4 921/877/4 850/879/4
f 851/880/4 920/881/4 921/877/4
f 852/882/4 920/881/4 851/880/4
f 852/882/4 919/883/4 920/881/4
f 853/884/4 919/883/4 852/882/4
f 854/885/4 919/883/4 853/884/4
f 854/885/4 918/886/4 919/883/4
f 855/887/4 918/886/4 854/885/4
f 855/887/4 917/888/4 918/886/4
f 856/889/4 917/888/4 855/887/4
f 857/890/4 917/888/4 856/889/4
f 857/890/4 916/891/4 917/888/4
f 858/892/4 916/891/4 857/890/4
f 858/892/4 915/893/4 916/891/4
f 859/894/4 915/893/4 858/892/4
f 860/895/4 915/893/4 859/894/4
f 860/895/4 914/896/4 915/893/4
f 861/897/4 914/896/4 860/895/4
f 861/897/4 913/898/4 914/896/4
f 862/899/4 913/898/4 861/897/4
f 862/899/4 912/900/4 913/898/4
f 863/901/4 912/900/4 862/899/4
f 889/902/4 887/903/4 888/904/4
f 864/905/4 912/900/4 863/901/4
f 864/905/4 911/906/4 912/900/4
f 890/907/4 887/903/4 889/902/4
f 864/905/4 910/908/4 911/906/4
f 891/909/4 887/903/4 890/907/4
f 864/905/4 909/910/4 910/908/4
f 865/911/4 909/910/4 864/905/4
f 892/912/4 887/903/4 891/909/4
f 865/911/4 908/913/4 909/910/4
f 893/914/4 887/903/4 892/912/4
f 865/911/4 907/915/4 908/913/4
f 894/916/4 887/903/4 893/914/4
f 865/911/4 906/917/4 907/915/4
f 866/918/4 906/917/4 865/911/4
f 895/919/4 887/903/4 894/916/4
f 866/918/4 905/920/4 906/917/4
f 866/918/4 904/921/4 905/920/4
f 896/922/4 887/903/4 895/919/4
f 866/918/4 903/923/4 904/921/4
f 897/924/4 887/903/4 896/922/4
f 866/918/4 902/925/4 903/923/4
f 898/926/4 887/903/4 897/924/4
f 866/918/4 901/927/4 902/925/4
f 899/928/4 887/903/4 898/926/4
f 866/918/4 900/929/4 901/927/4
f 900/929/4 887/903/4 899/928/4
f 867/930/4 900/929/4 866/918/4
f 867/930/4 887/903/4 900/929/4
f 868/931/4 887/903/4 867/930/4
f 869/932/4 887/903/4 868/931/4
f 869/932/4 886/933/4 887/903/4
f 870/934/4 886/933/4 869/932/4
f 870/934/4 885/935/4 886/933/4
f 870/934/4 884/936/4 885/935/4
f 871/937/4 884/936/4 870/934/4
f 871/937/4 883/938/4 884/936/4
f 871/937/4 882/939/4 883/938/4
f 872/940/4 882/939/4 871/937/4
f 872/940/4 881/941/4 882/939/4
f 873/942/4 881/941/4 872/940/4
f 873/942/4 880/943/4 881/941/4
f 873/942/4 879/944/4 880/943/4
f 874/945/4 879/944/4 873/942/4
f 874/945/4 878/946/4 879/944/4
f 874/945/4 877/947/4 878/946/4
f 875/948/4 877/947/4 874/945/4
f 875/948/4 876/949/4 877/947/4
f 1049/950/4 1047/951/4 1048/952/4
f 1049/950/4 1046/953/4 1047/951/4
f 1050/954/4 1046/953/4 1049/950/4
f 1050/954/4 1045/955/4 1046/953/4
f 1050/954/4 1044/956/4 1045/955/4
f 1051/957/4 1044/956/4 1050/954/4
f 1051/957/4 1043/958/4 1044/956/4
f 1052/959/4 1043/958/4 1051/957/4
f 1052/959/4 1042/960/4 1043/958/4
f 1052/959/4 1041/961/4 1042/960/4
f 1053/962/4 1041/961/4 1052/959/4
f 1053/962/4 1040/963/4 1041/961/4
f 1054/964/4 1040/963/4 1053/962/4
f 1054/964/4 1039/965/4 1040/963/4
f 1054/964/4 1038/966/4 1039/965/4
f 1055/967/4 1038/966/4 1054/964/4
f 1055/967/4 1037/968/4 1038/966/4
f 1056/969/4 1037/968/4 1055/967/4
f 1056/969/4 1036/970/4 1037/968/4
f 1034/971/4 1035/972/4 1036/970/4
f 1033/973/4 1034/971/4 1036/970/4
f 1032/974/4 1033/973/4 1036/970/4
f 1031/975/4 1032/974/4 1036/970/4
f 1030/976/4 1031/975/4 1036/970/4
f 1029/977/4 1030/976/4 1036/970/4
f 1028/978/4 1029/977/4 1036/970/4
f 1027/979/4 1028/978/4 1036/970/4
f 1026/980/4 1027/979/4 1036/970/4
f 1025/981/4 1026/980/4 1036/970/4
f 1056/969/4 1025/981/4 1036/970/4
f 1024/982/4 1025/981/4 1056/969/4
f 1023/983/4 1024/982/4 1056/969/4
f 1057/984/4 1023/983/4 1056/969/4
f 1022/985/4 1023/983/4 1057/984/4
f 1058/986/4 1022/985/4 1057/984/4
f 1058/986/5 1021/987/5 1022/985/5
f 1058/986/4 1020/988/4 1021/987/4
f 1058/986/4 1019/989/4 1020/988/4
f 1058/986/4 1018/990/4 1019/989/4
f 1058/986/4 1017/991/4 1018/990/4
f 1059/992/4 1017/991/4 1058/986/4
f 1059/992/4 1016/993/4 1017/991/4
f 1059/992/4 1015/994/4 1016/993/4
f 1059/992/4 1014/995/4 1015/994/4
f 1060/996/4 1014/995/4 1059/992/4
f 1060/996/4 1013/997/4 1014/995/4
f 1060/996/4 1012/998/4 1013/997/4
f 1061/999/4 1012/998/4 1060/996/4
f 1061/999/4 1011/1000/4 1012/998/4
f 1061/999/4 1010/1001/4 1011/1000/4
f 1123/1002/4 1009/1003/4 1010/1001/4
f 1061/999/4 1123/1002/4 1010/1001/4
f 1123/1002/4 1008/1004/4 1009/1003/4
f 1123/1002/4 1007/1005/4 1008/1004/4
f 1123/1002/4 1006/1006/4 1007/1005/4
f 1123/1002/4 1005/1007/4 1006/1006/4
f 1087/1008/4 1005/1007/4 1123/1002/4
f 1061/999/4 1122/1009/4 1123/1002/4
f 1088/1010/4 1005/1007/4 1087/1008/4
f 1088/1010/4 1004/1011/4 1005/1007/4
f 1089/1012/4 1004/1011/4 1088/1010/4
f 1089/1012/4 1003/1013/4 1004/1011/4
f 1090/1014/4 1003/1013/4 1089/1012/4
f 1090/1014/4 1002/1015/4 1003/1013/4
f 1091/1016/4 1002/1015/4 1090/1014/4
f 1092/1017/4 1002/1015/4 1091/1016/4
f 1092/1017/4 1001/1018/4 1002/1015/4
f 1093/1019/4 1001/1018/4 1092/1017/4
f 1093/1019/4 1000/1020/4 1001/1018/4
f 1094/1021/4 1000/1020/4 1093/1019/4
f 1095/1022/4 1000/1020/4 1094/1021/4
f 1095/1022/4 999/1023/4 1000/1020/4
f 1096/1024/4 999/1023/4 1095/1022/4
f 1097/1025/4 999/1023/4 1096/1024/4
f 1097/1025/4 998/1026/4 999/1023/4
f 1098/1027/4 998/1026/4 1097/1025/4
f 1098/1027/4 997/1028/4 998/1026/4
f 1099/1029/4 997/1028/4 1098/1027/4
f 1100/1030/4 997/1028/4 1099/1029/4
f 1100/1030/4 996/1031/4 997/1028/4
f 1101/1032/4 996/1031/4 1100/1030/4
f 1102/1033/4 996/1031/4 1101/1032/4
f 1061/999/4 1121/1034/4 1122/1009/4
f 1102/1033/4 995/1035/4 996/1031/4
f 1061/999/4 1120/1036/4 1121/1034/4
f 1103/1037/4 995/1035/4 1102/1033/4
f 1061/999/4 1119/1038/4 1120/1036/4
f 1086/1039/4 1084/1040/4 1085/1041/4
f 1062/1042/4 1119/1038/4 1061/999/4
f 1104/1043/4 995/1035/4 1103/1037/4
f 1086/1039/4 1083/1044/4 1084/1040/4
f 1062/1042/4 1118/1045/4 1119/1038/4
f 1063/1046/4 1118/1045/4 1062/1042/4
f 1086/1039/4 1082/1047/4 1083/1044/4
f 1104/1043/4 994/1048/4 995/1035/4
f 1105/1049/4 994/1048/4 1104/1043/4
f 1064/1050/4 1118/1045/4 1063/1046/4
f 1064/1050/4 1117/1051/4 1118/1045/4
f 1086/1039/4 1081/1052/4 1082/1047/4
f 1065/1053/4 1117/1051/4 1064/1050/4
f 1065/1053/4 1116/1054/4 1117/1051/4
f 1086/1039/4 1080/1055/4 1081/1052/4
f 1106/1056/4 994/1048/4 1105/1049/4
f 1066/1057/4 1116/1054/4 1065/1053/4
f 1086/1039/4 1079/1058/4 1080/1055/4
f 1066/1057/4 1115/1059/4 1116/1054/4
f 1067/1060/4 1115/1059/4 1066/1057/4
f 1086/1039/4 1078/1061/4 1079/1058/4
f 1107/1062/4 994/1048/4 1106/1056/4
f 1068/1063/4 1115/1059/4 1067/1060/4
f 1068/1063/4 1114/1064/4 1115/1059/4
f 1086/1039/4 1077/1065/4 1078/1061/4
f 1069/1066/4 1114/1064/4 1068/1063/4
f 1107/1062/4 993/1067/4 994/1048/4
f 1086/1039/4 1076/1068/4 1077/1065/4
f 1108/1069/4 993/1067/4 1107/1062/4
f 1069/1066/4 1113/1070/4 1114/1064/4
f 1070/1071/4 1113/1070/4 1069/1066/4
f 1086/1039/4 1075/1072/4 1076/1068/4
f 1071/1073/4 1113/1070/4 1070/1071/4
f 1086/1039/4 1074/1074/4 1075/1072/4
f 1071/1073/4 1112/1075/4 1113/1070/4
f 1072/1076/4 1112/1075/4 1071/1073/4
f 1086/1039/4 1073/1077/4 1074/1074/4
f 1073/1077/6 1112/1075/6 1072/1076/6
f 1109/1078/4 993/1067/4 1108/1069/4
f 1086/1039/4 1112/1075/4 1073/1077/4
f 1086/1039/4 1111/1079/4 1112/1075/4
f 1110/1080/4 993/1067/4 1109/1078/4
f 1086/1039/4 1110/1080/4 1111/1079/4
f 973/1081/4 993/1067/4 1110/1080/4
f 1086/1039/4 973/1081/4 1110/1080/4
f 973/1081/4 992/1082/4 993/1067/4
f 974/1083/4 992/1082/4 973/1081/4
f 1086/1039/4 972/1084/4 973/1081/4
f 974/1083/4 991/1085/4 992/1082/4
f 975/1086/4 991/1085/4 974/1083/4
f 1086/1039/4 971/1087/4 972/1084/4
f 950/1088/4 971/1087/4 1086/1039/4
f 975/1086/4 990/1089/4 991/1085/4
f 976/1090/4 990/1089/4 975/1086/4
f 950/1088/4 970/1091/4 971/1087/4
f 951/1092/4 970/1091/4 950/1088/4
f 977/1093/4 990/1089/4 976/1090/4
f 951/1092/4 969/1094/4 970/1091/4
f 977/1093/4 989/1095/4 990/1089/4
f 952/1096/4 969/1094/4 951/1092/4
f 978/1097/4 989/1095/4 977/1093/4
f 952/1096/4 968/1098/4 969/1094/4
f 953/1099/4 968/1098/4 952/1096/4
f 978/1097/4 988/1100/4 989/1095/4
f 979/1101/4 988/1100/4 978/1097/4
f 953/1099/4 967/1102/4 968/1098/4
f 954/1103/4 967/1102/4 953/1099/4
f 980/1104/4 988/1100/4 979/1101/4
f 954/1103/4 966/1105/4 967/1102/4
f 955/1106/4 966/1105/4 954/1103/4
f 980/1104/4 987/1107/4 988/1100/4
f 981/1108/4 987/1107/4 980/1104/4
f 955/1106/4 965/1109/4 966/1105/4
f 956/1110/4 965/1109/4 955/1106/4
f 982/1111/4 987/1107/4 981/1108/4
f 957/1112/4 965/1109/4 956/1110/4
f 957/1112/4 964/1113/4 965/1109/4
f 982/1111/4 986/1114/4 987/1107/4
f 958/1115/4 964/1113/4 957/1112/4
f 983/1116/4 986/1114/4 982/1111/4
f 958/1115/4 963/1117/4 964/1113/4
f 959/1118/4 963/1117/4 958/1115/4
f 984/1119/4 986/1114/4 983/1116/4
f 959/1118/4 962/1120/4 963/1117/4
f 984/1119/4 985/1121/4 986/1114/4
f 960/1122/4 962/1120/4 959/1118/4
f 960/1122/4 961/1123/4 962/1120/4
f 1160/1124/4 1158/1125/4 1159/1126/4
f 1161/1127/4 1158/1125/4 1160/1124/4
f 1161/1127/4 1157/1128/4 1158/1125/4
f 1162/1129/4 1157/1128/4 1161/1127/4
f 1162/1129/4 1156/1130/4 1157/1128/4
f 1163/1131/4 1156/1130/4 1162/1129/4
f 1163/1131/4 1155/1132/4 1156/1130/4
f 1164/1133/4 1155/1132/4 1163/1131/4
f 1164/1133/4 1154/1134/4 1155/1132/4
f 1165/1135/4 1154/1134/4 1164/1133/4
f 1165/1135/4 1153/1136/4 1154/1134/4
f 1166/1137/4 1153/1136/4 1165/1135/4
f 1209/1138/4 1152/1139/4 1153/1136/4
f 1166/1137/4 1209/1138/4 1153/1136/4
f 1210/1140/4 1152/1139/4 1209/1138/4
f 1166/1137/4 1208/1141/4 1209/1138/4
f 1211/1142/4 1152/1139/4 1210/1140/4
f 1166/1137/4 1207/1143/4 1208/1141/4
f 1212/1144/4 1152/1139/4 1211/1142/4
f 1166/1137/4 1206/1145/4 1207/1143/4
f 1167/1146/4 1206/1145/4 1166/1137/4
f 1213/1147/4 1152/1139/4 1212/1144/4
f 1213/1147/4 1151/1148/4 1152/1139/4
f 1167/1146/4 1205/1149/4 1206/1145/4
f 1214/1150/4 1151/1148/4 1213/1147/4
f 1167/1146/4 1204/1151/4 1205/1149/4
f 1215/1152/4 1151/1148/4 1214/1150/4
f 1167/1146/4 1203/1153/4 1204/1151/4
f 1216/1154/4 1151/1148/4 1215/1152/4
f 1167/1146/4 1202/1155/4 1203/1153/4
f 1216/1154/4 1150/1156/4 1151/1148/4
f 1168/1157/4 1202/1155/4 1167/1146/4
f 1217/1158/4 1150/1156/4 1216/1154/4
f 1168/1157/4 1201/1159/4 1202/1155/4
f 1218/1160/4 1150/1156/4 1217/1158/4
f 1168/1157/4 1200/1161/4 1201/1159/4
f 1218/1160/4 1149/1162/4 1150/1156/4
f 1169/1163/4 1200/1161/4 1168/1157/4
f 1219/1164/4 1149/1162/4 1218/1160/4
f 1169/1163/4 1199/1165/4 1200/1161/4
f 1220/1166/4 1149/1162/4 1219/1164/4
f 1169/1163/4 1198/1167/4 1199/1165/4
f 1220/1166/4 1148/1168/4 1149/1162/4
f 1221/1169/4 1148/1168/4 1220/1166/4
f 1170/1170/4 1198/1167/4 1169/1163/4
f 1170/1170/4 1222/1171/4 1198/1167/4
f 1222/1171/4 1148/1168/4 1221/1169/4
f 1170/1170/4 1148/1168/4 1222/1171/4
f 1170/1170/4 1147/1172/4 1148/1168/4
f 1171/1173/4 1147/1172/4 1170/1170/4
f 1172/1174/4 1146/1175/4 1147/1172/4
f 1171/1173/4 1172/1174/4 1147/1172/4
f 1173/1176/4 1146/1175/4 1172/1174/4
f 1173/1176/4 1145/1177/4 1146/1175/4
f 1174/1178/4 1145/1177/4 1173/1176/4
f 1175/1179/4 1145/1177/4 1174/1178/4
f 1175/1179/4 1144/1180/4 1145/1177/4
f 1176/1181/4 1144/1180/4 1175/1179/4
f 1176/1181/4 1143/1182/4 1144/1180/4
f 1177/1183/4 1143/1182/4 1176/1181/4
f 1197/1184/4 1195/1185/4 1196/1186/4
f 1178/1187/4 1143/1182/4 1177/1183/4
f 1197/1184/4 1194/1188/4 1195/1185/4
f 1197/1184/4 1193/1189/4 1194/1188/4
f 1178/1187/4 1142/1190/4 1143/1182/4
f 1179/1191/4 1142/1190/4 1178/1187/4
f 1197/1184/4 1192/1192/4 1193/1189/4
f 1197/1184/4 1191/1193/4 1192/1192/4
f 1180/1194/4 1142/1190/4 1179/1191/4
f 1197/1184/4 1190/1195/4 1191/1193/4
f 1181/1196/4 1142/1190/4 1180/1194/4
f 1197/1184/4 1189/1197/4 1190/1195/4
f 1181/1196/4 1141/1198/4 1142/1190/4
f 1197/1184/4 1188/1199/4 1189/1197/4
f 1182/1200/4 1141/1198/4 1181/1196/4
f 1197/1184/4 1187/1201/4 1188/1199/4
f 1183/1202/4 1141/1198/4 1182/1200/4
f 1197/1184/4 1186/1203/4 1187/1201/4
f 1197/1184/4 1185/1204/4 1186/1203/4
f 1184/1205/4 1141/1198/4 1183/1202/4
f 1197/1184/4 1184/1205/4 1185/1204/4
f 1197/1184/4 1141/1198/4 1184/1205/4
f 1197/1184/4 1140/1206/4 1141/1198/4
f 1124/1207/4 1140/1206/4 1197/1184/4
f 1124/1207/4 1139/1208/4 1140/1206/4
f 1125/1209/4 1139/1208/4 1124/1207/4
f 1126/1210/4 1139/1208/4 1125/1209/4
f 1126/1210/4 1138/1211/4 1139/1208/4
f 1127/1212/4 1138/1211/4 1126/1210/4
f 1128/1213/4 1138/1211/4 1127/1212/4
f 1128/1213/4 1137/1214/4 1138/1211/4
f 1129/1215/4 1137/1214/4 1128/1213/4
f 1130/1216/4 1137/1214/4 1129/1215/4
f 1130/1216/4 1136/1217/4 1137/1214/4
f 1131/1218/4 1136/1217/4 1130/1216/4
f 1132/1219/4 1136/1217/4 1131/1218/4
f 1133/1220/4 1136/1217/4 1132/1219/4
f 1133/1220/4 1135/1221/4 1136/1217/4
f 1134/1222/4 1135/1221/4 1133/1220/4
f 1248/1223/4 1246/1224/4 1247/1225/4
f 1249/1226/4 1246/1224/4 1248/1223/4
f 1249/1226/4 1245/1227/4 1246/1224/4
f 1250/1228/4 1245/1227/4 1249/1226/4
f 1250/1228/4 1244/1229/4 1245/1227/4
f 1251/1230/4 1244/1229/4 1250/1228/4
f 1251/1230/4 1243/1231/4 1244/1229/4
f 1252/1232/4 1243/1231/4 1251/1230/4
f 1252/1232/4 1242/1233/4 1243/1231/4
f 1253/1234/4 1242/1233/4 1252/1232/4
f 1253/1234/4 1241/1235/4 1242/1233/4
f 1254/1236/4 1241/1235/4 1253/1234/4
f 1255/1237/4 1241/1235/4 1254/1236/4
f 1255/1237/4 1240/1238/4 1241/1235/4
f 1256/1239/4 1240/1238/4 1255/1237/4
f 1256/1239/4 1239/1240/4 1240/1238/4
f 1257/1241/4 1239/1240/4 1256/1239/4
f 1257/1241/4 1238/1242/4 1239/1240/4
f 1258/1243/4 1238/1242/4 1257/1241/4
f 1258/1243/4 1237/1244/4 1238/1242/4
f 1259/1245/4 1237/1244/4 1258/1243/4
f 1259/1245/4 1236/1246/4 1237/1244/4
f 1260/1247/4 1236/1246/4 1259/1245/4
f 1260/1247/4 1235/1248/4 1236/1246/4
f 1260/1247/4 1234/1249/4 1235/1248/4
f 1261/1250/4 1234/1249/4 1260/1247/4
f 1261/1250/4 1233/1251/4 1234/1249/4
f 1262/1252/4 1233/1251/4 1261/1250/4
f 1262/1252/4 1232/1253/4 1233/1251/4
f 1263/1254/4 1232/1253/4 1262/1252/4
f 1263/1254/4 1231/1255/4 1232/1253/4
f 1264/1256/4 1231/1255/4 1263/1254/4
f 1264/1256/4 1230/1257/4 1231/1255/4
f 1265/1258/4 1230/1257/4 1264/1256/4
f 1265/1258/4 1229/1259/4 1230/1257/4
f 1266/1260/4 1229/1259/4 1265/1258/4
f 1266/1260/4 1228/1261/4 1229/1259/4
f 1267/1262/4 1228/1261/4 1266/1260/4
f 1268/1263/4 1228/1261/4 1267/1262/4
f 1268/1263/4 1227/1264/4 1228/1261/4
f 1269/1265/4 1227/1264/4 1268/1263/4
f 1269/1265/4 1226/1266/4 1227/1264/4
f 1270/1267/4 1226/1266/4 1269/1265/4
f 1270/1267/4 1225/1268/4 1226/1266/4
f 1271/1269/4 1225/1268/4 1270/1267/4
f 1271/1269/4 1224/1270/4 1225/1268/4
f 1272/1271/4 1224/1270/4 1271/1269/4
f 1272/1271/4 1223/1272/4 1224/1270/4
f 1276/1273/4 1274/1274/4 1275/1275/4
f 1277/1276/4 1274/1274/4 1276/1273/4
f 1279/1277/4 1277/1276/4 1278/1278/4
f 1280/1279/4 1277/1276/4 1279/1277/4
f 1280/1279/4 1274/1274/4 1277/1276/4
f 1280/1279/4 1273/1280/4 1274/1274/4
f 1380/1281/4 1378/1282/4 1379/1283/4
f 1380/1281/4 1377/1284/4 1378/1282/4
f 1381/1285/4 1377/1284/4 1380/1281/4
f 1381/1285/4 1376/1286/4 1377/1284/4
f 1381/1285/4 1375/1287/4 1376/1286/4
f 1382/1288/4 1375/1287/4 1381/1285/4
f 1382/1288/4 1374/1289/4 1375/1287/4
f 1383/1290/4 1374/1289/4 1382/1288/4
f 1383/1290/4 1373/1291/4 1374/1289/4
f 1383/1290/4 1372/1292/4 1373/1291/4
f 1384/1293/4 1372/1292/4 1383/1290/4
f 1384/1293/4 1371/1294/4 1372/1292/4
f 1385/1295/4 1371/1294/4 1384/1293/4
f 1385/1295/4 1370/1296/4 1371/1294/4
f 1385/1295/4 1369/1297/4 1370/1296/4
f 1386/1298/4 1369/1297/4 1385/1295/4
f 1386/1298/4 1368/1299/4 1369/1297/4
f 1387/1300/4 1368/1299/4 1386/1298/4
f 1387/1300/4 1367/1301/4 1368/1299/4
f 1365/1302/4 1366/1303/4 1367/1301/4
f 1364/1304/4 1365/1302/4 1367/1301/4
f 1363/1305/4 1364/1304/4 1367/1301/4
f 1362/1306/4 1363/1305/4 1367/1301/4
f 1361/1307/4 1362/1306/4 1367/1301/4
f 1360/1308/4 1361/1307/4 1367/1301/4
f 1359/1309/4 1360/1308/4 1367/1301/4
f 1358/1310/4 1359/1309/4 1367/1301/4
f 1357/1311/4 1358/1310/4 1367/1301/4
f 1356/1312/4 1357/1311/4 1367/1301/4
f 1387/1300/4 1356/1312/4 1367/1301/4
f 1355/1313/4 1356/1312/4 1387/1300/4
f 1354/1314/4 1355/1313/4 1387/1300/4
f 1388/1315/4 1354/1314/4 1387/1300/4
f 1353/1316/4 1354/1314/4 1388/1315/4
f 1389/1317/4 1353/1316/4 1388/1315/4
f 1389/1317/6 1352/1318/6 1353/1316/6
f 1389/1317/4 1351/1319/4 1352/1318/4
f 1389/1317/4 1350/1320/4 1351/1319/4
f 1389/1317/4 1349/1321/4 1350/1320/4
f 1389/1317/4 1348/1322/4 1349/1321/4
f 1390/1323/4 1348/1322/4 1389/1317/4
f 1390/1323/4 1347/1324/4 1348/1322/4
f 1390/1323/4 1346/1325/4 1347/1324/4
f 1390/1323/4 1345/1326/4 1346/1325/4
f 1391/1327/4 1345/1326/4 1390/1323/4
f 1391/1327/4 1344/1328/4 1345/1326/4
f 1391/1327/4 1343/1329/4 1344/1328/4
f 1392/1330/4 1343/1329/4 1391/1327/4
f 1392/1330/4 1342/1331/4 1343/1329/4
f 1392/1330/4 1341/1332/4 1342/1331/4
f 1454/1333/4 1340/1334/4 1341/1332/4
f 1392/1330/4 1454/1333/4 1341/1332/4
f 1454/1333/4 1339/1335/4 1340/1334/4
f 1454/1333/4 1338/1336/4 1339/1335/4
f 1454/1333/4 1337/1337/4 1338/1336/4
f 1454/1333/4 1336/1338/4 1337/1337/4
f 1418/1339/4 1336/1338/4 1454/1333/4
f 1392/1330/4 1453/1340/4 1454/1333/4
f 1419/1341/4 1336/1338/4 1418/1339/4
f 1419/1341/4 1335/1342/4 1336/1338/4
f 1420/1343/4 1335/1342/4 1419/1341/4
f 1420/1343/4 1334/1344/4 1335/1342/4
f 1421/1345/4 1334/1344/4 1420/1343/4
f 1421/1345/4 1333/1346/4 1334/1344/4
f 1422/1347/4 1333/1346/4 1421/1345/4
f 1423/1348/4 1333/1346/4 1422/1347/4
f 1423/1348/4 1332/1349/4 1333/1346/4
f 1424/1350/4 1332/1349/4 1423/1348/4
f 1424/1350/4 1331/1351/4 1332/1349/4
f 1425/1352/4 1331/1351/4 1424/1350/4
f 1426/1353/4 1331/1351/4 1425/1352/4
f 1426/1353/4 1330/1354/4 1331/1351/4
f 1427/1355/4 1330/1354/4 1426/1353/4
f 1428/1356/4 1330/1354/4 1427/1355/4
f 1428/1356/4 1329/1357/4 1330/1354/4
f 1429/1358/4 1329/1357/4 1428/1356/4
f 1429/1358/4 1328/1359/4 1329/1357/4
f 1430/1360/4 1328/1359/4 1429/1358/4
f 1431/1361/4 1328/1359/4 1430/1360/4
f 1431/1361/4 1327/1362/4 1328/1359/4
f 1432/1363/4 1327/1362/4 1431/1361/4
f 1433/1364/4 1327/1362/4 1432/1363/4
f 1392/1330/4 1452/1365/4 1453/1340/4
f 1433/1364/4 1326/1366/4 1327/1362/4
f 1392/1330/4 1451/1367/4 1452/1365/4
f 1434/1368/4 1326/1366/4 1433/1364/4
f 1392/1330/4 1450/1369/4 1451/1367/4
f 1417/1370/4 1415/1371/4 1416/1372/4
f 1393/1373/4 1450/1369/4 1392/1330/4
f 1435/1374/4 1326/1366/4 1434/1368/4
f 1417/1370/4 1414/1375/4 1415/1371/4
f 1393/1373/4 1449/1376/4 1450/1369/4
f 1394/1377/4 1449/1376/4 1393/1373/4
f 1417/1370/4 1413/1378/4 1414/1375/4
f 1435/1374/4 1325/1379/4 1326/1366/4
f 1436/1380/4 1325/1379/4 1435/1374/4
f 1395/1381/4 1449/1376/4 1394/1377/4
f 1395/1381/4 1448/1382/4 1449/1376/4
f 1417/1370/4 1412/1383/4 1413/1378/4
f 1396/1384/4 1448/1382/4 1395/1381/4
f 1396/1384/4 1447/1385/4 1448/1382/4
f 1417/1370/4 1411/1386/4 1412/1383/4
f 1437/1387/4 1325/1379/4 1436/1380/4
f 1397/1388/4 1447/1385/4 1396/1384/4
f 1417/1370/4 1410/1389/4 1411/1386/4
f 1397/1388/4 1446/1390/4 1447/1385/4
f 1398/1391/4 1446/1390/4 1397/1388/4
f 1417/1370/4 1409/1392/4 1410/1389/4
f 1438/1393/4 1325/1379/4 1437/1387/4
f 1399/1394/4 1446/1390/4 1398/1391/4
f 1399/1394/4 1445/1395/4 1446/1390/4
f 1417/1370/4 1408/1396/4 1409/1392/4
f 1400/1397/4 1445/1395/4 1399/1394/4
f 1438/1393/4 1324/1398/4 1325/1379/4
f 1417/1370/4 1407/1399/4 1408/1396/4
f 1439/1400/4 1324/1398/4 1438/1393/4
f 1400/1397/4 1444/1401/4 1445/1395/4
f 1401/1402/4 1444/1401/4 1400/1397/4
f 1417/1370/4 1406/1403/4 1407/1399/4
f 1402/1404/4 1444/1401/4 1401/1402/4
f 1417/1370/4 1405/1405/4 1406/1403/4
f 1402/1404/4 1443/1406/4 1444/1401/4
f 1403/1407/4 1443/1406/4 1402/1404/4
f 1417/1370/4 1404/1408/4 1405/1405/4
f 1404/1408/4 1443/1406/4 1403/1407/4
f 1440/1409/4 1324/1398/4 1439/1400/4
f 1417/1370/4 1443/1406/4 1404/1408/4
f 1417/1370/4 1442/1410/4 1443/1406/4
f 1441/1411/4 1324/1398/4 1440/1409/4
f 1417/1370/4 1441/1411/4 1442/1410/4
f 1304/1412/4 1324/1398/4 1441/1411/4
f 1417/1370/4 1304/1412/4 1441/1411/4
f 1304/1412/4 1323/1413/4 1324/1398/4
f 1305/1414/4 1323/1413/4 1304/1412/4
f 1417/1370/4 1303/1415/4 1304/1412/4
f 1305/1414/4 1322/1416/4 1323/1413/4
f 1306/1417/4 1322/1416/4 1305/1414/4
f 1417/1370/4 1302/1418/4 1303/1415/4
f 1281/1419/4 1302/1418/4 1417/1370/4
f 1306/1417/4 1321/1420/4 1322/1416/4
f 1307/1421/4 1321/1420/4 1306/1417/4
f 1281/1419/4 1301/1422/4 1302/1418/4
f 1282/1423/4 1301/1422/4 1281/1419/4
f 1308/1424/4 1321/1420/4 1307/1421/4
f 1282/1423/4 1300/1425/4 1301/1422/4
f 1308/1424/4 1320/1426/4 1321/1420/4
f 1283/1427/4 1300/1425/4 1282/1423/4
f 1309/1428/4 1320/1426/4 1308/1424/4
f 1283/1427/4 1299/1429/4 1300/1425/4
f 1284/1430/4 1299/1429/4 1283/1427/4
f 1309/1428/4 1319/1431/4 1320/1426/4
f 1310/1432/4 1319/1431/4 1309/1428/4
f 1284/1430/4 1298/1433/4 1299/1429/4
f 1285/1434/4 1298/1433/4 1284/1430/4
f 1311/1435/4 1319/1431/4 1310/1432/4
f 1285/1434/4 1297/1436/4 1298/1433/4
f 1286/1437/4 1297/1436/4 1285/1434/4
f 1311/1435/4 1318/1438/4 1319/1431/4
f 1312/1439/4 1318/1438/4 1311/1435/4
f 1286/1437/4 1296/1440/4 1297/1436/4
f 1287/1441/4 1296/1440/4 1286/1437/4
f 1313/1442/4 1318/1438/4 1312/1439/4
f 1288/1443/4 1296/1440/4 1287/1441/4
f 1288/1443/4 1295/1444/4 1296/1440/4
f 1313/1442/4 1317/1445/4 1318/1438/4
f 1289/1446/4 1295/1444/4 1288/1443/4
f 1314/1447/4 1317/1445/4 1313/1442/4
f 1289/1446/4 1294/1448/4 1295/1444/4
f 1290/1449/4 1294/1448/4 1289/1446/4
f 1315/1450/4 1317/1445/4 1314/1447/4
f 1290/1449/4 1293/1451/4 1294/1448/4
f 1315/1450/4 1316/1452/4 1317/1445/4
f 1291/1453/4 1293/1451/4 1290/1449/4
f 1291/1453/4 1292/1454/4 1293/1451/4
f 1457/1455/4 1455/1456/4 1456/1457/4
f 1458/1458/4 1455/1456/4 1457/1455/4
f 1513/1459/4 1485/1460/4 1486/1461/4
f 1487/1462/4 1513/1459/4 1486/1461/4
f 1459/1463/4 1513/1459/4 1487/1462/4
f 1460/1464/4 1513/1459/4 1459/1463/4
f 1461/1465/4 1513/1459/4 1460/1464/4
f 1462/1466/4 1513/1459/4 1461/1465/4
f 1463/1467/4 1513/1459/4 1462/1466/4
f 1464/1468/4 1513/1459/4 1463/1467/4
f 1465/1469/4 1513/1459/4 1464/1468/4
f 1512/1470/4 1513/1459/4 1465/1469/4
f 1466/1471/4 1512/1470/4 1465/1469/4
f 1514/1472/4 1485/1460/4 1513/1459/4
f 1466/1471/6 1511/1473/6 1512/1470/6
f 1466/1471/4 1510/1474/4 1511/1473/4
f 1466/1471/4 1509/1475/4 1510/1474/4
f 1467/1476/4 1509/1475/4 1466/1471/4
f 1467/1476/4 1508/1477/4 1509/1475/4
f 1467/1476/4 1507/1478/4 1508/1477/4
f 1467/1476/4 1506/1479/4 1507/1478/4
f 1468/1480/4 1506/1479/4 1467/1476/4
f 1468/1480/4 1505/1481/4 1506/1479/4
f 1468/1480/4 1504/1482/4 1505/1481/4
f 1468/1480/4 1503/1483/4 1504/1482/4
f 1469/1484/4 1503/1483/4 1468/1480/4
f 1469/1484/4 1502/1485/4 1503/1483/4
f 1469/1484/4 1501/1486/4 1502/1485/4
f 1470/1487/4 1501/1486/4 1469/1484/4
f 1470/1487/4 1500/1488/4 1501/1486/4
f 1470/1487/4 1499/1489/4 1500/1488/4
f 1471/1490/4 1499/1489/4 1470/1487/4
f 1471/1490/4 1498/1491/4 1499/1489/4
f 1472/1492/4 1498/1491/4 1471/1490/4
f 1472/1492/4 1497/1493/4 1498/1491/4
f 1472/1492/4 1496/1494/4 1497/1493/4
f 1473/1495/4 1496/1494/4 1472/1492/4
f 1473/1495/4 1495/1496/4 1496/1494/4
f 1473/1495/4 1494/1497/4 1495/1496/4
f 1474/1498/4 1494/1497/4 1473/1495/4
f 1474/1498/4 1493/1499/4 1494/1497/4
f 1474/1498/4 1492/1500/4 1493/1499/4
f 1474/1498/4 1491/1501/4 1492/1500/4
f 1474/1498/4 1490/1502/4 1491/1501/4
f 1475/1503/4 1490/1502/4 1474/1498/4
f 1475/1503/4 1489/1504/4 1490/1502/4
f 1475/1503/4 1488/1505/4 1489/1504/4
f 1483/1506/4 1485/1460/4 1514/1472/4
f 1488/1505/4 1483/1506/4 1514/1472/4
f 1475/1503/4 1483/1506/4 1488/1505/4
f 1476/1507/4 1483/1506/4 1475/1503/4
f 1477/1508/4 1483/1506/4 1476/1507/4
f 1478/1509/4 1483/1506/4 1477/1508/4
f 1479/1510/4 1483/1506/4 1478/1509/4
f 1480/1511/4 1483/1506/4 1479/1510/4
f 1481/1512/4 1483/1506/4 1480/1511/4
f 1482/1513/4 1483/1506/4 1481/1512/4
f 1484/1514/4 1485/1460/4 1483/1506/4
s 1
f 1518/1515/7 1515/1516/8 1516/1517/8
f 1520/1518/9 1517/1519/7 1518/1515/7
f 1522/1520/10 1519/1521/9 1520/1518/9
f 1524/1522/11 1521/1523/10 1522/1520/10
f 1526/1524/12 1523/1525/11 1524/1522/11
f 1528/1526/13 1525/1527/12 1526/1524/12
f 1530/1528/14 1527/1529/13 1528/1526/13
f 1532/1530/15 1529/1531/14 1530/1528/14
f 1534/1532/16 1531/1533/15 1532/1530/15
f 1536/1534/17 1533/1535/16 1534/1532/16
f 1538/1536/18 1535/1537/17 1536/1534/17
f 1540/1538/19 1537/1539/18 1538/1536/18
f 1542/1540/20 1539/1541/19 1540/1538/19
f 1544/1542/21 1541/1543/20 1542/1540/20
f 1546/1544/22 1543/1545/21 1544/1542/21
f 1548/1546/23 1545/1547/22 1546/1544/22
f 1550/1548/24 1547/1549/23 1548/1546/23
f 1552/1550/25 1549/1551/24 1550/1548/24
f 1554/1552/26 1551/1553/25 1552/1550/25
f 1556/1554/27 1553/1555/26 1554/1552/26
f 1558/1556/28 1555/1557/27 1556/1554/27
f 1560/1558/29 1557/1559/28 1558/1556/28
f 1562/1560/30 1559/1561/29 1560/1558/29
f 1564/1562/31 1561/1563/30 1562/1560/30
f 1566/1564/31 1563/1565/31 1564/1562/31
f 1568/1566/32 1565/1567/31 1566/1564/31
f 1570/1568/33 1567/1569/32 1568/1566/32
f 1572/1570/34 1569/1571/33 1570/1568/33
f 1516/1572/8 1571/1573/34 1572/1570/34
f 1576/1574/35 1573/1575/36 1574/1576/36
f 1578/1577/37 1575/1578/35 1576/1574/35
f 1580/1579/38 1577/1580/37 1578/1577/37
f 1582/1581/39 1579/1582/38 1580/1579/38
f 1584/1583/40 1581/1584/39 1582/1581/39
f 1586/1585/41 1583/1586/40 1584/1583/40
f 1588/1587/42 1585/1588/41 1586/1585/41
f 1590/1589/43 1587/1590/42 1588/1587/42
f 1592/1591/44 1589/1592/43 1590/1589/43
f 1594/1593/45 1591/1594/44 1592/1591/44
f 1596/1595/46 1593/1596/45 1594/1593/45
f 1598/1597/47 1595/1598/46 1596/1595/46
f 1600/1599/48 1597/1600/47 1598/1597/47
f 1602/1601/49 1599/1602/48 1600/1599/48
f 1604/1603/50 1601/1604/49 1602/1601/49
f 1606/1605/51 1603/1606/50 1604/1603/50
f 1608/1607/52 1605/1608/51 1606/1605/51
f 1610/1609/53 1607/1610/52 1608/1607/52
f 1612/1611/54 1609/1612/53 1610/1609/53
f 1614/1613/55 1611/1614/54 1612/1611/54
f 1616/1615/56 1613/1616/55 1614/1613/55
f 1618/1617/57 1615/1618/56 1616/1615/56
f 1620/1619/58 1617/1620/57 1618/1617/57
f 1622/1621/59 1619/1622/58 1620/1619/58
f 1624/1623/31 1621/1624/59 1622/1621/59
f 1626/1625/60 1623/1626/31 1624/1623/31
f 1574/1627/36 1625/1628/60 1626/1625/60
f 1630/1629/33 1627/1630/32 1628/1631/32
f 1632/1632/60 1629/1633/33 1630/1629/33
f 1634/1634/31 1631/1635/60 1632/1632/60
f 1628/1636/32 1633/1637/31 1634/1634/31
f 1638/1638/61 1635/1639/62 1636/1640/62
f 1640/1641/63 1637/1642/61 1638/1638/61
f 1642/1643/64 1639/1644/65 1640/1641/63
f 1644/1645/66 1641/1646/64 1642/1643/64
f 1646/1647/67 1643/1648/66 1644/1645/66
f 1648/1649/68 1645/1650/67 1646/1647/67
f 1650/1651/69 1647/1652/68 1648/1649/68
f 1652/1653/70 1649/1654/69 1650/1651/69
f 1654/1655/71 1651/1656/70 1652/1653/70
f 1656/1657/72 1653/1658/71 1654/1655/71
f 1658/1659/73 1655/1660/72 1656/1657/72
f 1660/1661/74 1657/1662/73 1658/1659/73
f 1662/1663/75 1659/1664/74 1660/1661/74
f 1664/1665/76 1661/1666/75 1662/1663/75
f 1666/1667/77 1663/1668/76 1664/1665/76
f 1668/1669/78 1665/1670/77 1666/1667/77
f 1670/1671/79 1667/1672/78 1668/1669/78
f 1672/1673/80 1669/1674/79 1670/1671/79
f 1674/1675/81 1671/1676/80 1672/1673/80
f 1676/1677/82 1673/1678/81 1674/1675/81
f 1678/1679/83 1675/1680/82 1676/1677/82
f 1680/1681/84 1677/1682/83 1678/1679/83
f 1682/1683/85 1679/1684/84 1680/1681/84
f 1684/1685/86 1681/1686/85 1682/1683/85
f 1686/1687/87 1683/1688/86 1684/1685/86
f 1688/1689/88 1685/1690/87 1686/1687/87
f 1690/1691/89 1687/1692/88 1688/1689/88
f 1692/1693/90 1689/1694/89 1690/1691/89
f 1694/1695/91 1691/1696/90 1692/1693/90
f 1696/1697/92 1693/1698/91 1694/1695/91
f 1698/1699/93 1695/1700/92 1696/1697/92
f 1700/1701/94 1697/1702/93 1698/1699/93
f 1702/1703/95 1699/1704/94 1700/1701/94
f 1704/1705/96 1701/1706/95 1702/1703/95
f 1706/1707/97 1703/1708/96 1704/1705/96
f 1708/1709/98 1705/1710/97 1706/1707/97
f 1710/1711/99 1707/1712/98 1708/1709/98
f 1712/1713/100 1709/1714/99 1710/1711/99
f 1714/1715/101 1711/1716/100 1712/1713/100
f 1716/1717/102 1713/1718/101 1714/1715/101
f 1718/1719/103 1715/1720/102 1716/1717/102
f 1720/1721/104 1717/1722/103 1718/1719/103
f 1722/1723/105 1719/1724/104 1720/1721/104
f 1724/1725/106 1721/1726/105 1722/1723/105
f 1726/1727/107 1723/1728/106 1724/1725/106
f 1728/1729/108 1725/1730/107 1726/1727/107
f 1730/1731/109 1727/1732/108 1728/1729/108
f 1732/1733/110 1729/1734/109 1730/1731/109
f 1734/1735/111 1731/1736/110 1732/1733/110
f 1736/1737/112 1733/1738/111 1734/1735/111
f 1738/1739/113 1735/1740/112 1736/1737/112
f 1740/1741/114 1737/1742/113 1738/1739/113
f 1742/1743/115 1739/1744/114 1740/1741/114
f 1744/1745/116 1741/1746/115 1742/1743/115
f 1746/1747/117 1743/1748/116 1744/1745/116
f 1748/1749/118 1745/1750/117 1746/1747/117
f 1750/1751/119 1747/1752/118 1748/1749/118
f 1752/1753/120 1749/1754/119 1750/1751/119
f 1754/1755/121 1751/1756/120 1752/1753/120
f 1756/1757/122 1753/1758/121 1754/1755/121
f 1758/1759/123 1755/1760/122 1756/1757/122
f 1760/1761/124 1757/1762/123 1758/1759/123
f 1762/1763/125 1759/1764/124 1760/1761/124
f 1764/1765/126 1761/1766/125 1762/1763/125
f 1766/1767/127 1763/1768/126 1764/1765/126
f 1768/1769/128 1765/1770/127 1766/1767/127
f 1770/1771/129 1767/1772/128 1768/1769/128
f 1772/1773/130 1769/1774/129 1770/1771/129
f 1774/1775/131 1771/1776/130 1772/1773/130
f 1776/1777/132 1773/1778/131 1774/1775/131
f 1778/1779/133 1775/1780/132 1776/1777/132
f 1780/1781/134 1777/1782/135 1778/1779/133
f 1782/1783/136 1779/1784/134 1780/1781/134
f 1784/1785/137 1781/1786/136 1782/1783/136
f 1786/1787/138 1783/1788/137 1784/1785/137
f 1788/1789/139 1785/1790/138 1786/1787/138
f 1790/1791/140 1787/1792/139 1788/1789/139
f 1792/1793/141 1789/1794/142 1790/1791/140
f 1794/1795/143 1791/1796/141 1792/1793/141
f 1796/1797/144 1793/1798/143 1794/1795/143
f 1798/1799/145 1795/1800/144 1796/1797/144
f 1800/1801/146 1797/1802/145 1798/1799/145
f 1802/1803/147 1799/1804/146 1800/1801/146
f 1804/1805/148 1801/1806/147 1802/1803/147
f 1806/1807/149 1803/1808/148 1804/1805/148
f 1808/1809/150 1805/1810/149 1806/1807/149
f 1810/1811/151 1807/1812/150 1808/1809/150
f 1812/1813/152 1809/1814/151 1810/1811/151
f 1814/1815/153 1811/1816/152 1812/1813/152
f 1816/1817/154 1813/1818/153 1814/1815/153
f 1818/1819/155 1815/1820/154 1816/1817/154
f 1820/1821/156 1817/1822/155 1818/1819/155
f 1822/1823/157 1819/1824/156 1820/1821/156
f 1824/1825/158 1821/1826/157 1822/1823/157
f 1826/1827/159 1823/1828/158 1824/1825/158
f 1828/1829/160 1825/1830/159 1826/1827/159
f 1830/1831/161 1827/1832/160 1828/1829/160
f 1832/1833/162 1829/1834/161 1830/1831/161
f 1834/1835/163 1831/1836/162 1832/1833/162
f 1836/1837/164 1833/1838/163 1834/1835/163
f 1838/1839/165 1835/1840/164 1836/1837/164
f 1840/1841/166 1837/1842/165 1838/1839/165
f 1842/1843/167 1839/1844/166 1840/1841/166
f 1844/1845/168 1841/1846/167 1842/1843/167
f 1846/1847/169 1843/1848/168 1844/1845/168
f 1848/1849/170 1845/1850/169 1846/1847/169
f 1850/1851/171 1847/1852/170 1848/1849/170
f 1852/1853/172 1849/1854/171 1850/1851/171
f 1854/1855/173 1851/1856/172 1852/1853/172
f 1856/1857/174 1853/1858/173 1854/1855/173
f 1858/1859/175 1855/1860/174 1856/1857/174
f 1860/1861/176 1857/1862/175 1858/1859/175
f 1862/1863/177 1859/1864/176 1860/1861/176
f 1864/1865/178 1861/1866/177 1862/1863/177
f 1866/1867/179 1863/1868/178 1864/1865/178
f 1868/1869/180 1865/1870/179 1866/1867/179
f 1870/1871/181 1867/1872/180 1868/1869/180
f 1872/1873/182 1869/1874/181 1870/1871/181
f 1874/1875/183 1871/1876/182 1872/1873/182
f 1876/1877/184 1873/1878/183 1874/1875/183
f 1878/1879/185 1875/1880/184 1876/1877/184
f 1880/1881/186 1877/1882/185 1878/1879/185
f 1882/1883/187 1879/1884/186 1880/1881/186
f 1884/1885/188 1881/1886/187 1882/1883/187
f 1886/1887/189 1883/1888/188 1884/1885/188
f 1888/1889/190 1885/1890/189 1886/1887/189
f 1890/1891/191 1887/1892/190 1888/1889/190
f 1892/1893/192 1889/1894/191 1890/1891/191
f 1894/1895/193 1891/1896/192 1892/1893/192
f 1896/1897/194 1893/1898/193 1894/1895/193
f 1898/1899/195 1895/1900/194 1896/1897/194
f 1900/1901/196 1897/1902/197 1898/1899/195
f 1902/1903/198 1899/1904/196 1900/1901/196
f 1904/1905/199 1901/1906/198 1902/1903/198
f 1906/1907/200 1903/1908/199 1904/1905/199
f 1908/1909/201 1905/1910/200 1906/1907/200
f 1636/1911/62 1907/1912/201 1908/1909/201
f 1912/1913/202 1909/1914/203 1910/1915/203
f 1914/1916/204 1911/1917/202 1912/1913/202
f 1916/1918/205 1913/1919/204 1914/1916/204
f 1918/1920/206 1915/1921/205 1916/1918/205
f 1920/1922/207 1917/1923/206 1918/1920/206
f 1922/1924/208 1919/1925/207 1920/1922/207
f 1924/1926/209 1921/1927/208 1922/1924/208
f 1926/1928/210 1923/1929/209 1924/1926/209
f 1928/1930/211 1925/1931/210 1926/1928/210
f 1930/1932/212 1927/1933/211 1928/1930/211
f 1932/1934/213 1929/1935/212 1930/1932/212
f 1934/1936/214 1931/1937/213 1932/1934/213
f 1936/1938/215 1933/1939/214 1934/1936/214
f 1938/1940/216 1935/1941/215 1936/1938/215
f 1940/1942/217 1937/1943/216 1938/1940/216
f 1942/1944/218 1939/1945/217 1940/1942/217
f 1944/1946/219 1941/1947/218 1942/1944/218
f 1946/1948/220 1943/1949/219 1944/1946/219
f 1948/1950/221 1945/1951/220 1946/1948/220
f 1950/1952/222 1947/1953/221 1948/1950/221
f 1952/1954/223 1949/1955/222 1950/1952/222
f 1954/1956/224 1951/1957/223 1952/1954/223
f 1956/1958/225 1953/1959/224 1954/1956/224
f 1958/1960/226 1955/1961/225 1956/1958/225
f 1960/1962/227 1957/1963/226 1958/1960/226
f 1962/1964/228 1959/1965/227 1960/1962/227
f 1964/1966/229 1961/1967/228 1962/1964/228
f 1966/1968/230 1963/1969/229 1964/1966/229
f 1968/1970/231 1965/1971/230 1966/1968/230
f 1970/1972/232 1967/1973/231 1968/1970/231
f 1972/1974/233 1969/1975/232 1970/1972/232
f 1974/1976/234 1971/1977/233 1972/1974/233
f 1976/1978/235 1973/1979/234 1974/1976/234
f 1978/1980/236 1975/1981/235 1976/1978/235
f 1980/1982/237 1977/1983/236 1978/1980/236
f 1982/1984/238 1979/1985/237 1980/1982/237
f 1910/1986/203 1981/1987/238 1982/1984/238
f 1986/1988/239 1983/1989/240 1984/1990/240
f 1988/1991/241 1985/1992/239 1986/1988/239
f 1990/1993/242 1987/1994/241 1988/1991/241
f 1992/1995/243 1989/1996/242 1990/1993/242
f 1994/1997/244 1991/1998/243 1992/1995/243
f 1996/1999/245 1993/2000/244 1994/1997/244
f 1998/2001/246 1995/2002/245 1996/1999/245
f 1984/2003/240 1997/2004/246 1998/2001/246
f 2002/2005/247 1999/2006/248 2000/2007/248
f 2004/2008/249 2001/2009/247 2002/2005/247
f 2006/2010/250 2003/2011/249 2004/2008/249
f 2008/2012/251 2005/2013/250 2006/2010/250
f 2010/2014/252 2007/2015/251 2008/2012/251
f 2012/2016/253 2009/2017/252 2010/2014/252
f 2014/2018/254 2011/2019/253 2012/2016/253
f 2016/2020/255 2013/2021/254 2014/2018/254
f 2018/2022/256 2015/2023/255 2016/2020/255
f 2020/2024/257 2017/2025/256 2018/2022/256
f 2022/2026/258 2019/2027/257 2020/2024/257
f 2024/2028/259 2021/2029/258 2022/2026/258
f 2026/2030/260 2023/2031/259 2024/2028/259
f 2028/2032/261 2025/2033/260 2026/2030/260
f 2030/2034/262 2027/2035/261 2028/2032/261
f 2032/2036/263 2029/2037/262 2030/2034/262
f 2034/2038/264 2031/2039/263 2032/2036/263
f 2036/2040/265 2033/2041/264 2034/2038/264
f 2038/2042/266 2035/2043/265 2036/2040/265
f 2040/2044/267 2037/2045/266 2038/2042/266
f 2042/2046/268 2039/2047/267 2040/2044/267
f 2044/2048/269 2041/2049/268 2042/2046/268
f 2046/2050/270 2043/2051/269 2044/2048/269
f 2048/2052/271 2045/2053/270 2046/2050/270
f 2050/2054/272 2047/2055/271 2048/2052/271
f 2052/2056/273 2049/2057/272 2050/2054/272
f 2054/2058/274 2051/2059/273 2052/2056/273
f 2056/2060/275 2053/2061/274 2054/2058/274
f 2058/2062/276 2055/2063/275 2056/2060/275
f 2060/2064/277 2057/2065/276 2058/2062/276
f 2062/2066/278 2059/2067/277 2060/2064/277
f 2064/2068/279 2061/2069/278 2062/2066/278
f 2066/2070/280 2063/2071/279 2064/2068/279
f 2068/2072/281 2065/2073/280 2066/2070/280
f 2070/2074/282 2067/2075/281 2068/2072/281
f 2072/2076/283 2069/2077/282 2070/2074/282
f 2074/2078/284 2071/2079/283 2072/2076/283
f 2076/2080/285 2073/2081/284 2074/2078/284
f 2078/2082/286 2075/2083/285 2076/2080/285
f 2080/2084/287 2077/2085/286 2078/2082/286
f 2082/2086/288 2079/2087/287 2080/2084/287
f 2084/2088/289 2081/2089/288 2082/2086/288
f 2086/2090/290 2083/2091/289 2084/2088/289
f 2088/2092/291 2085/2093/290 2086/2090/290
f 2090/2094/292 2087/2095/291 2088/2092/291
f 2092/2096/293 2089/2097/292 2090/2094/292
f 2094/2098/294 2091/2099/293 2092/2096/293
f 2096/2100/295 2093/2101/294 2094/2098/294
f 2098/2102/296 2095/2103/295 2096/2100/295
f 2000/2104/248 2097/2105/296 2098/2102/296
f 2102/2106/297 2099/2107/298 2100/2108/299
f 2104/2109/300 2101/2110/297 2102/2106/297
f 2106/2111/301 2103/2112/300 2104/2109/300
f 2108/2113/302 2105/2114/301 2106/2111/301
f 2110/2115/303 2107/2116/302 2108/2113/302
f 2112/2117/304 2109/2118/303 2110/2115/303
f 2114/2119/305 2111/2120/304 2112/2117/304
f 2116/2121/306 2113/2122/305 2114/2119/305
f 2118/2123/307 2115/2124/306 2116/2121/306
f 2120/2125/308 2117/2126/307 2118/2123/307
f 2122/2127/309 2119/2128/308 2120/2125/308
f 2124/2129/310 2121/2130/309 2122/2127/309
f 2126/2131/311 2123/2132/310 2124/2129/310
f 2128/2133/312 2125/2134/311 2126/2131/311
f 2130/2135/313 2127/2136/312 2128/2133/312
f 2132/2137/314 2129/2138/313 2130/2135/313
f 2134/2139/315 2131/2140/314 2132/2137/314
f 2136/2141/316 2133/2142/315 2134/2139/315
f 2138/2143/317 2135/2144/316 2136/2141/316
f 2140/2145/318 2137/2146/317 2138/2143/317
f 2142/2147/319 2139/2148/318 2140/2145/318
f 2144/2149/320 2141/2150/319 2142/2147/319
f 2146/2151/321 2143/2152/320 2144/2149/320
f 2148/2153/322 2145/2154/321 2146/2151/321
f 2150/2155/323 2147/2156/322 2148/2153/322
f 2152/2157/324 2149/2158/323 2150/2155/323
f 2154/2159/325 2151/2160/324 2152/2157/324
f 2156/2161/326 2153/2162/325 2154/2159/325
f 2158/2163/327 2155/2164/326 2156/2161/326
f 2160/2165/328 2157/2166/327 2158/2163/327
f 2162/2167/329 2159/2168/328 2160/2165/328
f 2164/2169/330 2161/2170/329 2162/2167/329
f 2166/2171/331 2163/2172/330 2164/2169/330
f 2168/2173/332 2165/2174/331 2166/2171/331
f 2170/2175/333 2167/2176/332 2168/2173/332
f 2172/2177/334 2169/2178/333 2170/2175/333
f 2174/2179/335 2171/2180/334 2172/2177/334
f 2176/2181/336 2173/2182/335 2174/2179/335
f 2178/2183/337 2175/2184/336 2176/2181/336
f 2180/2185/338 2177/2186/337 2178/2183/337
f 2182/2187/339 2179/2188/338 2180/2185/338
f 2184/2189/340 2181/2190/339 2182/2187/339
f 2186/2191/341 2183/2192/340 2184/2189/340
f 2188/2193/342 2185/2194/341 2186/2191/341
f 2190/2195/343 2187/2196/342 2188/2193/342
f 2192/2197/344 2189/2198/343 2190/2195/343
f 2194/2199/345 2191/2200/344 2192/2197/344
f 2196/2201/346 2193/2202/345 2194/2199/345
f 2198/2203/347 2195/2204/346 2196/2201/346
f 2200/2205/348 2197/2206/347 2198/2203/347
f 2202/2207/349 2199/2208/348 2200/2205/348
f 2204/2209/350 2201/2210/349 2202/2207/349
f 2206/2211/351 2203/2212/350 2204/2209/350
f 2208/2213/352 2205/2214/351 2206/2211/351
f 2210/2215/353 2207/2216/352 2208/2213/352
f 2212/2217/354 2209/2218/353 2210/2215/353
f 2214/2219/355 2211/2220/354 2212/2217/354
f 2216/2221/356 2213/2222/355 2214/2219/355
f 2218/2223/357 2215/2224/356 2216/2221/356
f 2220/2225/358 2217/2226/357 2218/2223/357
f 2222/2227/359 2219/2228/358 2220/2225/358
f 2224/2229/360 2221/2230/359 2222/2227/359
f 2226/2231/361 2223/2232/360 2224/2229/360
f 2228/2233/362 2225/2234/361 2226/2231/361
f 2230/2235/363 2227/2236/362 2228/2233/362
f 2232/2237/364 2229/2238/363 2230/2235/363
f 2234/2239/365 2231/2240/364 2232/2237/364
f 2236/2241/366 2233/2242/365 2234/2239/365
f 2238/2243/367 2235/2244/366 2236/2241/366
f 2240/2245/368 2237/2246/367 2238/2243/367
f 2242/2247/369 2239/2248/368 2240/2245/368
f 2244/2249/370 2241/2250/369 2242/2247/369
f 2246/2251/371 2243/2252/372 2244/2249/370
f 2100/2253/299 2245/2254/371 2246/2251/371
f 2250/2255/373 2247/2256/374 2248/2257/374
f 2252/2258/375 2249/2259/373 2250/2255/373
f 2254/2260/376 2251/2261/375 2252/2258/375
f 2256/2262/377 2253/2263/376 2254/2260/376
f 2258/2264/378 2255/2265/377 2256/2262/377
f 2260/2266/379 2257/2267/378 2258/2264/378
f 2262/2268/380 2259/2269/379 2260/2266/379
f 2264/2270/381 2261/2271/380 2262/2268/380
f 2266/2272/382 2263/2273/381 2264/2270/381
f 2268/2274/383 2265/2275/382 2266/2272/382
f 2270/2276/384 2267/2277/385 2268/2274/383
f 2272/2278/386 2269/2279/384 2270/2276/384
f 2274/2280/387 2271/2281/386 2272/2278/386
f 2276/2282/388 2273/2283/387 2274/2280/387
f 2278/2284/389 2275/2285/390 2276/2282/388
f 2280/2286/391 2277/2287/389 2278/2284/389
f 2282/2288/392 2279/2289/391 2280/2286/391
f 2284/2290/393 2281/2291/392 2282/2288/392
f 2286/2292/394 2283/2293/393 2284/2290/393
f 2288/2294/395 2285/2295/394 2286/2292/394
f 2290/2296/396 2287/2297/395 2288/2294/395
f 2292/2298/397 2289/2299/396 2290/2296/396
f 2294/2300/398 2291/2301/397 2292/2298/397
f 2296/2302/399 2293/2303/398 2294/2300/398
f 2248/2304/374 2295/2305/399 2296/2302/399
f 2300/2306/61 2297/2307/62 2298/2308/62
f 2302/2309/65 2299/2310/61 2300/2306/61
f 2304/2311/64 2301/2312/65 2302/2309/65
f 2306/2313/66 2303/2314/64 2304/2311/64
f 2308/2315/400 2305/2316/66 2306/2313/66
f 2310/2317/68 2307/2318/67 2308/2315/400
f 2312/2319/401 2309/2320/68 2310/2317/68
f 2314/2321/402 2311/2322/69 2312/2319/401
f 2316/2323/71 2313/2324/402 2314/2321/402
f 2318/2325/72 2315/2326/71 2316/2323/71
f 2320/2327/73 2317/2328/72 2318/2325/72
f 2322/2329/74 2319/2330/73 2320/2327/73
f 2324/2331/75 2321/2332/74 2322/2329/74
f 2326/2333/76 2323/2334/75 2324/2331/75
f 2328/2335/77 2325/2336/76 2326/2333/76
f 2330/2337/403 2327/2338/77 2328/2335/77
f 2332/2339/79 2329/2340/403 2330/2337/403
f 2334/2341/80 2331/2342/79 2332/2339/79
f 2336/2343/81 2333/2344/80 2334/2341/80
f 2338/2345/82 2335/2346/81 2336/2343/81
f 2340/2347/83 2337/2348/82 2338/2345/82
f 2342/2349/84 2339/2350/83 2340/2347/83
f 2344/2351/85 2341/2352/84 2342/2349/84
f 2346/2353/86 2343/2354/85 2344/2351/85
f 2348/2355/404 2345/2356/86 2346/2353/86
f 2350/2357/88 2347/2358/87 2348/2355/404
f 2352/2359/89 2349/2360/88 2350/2357/88
f 2354/2361/405 2351/2362/89 2352/2359/89
f 2356/2363/91 2353/2364/90 2354/2361/405
f 2358/2365/92 2355/2366/91 2356/2363/91
f 2360/2367/93 2357/2368/92 2358/2365/92
f 2362/2369/406 2359/2370/407 2360/2367/93
f 2364/2371/95 2361/2372/94 2362/2369/406
f 2366/2373/408 2363/2374/95 2364/2371/95
f 2368/2375/97 2365/2376/408 2366/2373/408
f 2370/2377/98 2367/2378/97 2368/2375/97
f 2372/2379/99 2369/2380/98 2370/2377/98
f 2374/2381/100 2371/2382/99 2372/2379/99
f 2376/2383/101 2373/2384/100 2374/2381/100
f 2378/2385/102 2375/2386/101 2376/2383/101
f 2380/2387/103 2377/2388/102 2378/2385/102
f 2382/2389/104 2379/2390/103 2380/2387/103
f 2384/2391/105 2381/2392/104 2382/2389/104
f 2386/2393/106 2383/2394/105 2384/2391/105
f 2388/2395/107 2385/2396/106 2386/2393/106
f 2390/2397/108 2387/2398/107 2388/2395/107
f 2392/2399/109 2389/2400/108 2390/2397/108
f 2394/2401/110 2391/2402/109 2392/2399/109
f 2396/2403/111 2393/2404/110 2394/2401/110
f 2398/2405/112 2395/2406/111 2396/2403/111
f 2400/2407/113 2397/2408/112 2398/2405/112
f 2402/2409/114 2399/2410/113 2400/2407/113
f 2404/2411/115 2401/2412/114 2402/2409/114
f 2406/2413/116 2403/2414/115 2404/2411/115
f 2408/2415/117 2405/2416/116 2406/2413/116
f 2410/2417/118 2407/2418/117 2408/2415/117
f 2412/2419/119 2409/2420/118 2410/2417/118
f 2414/2421/120 2411/2422/119 2412/2419/119
f 2416/2423/121 2413/2424/120 2414/2421/120
f 2418/2425/122 2415/2426/121 2416/2423/121
f 2420/2427/123 2417/2428/122 2418/2425/122
f 2422/2429/124 2419/2430/123 2420/2427/123
f 2424/2431/125 2421/2432/124 2422/2429/124
f 2426/2433/126 2423/2434/125 2424/2431/125
f 2428/2435/127 2425/2436/126 2426/2433/126
f 2430/2437/128 2427/2438/409 2428/2435/127
f 2432/2439/129 2429/2440/128 2430/2437/128
f 2434/2441/410 2431/2442/129 2432/2439/129
f 2436/2443/131 2433/2444/130 2434/2441/410
f 2438/2445/132 2435/2446/131 2436/2443/131
f 2440/2447/133 2437/2448/132 2438/2445/132
f 2442/2449/134 2439/2450/133 2440/2447/133
f 2444/2451/136 2441/2452/134 2442/2449/134
f 2446/2453/137 2443/2454/136 2444/2451/136
f 2448/2455/138 2445/2456/137 2446/2453/137
f 2450/2457/139 2447/2458/138 2448/2455/138
f 2452/2459/140 2449/2460/139 2450/2457/139
f 2454/2461/411 2451/2462/140 2452/2459/140
f 2456/2463/143 2453/2464/141 2454/2461/411
f 2458/2465/144 2455/2466/143 2456/2463/143
f 2460/2467/145 2457/2468/144 2458/2465/144
f 2462/2469/146 2459/2470/145 2460/2467/145
f 2464/2471/147 2461/2472/146 2462/2469/146
f 2466/2473/148 2463/2474/147 2464/2471/147
f 2468/2475/149 2465/2476/148 2466/2473/148
f 2470/2477/150 2467/2478/149 2468/2475/149
f 2472/2479/151 2469/2480/150 2470/2477/150
f 2474/2481/152 2471/2482/151 2472/2479/151
f 2476/2483/153 2473/2484/152 2474/2481/152
f 2478/2485/154 2475/2486/153 2476/2483/153
f 2480/2487/155 2477/2488/154 2478/2485/154
f 2482/2489/412 2479/2490/155 2480/2487/155
f 2484/2491/157 2481/2492/156 2482/2489/412
f 2486/2493/158 2483/2494/157 2484/2491/157
f 2488/2495/159 2485/2496/158 2486/2493/158
f 2490/2497/160 2487/2498/159 2488/2495/159
f 2492/2499/413 2489/2500/160 2490/2497/160
f 2494/2501/162 2491/2502/413 2492/2499/413
f 2496/2503/163 2493/2504/162 2494/2501/162
f 2498/2505/414 2495/2506/163 2496/2503/163
f 2500/2507/165 2497/2508/164 2498/2505/414
f 2502/2509/166 2499/2510/165 2500/2507/165
f 2504/2511/167 2501/2512/166 2502/2509/166
f 2506/2513/168 2503/2514/167 2504/2511/167
f 2508/2515/169 2505/2516/168 2506/2513/168
f 2510/2517/170 2507/2518/169 2508/2515/169
f 2512/2519/171 2509/2520/170 2510/2517/170
f 2514/2521/172 2511/2522/171 2512/2519/171
f 2516/2523/173 2513/2524/172 2514/2521/172
f 2518/2525/174 2515/2526/173 2516/2523/173
f 2520/2527/175 2517/2528/174 2518/2525/174
f 2522/2529/176 2519/2530/175 2520/2527/175
f 2524/2531/177 2521/2532/176 2522/2529/176
f 2526/2533/178 2523/2534/177 2524/2531/177
f 2528/2535/179 2525/2536/178 2526/2533/178
f 2530/2537/180 2527/2538/179 2528/2535/179
f 2532/2539/181 2529/2540/180 2530/2537/180
f 2534/2541/182 2531/2542/181 2532/2539/181
f 2536/2543/183 2533/2544/182 2534/2541/182
f 2538/2545/184 2535/2546/183 2536/2543/183
f 2540/2547/185 2537/2548/184 2538/2545/184
f 2542/2549/415 2539/2550/416 2540/2547/185
f 2544/2551/417 2541/2552/186 2542/2549/415
f 2546/2553/418 2543/2554/187 2544/2551/417
f 2548/2555/189 2545/2556/418 2546/2553/418
f 2550/2557/190 2547/2558/189 2548/2555/189
f 2552/2559/191 2549/2560/190 2550/2557/190
f 2554/2561/192 2551/2562/419 2552/2559/191
f 2556/2563/193 2553/2564/192 2554/2561/192
f 2558/2565/420 2555/2566/421 2556/2563/193
f 2560/2567/195 2557/2568/194 2558/2565/420
f 2562/2569/196 2559/2570/197 2560/2567/195
f 2564/2571/198 2561/2572/196 2562/2569/196
f 2566/2573/199 2563/2574/198 2564/2571/198
f 2568/2575/200 2565/2576/199 2566/2573/199
f 2570/2577/201 2567/2578/200 2568/2575/200
f 2298/2579/62 2569/2580/201 2570/2577/201
f 2574/2581/202 2571/2582/203 2572/2583/203
f 2576/2584/204 2573/2585/202 2574/2581/202
f 2578/2586/205 2575/2587/204 2576/2584/204
f 2580/2588/206 2577/2589/205 2578/2586/205
f 2582/2590/207 2579/2591/206 2580/2588/206
f 2584/2592/208 2581/2593/207 2582/2590/207
f 2586/2594/209 2583/2595/208 2584/2592/208
f 2588/2596/422 2585/2597/423 2586/2594/209
f 2590/2598/211 2587/2599/210 2588/2596/422
f 2592/2600/212 2589/2601/211 2590/2598/211
f 2594/2602/213 2591/2603/212 2592/2600/212
f 2596/2604/214 2593/2605/213 2594/2602/213
f 2598/2606/215 2595/2607/214 2596/2604/214
f 2600/2608/216 2597/2609/215 2598/2606/215
f 2602/2610/217 2599/2611/216 2600/2608/216
f 2604/2612/218 2601/2613/217 2602/2610/217
f 2606/2614/219 2603/2615/218 2604/2612/218
f 2608/2616/220 2605/2617/219 2606/2614/219
f 2610/2618/221 2607/2619/220 2608/2616/220
f 2612/2620/222 2609/2621/221 2610/2618/221
f 2614/2622/223 2611/2623/222 2612/2620/222
f 2616/2624/224 2613/2625/223 2614/2622/223
f 2618/2626/225 2615/2627/224 2616/2624/224
f 2620/2628/226 2617/2629/225 2618/2626/225
f 2622/2630/227 2619/2631/226 2620/2628/226
f 2624/2632/228 2621/2633/227 2622/2630/227
f 2626/2634/229 2623/2635/228 2624/2632/228
f 2628/2636/230 2625/2637/229 2626/2634/229
f 2630/2638/231 2627/2639/230 2628/2636/230
f 2632/2640/424 2629/2641/231 2630/2638/231
f 2634/2642/233 2631/2643/232 2632/2640/424
f 2636/2644/234 2633/2645/233 2634/2642/233
f 2638/2646/235 2635/2647/234 2636/2644/234
f 2640/2648/425 2637/2649/235 2638/2646/235
f 2642/2650/237 2639/2651/236 2640/2648/425
f 2644/2652/238 2641/2653/237 2642/2650/237
f 2572/2654/203 2643/2655/238 2644/2652/238
f 2648/2656/426 2645/2657/427 2646/2658/427
f 2650/2659/428 2647/2660/429 2648/2656/426
f 2652/2661/430 2649/2662/428 2650/2659/428
f 2654/2663/431 2651/2664/430 2652/2661/430
f 2656/2665/432 2653/2666/431 2654/2663/431
f 2658/2667/433 2655/2668/432 2656/2665/432
f 2660/2669/434 2657/2670/433 2658/2667/433
f 2662/2671/435 2659/2672/434 2660/2669/434
f 2664/2673/436 2661/2674/435 2662/2671/435
f 2666/2675/437 2663/2676/436 2664/2673/436
f 2668/2677/438 2665/2678/437 2666/2675/437
f 2670/2679/439 2667/2680/438 2668/2677/438
f 2672/2681/440 2669/2682/439 2670/2679/439
f 2674/2683/441 2671/2684/440 2672/2681/440
f 2676/2685/442 2673/2686/441 2674/2683/441
f 2678/2687/443 2675/2688/442 2676/2685/442
f 2680/2689/444 2677/2690/443 2678/2687/443
f 2682/2691/445 2679/2692/444 2680/2689/444
f 2684/2693/446 2681/2694/445 2682/2691/445
f 2686/2695/447 2683/2696/446 2684/2693/446
f 2688/2697/448 2685/2698/447 2686/2695/447
f 2690/2699/449 2687/2700/448 2688/2697/448
f 2692/2701/450 2689/2702/449 2690/2699/449
f 2694/2703/451 2691/2704/450 2692/2701/450
f 2696/2705/452 2693/2706/451 2694/2703/451
f 2698/2707/453 2695/2708/452 2696/2705/452
f 2700/2709/454 2697/2710/453 2698/2707/453
f 2702/2711/455 2699/2712/454 2700/2709/454
f 2704/2713/456 2701/2714/455 2702/2711/455
f 2706/2715/457 2703/2716/456 2704/2713/456
f 2708/2717/458 2705/2718/457 2706/2715/457
f 2710/2719/459 2707/2720/460 2708/2717/458
f 2712/2721/461 2709/2722/459 2710/2719/459
f 2714/2723/462 2711/2724/463 2712/2721/461
f 2716/2725/464 2713/2726/465 2714/2723/462
f 2718/2727/466 2715/2728/464 2716/2725/464
f 2720/2729/467 2717/2730/466 2718/2727/466
f 2722/2731/468 2719/2732/467 2720/2729/467
f 2724/2733/469 2721/2734/468 2722/2731/468
f 2726/2735/470 2723/2736/469 2724/2733/469
f 2728/2737/471 2725/2738/470 2726/2735/470
f 2730/2739/472 2727/2740/471 2728/2737/471
f 2732/2741/473 2729/2742/472 2730/2739/472
f 2734/2743/474 2731/2744/473 2732/2741/473
f 2736/2745/475 2733/2746/474 2734/2743/474
f 2738/2747/476 2735/2748/475 2736/2745/475
f 2740/2749/477 2737/2750/476 2738/2747/476
f 2742/2751/478 2739/2752/477 2740/2749/477
f 2744/2753/479 2741/2754/478 2742/2751/478
f 2746/2755/480 2743/2756/479 2744/2753/479
f 2748/2757/481 2745/2758/480 2746/2755/480
f 2750/2759/482 2747/2760/481 2748/2757/481
f 2752/2761/483 2749/2762/482 2750/2759/482
f 2754/2763/484 2751/2764/483 2752/2761/483
f 2756/2765/485 2753/2766/486 2754/2763/484
f 2758/2767/487 2755/2768/485 2756/2765/485
f 2760/2769/488 2757/2770/487 2758/2767/487
f 2762/2771/489 2759/2772/488 2760/2769/488
f 2764/2773/490 2761/2774/489 2762/2771/489
f 2766/2775/491 2763/2776/490 2764/2773/490
f 2768/2777/492 2765/2778/493 2766/2775/491
f 2770/2779/494 2767/2780/492 2768/2777/492
f 2772/2781/495 2769/2782/494 2770/2779/494
f 2774/2783/496 2771/2784/497 2772/2781/495
f 2776/2785/498 2773/2786/496 2774/2783/496
f 2778/2787/499 2775/2788/498 2776/2785/498
f 2780/2789/500 2777/2790/501 2778/2787/499
f 2782/2791/502 2779/2792/77 2780/2789/500
f 2784/2793/503 2781/2794/502 2782/2791/502
f 2786/2795/504 2783/2796/503 2784/2793/503
f 2788/2797/505 2785/2798/504 2786/2795/504
f 2790/2799/506 2787/2800/507 2788/2797/505
f 2792/2801/508 2789/2802/506 2790/2799/506
f 2794/2803/509 2791/2804/508 2792/2801/508
f 2796/2805/510 2793/2806/509 2794/2803/509
f 2798/2807/511 2795/2808/510 2796/2805/510
f 2800/2809/512 2797/2810/511 2798/2807/511
f 2802/2811/513 2799/2812/512 2800/2809/512
f 2804/2813/514 2801/2814/513 2802/2811/513
f 2806/2815/515 2803/2816/514 2804/2813/514
f 2808/2817/516 2805/2818/515 2806/2815/515
f 2810/2819/517 2807/2820/516 2808/2817/516
f 2812/2821/518 2809/2822/517 2810/2819/517
f 2814/2823/519 2811/2824/518 2812/2821/518
f 2816/2825/520 2813/2826/519 2814/2823/519
f 2818/2827/521 2815/2828/520 2816/2825/520
f 2820/2829/522 2817/2830/521 2818/2827/521
f 2822/2831/523 2819/2832/522 2820/2829/522
f 2824/2833/524 2821/2834/523 2822/2831/523
f 2826/2835/525 2823/2836/524 2824/2833/524
f 2828/2837/526 2825/2838/525 2826/2835/525
f 2830/2839/527 2827/2840/526 2828/2837/526
f 2832/2841/528 2829/2842/527 2830/2839/527
f 2834/2843/529 2831/2844/528 2832/2841/528
f 2836/2845/530 2833/2846/529 2834/2843/529
f 2838/2847/531 2835/2848/530 2836/2845/530
f 2840/2849/532 2837/2850/531 2838/2847/531
f 2842/2851/533 2839/2852/532 2840/2849/532
f 2844/2853/534 2841/2854/533 2842/2851/533
f 2846/2855/535 2843/2856/534 2844/2853/534
f 2848/2857/536 2845/2858/535 2846/2855/535
f 2850/2859/537 2847/2860/536 2848/2857/536
f 2852/2861/538 2849/2862/537 2850/2859/537
f 2854/2863/539 2851/2864/538 2852/2861/538
f 2856/2865/540 2853/2866/539 2854/2863/539
f 2858/2867/541 2855/2868/540 2856/2865/540
f 2860/2869/542 2857/2870/541 2858/2867/541
f 2862/2871/543 2859/2872/542 2860/2869/542
f 2864/2873/544 2861/2874/543 2862/2871/543
f 2866/2875/545 2863/2876/544 2864/2873/544
f 2868/2877/546 2865/2878/545 2866/2875/545
f 2870/2879/547 2867/2880/546 2868/2877/546
f 2872/2881/548 2869/2882/547 2870/2879/547
f 2874/2883/549 2871/2884/548 2872/2881/548
f 2876/2885/550 2873/2886/549 2874/2883/549
f 2878/2887/551 2875/2888/550 2876/2885/550
f 2880/2889/552 2877/2890/551 2878/2887/551
f 2882/2891/553 2879/2892/552 2880/2889/552
f 2884/2893/554 2881/2894/553 2882/2891/553
f 2886/2895/555 2883/2896/554 2884/2893/554
f 2888/2897/556 2885/2898/555 2886/2895/555
f 2890/2899/557 2887/2900/556 2888/2897/556
f 2892/2901/558 2889/2902/559 2890/2899/557
f 2894/2903/560 2891/2904/558 2892/2901/558
f 2896/2905/561 2893/2906/560 2894/2903/560
f 2898/2907/562 2895/2908/561 2896/2905/561
f 2900/2909/563 2897/2910/562 2898/2907/562
f 2902/2911/564 2899/2912/563 2900/2909/563
f 2904/2913/565 2901/2914/564 2902/2911/564
f 2906/2915/566 2903/2916/565 2904/2913/565
f 2908/2917/567 2905/2918/566 2906/2915/566
f 2910/2919/568 2907/2920/567 2908/2917/567
f 2912/2921/569 2909/2922/568 2910/2919/568
f 2646/2923/427 2911/2924/569 2912/2921/569
f 2916/2925/239 2913/2926/240 2914/2927/240
f 2918/2928/241 2915/2929/239 2916/2925/239
f 2920/2930/242 2917/2931/241 2918/2928/241
f 2922/2932/243 2919/2933/242 2920/2930/242
f 2924/2934/244 2921/2935/243 2922/2932/243
f 2926/2936/245 2923/2937/244 2924/2934/244
f 2928/2938/246 2925/2939/245 2926/2936/245
f 2914/2940/240 2927/2941/246 2928/2938/246
f 2932/2942/570 2929/2943/571 2930/2944/571
f 2934/2945/572 2931/2946/570 2932/2942/570
f 2936/2947/573 2933/2948/572 2934/2945/572
f 2938/2949/574 2935/2950/573 2936/2947/573
f 2940/2951/575 2937/2952/574 2938/2949/574
f 2942/2953/576 2939/2954/575 2940/2951/575
f 2944/2955/577 2941/2956/576 2942/2953/576
f 2946/2957/578 2943/2958/577 2944/2955/577
f 2948/2959/579 2945/2960/578 2946/2957/578
f 2950/2961/580 2947/2962/579 2948/2959/579
f 2952/2963/581 2949/2964/580 2950/2961/580
f 2954/2965/284 2951/2966/581 2952/2963/581
f 2956/2967/582 2953/2968/284 2954/2965/284
f 2958/2969/583 2955/2970/582 2956/2967/582
f 2960/2971/584 2957/2972/583 2958/2969/583
f 2962/2973/585 2959/2974/584 2960/2971/584
f 2964/2975/586 2961/2976/585 2962/2973/585
f 2966/2977/587 2963/2978/586 2964/2975/586
f 2968/2979/588 2965/2980/587 2966/2977/587
f 2970/2981/589 2967/2982/588 2968/2979/588
f 2972/2983/590 2969/2984/589 2970/2981/589
f 2974/2985/591 2971/2986/590 2972/2983/590
f 2976/2987/592 2973/2988/591 2974/2985/591
f 2978/2989/593 2975/2990/592 2976/2987/592
f 2980/2991/594 2977/2992/593 2978/2989/593
f 2982/2993/595 2979/2994/594 2980/2991/594
f 2984/2995/596 2981/2996/595 2982/2993/595
f 2986/2997/597 2983/2998/596 2984/2995/596
f 2988/2999/598 2985/3000/597 2986/2997/597
f 2990/3001/599 2987/3002/598 2988/2999/598
f 2992/3003/600 2989/3004/599 2990/3001/599
f 2994/3005/601 2991/3006/600 2992/3003/600
f 2996/3007/602 2993/3008/601 2994/3005/601
f 2998/3009/603 2995/3010/602 2996/3007/602
f 3000/3011/604 2997/3012/603 2998/3009/603
f 3002/3013/605 2999/3014/604 3000/3011/604
f 3004/3015/259 3001/3016/605 3002/3013/605
f 3006/3017/606 3003/3018/259 3004/3015/259
f 3008/3019/607 3005/3020/606 3006/3017/606
f 3010/3021/608 3007/3022/607 3008/3019/607
f 3012/3023/609 3009/3024/608 3010/3021/608
f 3014/3025/610 3011/3026/609 3012/3023/609
f 3016/3027/611 3013/3028/610 3014/3025/610
f 3018/3029/612 3015/3030/611 3016/3027/611
f 3020/3031/613 3017/3032/612 3018/3029/612
f 3022/3033/614 3019/3034/613 3020/3031/613
f 3024/3035/615 3021/3036/614 3022/3033/614
f 3026/3037/616 3023/3038/615 3024/3035/615
f 3028/3039/617 3025/3040/616 3026/3037/616
f 2930/3041/571 3027/3042/617 3028/3039/617
f 1518/1515/7 1517/1519/7 1515/1516/8
f 1520/1518/9 1519/1521/9 1517/1519/7
f 1522/1520/10 1521/1523/10 1519/1521/9
f 1524/1522/11 1523/1525/11 1521/1523/10
f 1526/1524/12 1525/1527/12 1523/1525/11
f 1528/1526/13 1527/1529/13 1525/1527/12
f 1530/1528/14 1529/1531/14 1527/1529/13
f 1532/1530/15 1531/1533/15 1529/1531/14
f 1534/1532/16 1533/1535/16 1531/1533/15
f 1536/1534/17 1535/1537/17 1533/1535/16
f 1538/1536/18 1537/1539/18 1535/1537/17
f 1540/1538/19 1539/1541/19 1537/1539/18
f 1542/1540/20 1541/1543/20 1539/1541/19
f 1544/1542/21 1543/1545/21 1541/1543/20
f 1546/1544/22 1545/1547/22 1543/1545/21
f 1548/1546/23 1547/1549/23 1545/1547/22
f 1550/1548/24 1549/1551/24 1547/1549/23
f 1552/1550/25 1551/1553/25 1549/1551/24
f 1554/1552/26 1553/1555/26 1551/1553/25
f 1556/1554/27 1555/1557/27 1553/1555/26
f 1558/1556/28 1557/1559/28 1555/1557/27
f 1560/1558/29 1559/1561/29 1557/1559/28
f 1562/1560/30 1561/1563/30 1559/1561/29
f 1564/1562/31 1563/1565/31 1561/1563/30
f 1566/1564/31 1565/1567/31 1563/1565/31
f 1568/1566/32 1567/1569/32 1565/1567/31
f 1570/1568/33 1569/1571/33 1567/1569/32
f 1572/1570/34 1571/1573/34 1569/1571/33
f 1516/1572/8 1515/3043/8 1571/1573/34
f 1576/1574/35 1575/1578/35 1573/1575/36
f 1578/1577/37 1577/1580/37 1575/1578/35
f 1580/1579/38 1579/1582/38 1577/1580/37
f 1582/1581/39 1581/1584/39 1579/1582/38
f 1584/1583/40 1583/1586/40 1581/1584/39
f 1586/1585/41 1585/1588/41 1583/1586/40
f 1588/1587/42 1587/1590/42 1585/1588/41
f 1590/1589/43 1589/1592/43 1587/1590/42
f 1592/1591/44 1591/1594/44 1589/1592/43
f 1594/1593/45 1593/1596/45 1591/1594/44
f 1596/1595/46 1595/1598/46 1593/1596/45
f 1598/1597/47 1597/1600/47 1595/1598/46
f 1600/1599/48 1599/1602/48 1597/1600/47
f 1602/1601/49 1601/1604/49 1599/1602/48
f 1604/1603/50 1603/1606/50 1601/1604/49
f 1606/1605/51 1605/1608/51 1603/1606/50
f 1608/1607/52 1607/1610/52 1605/1608/51
f 1610/1609/53 1609/1612/53 1607/1610/52
f 1612/1611/54 1611/1614/54 1609/1612/53
f 1614/1613/55 1613/1616/55 1611/1614/54
f 1616/1615/56 1615/1618/56 1613/1616/55
f 1618/1617/57 1617/1620/57 1615/1618/56
f 1620/1619/58 1619/1622/58 1617/1620/57
f 1622/1621/59 1621/1624/59 1619/1622/58
f 1624/1623/31 1623/1626/31 1621/1624/59
f 1626/1625/60 1625/1628/60 1623/1626/31
f 1574/1627/36 1573/3044/36 1625/1628/60
f 1630/1629/33 1629/1633/33 1627/1630/32
f 1632/1632/60 1631/1635/60 1629/1633/33
f 1634/1634/31 1633/1637/31 1631/1635/60
f 1628/1636/32 1627/3045/32 1633/1637/31
f 1638/1638/61 1637/1642/61 1635/1639/62
f 1640/1641/63 1639/1644/65 1637/1642/61
f 1642/1643/64 1641/1646/64 1639/1644/65
f 1644/1645/66 1643/1648/66 1641/1646/64
f 1646/1647/67 1645/1650/67 1643/1648/66
f 1648/1649/68 1647/1652/68 1645/1650/67
f 1650/1651/69 1649/1654/69 1647/1652/68
f 1652/1653/70 1651/1656/70 1649/1654/69
f 1654/1655/71 1653/1658/71 1651/1656/70
f 1656/1657/72 1655/1660/72 1653/1658/71
f 1658/1659/73 1657/1662/73 1655/1660/72
f 1660/1661/74 1659/1664/74 1657/1662/73
f 1662/1663/75 1661/1666/75 1659/1664/74
f 1664/1665/76 1663/1668/76 1661/1666/75
f 1666/1667/77 1665/1670/77 1663/1668/76
f 1668/1669/78 1667/1672/78 1665/1670/77
f 1670/1671/79 1669/1674/79 1667/1672/78
f 1672/1673/80 1671/1676/80 1669/1674/79
f 1674/1675/81 1673/1678/81 1671/1676/80
f 1676/1677/82 1675/1680/82 1673/1678/81
f 1678/1679/83 1677/1682/83 1675/1680/82
f 1680/1681/84 1679/1684/84 1677/1682/83
f 1682/1683/85 1681/1686/85 1679/1684/84
f 1684/1685/86 1683/1688/86 1681/1686/85
f 1686/1687/87 1685/1690/87 1683/1688/86
f 1688/1689/88 1687/1692/88 1685/1690/87
f 1690/1691/89 1689/1694/89 1687/1692/88
f 1692/1693/90 1691/1696/90 1689/1694/89
f 1694/1695/91 1693/1698/91 1691/1696/90
f 1696/1697/92 1695/1700/92 1693/1698/91
f 1698/1699/93 1697/1702/93 1695/1700/92
f 1700/1701/94 1699/1704/94 1697/1702/93
f 1702/1703/95 1701/1706/95 1699/1704/94
f 1704/1705/96 1703/1708/96 1701/1706/95
f 1706/1707/97 1705/1710/97 1703/1708/96
f 1708/1709/98 1707/1712/98 1705/1710/97
f 1710/1711/99 1709/1714/99 1707/1712/98
f 1712/1713/100 1711/1716/100 1709/1714/99
f 1714/1715/101 1713/1718/101 1711/1716/100
f 1716/1717/102 1715/1720/102 1713/1718/101
f 1718/1719/103 1717/1722/103 1715/1720/102
f 1720/1721/104 1719/1724/104 1717/1722/103
f 1722/1723/105 1721/1726/105 1719/1724/104
f 1724/1725/106 1723/1728/106 1721/1726/105
f 1726/1727/107 1725/1730/107 1723/1728/106
f 1728/1729/108 1727/1732/108 1725/1730/107
f 1730/1731/109 1729/1734/109 1727/1732/108
f 1732/1733/110 1731/1736/110 1729/1734/109
f 1734/1735/111 1733/1738/111 1731/1736/110
f 1736/1737/112 1735/1740/112 1733/1738/111
f 1738/1739/113 1737/1742/113 1735/1740/112
f 1740/1741/114 1739/1744/114 1737/1742/113
f 1742/1743/115 1741/1746/115 1739/1744/114
f 1744/1745/116 1743/1748/116 1741/1746/115
f 1746/1747/117 1745/1750/117 1743/1748/116
f 1748/1749/118 1747/1752/118 1745/1750/117
f 1750/1751/119 1749/1754/119 1747/1752/118
f 1752/1753/120 1751/1756/120 1749/1754/119
f 1754/1755/121 1753/1758/121 1751/1756/120
f 1756/1757/122 1755/1760/122 1753/1758/121
f 1758/1759/123 1757/1762/123 1755/1760/122
f 1760/1761/124 1759/1764/124 1757/1762/123
f 1762/1763/125 1761/1766/125 1759/1764/124
f 1764/1765/126 1763/1768/126 1761/1766/125
f 1766/1767/127 1765/1770/127 1763/1768/126
f 1768/1769/128 1767/1772/128 1765/1770/127
f 1770/1771/129 1769/1774/129 1767/1772/128
f 1772/1773/130 1771/1776/130 1769/1774/129
f 1774/1775/131 1773/1778/131 1771/1776/130
f 1776/1777/132 1775/1780/132 1773/1778/131
f 1778/1779/133 1777/1782/135 1775/1780/132
f 1780/1781/134 1779/1784/134 1777/1782/135
f 1782/1783/136 1781/1786/136 1779/1784/134
f 1784/1785/137 1783/1788/137 1781/1786/136
f 1786/1787/138 1785/1790/138 1783/1788/137
f 1788/1789/139 1787/1792/139 1785/1790/138
f 1790/1791/140 1789/1794/142 1787/1792/139
f 1792/1793/141 1791/1796/141 1789/1794/142
f 1794/1795/143 1793/1798/143 1791/1796/141
f 1796/1797/144 1795/1800/144 1793/1798/143
f 1798/1799/145 1797/1802/145 1795/1800/144
f 1800/1801/146 1799/1804/146 1797/1802/145
f 1802/1803/147 1801/1806/147 1799/1804/146
f 1804/1805/148 1803/1808/148 1801/1806/147
f 1806/1807/149 1805/1810/149 1803/1808/148
f 1808/1809/150 1807/1812/150 1805/1810/149
f 1810/1811/151 1809/1814/151 1807/1812/150
f 1812/1813/152 1811/1816/152 1809/1814/151
f 1814/1815/153 1813/1818/153 1811/1816/152
f 1816/1817/154 1815/1820/154 1813/1818/153
f 1818/1819/155 1817/1822/155 1815/1820/154
f 1820/1821/156 1819/1824/156 1817/1822/155
f 1822/1823/157 1821/1826/157 1819/1824/156
f 1824/1825/158 1823/1828/158 1821/1826/157
f 1826/1827/159 1825/1830/159 1823/1828/158
f 1828/1829/160 1827/1832/160 1825/1830/159
f 1830/1831/161 1829/1834/161 1827/1832/160
f 1832/1833/162 1831/1836/162 1829/1834/161
f 1834/1835/163 1833/1838/163 1831/1836/162
f 1836/1837/164 1835/1840/164 1833/1838/163
f 1838/1839/165 1837/1842/165 1835/1840/164
f 1840/1841/166 1839/1844/166 1837/1842/165
f 1842/1843/167 1841/1846/167 1839/1844/166
f 1844/1845/168 1843/1848/168 1841/1846/167
f 1846/1847/169 1845/1850/169 1843/1848/168
f 1848/1849/170 1847/1852/170 1845/1850/169
f 1850/1851/171 1849/1854/171 1847/1852/170
f 1852/1853/172 1851/1856/172 1849/1854/171
f 1854/1855/173 1853/1858/173 1851/1856/172
f 1856/1857/174 1855/1860/174 1853/1858/173
f 1858/1859/175 1857/1862/175 1855/1860/174
f 1860/1861/176 1859/1864/176 1857/1862/175
f 1862/1863/177 1861/1866/177 1859/1864/176
f 1864/1865/178 1863/1868/178 1861/1866/177
f 1866/1867/179 1865/1870/179 1863/1868/178
f 1868/1869/180 1867/1872/180 1865/1870/179
f 1870/1871/181 1869/1874/181 1867/1872/180
f 1872/1873/182 1871/1876/182 1869/1874/181
f 1874/1875/183 1873/1878/183 1871/1876/182
f 1876/1877/184 1875/1880/184 1873/1878/183
f 1878/1879/185 1877/1882/185 1875/1880/184
f 1880/1881/186 1879/1884/186 1877/1882/185
f 1882/1883/187 1881/1886/187 1879/1884/186
f 1884/1885/188 1883/1888/188 1881/1886/187
f 1886/1887/189 1885/1890/189 1883/1888/188
f 1888/1889/190 1887/1892/190 1885/1890/189
f 1890/1891/191 1889/1894/191 1887/1892/190
f 1892/1893/192 1891/1896/192 1889/1894/191
f 1894/1895/193 1893/1898/193 1891/1896/192
f 1896/1897/194 1895/1900/194 1893/1898/193
f 1898/1899/195 1897/1902/197 1895/1900/194
f 1900/1901/196 1899/1904/196 1897/1902/197
f 1902/1903/198 1901/1906/198 1899/1904/196
f 1904/1905/199 1903/1908/199 1901/1906/198
f 1906/1907/200 1905/1910/200 1903/1908/199
f 1908/1909/201 1907/1912/201 1905/1910/200
f 1636/1911/62 1635/3046/62 1907/1912/201
f 1912/1913/202 1911/1917/202 1909/1914/203
f 1914/1916/204 1913/1919/204 1911/1917/202
f 1916/1918/205 1915/1921/205 1913/1919/204
f 1918/1920/206 1917/1923/206 1915/1921/205
f 1920/1922/207 1919/1925/207 1917/1923/206
f 1922/1924/208 1921/1927/208 1919/1925/207
f 1924/1926/209 1923/1929/209 1921/1927/208
f 1926/1928/210 1925/1931/210 1923/1929/209
f 1928/1930/211 1927/1933/211 1925/1931/210
f 1930/1932/212 1929/1935/212 1927/1933/211
f 1932/1934/213 1931/1937/213 1929/1935/212
f 1934/1936/214 1933/1939/214 1931/1937/213
f 1936/1938/215 1935/1941/215 1933/1939/214
f 1938/1940/216 1937/1943/216 1935/1941/215
f 1940/1942/217 1939/1945/217 1937/1943/216
f 1942/1944/218 1941/1947/218 1939/1945/217
f 1944/1946/219 1943/1949/219 1941/1947/218
f 1946/1948/220 1945/1951/220 1943/1949/219
f 1948/1950/221 1947/1953/221 1945/1951/220
f 1950/1952/222 1949/1955/222 1947/1953/221
f 1952/1954/223 1951/1957/223 1949/1955/222
f 1954/1956/224 1953/1959/224 1951/1957/223
f 1956/1958/225 1955/1961/225 1953/1959/224
f 1958/1960/226 1957/1963/226 1955/1961/225
f 1960/1962/227 1959/1965/227 1957/1963/226
f 1962/1964/228 1961/1967/228 1959/1965/227
f 1964/1966/229 1963/1969/229 1961/1967/228
f 1966/1968/230 1965/1971/230 1963/1969/229
f 1968/1970/231 1967/1973/231 1965/1971/230
f 1970/1972/232 1969/1975/232 1967/1973/231
f 1972/1974/233 1971/1977/233 1969/1975/232
f 1974/1976/234 1973/1979/234 1971/1977/233
f 1976/1978/235 1975/1981/235 1973/1979/234
f 1978/1980/236 1977/1983/236 1975/1981/235
f 1980/1982/237 1979/1985/237 1977/1983/236
f 1982/1984/238 1981/1987/238 1979/1985/237
f 1910/1986/203 1909/3047/203 1981/1987/238
f 1986/1988/239 1985/1992/239 1983/1989/240
f 1988/1991/241 1987/1994/241 1985/1992/239
f 1990/1993/242 1989/1996/242 1987/1994/241
f 1992/1995/243 1991/1998/243 1989/1996/242
f 1994/1997/244 1993/2000/244 1991/1998/243
f 1996/1999/245 1995/2002/245 1993/2000/244
f 1998/2001/246 1997/2004/246 1995/2002/245
f 1984/2003/240 1983/3048/240 1997/2004/246
f 2002/2005/247 2001/2009/247 1999/2006/248
f 2004/2008/249 2003/2011/249 2001/2009/247
f 2006/2010/250 2005/2013/250 2003/2011/249
f 2008/2012/251 2007/2015/251 2005/2013/250
f 2010/2014/252 2009/2017/252 2007/2015/251
f 2012/2016/253 2011/2019/253 2009/2017/252
f 2014/2018/254 2013/2021/254 2011/2019/253
f 2016/2020/255 2015/2023/255 2013/2021/254
f 2018/2022/256 2017/2025/256 2015/2023/255
f 2020/2024/257 2019/2027/257 2017/2025/256
f 2022/2026/258 2021/2029/258 2019/2027/257
f 2024/2028/259 2023/2031/259 2021/2029/258
f 2026/2030/260 2025/2033/260 2023/2031/259
f 2028/2032/261 2027/2035/261 2025/2033/260
f 2030/2034/262 2029/2037/262 2027/2035/261
f 2032/2036/263 2031/2039/263 2029/2037/262
f 2034/2038/264 2033/2041/264 2031/2039/263
f 2036/2040/265 2035/2043/265 2033/2041/264
f 2038/2042/266 2037/2045/266 2035/2043/265
f 2040/2044/267 2039/2047/267 2037/2045/266
f 2042/2046/268 2041/2049/268 2039/2047/267
f 2044/2048/269 2043/2051/269 2041/2049/268
f 2046/2050/270 2045/2053/270 2043/2051/269
f 2048/2052/271 2047/2055/271 2045/2053/270
f 2050/2054/272 2049/2057/272 2047/2055/271
f 2052/2056/273 2051/2059/273 2049/2057/272
f 2054/2058/274 2053/2061/274 2051/2059/273
f 2056/2060/275 2055/2063/275 2053/2061/274
f 2058/2062/276 2057/2065/276 2055/2063/275
f 2060/2064/277 2059/2067/277 2057/2065/276
f 2062/2066/278 2061/2069/278 2059/2067/277
f 2064/2068/279 2063/2071/279 2061/2069/278
f 2066/2070/280 2065/2073/280 2063/2071/279
f 2068/2072/281 2067/2075/281 2065/2073/280
f 2070/2074/282 2069/2077/282 2067/2075/281
f 2072/2076/283 2071/2079/283 2069/2077/282
f 2074/2078/284 2073/2081/284 2071/2079/283
f 2076/2080/285 2075/2083/285 2073/2081/284
f 2078/2082/286 2077/2085/286 2075/2083/285
f 2080/2084/287 2079/2087/287 2077/2085/286
f 2082/2086/288 2081/2089/288 2079/2087/287
f 2084/2088/289 2083/2091/289 2081/2089/288
f 2086/2090/290 2085/2093/290 2083/2091/289
f 2088/2092/291 2087/2095/291 2085/2093/290
f 2090/2094/292 2089/2097/292 2087/2095/291
f 2092/2096/293 2091/2099/293 2089/2097/292
f 2094/2098/294 2093/2101/294 2091/2099/293
f 2096/2100/295 2095/2103/295 2093/2101/294
f 2098/2102/296 2097/2105/296 2095/2103/295
f 2000/2104/248 1999/3049/248 2097/2105/296
f 2102/2106/297 2101/2110/297 2099/2107/298
f 2104/2109/300 2103/2112/300 2101/2110/297
f 2106/2111/301 2105/2114/301 2103/2112/300
f 2108/2113/302 2107/2116/302 2105/2114/301
f 2110/2115/303 2109/2118/303 2107/2116/302
f 2112/2117/304 2111/2120/304 2109/2118/303
f 2114/2119/305 2113/2122/305 2111/2120/304
f 2116/2121/306 2115/2124/306 2113/2122/305
f 2118/2123/307 2117/2126/307 2115/2124/306
f 2120/2125/308 2119/2128/308 2117/2126/307
f 2122/2127/309 2121/2130/309 2119/2128/308
f 2124/2129/310 2123/2132/310 2121/2130/309
f 2126/2131/311 2125/2134/311 2123/2132/310
f 2128/2133/312 2127/2136/312 2125/2134/311
f 2130/2135/313 2129/2138/313 2127/2136/312
f 2132/2137/314 2131/2140/314 2129/2138/313
f 2134/2139/315 2133/2142/315 2131/2140/314
f 2136/2141/316 2135/2144/316 2133/2142/315
f 2138/2143/317 2137/2146/317 2135/2144/316
f 2140/2145/318 2139/2148/318 2137/2146/317
f 2142/2147/319 2141/2150/319 2139/2148/318
f 2144/2149/320 2143/2152/320 2141/2150/319
f 2146/2151/321 2145/2154/321 2143/2152/320
f 2148/2153/322 2147/2156/322 2145/2154/321
f 2150/2155/323 2149/2158/323 2147/2156/322
f 2152/2157/324 2151/2160/324 2149/2158/323
f 2154/2159/325 2153/2162/325 2151/2160/324
f 2156/2161/326 2155/2164/326 2153/2162/325
f 2158/2163/327 2157/2166/327 2155/2164/326
f 2160/2165/328 2159/2168/328 2157/2166/327
f 2162/2167/329 2161/2170/329 2159/2168/328
f 2164/2169/330 2163/2172/330 2161/2170/329
f 2166/2171/331 2165/2174/331 2163/2172/330
f 2168/2173/332 2167/2176/332 2165/2174/331
f 2170/2175/333 2169/2178/333 2167/2176/332
f 2172/2177/334 2171/2180/334 2169/2178/333
f 2174/2179/335 2173/2182/335 2171/2180/334
f 2176/2181/336 2175/2184/336 2173/2182/335
f 2178/2183/337 2177/2186/337 2175/2184/336
f 2180/2185/338 2179/2188/338 2177/2186/337
f 2182/2187/339 2181/2190/339 2179/2188/338
f 2184/2189/340 2183/2192/340 2181/2190/339
f 2186/2191/341 2185/2194/341 2183/2192/340
f 2188/2193/342 2187/2196/342 2185/2194/341
f 2190/2195/343 2189/2198/343 2187/2196/342
f 2192/2197/344 2191/2200/344 2189/2198/343
f 2194/2199/345 2193/2202/345 2191/2200/344
f 2196/2201/346 2195/2204/346 2193/2202/345
f 2198/2203/347 2197/2206/347 2195/2204/346
f 2200/2205/348 2199/2208/348 2197/2206/347
f 2202/2207/349 2201/2210/349 2199/2208/348
f 2204/2209/350 2203/2212/350 2201/2210/349
f 2206/2211/351 2205/2214/351 2203/2212/350
f 2208/2213/352 2207/2216/352 2205/2214/351
f 2210/2215/353 2209/2218/353 2207/2216/352
f 2212/2217/354 2211/2220/354 2209/2218/353
f 2214/2219/355 2213/2222/355 2211/2220/354
f 2216/2221/356 2215/2224/356 2213/2222/355
f 2218/2223/357 2217/2226/357 2215/2224/356
f 2220/2225/358 2219/2228/358 2217/2226/357
f 2222/2227/359 2221/2230/359 2219/2228/358
f 2224/2229/360 2223/2232/360 2221/2230/359
f 2226/2231/361 2225/2234/361 2223/2232/360
f 2228/2233/362 2227/2236/362 2225/2234/361
f 2230/2235/363 2229/2238/363 2227/2236/362
f 2232/2237/364 2231/2240/364 2229/2238/363
f 2234/2239/365 2233/2242/365 2231/2240/364
f 2236/2241/366 2235/2244/366 2233/2242/365
f 2238/2243/367 2237/2246/367 2235/2244/366
f 2240/2245/368 2239/2248/368 2237/2246/367
f 2242/2247/369 2241/2250/369 2239/2248/368
f 2244/2249/370 2243/2252/372 2241/2250/369
f 2246/2251/371 2245/2254/371 2243/2252/372
f 2100/2253/299 2099/3050/298 2245/2254/371
f 2250/2255/373 2249/2259/373 2247/2256/374
f 2252/2258/375 2251/2261/375 2249/2259/373
f 2254/2260/376 2253/2263/376 2251/2261/375
f 2256/2262/377 2255/2265/377 2253/2263/376
f 2258/2264/378 2257/2267/378 2255/2265/377
f 2260/2266/379 2259/2269/379 2257/2267/378
f 2262/2268/380 2261/2271/380 2259/2269/379
f 2264/2270/381 2263/2273/381 2261/2271/380
f 2266/2272/382 2265/2275/382 2263/2273/381
f 2268/2274/383 2267/2277/385 2265/2275/382
f 2270/2276/384 2269/2279/384 2267/2277/385
f 2272/2278/386 2271/2281/386 2269/2279/384
f 2274/2280/387 2273/2283/387 2271/2281/386
f 2276/2282/388 2275/2285/390 2273/2283/387
f 2278/2284/389 2277/2287/389 2275/2285/390
f 2280/2286/391 2279/2289/391 2277/2287/389
f 2282/2288/392 2281/2291/392 2279/2289/391
f 2284/2290/393 2283/2293/393 2281/2291/392
f 2286/2292/394 2285/2295/394 2283/2293/393
f 2288/2294/395 2287/2297/395 2285/2295/394
f 2290/2296/396 2289/2299/396 2287/2297/395
f 2292/2298/397 2291/2301/397 2289/2299/396
f 2294/2300/398 2293/2303/398 2291/2301/397
f 2296/2302/399 2295/2305/399 2293/2303/398
f 2248/2304/374 2247/3051/374 2295/2305/399
f 2300/2306/61 2299/2310/61 2297/2307/62
f 2302/2309/65 2301/2312/65 2299/2310/61
f 2304/2311/64 2303/2314/64 2301/2312/65
f 2306/2313/66 2305/2316/66 2303/2314/64
f 2308/2315/400 2307/2318/67 2305/2316/66
f 2310/2317/68 2309/2320/68 2307/2318/67
f 2312/2319/401 2311/2322/69 2309/2320/68
f 2314/2321/402 2313/2324/402 2311/2322/69
f 2316/2323/71 2315/2326/71 2313/2324/402
f 2318/2325/72 2317/2328/72 2315/2326/71
f 2320/2327/73 2319/2330/73 2317/2328/72
f 2322/2329/74 2321/2332/74 2319/2330/73
f 2324/2331/75 2323/2334/75 2321/2332/74
f 2326/2333/76 2325/2336/76 2323/2334/75
f 2328/2335/77 2327/2338/77 2325/2336/76
f 2330/2337/403 2329/2340/403 2327/2338/77
f 2332/2339/79 2331/2342/79 2329/2340/403
f 2334/2341/80 2333/2344/80 2331/2342/79
f 2336/2343/81 2335/2346/81 2333/2344/80
f 2338/2345/82 2337/2348/82 2335/2346/81
f 2340/2347/83 2339/2350/83 2337/2348/82
f 2342/2349/84 2341/2352/84 2339/2350/83
f 2344/2351/85 2343/2354/85 2341/2352/84
f 2346/2353/86 2345/2356/86 2343/2354/85
f 2348/2355/404 2347/2358/87 2345/2356/86
f 2350/2357/88 2349/2360/88 2347/2358/87
f 2352/2359/89 2351/2362/89 2349/2360/88
f 2354/2361/405 2353/2364/90 2351/2362/89
f 2356/2363/91 2355/2366/91 2353/2364/90
f 2358/2365/92 2357/2368/92 2355/2366/91
f 2360/2367/93 2359/2370/407 2357/2368/92
f 2362/2369/406 2361/2372/94 2359/2370/407
f 2364/2371/95 2363/2374/95 2361/2372/94
f 2366/2373/408 2365/2376/408 2363/2374/95
f 2368/2375/97 2367/2378/97 2365/2376/408
f 2370/2377/98 2369/2380/98 2367/2378/97
f 2372/2379/99 2371/2382/99 2369/2380/98
f 2374/2381/100 2373/2384/100 2371/2382/99
f 2376/2383/101 2375/2386/101 2373/2384/100
f 2378/2385/102 2377/2388/102 2375/2386/101
f 2380/2387/103 2379/2390/103 2377/2388/102
f 2382/2389/104 2381/2392/104 2379/2390/103
f 2384/2391/105 2383/2394/105 2381/2392/104
f 2386/2393/106 2385/2396/106 2383/2394/105
f 2388/2395/107 2387/2398/107 2385/2396/106
f 2390/2397/108 2389/2400/108 2387/2398/107
f 2392/2399/109 2391/2402/109 2389/2400/108
f 2394/2401/110 2393/2404/110 2391/2402/109
f 2396/2403/111 2395/2406/111 2393/2404/110
f 2398/2405/112 2397/2408/112 2395/2406/111
f 2400/2407/113 2399/2410/113 2397/2408/112
f 2402/2409/114 2401/2412/114 2399/2410/113
f 2404/2411/115 2403/2414/115 2401/2412/114
f 2406/2413/116 2405/2416/116 2403/2414/115
f 2408/2415/117 2407/2418/117 2405/2416/116
f 2410/2417/118 2409/2420/118 2407/2418/117
f 2412/2419/119 2411/2422/119 2409/2420/118
f 2414/2421/120 2413/2424/120 2411/2422/119
f 2416/2423/121 2415/2426/121 2413/2424/120
f 2418/2425/122 2417/2428/122 2415/2426/121
f 2420/2427/123 2419/2430/123 2417/2428/122
f 2422/2429/124 2421/2432/124 2419/2430/123
f 2424/2431/125 2423/2434/125 2421/2432/124
f 2426/2433/126 2425/2436/126 2423/2434/125
f 2428/2435/127 2427/2438/409 2425/2436/126
f 2430/2437/128 2429/2440/128 2427/2438/409
f 2432/2439/129 2431/2442/129 2429/2440/128
f 2434/2441/410 2433/2444/130 2431/2442/129
f 2436/2443/131 2435/2446/131 2433/2444/130
f 2438/2445/132 2437/2448/132 2435/2446/131
f 2440/2447/133 2439/2450/133 2437/2448/132
f 2442/2449/134 2441/2452/134 2439/2450/133
f 2444/2451/136 2443/2454/136 2441/2452/134
f 2446/2453/137 2445/2456/137 2443/2454/136
f 2448/2455/138 2447/2458/138 2445/2456/137
f 2450/2457/139 2449/2460/139 2447/2458/138
f 2452/2459/140 2451/2462/140 2449/2460/139
f 2454/2461/411 2453/2464/141 2451/2462/140
f 2456/2463/143 2455/2466/143 2453/2464/141
f 2458/2465/144 2457/2468/144 2455/2466/143
f 2460/2467/145 2459/2470/145 2457/2468/144
f 2462/2469/146 2461/2472/146 2459/2470/145
f 2464/2471/147 2463/2474/147 2461/2472/146
f 2466/2473/148 2465/2476/148 2463/2474/147
f 2468/2475/149 2467/2478/149 2465/2476/148
f 2470/2477/150 2469/2480/150 2467/2478/149
f 2472/2479/151 2471/2482/151 2469/2480/150
f 2474/2481/152 2473/2484/152 2471/2482/151
f 2476/2483/153 2475/2486/153 2473/2484/152
f 2478/2485/154 2477/2488/154 2475/2486/153
f 2480/2487/155 2479/2490/155 2477/2488/154
f 2482/2489/412 2481/2492/156 2479/2490/155
f 2484/2491/157 2483/2494/157 2481/2492/156
f 2486/2493/158 2485/2496/158 2483/2494/157
f 2488/2495/159 2487/2498/159 2485/2496/158
f 2490/2497/160 2489/2500/160 2487/2498/159
f 2492/2499/413 2491/2502/413 2489/2500/160
f 2494/2501/162 2493/2504/162 2491/2502/413
f 2496/2503/163 2495/2506/163 2493/2504/162
f 2498/2505/414 2497/2508/164 2495/2506/163
f 2500/2507/165 2499/2510/165 2497/2508/164
f 2502/2509/166 2501/2512/166 2499/2510/165
f 2504/2511/167 2503/2514/167 2501/2512/166
f 2506/2513/168 2505/2516/168 2503/2514/167
f 2508/2515/169 2507/2518/169 2505/2516/168
f 2510/2517/170 2509/2520/170 2507/2518/169
f 2512/2519/171 2511/2522/171 2509/2520/170
f 2514/2521/172 2513/2524/172 2511/2522/171
f 2516/2523/173 2515/2526/173 2513/2524/172
f 2518/2525/174 2517/2528/174 2515/2526/173
f 2520/2527/175 2519/2530/175 2517/2528/174
f 2522/2529/176 2521/2532/176 2519/2530/175
f 2524/2531/177 2523/2534/177 2521/2532/176
f 2526/2533/178 2525/2536/178 2523/2534/177
f 2528/2535/179 2527/2538/179 2525/2536/178
f 2530/2537/180 2529/2540/180 2527/2538/179
f 2532/2539/181 2531/2542/181 2529/2540/180
f 2534/2541/182 2533/2544/182 2531/2542/181
f 2536/2543/183 2535/2546/183 2533/2544/182
f 2538/2545/184 2537/2548/184 2535/2546/183
f 2540/2547/185 2539/2550/416 2537/2548/184
f 2542/2549/415 2541/2552/186 2539/2550/416
f 2544/2551/417 2543/2554/187 2541/2552/186
f 2546/2553/418 2545/2556/418 2543/2554/187
f 2548/2555/189 2547/2558/189 2545/2556/418
f 2550/2557/190 2549/2560/190 2547/2558/189
f 2552/2559/191 2551/2562/419 2549/2560/190
f 2554/2561/192 2553/2564/192 2551/2562/419
f 2556/2563/193 2555/2566/421 2553/2564/192
f 2558/2565/420 2557/2568/194 2555/2566/421
f 2560/2567/195 2559/2570/197 2557/2568/194
f 2562/2569/196 2561/2572/196 2559/2570/197
f 2564/2571/198 2563/2574/198 2561/2572/196
f 2566/2573/199 2565/2576/199 2563/2574/198
f 2568/2575/200 2567/2578/200 2565/2576/199
f 2570/2577/201 2569/2580/201 2567/2578/200
f 2298/2579/62 2297/3052/62 2569/2580/201
f 2574/2581/202 2573/2585/202 2571/2582/203
f 2576/2584/204 2575/2587/204 2573/2585/202
f 2578/2586/205 2577/2589/205 2575/2587/204
f 2580/2588/206 2579/2591/206 2577/2589/205
f 2582/2590/207 2581/2593/207 2579/2591/206
f 2584/2592/208 2583/2595/208 2581/2593/207
f 2586/2594/209 2585/2597/423 2583/2595/208
f 2588/2596/422 2587/2599/210 2585/2597/423
f 2590/2598/211 2589/2601/211 2587/2599/210
f 2592/2600/212 2591/2603/212 2589/2601/211
f 2594/2602/213 2593/2605/213 2591/2603/212
f 2596/2604/214 2595/2607/214 2593/2605/213
f 2598/2606/215 2597/2609/215 2595/2607/214
f 2600/2608/216 2599/2611/216 2597/2609/215
f 2602/2610/217 2601/2613/217 2599/2611/216
f 2604/2612/218 2603/2615/218 2601/2613/217
f 2606/2614/219 2605/2617/219 2603/2615/218
f 2608/2616/220 2607/2619/220 2605/2617/219
f 2610/2618/221 2609/2621/221 2607/2619/220
f 2612/2620/222 2611/2623/222 2609/2621/221
f 2614/2622/223 2613/2625/223 2611/2623/222
f 2616/2624/224 2615/2627/224 2613/2625/223
f 2618/2626/225 2617/2629/225 2615/2627/224
f 2620/2628/226 2619/2631/226 2617/2629/225
f 2622/2630/227 2621/2633/227 2619/2631/226
f 2624/2632/228 2623/2635/228 2621/2633/227
f 2626/2634/229 2625/2637/229 2623/2635/228
f 2628/2636/230 2627/2639/230 2625/2637/229
f 2630/2638/231 2629/2641/231 2627/2639/230
f 2632/2640/424 2631/2643/232 2629/2641/231
f 2634/2642/233 2633/2645/233 2631/2643/232
f 2636/2644/234 2635/2647/234 2633/2645/233
f 2638/2646/235 2637/2649/235 2635/2647/234
f 2640/2648/425 2639/2651/236 2637/2649/235
f 2642/2650/237 2641/2653/237 2639/2651/236
f 2644/2652/238 2643/2655/238 2641/2653/237
f 2572/2654/203 2571/3053/203 2643/2655/238
f 2648/2656/426 2647/2660/429 2645/2657/427
f 2650/2659/428 2649/2662/428 2647/2660/429
f 2652/2661/430 2651/2664/430 2649/2662/428
f 2654/2663/431 2653/2666/431 2651/2664/430
f 2656/2665/432 2655/2668/432 2653/2666/431
f 2658/2667/433 2657/2670/433 2655/2668/432
f 2660/2669/434 2659/2672/434 2657/2670/433
f 2662/2671/435 2661/2674/435 2659/2672/434
f 2664/2673/436 2663/2676/436 2661/2674/435
f 2666/2675/437 2665/2678/437 2663/2676/436
f 2668/2677/438 2667/2680/438 2665/2678/437
f 2670/2679/439 2669/2682/439 2667/2680/438
f 2672/2681/440 2671/2684/440 2669/2682/439
f 2674/2683/441 2673/2686/441 2671/2684/440
f 2676/2685/442 2675/2688/442 2673/2686/441
f 2678/2687/443 2677/2690/443 2675/2688/442
f 2680/2689/444 2679/2692/444 2677/2690/443
f 2682/2691/445 2681/2694/445 2679/2692/444
f 2684/2693/446 2683/2696/446 2681/2694/445
f 2686/2695/447 2685/2698/447 2683/2696/446
f 2688/2697/448 2687/2700/448 2685/2698/447
f 2690/2699/449 2689/2702/449 2687/2700/448
f 2692/2701/450 2691/2704/450 2689/2702/449
f 2694/2703/451 2693/2706/451 2691/2704/450
f 2696/2705/452 2695/2708/452 2693/2706/451
f 2698/2707/453 2697/2710/453 2695/2708/452
f 2700/2709/454 2699/2712/454 2697/2710/453
f 2702/2711/455 2701/2714/455 2699/2712/454
f 2704/2713/456 2703/2716/456 2701/2714/455
f 2706/2715/457 2705/2718/457 2703/2716/456
f 2708/2717/458 2707/2720/460 2705/2718/457
f 2710/2719/459 2709/2722/459 2707/2720/460
f 2712/2721/461 2711/2724/463 2709/2722/459
f 2714/2723/462 2713/2726/465 2711/2724/463
f 2716/2725/464 2715/2728/464 2713/2726/465
f 2718/2727/466 2717/2730/466 2715/2728/464
f 2720/2729/467 2719/2732/467 2717/2730/466
f 2722/2731/468 2721/2734/468 2719/2732/467
f 2724/2733/469 2723/2736/469 2721/2734/468
f 2726/2735/470 2725/2738/470 2723/2736/469
f 2728/2737/471 2727/2740/471 2725/2738/470
f 2730/2739/472 2729/2742/472 2727/2740/471
f 2732/2741/473 2731/2744/473 2729/2742/472
f 2734/2743/474 2733/2746/474 2731/2744/473
f 2736/2745/475 2735/2748/475 2733/2746/474
f 2738/2747/476 2737/2750/476 2735/2748/475
f 2740/2749/477 2739/2752/477 2737/2750/476
f 2742/2751/478 2741/2754/478 2739/2752/477
f 2744/2753/479 2743/2756/479 2741/2754/478
f 2746/2755/480 2745/2758/480 2743/2756/479
f 2748/2757/481 2747/2760/481 2745/2758/480
f 2750/2759/482 2749/2762/482 2747/2760/481
f 2752/2761/483 2751/2764/483 2749/2762/482
f 2754/2763/484 2753/2766/486 2751/2764/483
f 2756/2765/485 2755/2768/485 2753/2766/486
f 2758/2767/487 2757/2770/487 2755/2768/485
f 2760/2769/488 2759/2772/488 2757/2770/487
f 2762/2771/489 2761/2774/489 2759/2772/488
f 2764/2773/490 2763/2776/490 2761/2774/489
f 2766/2775/491 2765/2778/493 2763/2776/490
f 2768/2777/492 2767/2780/492 2765/2778/493
f 2770/2779/494 2769/2782/494 2767/2780/492
f 2772/2781/495 2771/2784/497 2769/2782/494
f 2774/2783/496 2773/2786/496 2771/2784/497
f 2776/2785/498 2775/2788/498 2773/2786/496
f 2778/2787/499 2777/2790/501 2775/2788/498
f 2780/2789/500 2779/2792/77 2777/2790/501
f 2782/2791/502 2781/2794/502 2779/2792/77
f 2784/2793/503 2783/2796/503 2781/2794/502
f 2786/2795/504 2785/2798/504 2783/2796/503
f 2788/2797/505 2787/2800/507 2785/2798/504
f 2790/2799/506 2789/2802/506 2787/2800/507
f 2792/2801/508 2791/2804/508 2789/2802/506
f 2794/2803/509 2793/2806/509 2791/2804/508
f 2796/2805/510 2795/2808/510 2793/2806/509
f 2798/2807/511 2797/2810/511 2795/2808/510
f 2800/2809/512 2799/2812/512 2797/2810/511
f 2802/2811/513 2801/2814/513 2799/2812/512
f 2804/2813/514 2803/2816/514 2801/2814/513
f 2806/2815/515 2805/2818/515 2803/2816/514
f 2808/2817/516 2807/2820/516 2805/2818/515
f 2810/2819/517 2809/2822/517 2807/2820/516
f 2812/2821/518 2811/2824/518 2809/2822/517
f 2814/2823/519 2813/2826/519 2811/2824/518
f 2816/2825/520 2815/2828/520 2813/2826/519
f 2818/2827/521 2817/2830/521 2815/2828/520
f 2820/2829/522 2819/2832/522 2817/2830/521
f 2822/2831/523 2821/2834/523 2819/2832/522
f 2824/2833/524 2823/2836/524 2821/2834/523
f 2826/2835/525 2825/2838/525 2823/2836/524
f 2828/2837/526 2827/2840/526 2825/2838/525
f 2830/2839/527 2829/2842/527 2827/2840/526
f 2832/2841/528 2831/2844/528 2829/2842/527
f 2834/2843/529 2833/2846/529 2831/2844/528
f 2836/2845/530 2835/2848/530 2833/2846/529
f 2838/2847/531 2837/2850/531 2835/2848/530
f 2840/2849/532 2839/2852/532 2837/2850/531
f 2842/2851/533 2841/2854/533 2839/2852/532
f 2844/2853/534 2843/2856/534 2841/2854/533
f 2846/2855/535 2845/2858/535 2843/2856/534
f 2848/2857/536 2847/2860/536 2845/2858/535
f 2850/2859/537 2849/2862/537 2847/2860/536
f 2852/2861/538 2851/2864/538 2849/2862/537
f 2854/2863/539 2853/2866/539 2851/2864/538
f 2856/2865/540 2855/2868/540 2853/2866/539
f 2858/2867/541 2857/2870/541 2855/2868/540
f 2860/2869/542 2859/2872/542 2857/2870/541
f 2862/2871/543 2861/2874/543 2859/2872/542
f 2864/2873/544 2863/2876/544 2861/2874/543
f 2866/2875/545 2865/2878/545 2863/2876/544
f 2868/2877/546 2867/2880/546 2865/2878/545
f 2870/2879/547 2869/2882/547 2867/2880/546
f 2872/2881/548 2871/2884/548 2869/2882/547
f 2874/2883/549 2873/2886/549 2871/2884/548
f 2876/2885/550 2875/2888/550 2873/2886/549
f 2878/2887/551 2877/2890/551 2875/2888/550
f 2880/2889/552 2879/2892/552 2877/2890/551
f 2882/2891/553 2881/2894/553 2879/2892/552
f 2884/2893/554 2883/2896/554 2881/2894/553
f 2886/2895/555 2885/2898/555 2883/2896/554
f 2888/2897/556 2887/2900/556 2885/2898/555
f 2890/2899/557 2889/2902/559 2887/2900/556
f 2892/2901/558 2891/2904/558 2889/2902/559
f 2894/2903/560 2893/2906/560 2891/2904/558
f 2896/2905/561 2895/2908/561 2893/2906/560
f 2898/2907/562 2897/2910/562 2895/2908/561
f 2900/2909/563 2899/2912/563 2897/2910/562
f 2902/2911/564 2901/2914/564 2899/2912/563
f 2904/2913/565 2903/2916/565 2901/2914/564
f 2906/2915/566 2905/2918/566 2903/2916/565
f 2908/2917/567 2907/2920/567 2905/2918/566
f 2910/2919/568 2909/2922/568 2907/2920/567
f 2912/2921/569 2911/2924/569 2909/2922/568
f 2646/2923/427 2645/3054/427 2911/2924/569
f 2916/2925/239 2915/2929/239 2913/2926/240
f 2918/2928/241 2917/2931/241 2915/2929/239
f 2920/2930/242 2919/2933/242 2917/2931/241
f 2922/2932/243 2921/2935/243 2919/2933/242
f 2924/2934/244 2923/2937/244 2921/2935/243
f 2926/2936/245 2925/2939/245 2923/2937/244
f 2928/2938/246 2927/2941/246 2925/2939/245
f 2914/2940/240 2913/3055/240 2927/2941/246
f 2932/2942/570 2931/2946/570 2929/2943/571
f 2934/2945/572 2933/2948/572 2931/2946/570
f 2936/2947/573 2935/2950/573 2933/2948/572
f 2938/2949/574 2937/2952/574 2935/2950/573
f 2940/2951/575 2939/2954/575 2937/2952/574
f 2942/2953/576 2941/2956/576 2939/2954/575
f 2944/2955/577 2943/2958/577 2941/2956/576
f 2946/2957/578 2945/2960/578 2943/2958/577
f 2948/2959/579 2947/2962/579 2945/2960/578
f 2950/2961/580 2949/2964/580 2947/2962/579
f 2952/2963/581 2951/2966/581 2949/2964/580
f 2954/2965/284 2953/2968/284 2951/2966/581
f 2956/2967/582 2955/2970/582 2953/2968/284
f 2958/2969/583 2957/2972/583 2955/2970/582
f 2960/2971/584 2959/2974/584 2957/2972/583
f 2962/2973/585 2961/2976/585 2959/2974/584
f 2964/2975/586 2963/2978/586 2961/2976/585
f 2966/2977/587 2965/2980/587 2963/2978/586
f 2968/2979/588 2967/2982/588 2965/2980/587
f 2970/2981/589 2969/2984/589 2967/2982/588
f 2972/2983/590 2971/2986/590 2969/2984/589
f 2974/2985/591 2973/2988/591 2971/2986/590
f 2976/2987/592 2975/2990/592 2973/2988/591
f 2978/2989/593 2977/2992/593 2975/2990/592
f 2980/2991/594 2979/2994/594 2977/2992/593
f 2982/2993/595 2981/2996/595 2979/2994/594
f 2984/2995/596 2983/2998/596 2981/2996/595
f 2986/2997/597 2985/3000/597 2983/2998/596
f 2988/2999/598 2987/3002/598 2985/3000/597
f 2990/3001/599 2989/3004/599 2987/3002/598
f 2992/3003/600 2991/3006/600 2989/3004/599
f 2994/3005/601 2993/3008/601 2991/3006/600
f 2996/3007/602 2995/3010/602 2993/3008/601
f 2998/3009/603 2997/3012/603 2995/3010/602
f 3000/3011/604 2999/3014/604 2997/3012/603
f 3002/3013/605 3001/3016/605 2999/3014/604
f 3004/3015/259 3003/3018/259 3001/3016/605
f 3006/3017/606 3005/3020/606 3003/3018/259
f 3008/3019/607 3007/3022/607 3005/3020/606
f 3010/3021/608 3009/3024/608 3007/3022/607
f 3012/3023/609 3011/3026/609 3009/3024/608
f 3014/3025/610 3013/3028/610 3011/3026/609
f 3016/3027/611 3015/3030/611 3013/3028/610
f 3018/3029/612 3017/3032/612 3015/3030/611
f 3020/3031/613 3019/3034/613 3017/3032/612
f 3022/3033/614 3021/3036/614 3019/3034/613
f 3024/3035/615 3023/3038/615 3021/3036/614
f 3026/3037/616 3025/3040/616 3023/3038/615
f 3028/3039/617 3027/3042/617 3025/3040/616
f 2930/3041/571 2929/3056/571 3027/3042/617
