# Blender v2.92.0 OBJ File: 'untitled.blend'
# www.blender.org
mtllib hard.mtl
o pLay_Play
v 0.540799 0.037707 0.239195
v 0.556677 0.037707 0.256094
v 0.571484 0.037707 0.274198
v 0.585163 0.037707 0.293381
v 0.597654 0.037707 0.313518
v 0.608897 0.037707 0.334480
v 0.618834 0.037707 0.356143
v 0.627405 0.037707 0.378380
v 0.634550 0.037707 0.401064
v 0.640211 0.037707 0.424070
v 0.644328 0.037707 0.447271
v 0.646841 0.037707 0.470541
v 0.647692 0.037707 0.493753
v 0.646841 0.037707 0.516966
v 0.644328 0.037707 0.540236
v 0.640211 0.037707 0.563437
v 0.634550 0.037707 0.586443
v 0.627405 0.037707 0.609127
v 0.618834 0.037707 0.631364
v 0.608897 0.037707 0.653027
v 0.597654 0.037707 0.673989
v 0.585163 0.037707 0.694125
v 0.571484 0.037707 0.713309
v 0.556677 0.037707 0.731413
v 0.540799 0.037707 0.748312
v 0.511597 0.037707 0.748312
v 0.524385 0.037707 0.730277
v 0.536032 0.037707 0.711702
v 0.546542 0.037707 0.692576
v 0.555921 0.037707 0.672887
v 0.564176 0.037707 0.652625
v 0.571311 0.037707 0.631777
v 0.577332 0.037707 0.610332
v 0.582246 0.037707 0.588279
v 0.586058 0.037707 0.565606
v 0.588774 0.037707 0.542302
v 0.590399 0.037707 0.518355
v 0.590940 0.037707 0.493753
v 0.590400 0.037707 0.469152
v 0.588774 0.037707 0.445205
v 0.586059 0.037707 0.421901
v 0.582247 0.037707 0.399228
v 0.577333 0.037707 0.377174
v 0.571311 0.037707 0.355730
v 0.564176 0.037707 0.334882
v 0.555921 0.037707 0.314620
v 0.546542 0.037707 0.294931
v 0.536032 0.037707 0.275805
v 0.524386 0.037707 0.257230
v 0.511597 0.037707 0.239195
v 0.368339 0.037707 0.621584
v 0.350465 0.037707 0.620551
v 0.333805 0.037707 0.617502
v 0.318422 0.037707 0.612510
v 0.304383 0.037707 0.605646
v 0.291751 0.037707 0.596984
v 0.280593 0.037707 0.586596
v 0.270973 0.037707 0.574555
v 0.262956 0.037707 0.560934
v 0.256608 0.037707 0.545805
v 0.251992 0.037707 0.529241
v 0.249176 0.037707 0.511316
v 0.248222 0.037707 0.492100
v 0.249272 0.037707 0.474636
v 0.252352 0.037707 0.458128
v 0.257357 0.037707 0.442683
v 0.264181 0.037707 0.428410
v 0.272719 0.037707 0.415414
v 0.282866 0.037707 0.403804
v 0.294517 0.037707 0.393686
v 0.307566 0.037707 0.385167
v 0.321909 0.037707 0.378355
v 0.337440 0.037707 0.373356
v 0.354053 0.037707 0.370279
v 0.371645 0.037707 0.369229
v 0.375757 0.037707 0.369287
v 0.379843 0.037707 0.369466
v 0.383921 0.037707 0.369771
v 0.388011 0.037707 0.370209
v 0.392131 0.037707 0.370784
v 0.396302 0.037707 0.371502
v 0.400541 0.037707 0.372370
v 0.404867 0.037707 0.373392
v 0.409302 0.037707 0.374575
v 0.413862 0.037707 0.375925
v 0.418568 0.037707 0.377447
v 0.423438 0.037707 0.379147
v 0.423438 0.037707 0.245807
v 0.472476 0.037707 0.245807
v 0.472476 0.037707 0.621584
v 0.419381 0.037707 0.421102
v 0.415459 0.037707 0.419686
v 0.411643 0.037707 0.418422
v 0.407908 0.037707 0.417308
v 0.404227 0.037707 0.416340
v 0.400572 0.037707 0.415512
v 0.396917 0.037707 0.414823
v 0.393235 0.037707 0.414268
v 0.389500 0.037707 0.413842
v 0.385685 0.037707 0.413543
v 0.381762 0.037707 0.413367
v 0.377706 0.037707 0.413308
v 0.366190 0.037707 0.414011
v 0.355375 0.037707 0.416079
v 0.345318 0.037707 0.419455
v 0.336075 0.037707 0.424083
v 0.327705 0.037707 0.429905
v 0.320265 0.037707 0.436863
v 0.313811 0.037707 0.444901
v 0.308403 0.037707 0.453960
v 0.304096 0.037707 0.463983
v 0.300949 0.037707 0.474913
v 0.299019 0.037707 0.486692
v 0.298363 0.037707 0.499263
v 0.298764 0.037707 0.510580
v 0.300013 0.037707 0.521334
v 0.302176 0.037707 0.531445
v 0.305321 0.037707 0.540833
v 0.309515 0.037707 0.549417
v 0.314824 0.037707 0.557118
v 0.321315 0.037707 0.563854
v 0.329055 0.037707 0.569546
v 0.338112 0.037707 0.574112
v 0.348551 0.037707 0.577474
v 0.360441 0.037707 0.579550
v 0.373849 0.037707 0.580259
v 0.423438 0.037707 0.580259
v 0.423438 0.037707 0.422675
v 0.092842 0.037707 0.430940
v 0.093944 0.037707 0.430940
v 0.100120 0.037707 0.420582
v 0.106252 0.037707 0.411255
v 0.112342 0.037707 0.402934
v 0.118392 0.037707 0.395595
v 0.124404 0.037707 0.389212
v 0.130379 0.037707 0.383761
v 0.136319 0.037707 0.379217
v 0.142228 0.037707 0.375555
v 0.148105 0.037707 0.372750
v 0.153954 0.037707 0.370777
v 0.159776 0.037707 0.369612
v 0.165573 0.037707 0.369229
v 0.170511 0.037707 0.369424
v 0.175412 0.037707 0.370012
v 0.180287 0.037707 0.370994
v 0.185144 0.037707 0.372372
v 0.189993 0.037707 0.374147
v 0.194845 0.037707 0.376323
v 0.199708 0.037707 0.378900
v 0.204592 0.037707 0.381881
v 0.209506 0.037707 0.385268
v 0.214461 0.037707 0.389062
v 0.219466 0.037707 0.393266
v 0.224530 0.037707 0.397881
v 0.198633 0.037707 0.440307
v 0.194829 0.037707 0.436821
v 0.190883 0.037707 0.433537
v 0.186838 0.037707 0.430475
v 0.182736 0.037707 0.427655
v 0.178618 0.037707 0.425094
v 0.174527 0.037707 0.422813
v 0.170505 0.037707 0.420830
v 0.166594 0.037707 0.419165
v 0.162836 0.037707 0.417837
v 0.159273 0.037707 0.416864
v 0.155947 0.037707 0.416267
v 0.152901 0.037707 0.416063
v 0.144658 0.037707 0.416749
v 0.136781 0.037707 0.418750
v 0.129337 0.037707 0.421978
v 0.122392 0.037707 0.426349
v 0.116013 0.037707 0.431775
v 0.110267 0.037707 0.438172
v 0.105222 0.037707 0.445453
v 0.100944 0.037707 0.453531
v 0.097500 0.037707 0.462321
v 0.094957 0.037707 0.471737
v 0.093382 0.037707 0.481692
v 0.092842 0.037707 0.492100
v 0.092842 0.037707 0.621584
v 0.043804 0.037707 0.621584
v 0.043804 0.037707 0.374188
v 0.092842 0.037707 0.374188
v -0.008414 0.037707 0.610763
v -0.013313 0.037707 0.613852
v -0.017795 0.037707 0.616547
v -0.021927 0.037707 0.618870
v -0.025776 0.037707 0.620840
v -0.029409 0.037707 0.622479
v -0.032893 0.037707 0.623809
v -0.036294 0.037707 0.624849
v -0.039680 0.037707 0.625622
v -0.043118 0.037707 0.626147
v -0.046674 0.037707 0.626447
v -0.050416 0.037707 0.626543
v -0.055583 0.037707 0.626381
v -0.060346 0.037707 0.625890
v -0.064716 0.037707 0.625062
v -0.068701 0.037707 0.623890
v -0.072310 0.037707 0.622366
v -0.075555 0.037707 0.620482
v -0.078443 0.037707 0.618231
v -0.080986 0.037707 0.615605
v -0.083191 0.037707 0.612596
v -0.085070 0.037707 0.609197
v -0.086631 0.037707 0.605400
v -0.087883 0.037707 0.601197
v -0.093278 0.037707 0.605284
v -0.098714 0.037707 0.609005
v -0.104189 0.037707 0.612363
v -0.109699 0.037707 0.615360
v -0.115239 0.037707 0.617996
v -0.120805 0.037707 0.620275
v -0.126395 0.037707 0.622198
v -0.132004 0.037707 0.623767
v -0.137628 0.037707 0.624985
v -0.143263 0.037707 0.625851
v -0.148906 0.037707 0.626370
v -0.154554 0.037707 0.626543
v -0.163385 0.037707 0.625960
v -0.171670 0.037707 0.624272
v -0.179365 0.037707 0.621567
v -0.186429 0.037707 0.617931
v -0.192820 0.037707 0.613453
v -0.198495 0.037707 0.608222
v -0.203413 0.037707 0.602325
v -0.207530 0.037707 0.595850
v -0.210806 0.037707 0.588886
v -0.213199 0.037707 0.581519
v -0.214665 0.037707 0.573839
v -0.215163 0.037707 0.565933
v -0.214262 0.037707 0.554366
v -0.211673 0.037707 0.544106
v -0.207569 0.037707 0.535035
v -0.202123 0.037707 0.527038
v -0.195505 0.037707 0.519997
v -0.187889 0.037707 0.513796
v -0.179446 0.037707 0.508318
v -0.170349 0.037707 0.503447
v -0.160769 0.037707 0.499065
v -0.150880 0.037707 0.495057
v -0.140853 0.037707 0.491305
v -0.130861 0.037707 0.487693
v -0.087332 0.037707 0.472265
v -0.087332 0.037707 0.459041
v -0.087642 0.037707 0.451703
v -0.088572 0.037707 0.445103
v -0.090122 0.037707 0.439222
v -0.092291 0.037707 0.434042
v -0.095081 0.037707 0.429543
v -0.098490 0.037707 0.425706
v -0.102519 0.037707 0.422511
v -0.107168 0.037707 0.419941
v -0.112437 0.037707 0.417975
v -0.118326 0.037707 0.416594
v -0.124834 0.037707 0.415780
v -0.131963 0.037707 0.415512
v -0.138721 0.037707 0.415778
v -0.145488 0.037707 0.416581
v -0.152246 0.037707 0.417932
v -0.158982 0.037707 0.419839
v -0.165679 0.037707 0.422312
v -0.172323 0.037707 0.425361
v -0.178898 0.037707 0.428996
v -0.185389 0.037707 0.433226
v -0.191780 0.037707 0.438060
v -0.198056 0.037707 0.443509
v -0.204203 0.037707 0.449581
v -0.210204 0.037707 0.456286
v -0.210204 0.037707 0.402840
v -0.205221 0.037707 0.397433
v -0.199913 0.037707 0.392506
v -0.194277 0.037707 0.388058
v -0.188307 0.037707 0.384085
v -0.182000 0.037707 0.380588
v -0.175353 0.037707 0.377563
v -0.168362 0.037707 0.375008
v -0.161023 0.037707 0.372923
v -0.153331 0.037707 0.371304
v -0.145284 0.037707 0.370150
v -0.136876 0.037707 0.369459
v -0.128106 0.037707 0.369229
v -0.115806 0.037707 0.369760
v -0.104043 0.037707 0.371367
v -0.092920 0.037707 0.374067
v -0.082537 0.037707 0.377882
v -0.072995 0.037707 0.382828
v -0.064397 0.037707 0.388927
v -0.056844 0.037707 0.396196
v -0.050436 0.037707 0.404656
v -0.045276 0.037707 0.414324
v -0.041465 0.037707 0.425221
v -0.039104 0.037707 0.437365
v -0.038294 0.037707 0.450776
v -0.038294 0.037707 0.578055
v -0.038225 0.037707 0.580272
v -0.038021 0.037707 0.582247
v -0.037683 0.037707 0.583987
v -0.037212 0.037707 0.585504
v -0.036612 0.037707 0.586807
v -0.035883 0.037707 0.587904
v -0.035029 0.037707 0.588807
v -0.034049 0.037707 0.589524
v -0.032948 0.037707 0.590065
v -0.031725 0.037707 0.590440
v -0.030385 0.037707 0.590658
v -0.028927 0.037707 0.590728
v -0.027586 0.037707 0.590626
v -0.026052 0.037707 0.590322
v -0.024338 0.037707 0.589824
v -0.022458 0.037707 0.589136
v -0.020425 0.037707 0.588265
v -0.018252 0.037707 0.587216
v -0.015952 0.037707 0.585994
v -0.013540 0.037707 0.584606
v -0.011028 0.037707 0.583057
v -0.008431 0.037707 0.581354
v -0.005760 0.037707 0.579501
v -0.003030 0.037707 0.577504
v -0.003030 0.037707 0.607258
v -0.097669 0.037707 0.502853
v -0.107668 0.037707 0.506495
v -0.117224 0.037707 0.510240
v -0.126228 0.037707 0.514140
v -0.134575 0.037707 0.518247
v -0.142156 0.037707 0.522612
v -0.148865 0.037707 0.527287
v -0.154594 0.037707 0.532323
v -0.159237 0.037707 0.537773
v -0.162686 0.037707 0.543687
v -0.164834 0.037707 0.550118
v -0.165573 0.037707 0.557118
v -0.165269 0.037707 0.562083
v -0.164377 0.037707 0.566768
v -0.162930 0.037707 0.571142
v -0.160961 0.037707 0.575178
v -0.158503 0.037707 0.578846
v -0.155587 0.037707 0.582119
v -0.152246 0.037707 0.584967
v -0.148513 0.037707 0.587361
v -0.144420 0.037707 0.589273
v -0.140001 0.037707 0.590675
v -0.135286 0.037707 0.591537
v -0.130310 0.037707 0.591830
v -0.126476 0.037707 0.591671
v -0.122688 0.037707 0.591200
v -0.118946 0.037707 0.590427
v -0.115249 0.037707 0.589361
v -0.111599 0.037707 0.588012
v -0.107995 0.037707 0.586389
v -0.104436 0.037707 0.584502
v -0.100924 0.037707 0.582361
v -0.097457 0.037707 0.579975
v -0.094036 0.037707 0.577354
v -0.090661 0.037707 0.574507
v -0.087332 0.037707 0.571443
v -0.087332 0.037707 0.499263
v -0.421234 0.037707 0.406697
v -0.416372 0.037707 0.400982
v -0.411173 0.037707 0.395695
v -0.405668 0.037707 0.390847
v -0.399888 0.037707 0.386453
v -0.393863 0.037707 0.382525
v -0.387623 0.037707 0.379078
v -0.381200 0.037707 0.376124
v -0.374624 0.037707 0.373678
v -0.367925 0.037707 0.371752
v -0.361135 0.037707 0.370359
v -0.354283 0.037707 0.369514
v -0.347401 0.037707 0.369229
v -0.335557 0.037707 0.369919
v -0.324321 0.037707 0.371992
v -0.313773 0.037707 0.375454
v -0.303995 0.037707 0.380310
v -0.295066 0.037707 0.386567
v -0.287067 0.037707 0.394230
v -0.280078 0.037707 0.403305
v -0.274180 0.037707 0.413798
v -0.269453 0.037707 0.425714
v -0.265977 0.037707 0.439060
v -0.263832 0.037707 0.453840
v -0.263099 0.037707 0.470061
v -0.263099 0.037707 0.621584
v -0.312137 0.037707 0.621584
v -0.312137 0.037707 0.468408
v -0.312523 0.037707 0.459587
v -0.313663 0.037707 0.451332
v -0.315530 0.037707 0.443682
v -0.318096 0.037707 0.436675
v -0.321337 0.037707 0.430348
v -0.325224 0.037707 0.424742
v -0.329730 0.037707 0.419892
v -0.334830 0.037707 0.415839
v -0.340496 0.037707 0.412620
v -0.346702 0.037707 0.410273
v -0.353420 0.037707 0.408837
v -0.360625 0.037707 0.408350
v -0.365911 0.037707 0.408560
v -0.371050 0.037707 0.409204
v -0.376078 0.037707 0.410304
v -0.381032 0.037707 0.411880
v -0.385947 0.037707 0.413954
v -0.390861 0.037707 0.416546
v -0.395808 0.037707 0.419677
v -0.400827 0.037707 0.423369
v -0.405953 0.037707 0.427643
v -0.411222 0.037707 0.432519
v -0.416671 0.037707 0.438019
v -0.422336 0.037707 0.444164
v -0.422336 0.037707 0.621584
v -0.471374 0.037707 0.621584
v -0.471374 0.037707 0.245807
v -0.422336 0.037707 0.245807
v -0.422336 0.037707 0.406697
v -0.540799 0.037707 0.748312
v -0.556677 0.037707 0.731413
v -0.571484 0.037707 0.713309
v -0.585163 0.037707 0.694125
v -0.597654 0.037707 0.673989
v -0.608897 0.037707 0.653027
v -0.618834 0.037707 0.631364
v -0.627405 0.037707 0.609127
v -0.634550 0.037707 0.586443
v -0.640211 0.037707 0.563437
v -0.644327 0.037707 0.540236
v -0.646841 0.037707 0.516966
v -0.647692 0.037707 0.493753
v -0.646841 0.037707 0.470541
v -0.644327 0.037707 0.447271
v -0.640211 0.037707 0.424070
v -0.634550 0.037707 0.401064
v -0.627405 0.037707 0.378380
v -0.618834 0.037707 0.356143
v -0.608897 0.037707 0.334480
v -0.597654 0.037707 0.313518
v -0.585163 0.037707 0.293381
v -0.571484 0.037707 0.274198
v -0.556677 0.037707 0.256094
v -0.540799 0.037707 0.239195
v -0.511597 0.037707 0.239195
v -0.524386 0.037707 0.257230
v -0.536032 0.037707 0.275805
v -0.546542 0.037707 0.294931
v -0.555921 0.037707 0.314620
v -0.564176 0.037707 0.334882
v -0.571311 0.037707 0.355730
v -0.577332 0.037707 0.377174
v -0.582246 0.037707 0.399228
v -0.586058 0.037707 0.421901
v -0.588774 0.037707 0.445205
v -0.590399 0.037707 0.469152
v -0.590940 0.037707 0.493753
v -0.590399 0.037707 0.518355
v -0.588774 0.037707 0.542302
v -0.586058 0.037707 0.565606
v -0.582246 0.037707 0.588279
v -0.577332 0.037707 0.610332
v -0.571311 0.037707 0.631777
v -0.564176 0.037707 0.652625
v -0.555921 0.037707 0.672887
v -0.546542 0.037707 0.692576
v -0.536032 0.037707 0.711702
v -0.524385 0.037707 0.730277
v -0.511597 0.037707 0.748312
v 0.209377 0.037707 0.197319
v 0.293679 0.037707 0.017696
v 0.197806 0.037707 -0.176805
v 0.253457 0.037707 -0.176805
v 0.320127 0.037707 -0.037404
v 0.384042 0.037707 -0.176805
v 0.439141 0.037707 -0.176805
v 0.263926 0.037707 0.197319
v 0.183607 0.037707 0.059770
v 0.178708 0.037707 0.062859
v 0.174226 0.037707 0.065555
v 0.170094 0.037707 0.067877
v 0.166245 0.037707 0.069847
v 0.162612 0.037707 0.071486
v 0.159128 0.037707 0.072816
v 0.155727 0.037707 0.073856
v 0.152341 0.037707 0.074629
v 0.148903 0.037707 0.075154
v 0.145347 0.037707 0.075455
v 0.141605 0.037707 0.075550
v 0.136438 0.037707 0.075388
v 0.131675 0.037707 0.074897
v 0.127305 0.037707 0.074069
v 0.123320 0.037707 0.072897
v 0.119711 0.037707 0.071373
v 0.116466 0.037707 0.069489
v 0.113578 0.037707 0.067238
v 0.111035 0.037707 0.064612
v 0.108830 0.037707 0.061603
v 0.106951 0.037707 0.058204
v 0.105390 0.037707 0.054407
v 0.104138 0.037707 0.050204
v 0.098743 0.037707 0.054291
v 0.093307 0.037707 0.058012
v 0.087832 0.037707 0.061370
v 0.082322 0.037707 0.064367
v 0.076783 0.037707 0.067003
v 0.071216 0.037707 0.069282
v 0.065626 0.037707 0.071205
v 0.060017 0.037707 0.072775
v 0.054393 0.037707 0.073992
v 0.048758 0.037707 0.074859
v 0.043115 0.037707 0.075377
v 0.037468 0.037707 0.075550
v 0.028636 0.037707 0.074968
v 0.020351 0.037707 0.073280
v 0.012656 0.037707 0.070574
v 0.005592 0.037707 0.066938
v -0.000799 0.037707 0.062461
v -0.006474 0.037707 0.057229
v -0.011392 0.037707 0.051332
v -0.015509 0.037707 0.044858
v -0.018785 0.037707 0.037893
v -0.021177 0.037707 0.030527
v -0.022644 0.037707 0.022847
v -0.023142 0.037707 0.014941
v -0.022241 0.037707 0.003373
v -0.019652 0.037707 -0.006887
v -0.015548 0.037707 -0.015958
v -0.010102 0.037707 -0.023955
v -0.003484 0.037707 -0.030996
v 0.004132 0.037707 -0.037197
v 0.012575 0.037707 -0.042675
v 0.021672 0.037707 -0.047546
v 0.031252 0.037707 -0.051927
v 0.041141 0.037707 -0.055936
v 0.051168 0.037707 -0.059688
v 0.061160 0.037707 -0.063300
v 0.104689 0.037707 -0.078728
v 0.104689 0.037707 -0.091952
v 0.104379 0.037707 -0.099290
v 0.103449 0.037707 -0.105890
v 0.101899 0.037707 -0.111770
v 0.099730 0.037707 -0.116951
v 0.096940 0.037707 -0.121450
v 0.093531 0.037707 -0.125287
v 0.089502 0.037707 -0.128481
v 0.084853 0.037707 -0.131052
v 0.079584 0.037707 -0.133018
v 0.073695 0.037707 -0.134399
v 0.067187 0.037707 -0.135213
v 0.060058 0.037707 -0.135480
v 0.053300 0.037707 -0.135215
v 0.046533 0.037707 -0.134412
v 0.039775 0.037707 -0.133061
v 0.033039 0.037707 -0.131154
v 0.026342 0.037707 -0.128681
v 0.019698 0.037707 -0.125631
v 0.013123 0.037707 -0.121997
v 0.006632 0.037707 -0.117767
v 0.000241 0.037707 -0.112933
v -0.006035 0.037707 -0.107484
v -0.012182 0.037707 -0.101412
v -0.018183 0.037707 -0.094707
v -0.018183 0.037707 -0.148153
v -0.013200 0.037707 -0.153560
v -0.007892 0.037707 -0.158487
v -0.002256 0.037707 -0.162935
v 0.003714 0.037707 -0.166907
v 0.010021 0.037707 -0.170405
v 0.016668 0.037707 -0.173430
v 0.023659 0.037707 -0.175984
v 0.030998 0.037707 -0.178070
v 0.038690 0.037707 -0.179689
v 0.046737 0.037707 -0.180843
v 0.055145 0.037707 -0.181534
v 0.063915 0.037707 -0.181764
v 0.076215 0.037707 -0.181233
v 0.087978 0.037707 -0.179626
v 0.099101 0.037707 -0.176925
v 0.109484 0.037707 -0.173111
v 0.119026 0.037707 -0.168164
v 0.127624 0.037707 -0.162066
v 0.135177 0.037707 -0.154796
v 0.141585 0.037707 -0.146337
v 0.146745 0.037707 -0.136668
v 0.150556 0.037707 -0.125772
v 0.152917 0.037707 -0.113628
v 0.153727 0.037707 -0.100217
v 0.153727 0.037707 0.027063
v 0.153796 0.037707 0.029280
v 0.154000 0.037707 0.031254
v 0.154338 0.037707 0.032994
v 0.154809 0.037707 0.034511
v 0.155409 0.037707 0.035814
v 0.156138 0.037707 0.036912
v 0.156992 0.037707 0.037814
v 0.157972 0.037707 0.038531
v 0.159073 0.037707 0.039072
v 0.160296 0.037707 0.039447
v 0.161636 0.037707 0.039665
v 0.163094 0.037707 0.039735
v 0.164435 0.037707 0.039633
v 0.165969 0.037707 0.039330
v 0.167683 0.037707 0.038831
v 0.169563 0.037707 0.038144
v 0.171596 0.037707 0.037272
v 0.173769 0.037707 0.036223
v 0.176069 0.037707 0.035001
v 0.178481 0.037707 0.033613
v 0.180993 0.037707 0.032064
v 0.183590 0.037707 0.030361
v 0.186261 0.037707 0.028508
v 0.188991 0.037707 0.026512
v 0.188991 0.037707 0.056265
v 0.094352 0.037707 -0.048139
v 0.084353 0.037707 -0.044498
v 0.074797 0.037707 -0.040753
v 0.065793 0.037707 -0.036853
v 0.057446 0.037707 -0.032746
v 0.049865 0.037707 -0.028381
v 0.043156 0.037707 -0.023706
v 0.037427 0.037707 -0.018670
v 0.032784 0.037707 -0.013220
v 0.029335 0.037707 -0.007306
v 0.027187 0.037707 -0.000875
v 0.026448 0.037707 0.006125
v 0.026752 0.037707 0.011090
v 0.027644 0.037707 0.015775
v 0.029091 0.037707 0.020149
v 0.031060 0.037707 0.024185
v 0.033518 0.037707 0.027854
v 0.036434 0.037707 0.031126
v 0.039775 0.037707 0.033974
v 0.043508 0.037707 0.036368
v 0.047601 0.037707 0.038280
v 0.052020 0.037707 0.039682
v 0.056735 0.037707 0.040544
v 0.061711 0.037707 0.040837
v 0.065545 0.037707 0.040678
v 0.069333 0.037707 0.040207
v 0.073075 0.037707 0.039434
v 0.076772 0.037707 0.038368
v 0.080422 0.037707 0.037019
v 0.084026 0.037707 0.035396
v 0.087585 0.037707 0.033510
v 0.091098 0.037707 0.031368
v 0.094564 0.037707 0.028982
v 0.097985 0.037707 0.026361
v 0.101360 0.037707 0.023514
v 0.104689 0.037707 0.020451
v 0.104689 0.037707 -0.051729
v -0.122320 0.037707 0.070591
v -0.122320 0.037707 -0.305186
v -0.073282 0.037707 -0.305186
v -0.073282 0.037707 0.070591
v -0.263612 0.037707 -0.304198
v -0.245847 0.037707 -0.301319
v -0.229893 0.037707 -0.296680
v -0.215724 0.037707 -0.290411
v -0.203315 0.037707 -0.282643
v -0.192641 0.037707 -0.273504
v -0.183677 0.037707 -0.263126
v -0.176399 0.037707 -0.251638
v -0.170782 0.037707 -0.239170
v -0.166800 0.037707 -0.225853
v -0.164430 0.037707 -0.211817
v -0.163645 0.037707 -0.197192
v -0.164476 0.037707 -0.182736
v -0.166987 0.037707 -0.168925
v -0.171204 0.037707 -0.155876
v -0.177154 0.037707 -0.143704
v -0.184865 0.037707 -0.132528
v -0.194363 0.037707 -0.122463
v -0.205674 0.037707 -0.113627
v -0.218826 0.037707 -0.106135
v -0.233845 0.037707 -0.100105
v -0.250758 0.037707 -0.095653
v -0.269592 0.037707 -0.092897
v -0.290373 0.037707 -0.091952
v -0.346575 0.037707 -0.091952
v -0.346575 0.037707 0.070591
v -0.400572 0.037707 0.070591
v -0.400572 0.037707 -0.305186
v -0.283210 0.037707 -0.305186
v -0.285414 0.037707 -0.140439
v -0.275664 0.037707 -0.140884
v -0.266550 0.037707 -0.142205
v -0.258114 0.037707 -0.144382
v -0.250396 0.037707 -0.147398
v -0.243435 0.037707 -0.151233
v -0.237271 0.037707 -0.155867
v -0.231946 0.037707 -0.161282
v -0.227499 0.037707 -0.167458
v -0.223970 0.037707 -0.174377
v -0.221400 0.037707 -0.182019
v -0.219828 0.037707 -0.190365
v -0.219295 0.037707 -0.199396
v -0.219616 0.037707 -0.206310
v -0.220624 0.037707 -0.213206
v -0.222386 0.037707 -0.219972
v -0.224968 0.037707 -0.226496
v -0.228439 0.037707 -0.232669
v -0.232863 0.037707 -0.238378
v -0.238310 0.037707 -0.243514
v -0.244845 0.037707 -0.247965
v -0.252536 0.037707 -0.251619
v -0.261449 0.037707 -0.254367
v -0.271651 0.037707 -0.256097
v -0.283210 0.037707 -0.256699
v -0.346575 0.037707 -0.256699
v -0.346575 0.037707 -0.140439
v 0.540799 -0.037707 0.239195
v 0.556677 -0.037707 0.256094
v 0.571484 -0.037707 0.274198
v 0.585163 -0.037707 0.293381
v 0.597654 -0.037707 0.313518
v 0.608897 -0.037707 0.334480
v 0.618834 -0.037707 0.356143
v 0.627405 -0.037707 0.378380
v 0.634550 -0.037707 0.401064
v 0.640211 -0.037707 0.424070
v 0.644328 -0.037707 0.447271
v 0.646841 -0.037707 0.470541
v 0.647692 -0.037707 0.493753
v 0.646841 -0.037707 0.516966
v 0.644328 -0.037707 0.540236
v 0.640211 -0.037707 0.563437
v 0.634550 -0.037707 0.586443
v 0.627405 -0.037707 0.609127
v 0.618834 -0.037707 0.631364
v 0.608897 -0.037707 0.653027
v 0.597654 -0.037707 0.673989
v 0.585163 -0.037707 0.694125
v 0.571484 -0.037707 0.713309
v 0.556677 -0.037707 0.731413
v 0.540799 -0.037707 0.748312
v 0.511597 -0.037707 0.748312
v 0.524385 -0.037707 0.730277
v 0.536032 -0.037707 0.711702
v 0.546542 -0.037707 0.692576
v 0.555921 -0.037707 0.672887
v 0.564176 -0.037707 0.652625
v 0.571311 -0.037707 0.631777
v 0.577332 -0.037707 0.610332
v 0.582246 -0.037707 0.588279
v 0.586058 -0.037707 0.565606
v 0.588774 -0.037707 0.542302
v 0.590399 -0.037707 0.518355
v 0.590940 -0.037707 0.493753
v 0.590400 -0.037707 0.469152
v 0.588774 -0.037707 0.445205
v 0.586059 -0.037707 0.421901
v 0.582247 -0.037707 0.399228
v 0.577333 -0.037707 0.377174
v 0.571311 -0.037707 0.355730
v 0.564176 -0.037707 0.334882
v 0.555921 -0.037707 0.314620
v 0.546542 -0.037707 0.294931
v 0.536032 -0.037707 0.275805
v 0.524386 -0.037707 0.257230
v 0.511597 -0.037707 0.239195
v 0.368339 -0.037707 0.621584
v 0.350465 -0.037707 0.620551
v 0.333805 -0.037707 0.617502
v 0.318422 -0.037707 0.612510
v 0.304383 -0.037707 0.605646
v 0.291751 -0.037707 0.596984
v 0.280593 -0.037707 0.586596
v 0.270973 -0.037707 0.574555
v 0.262956 -0.037707 0.560934
v 0.256608 -0.037707 0.545805
v 0.251992 -0.037707 0.529241
v 0.249176 -0.037707 0.511316
v 0.248222 -0.037707 0.492100
v 0.249272 -0.037707 0.474636
v 0.252352 -0.037707 0.458128
v 0.257357 -0.037707 0.442683
v 0.264181 -0.037707 0.428410
v 0.272719 -0.037707 0.415414
v 0.282866 -0.037707 0.403804
v 0.294517 -0.037707 0.393686
v 0.307566 -0.037707 0.385167
v 0.321909 -0.037707 0.378355
v 0.337440 -0.037707 0.373356
v 0.354053 -0.037707 0.370279
v 0.371645 -0.037707 0.369229
v 0.375757 -0.037707 0.369287
v 0.379843 -0.037707 0.369466
v 0.383921 -0.037707 0.369771
v 0.388011 -0.037707 0.370209
v 0.392131 -0.037707 0.370784
v 0.396302 -0.037707 0.371502
v 0.400541 -0.037707 0.372370
v 0.404867 -0.037707 0.373392
v 0.409302 -0.037707 0.374575
v 0.413862 -0.037707 0.375925
v 0.418568 -0.037707 0.377447
v 0.423438 -0.037707 0.379147
v 0.423438 -0.037707 0.245807
v 0.472476 -0.037707 0.245807
v 0.472476 -0.037707 0.621584
v 0.419381 -0.037707 0.421102
v 0.415459 -0.037707 0.419686
v 0.411643 -0.037707 0.418422
v 0.407908 -0.037707 0.417308
v 0.404227 -0.037707 0.416340
v 0.400572 -0.037707 0.415512
v 0.396917 -0.037707 0.414823
v 0.393235 -0.037707 0.414268
v 0.389500 -0.037707 0.413842
v 0.385685 -0.037707 0.413543
v 0.381762 -0.037707 0.413367
v 0.377706 -0.037707 0.413308
v 0.366190 -0.037707 0.414011
v 0.355375 -0.037707 0.416079
v 0.345318 -0.037707 0.419455
v 0.336075 -0.037707 0.424083
v 0.327705 -0.037707 0.429905
v 0.320265 -0.037707 0.436863
v 0.313811 -0.037707 0.444901
v 0.308403 -0.037707 0.453960
v 0.304096 -0.037707 0.463983
v 0.300949 -0.037707 0.474913
v 0.299019 -0.037707 0.486692
v 0.298363 -0.037707 0.499263
v 0.298764 -0.037707 0.510580
v 0.300013 -0.037707 0.521334
v 0.302176 -0.037707 0.531445
v 0.305321 -0.037707 0.540833
v 0.309515 -0.037707 0.549417
v 0.314824 -0.037707 0.557118
v 0.321315 -0.037707 0.563854
v 0.329055 -0.037707 0.569546
v 0.338112 -0.037707 0.574112
v 0.348551 -0.037707 0.577474
v 0.360441 -0.037707 0.579550
v 0.373849 -0.037707 0.580259
v 0.423438 -0.037707 0.580259
v 0.423438 -0.037707 0.422675
v 0.092842 -0.037707 0.430940
v 0.093944 -0.037707 0.430940
v 0.100120 -0.037707 0.420582
v 0.106252 -0.037707 0.411255
v 0.112342 -0.037707 0.402934
v 0.118392 -0.037707 0.395595
v 0.124404 -0.037707 0.389212
v 0.130379 -0.037707 0.383761
v 0.136319 -0.037707 0.379217
v 0.142228 -0.037707 0.375555
v 0.148105 -0.037707 0.372750
v 0.153954 -0.037707 0.370777
v 0.159776 -0.037707 0.369612
v 0.165573 -0.037707 0.369229
v 0.170511 -0.037707 0.369424
v 0.175412 -0.037707 0.370012
v 0.180287 -0.037707 0.370994
v 0.185144 -0.037707 0.372372
v 0.189993 -0.037707 0.374147
v 0.194845 -0.037707 0.376323
v 0.199708 -0.037707 0.378900
v 0.204592 -0.037707 0.381881
v 0.209506 -0.037707 0.385268
v 0.214461 -0.037707 0.389062
v 0.219466 -0.037707 0.393266
v 0.224530 -0.037707 0.397881
v 0.198633 -0.037707 0.440307
v 0.194829 -0.037707 0.436821
v 0.190883 -0.037707 0.433537
v 0.186838 -0.037707 0.430475
v 0.182736 -0.037707 0.427655
v 0.178618 -0.037707 0.425094
v 0.174527 -0.037707 0.422813
v 0.170505 -0.037707 0.420830
v 0.166594 -0.037707 0.419165
v 0.162836 -0.037707 0.417837
v 0.159273 -0.037707 0.416864
v 0.155947 -0.037707 0.416267
v 0.152901 -0.037707 0.416063
v 0.144658 -0.037707 0.416749
v 0.136781 -0.037707 0.418750
v 0.129337 -0.037707 0.421978
v 0.122392 -0.037707 0.426349
v 0.116013 -0.037707 0.431775
v 0.110267 -0.037707 0.438172
v 0.105222 -0.037707 0.445453
v 0.100944 -0.037707 0.453531
v 0.097500 -0.037707 0.462321
v 0.094957 -0.037707 0.471737
v 0.093382 -0.037707 0.481692
v 0.092842 -0.037707 0.492100
v 0.092842 -0.037707 0.621584
v 0.043804 -0.037707 0.621584
v 0.043804 -0.037707 0.374188
v 0.092842 -0.037707 0.374188
v -0.008414 -0.037707 0.610763
v -0.013313 -0.037707 0.613852
v -0.017795 -0.037707 0.616547
v -0.021927 -0.037707 0.618870
v -0.025776 -0.037707 0.620840
v -0.029409 -0.037707 0.622479
v -0.032893 -0.037707 0.623809
v -0.036294 -0.037707 0.624849
v -0.039680 -0.037707 0.625622
v -0.043118 -0.037707 0.626147
v -0.046674 -0.037707 0.626447
v -0.050416 -0.037707 0.626543
v -0.055583 -0.037707 0.626381
v -0.060346 -0.037707 0.625890
v -0.064716 -0.037707 0.625062
v -0.068701 -0.037707 0.623890
v -0.072310 -0.037707 0.622366
v -0.075555 -0.037707 0.620482
v -0.078443 -0.037707 0.618231
v -0.080986 -0.037707 0.615605
v -0.083191 -0.037707 0.612596
v -0.085070 -0.037707 0.609197
v -0.086631 -0.037707 0.605400
v -0.087883 -0.037707 0.601197
v -0.093278 -0.037707 0.605284
v -0.098714 -0.037707 0.609005
v -0.104189 -0.037707 0.612363
v -0.109699 -0.037707 0.615360
v -0.115239 -0.037707 0.617996
v -0.120805 -0.037707 0.620275
v -0.126395 -0.037707 0.622198
v -0.132004 -0.037707 0.623767
v -0.137628 -0.037707 0.624985
v -0.143263 -0.037707 0.625851
v -0.148906 -0.037707 0.626370
v -0.154554 -0.037707 0.626543
v -0.163385 -0.037707 0.625960
v -0.171670 -0.037707 0.624272
v -0.179365 -0.037707 0.621567
v -0.186429 -0.037707 0.617931
v -0.192820 -0.037707 0.613453
v -0.198495 -0.037707 0.608222
v -0.203413 -0.037707 0.602325
v -0.207530 -0.037707 0.595850
v -0.210806 -0.037707 0.588886
v -0.213199 -0.037707 0.581519
v -0.214665 -0.037707 0.573839
v -0.215163 -0.037707 0.565933
v -0.214262 -0.037707 0.554366
v -0.211673 -0.037707 0.544106
v -0.207569 -0.037707 0.535035
v -0.202123 -0.037707 0.527038
v -0.195505 -0.037707 0.519997
v -0.187889 -0.037707 0.513796
v -0.179446 -0.037707 0.508318
v -0.170349 -0.037707 0.503447
v -0.160769 -0.037707 0.499065
v -0.150880 -0.037707 0.495057
v -0.140853 -0.037707 0.491305
v -0.130861 -0.037707 0.487693
v -0.087332 -0.037707 0.472265
v -0.087332 -0.037707 0.459041
v -0.087642 -0.037707 0.451703
v -0.088572 -0.037707 0.445103
v -0.090122 -0.037707 0.439222
v -0.092291 -0.037707 0.434042
v -0.095081 -0.037707 0.429543
v -0.098490 -0.037707 0.425706
v -0.102519 -0.037707 0.422511
v -0.107168 -0.037707 0.419941
v -0.112437 -0.037707 0.417975
v -0.118326 -0.037707 0.416594
v -0.124834 -0.037707 0.415780
v -0.131963 -0.037707 0.415512
v -0.138721 -0.037707 0.415778
v -0.145488 -0.037707 0.416581
v -0.152246 -0.037707 0.417932
v -0.158982 -0.037707 0.419839
v -0.165679 -0.037707 0.422312
v -0.172323 -0.037707 0.425361
v -0.178898 -0.037707 0.428996
v -0.185389 -0.037707 0.433226
v -0.191780 -0.037707 0.438060
v -0.198056 -0.037707 0.443509
v -0.204203 -0.037707 0.449581
v -0.210204 -0.037707 0.456286
v -0.210204 -0.037707 0.402840
v -0.205221 -0.037707 0.397433
v -0.199913 -0.037707 0.392506
v -0.194277 -0.037707 0.388058
v -0.188307 -0.037707 0.384085
v -0.182000 -0.037707 0.380588
v -0.175353 -0.037707 0.377563
v -0.168362 -0.037707 0.375008
v -0.161023 -0.037707 0.372923
v -0.153331 -0.037707 0.371304
v -0.145284 -0.037707 0.370150
v -0.136876 -0.037707 0.369459
v -0.128106 -0.037707 0.369229
v -0.115806 -0.037707 0.369760
v -0.104043 -0.037707 0.371367
v -0.092920 -0.037707 0.374067
v -0.082537 -0.037707 0.377882
v -0.072995 -0.037707 0.382828
v -0.064397 -0.037707 0.388927
v -0.056844 -0.037707 0.396196
v -0.050436 -0.037707 0.404656
v -0.045276 -0.037707 0.414324
v -0.041465 -0.037707 0.425221
v -0.039104 -0.037707 0.437365
v -0.038294 -0.037707 0.450776
v -0.038294 -0.037707 0.578055
v -0.038225 -0.037707 0.580272
v -0.038021 -0.037707 0.582247
v -0.037683 -0.037707 0.583987
v -0.037212 -0.037707 0.585504
v -0.036612 -0.037707 0.586807
v -0.035883 -0.037707 0.587904
v -0.035029 -0.037707 0.588807
v -0.034049 -0.037707 0.589524
v -0.032948 -0.037707 0.590065
v -0.031725 -0.037707 0.590440
v -0.030385 -0.037707 0.590658
v -0.028927 -0.037707 0.590728
v -0.027586 -0.037707 0.590626
v -0.026052 -0.037707 0.590322
v -0.024338 -0.037707 0.589824
v -0.022458 -0.037707 0.589136
v -0.020425 -0.037707 0.588265
v -0.018252 -0.037707 0.587216
v -0.015952 -0.037707 0.585994
v -0.013540 -0.037707 0.584606
v -0.011028 -0.037707 0.583057
v -0.008431 -0.037707 0.581354
v -0.005760 -0.037707 0.579501
v -0.003030 -0.037707 0.577504
v -0.003030 -0.037707 0.607258
v -0.097669 -0.037707 0.502853
v -0.107668 -0.037707 0.506495
v -0.117224 -0.037707 0.510240
v -0.126228 -0.037707 0.514140
v -0.134575 -0.037707 0.518247
v -0.142156 -0.037707 0.522612
v -0.148865 -0.037707 0.527287
v -0.154594 -0.037707 0.532323
v -0.159237 -0.037707 0.537773
v -0.162686 -0.037707 0.543687
v -0.164834 -0.037707 0.550118
v -0.165573 -0.037707 0.557118
v -0.165269 -0.037707 0.562083
v -0.164377 -0.037707 0.566768
v -0.162930 -0.037707 0.571142
v -0.160961 -0.037707 0.575178
v -0.158503 -0.037707 0.578846
v -0.155587 -0.037707 0.582119
v -0.152246 -0.037707 0.584967
v -0.148513 -0.037707 0.587361
v -0.144420 -0.037707 0.589273
v -0.140001 -0.037707 0.590675
v -0.135286 -0.037707 0.591537
v -0.130310 -0.037707 0.591830
v -0.126476 -0.037707 0.591671
v -0.122688 -0.037707 0.591200
v -0.118946 -0.037707 0.590427
v -0.115249 -0.037707 0.589361
v -0.111599 -0.037707 0.588012
v -0.107995 -0.037707 0.586389
v -0.104436 -0.037707 0.584502
v -0.100924 -0.037707 0.582361
v -0.097457 -0.037707 0.579975
v -0.094036 -0.037707 0.577354
v -0.090661 -0.037707 0.574507
v -0.087332 -0.037707 0.571443
v -0.087332 -0.037707 0.499263
v -0.421234 -0.037707 0.406697
v -0.416372 -0.037707 0.400982
v -0.411173 -0.037707 0.395695
v -0.405668 -0.037707 0.390847
v -0.399888 -0.037707 0.386453
v -0.393863 -0.037707 0.382525
v -0.387623 -0.037707 0.379078
v -0.381200 -0.037707 0.376124
v -0.374624 -0.037707 0.373678
v -0.367925 -0.037707 0.371752
v -0.361135 -0.037707 0.370359
v -0.354283 -0.037707 0.369514
v -0.347401 -0.037707 0.369229
v -0.335557 -0.037707 0.369919
v -0.324321 -0.037707 0.371992
v -0.313773 -0.037707 0.375454
v -0.303995 -0.037707 0.380310
v -0.295066 -0.037707 0.386567
v -0.287067 -0.037707 0.394230
v -0.280078 -0.037707 0.403305
v -0.274180 -0.037707 0.413798
v -0.269453 -0.037707 0.425714
v -0.265977 -0.037707 0.439060
v -0.263832 -0.037707 0.453840
v -0.263099 -0.037707 0.470061
v -0.263099 -0.037707 0.621584
v -0.312137 -0.037707 0.621584
v -0.312137 -0.037707 0.468408
v -0.312523 -0.037707 0.459587
v -0.313663 -0.037707 0.451332
v -0.315530 -0.037707 0.443682
v -0.318096 -0.037707 0.436675
v -0.321337 -0.037707 0.430348
v -0.325224 -0.037707 0.424742
v -0.329730 -0.037707 0.419892
v -0.334830 -0.037707 0.415839
v -0.340496 -0.037707 0.412620
v -0.346702 -0.037707 0.410273
v -0.353420 -0.037707 0.408837
v -0.360625 -0.037707 0.408350
v -0.365911 -0.037707 0.408560
v -0.371050 -0.037707 0.409204
v -0.376078 -0.037707 0.410304
v -0.381032 -0.037707 0.411880
v -0.385947 -0.037707 0.413954
v -0.390861 -0.037707 0.416546
v -0.395808 -0.037707 0.419677
v -0.400827 -0.037707 0.423369
v -0.405953 -0.037707 0.427643
v -0.411222 -0.037707 0.432519
v -0.416671 -0.037707 0.438019
v -0.422336 -0.037707 0.444164
v -0.422336 -0.037707 0.621584
v -0.471374 -0.037707 0.621584
v -0.471374 -0.037707 0.245807
v -0.422336 -0.037707 0.245807
v -0.422336 -0.037707 0.406697
v -0.540799 -0.037707 0.748312
v -0.556677 -0.037707 0.731413
v -0.571484 -0.037707 0.713309
v -0.585163 -0.037707 0.694125
v -0.597654 -0.037707 0.673989
v -0.608897 -0.037707 0.653027
v -0.618834 -0.037707 0.631364
v -0.627405 -0.037707 0.609127
v -0.634550 -0.037707 0.586443
v -0.640211 -0.037707 0.563437
v -0.644327 -0.037707 0.540236
v -0.646841 -0.037707 0.516966
v -0.647692 -0.037707 0.493753
v -0.646841 -0.037707 0.470541
v -0.644327 -0.037707 0.447271
v -0.640211 -0.037707 0.424070
v -0.634550 -0.037707 0.401064
v -0.627405 -0.037707 0.378380
v -0.618834 -0.037707 0.356143
v -0.608897 -0.037707 0.334480
v -0.597654 -0.037707 0.313518
v -0.585163 -0.037707 0.293381
v -0.571484 -0.037707 0.274198
v -0.556677 -0.037707 0.256094
v -0.540799 -0.037707 0.239195
v -0.511597 -0.037707 0.239195
v -0.524386 -0.037707 0.257230
v -0.536032 -0.037707 0.275805
v -0.546542 -0.037707 0.294931
v -0.555921 -0.037707 0.314620
v -0.564176 -0.037707 0.334882
v -0.571311 -0.037707 0.355730
v -0.577332 -0.037707 0.377174
v -0.582246 -0.037707 0.399228
v -0.586058 -0.037707 0.421901
v -0.588774 -0.037707 0.445205
v -0.590399 -0.037707 0.469152
v -0.590940 -0.037707 0.493753
v -0.590399 -0.037707 0.518355
v -0.588774 -0.037707 0.542302
v -0.586058 -0.037707 0.565606
v -0.582246 -0.037707 0.588279
v -0.577332 -0.037707 0.610332
v -0.571311 -0.037707 0.631777
v -0.564176 -0.037707 0.652625
v -0.555921 -0.037707 0.672887
v -0.546542 -0.037707 0.692576
v -0.536032 -0.037707 0.711702
v -0.524385 -0.037707 0.730277
v -0.511597 -0.037707 0.748312
v 0.209377 -0.037707 0.197319
v 0.293679 -0.037707 0.017696
v 0.197806 -0.037707 -0.176805
v 0.253457 -0.037707 -0.176805
v 0.320127 -0.037707 -0.037404
v 0.384042 -0.037707 -0.176805
v 0.439141 -0.037707 -0.176805
v 0.263926 -0.037707 0.197319
v 0.183607 -0.037707 0.059770
v 0.178708 -0.037707 0.062859
v 0.174226 -0.037707 0.065555
v 0.170094 -0.037707 0.067877
v 0.166245 -0.037707 0.069847
v 0.162612 -0.037707 0.071486
v 0.159128 -0.037707 0.072816
v 0.155727 -0.037707 0.073856
v 0.152341 -0.037707 0.074629
v 0.148903 -0.037707 0.075154
v 0.145347 -0.037707 0.075455
v 0.141605 -0.037707 0.075550
v 0.136438 -0.037707 0.075388
v 0.131675 -0.037707 0.074897
v 0.127305 -0.037707 0.074069
v 0.123320 -0.037707 0.072897
v 0.119711 -0.037707 0.071373
v 0.116466 -0.037707 0.069489
v 0.113578 -0.037707 0.067238
v 0.111035 -0.037707 0.064612
v 0.108830 -0.037707 0.061603
v 0.106951 -0.037707 0.058204
v 0.105390 -0.037707 0.054407
v 0.104138 -0.037707 0.050204
v 0.098743 -0.037707 0.054291
v 0.093307 -0.037707 0.058012
v 0.087832 -0.037707 0.061370
v 0.082322 -0.037707 0.064367
v 0.076783 -0.037707 0.067003
v 0.071216 -0.037707 0.069282
v 0.065626 -0.037707 0.071205
v 0.060017 -0.037707 0.072775
v 0.054393 -0.037707 0.073992
v 0.048758 -0.037707 0.074859
v 0.043115 -0.037707 0.075377
v 0.037468 -0.037707 0.075550
v 0.028636 -0.037707 0.074968
v 0.020351 -0.037707 0.073280
v 0.012656 -0.037707 0.070574
v 0.005592 -0.037707 0.066938
v -0.000799 -0.037707 0.062461
v -0.006474 -0.037707 0.057229
v -0.011392 -0.037707 0.051332
v -0.015509 -0.037707 0.044858
v -0.018785 -0.037707 0.037893
v -0.021177 -0.037707 0.030527
v -0.022644 -0.037707 0.022847
v -0.023142 -0.037707 0.014941
v -0.022241 -0.037707 0.003373
v -0.019652 -0.037707 -0.006887
v -0.015548 -0.037707 -0.015958
v -0.010102 -0.037707 -0.023955
v -0.003484 -0.037707 -0.030996
v 0.004132 -0.037707 -0.037197
v 0.012575 -0.037707 -0.042675
v 0.021672 -0.037707 -0.047546
v 0.031252 -0.037707 -0.051927
v 0.041141 -0.037707 -0.055936
v 0.051168 -0.037707 -0.059688
v 0.061160 -0.037707 -0.063300
v 0.104689 -0.037707 -0.078728
v 0.104689 -0.037707 -0.091952
v 0.104379 -0.037707 -0.099290
v 0.103449 -0.037707 -0.105890
v 0.101899 -0.037707 -0.111770
v 0.099730 -0.037707 -0.116951
v 0.096940 -0.037707 -0.121450
v 0.093531 -0.037707 -0.125287
v 0.089502 -0.037707 -0.128481
v 0.084853 -0.037707 -0.131052
v 0.079584 -0.037707 -0.133018
v 0.073695 -0.037707 -0.134399
v 0.067187 -0.037707 -0.135213
v 0.060058 -0.037707 -0.135480
v 0.053300 -0.037707 -0.135215
v 0.046533 -0.037707 -0.134412
v 0.039775 -0.037707 -0.133061
v 0.033039 -0.037707 -0.131154
v 0.026342 -0.037707 -0.128681
v 0.019698 -0.037707 -0.125631
v 0.013123 -0.037707 -0.121997
v 0.006632 -0.037707 -0.117767
v 0.000241 -0.037707 -0.112933
v -0.006035 -0.037707 -0.107484
v -0.012182 -0.037707 -0.101412
v -0.018183 -0.037707 -0.094707
v -0.018183 -0.037707 -0.148153
v -0.013200 -0.037707 -0.153560
v -0.007892 -0.037707 -0.158487
v -0.002256 -0.037707 -0.162935
v 0.003714 -0.037707 -0.166907
v 0.010021 -0.037707 -0.170405
v 0.016668 -0.037707 -0.173430
v 0.023659 -0.037707 -0.175984
v 0.030998 -0.037707 -0.178070
v 0.038690 -0.037707 -0.179689
v 0.046737 -0.037707 -0.180843
v 0.055145 -0.037707 -0.181534
v 0.063915 -0.037707 -0.181764
v 0.076215 -0.037707 -0.181233
v 0.087978 -0.037707 -0.179626
v 0.099101 -0.037707 -0.176925
v 0.109484 -0.037707 -0.173111
v 0.119026 -0.037707 -0.168164
v 0.127624 -0.037707 -0.162066
v 0.135177 -0.037707 -0.154796
v 0.141585 -0.037707 -0.146337
v 0.146745 -0.037707 -0.136668
v 0.150556 -0.037707 -0.125772
v 0.152917 -0.037707 -0.113628
v 0.153727 -0.037707 -0.100217
v 0.153727 -0.037707 0.027063
v 0.153796 -0.037707 0.029280
v 0.154000 -0.037707 0.031254
v 0.154338 -0.037707 0.032994
v 0.154809 -0.037707 0.034511
v 0.155409 -0.037707 0.035814
v 0.156138 -0.037707 0.036912
v 0.156992 -0.037707 0.037814
v 0.157972 -0.037707 0.038531
v 0.159073 -0.037707 0.039072
v 0.160296 -0.037707 0.039447
v 0.161636 -0.037707 0.039665
v 0.163094 -0.037707 0.039735
v 0.164435 -0.037707 0.039633
v 0.165969 -0.037707 0.039330
v 0.167683 -0.037707 0.038831
v 0.169563 -0.037707 0.038144
v 0.171596 -0.037707 0.037272
v 0.173769 -0.037707 0.036223
v 0.176069 -0.037707 0.035001
v 0.178481 -0.037707 0.033613
v 0.180993 -0.037707 0.032064
v 0.183590 -0.037707 0.030361
v 0.186261 -0.037707 0.028508
v 0.188991 -0.037707 0.026512
v 0.188991 -0.037707 0.056265
v 0.094352 -0.037707 -0.048139
v 0.084353 -0.037707 -0.044498
v 0.074797 -0.037707 -0.040753
v 0.065793 -0.037707 -0.036853
v 0.057446 -0.037707 -0.032746
v 0.049865 -0.037707 -0.028381
v 0.043156 -0.037707 -0.023706
v 0.037427 -0.037707 -0.018670
v 0.032784 -0.037707 -0.013220
v 0.029335 -0.037707 -0.007306
v 0.027187 -0.037707 -0.000875
v 0.026448 -0.037707 0.006125
v 0.026752 -0.037707 0.011090
v 0.027644 -0.037707 0.015775
v 0.029091 -0.037707 0.020149
v 0.031060 -0.037707 0.024185
v 0.033518 -0.037707 0.027854
v 0.036434 -0.037707 0.031126
v 0.039775 -0.037707 0.033974
v 0.043508 -0.037707 0.036368
v 0.047601 -0.037707 0.038280
v 0.052020 -0.037707 0.039682
v 0.056735 -0.037707 0.040544
v 0.061711 -0.037707 0.040837
v 0.065545 -0.037707 0.040678
v 0.069333 -0.037707 0.040207
v 0.073075 -0.037707 0.039434
v 0.076772 -0.037707 0.038368
v 0.080422 -0.037707 0.037019
v 0.084026 -0.037707 0.035396
v 0.087585 -0.037707 0.033510
v 0.091098 -0.037707 0.031368
v 0.094564 -0.037707 0.028982
v 0.097985 -0.037707 0.026361
v 0.101360 -0.037707 0.023514
v 0.104689 -0.037707 0.020451
v 0.104689 -0.037707 -0.051729
v -0.122320 -0.037707 0.070591
v -0.122320 -0.037707 -0.305186
v -0.073282 -0.037707 -0.305186
v -0.073282 -0.037707 0.070591
v -0.263612 -0.037707 -0.304198
v -0.245847 -0.037707 -0.301319
v -0.229893 -0.037707 -0.296680
v -0.215724 -0.037707 -0.290411
v -0.203315 -0.037707 -0.282643
v -0.192641 -0.037707 -0.273504
v -0.183677 -0.037707 -0.263126
v -0.176399 -0.037707 -0.251638
v -0.170782 -0.037707 -0.239170
v -0.166800 -0.037707 -0.225853
v -0.164430 -0.037707 -0.211817
v -0.163645 -0.037707 -0.197192
v -0.164476 -0.037707 -0.182736
v -0.166987 -0.037707 -0.168925
v -0.171204 -0.037707 -0.155876
v -0.177154 -0.037707 -0.143704
v -0.184865 -0.037707 -0.132528
v -0.194363 -0.037707 -0.122463
v -0.205674 -0.037707 -0.113627
v -0.218826 -0.037707 -0.106135
v -0.233845 -0.037707 -0.100105
v -0.250758 -0.037707 -0.095653
v -0.269592 -0.037707 -0.092897
v -0.290373 -0.037707 -0.091952
v -0.346575 -0.037707 -0.091952
v -0.346575 -0.037707 0.070591
v -0.400572 -0.037707 0.070591
v -0.400572 -0.037707 -0.305186
v -0.283210 -0.037707 -0.305186
v -0.285414 -0.037707 -0.140439
v -0.275664 -0.037707 -0.140884
v -0.266550 -0.037707 -0.142205
v -0.258114 -0.037707 -0.144382
v -0.250396 -0.037707 -0.147398
v -0.243435 -0.037707 -0.151233
v -0.237271 -0.037707 -0.155867
v -0.231946 -0.037707 -0.161282
v -0.227499 -0.037707 -0.167458
v -0.223970 -0.037707 -0.174377
v -0.221400 -0.037707 -0.182019
v -0.219828 -0.037707 -0.190365
v -0.219295 -0.037707 -0.199396
v -0.219616 -0.037707 -0.206310
v -0.220624 -0.037707 -0.213206
v -0.222386 -0.037707 -0.219972
v -0.224968 -0.037707 -0.226496
v -0.228439 -0.037707 -0.232669
v -0.232863 -0.037707 -0.238378
v -0.238310 -0.037707 -0.243514
v -0.244845 -0.037707 -0.247965
v -0.252536 -0.037707 -0.251619
v -0.261449 -0.037707 -0.254367
v -0.271651 -0.037707 -0.256097
v -0.283210 -0.037707 -0.256699
v -0.346575 -0.037707 -0.256699
v -0.346575 -0.037707 -0.140439
v -0.263612 -0.037707 -0.304198
v -0.263612 0.037707 -0.304198
v -0.245847 -0.037707 -0.301319
v -0.245847 0.037707 -0.301319
v -0.229893 -0.037707 -0.296680
v -0.229893 0.037707 -0.296680
v -0.215724 -0.037707 -0.290411
v -0.215724 0.037707 -0.290411
v -0.203315 -0.037707 -0.282643
v -0.203315 0.037707 -0.282643
v -0.192641 -0.037707 -0.273504
v -0.192641 0.037707 -0.273504
v -0.183677 -0.037707 -0.263126
v -0.183677 0.037707 -0.263126
v -0.176399 -0.037707 -0.251638
v -0.176399 0.037707 -0.251638
v -0.170782 -0.037707 -0.239170
v -0.170782 0.037707 -0.239170
v -0.166800 -0.037707 -0.225853
v -0.166800 0.037707 -0.225853
v -0.164430 -0.037707 -0.211817
v -0.164430 0.037707 -0.211817
v -0.163645 -0.037707 -0.197192
v -0.163645 0.037707 -0.197192
v -0.164476 -0.037707 -0.182736
v -0.164476 0.037707 -0.182736
v -0.166987 -0.037707 -0.168925
v -0.166987 0.037707 -0.168925
v -0.171204 -0.037707 -0.155876
v -0.171204 0.037707 -0.155876
v -0.177154 -0.037707 -0.143704
v -0.177154 0.037707 -0.143704
v -0.184865 -0.037707 -0.132528
v -0.184865 0.037707 -0.132528
v -0.194363 -0.037707 -0.122463
v -0.194363 0.037707 -0.122463
v -0.205674 -0.037707 -0.113627
v -0.205674 0.037707 -0.113627
v -0.218826 -0.037707 -0.106135
v -0.218826 0.037707 -0.106135
v -0.233845 -0.037707 -0.100105
v -0.233845 0.037707 -0.100105
v -0.250758 -0.037707 -0.095653
v -0.250758 0.037707 -0.095653
v -0.269592 -0.037707 -0.092897
v -0.269592 0.037707 -0.092897
v -0.290373 -0.037707 -0.091952
v -0.290373 0.037707 -0.091952
v -0.346575 -0.037707 -0.091952
v -0.346575 0.037707 -0.091952
v -0.346575 -0.037707 0.070591
v -0.346575 0.037707 0.070591
v -0.400572 -0.037707 0.070591
v -0.400572 0.037707 0.070591
v -0.400572 -0.037707 -0.305186
v -0.400572 0.037707 -0.305186
v -0.283210 -0.037707 -0.305186
v -0.283210 0.037707 -0.305186
v -0.285414 -0.037707 -0.140439
v -0.285414 0.037707 -0.140439
v -0.275664 -0.037707 -0.140884
v -0.275664 0.037707 -0.140884
v -0.266550 -0.037707 -0.142205
v -0.266550 0.037707 -0.142205
v -0.258114 -0.037707 -0.144382
v -0.258114 0.037707 -0.144382
v -0.250396 -0.037707 -0.147398
v -0.250396 0.037707 -0.147398
v -0.243435 -0.037707 -0.151233
v -0.243435 0.037707 -0.151233
v -0.237271 -0.037707 -0.155867
v -0.237271 0.037707 -0.155867
v -0.231946 -0.037707 -0.161282
v -0.231946 0.037707 -0.161282
v -0.227499 -0.037707 -0.167458
v -0.227499 0.037707 -0.167458
v -0.223970 -0.037707 -0.174377
v -0.223970 0.037707 -0.174377
v -0.221400 -0.037707 -0.182019
v -0.221400 0.037707 -0.182019
v -0.219828 -0.037707 -0.190365
v -0.219828 0.037707 -0.190365
v -0.219295 -0.037707 -0.199396
v -0.219295 0.037707 -0.199396
v -0.219616 -0.037707 -0.206310
v -0.219616 0.037707 -0.206310
v -0.220624 -0.037707 -0.213206
v -0.220624 0.037707 -0.213206
v -0.222386 -0.037707 -0.219972
v -0.222386 0.037707 -0.219972
v -0.224968 -0.037707 -0.226496
v -0.224968 0.037707 -0.226496
v -0.228439 -0.037707 -0.232669
v -0.228439 0.037707 -0.232669
v -0.232863 -0.037707 -0.238378
v -0.232863 0.037707 -0.238378
v -0.238310 -0.037707 -0.243514
v -0.238310 0.037707 -0.243514
v -0.244845 -0.037707 -0.247965
v -0.244845 0.037707 -0.247965
v -0.252536 -0.037707 -0.251619
v -0.252536 0.037707 -0.251619
v -0.261449 -0.037707 -0.254367
v -0.261449 0.037707 -0.254367
v -0.271651 -0.037707 -0.256097
v -0.271651 0.037707 -0.256097
v -0.283210 -0.037707 -0.256699
v -0.283210 0.037707 -0.256699
v -0.346575 -0.037707 -0.256699
v -0.346575 0.037707 -0.256699
v -0.346575 -0.037707 -0.140439
v -0.346575 0.037707 -0.140439
v -0.122320 -0.037707 0.070591
v -0.122320 0.037707 0.070591
v -0.122320 -0.037707 -0.305186
v -0.122320 0.037707 -0.305186
v -0.073282 -0.037707 -0.305186
v -0.073282 0.037707 -0.305186
v -0.073282 -0.037707 0.070591
v -0.073282 0.037707 0.070591
v 0.183607 -0.037707 0.059770
v 0.183607 0.037707 0.059770
v 0.178708 -0.037707 0.062859
v 0.178708 0.037707 0.062859
v 0.174226 -0.037707 0.065555
v 0.174226 0.037707 0.065555
v 0.170094 -0.037707 0.067877
v 0.170094 0.037707 0.067877
v 0.166245 -0.037707 0.069847
v 0.166245 0.037707 0.069847
v 0.162612 -0.037707 0.071486
v 0.162612 0.037707 0.071486
v 0.159128 -0.037707 0.072816
v 0.159128 0.037707 0.072816
v 0.155727 -0.037707 0.073856
v 0.155727 0.037707 0.073856
v 0.152341 -0.037707 0.074629
v 0.152341 0.037707 0.074629
v 0.148903 -0.037707 0.075154
v 0.148903 0.037707 0.075154
v 0.145347 -0.037707 0.075455
v 0.145347 0.037707 0.075455
v 0.141605 -0.037707 0.075550
v 0.141605 0.037707 0.075550
v 0.136438 -0.037707 0.075388
v 0.136438 0.037707 0.075388
v 0.131675 -0.037707 0.074897
v 0.131675 0.037707 0.074897
v 0.127305 -0.037707 0.074069
v 0.127305 0.037707 0.074069
v 0.123320 -0.037707 0.072897
v 0.123320 0.037707 0.072897
v 0.119711 -0.037707 0.071373
v 0.119711 0.037707 0.071373
v 0.116466 -0.037707 0.069489
v 0.116466 0.037707 0.069489
v 0.113578 -0.037707 0.067238
v 0.113578 0.037707 0.067238
v 0.111035 -0.037707 0.064612
v 0.111035 0.037707 0.064612
v 0.108830 -0.037707 0.061603
v 0.108830 0.037707 0.061603
v 0.106951 -0.037707 0.058204
v 0.106951 0.037707 0.058204
v 0.105390 -0.037707 0.054407
v 0.105390 0.037707 0.054407
v 0.104138 -0.037707 0.050204
v 0.104138 0.037707 0.050204
v 0.098743 -0.037707 0.054291
v 0.098743 0.037707 0.054291
v 0.093307 -0.037707 0.058012
v 0.093307 0.037707 0.058012
v 0.087832 -0.037707 0.061370
v 0.087832 0.037707 0.061370
v 0.082322 -0.037707 0.064367
v 0.082322 0.037707 0.064367
v 0.076783 -0.037707 0.067003
v 0.076783 0.037707 0.067003
v 0.071216 -0.037707 0.069282
v 0.071216 0.037707 0.069282
v 0.065626 -0.037707 0.071205
v 0.065626 0.037707 0.071205
v 0.060017 -0.037707 0.072775
v 0.060017 0.037707 0.072775
v 0.054393 -0.037707 0.073992
v 0.054393 0.037707 0.073992
v 0.048758 -0.037707 0.074859
v 0.048758 0.037707 0.074859
v 0.043115 -0.037707 0.075377
v 0.043115 0.037707 0.075377
v 0.037468 -0.037707 0.075550
v 0.037468 0.037707 0.075550
v 0.028636 -0.037707 0.074968
v 0.028636 0.037707 0.074968
v 0.020351 -0.037707 0.073280
v 0.020351 0.037707 0.073280
v 0.012656 -0.037707 0.070574
v 0.012656 0.037707 0.070574
v 0.005592 -0.037707 0.066938
v 0.005592 0.037707 0.066938
v -0.000799 -0.037707 0.062461
v -0.000799 0.037707 0.062461
v -0.006474 -0.037707 0.057229
v -0.006474 0.037707 0.057229
v -0.011392 -0.037707 0.051332
v -0.011392 0.037707 0.051332
v -0.015509 -0.037707 0.044858
v -0.015509 0.037707 0.044858
v -0.018785 -0.037707 0.037893
v -0.018785 0.037707 0.037893
v -0.021177 -0.037707 0.030527
v -0.021177 0.037707 0.030527
v -0.022644 -0.037707 0.022847
v -0.022644 0.037707 0.022847
v -0.023142 -0.037707 0.014941
v -0.023142 0.037707 0.014941
v -0.022241 -0.037707 0.003373
v -0.022241 0.037707 0.003373
v -0.019652 -0.037707 -0.006887
v -0.019652 0.037707 -0.006887
v -0.015548 -0.037707 -0.015958
v -0.015548 0.037707 -0.015958
v -0.010102 -0.037707 -0.023955
v -0.010102 0.037707 -0.023955
v -0.003484 -0.037707 -0.030996
v -0.003484 0.037707 -0.030996
v 0.004132 -0.037707 -0.037197
v 0.004132 0.037707 -0.037197
v 0.012575 -0.037707 -0.042675
v 0.012575 0.037707 -0.042675
v 0.021672 -0.037707 -0.047546
v 0.021672 0.037707 -0.047546
v 0.031252 -0.037707 -0.051927
v 0.031252 0.037707 -0.051927
v 0.041141 -0.037707 -0.055936
v 0.041141 0.037707 -0.055936
v 0.051168 -0.037707 -0.059688
v 0.051168 0.037707 -0.059688
v 0.061160 -0.037707 -0.063300
v 0.061160 0.037707 -0.063300
v 0.104689 -0.037707 -0.078728
v 0.104689 0.037707 -0.078728
v 0.104689 -0.037707 -0.091952
v 0.104689 0.037707 -0.091952
v 0.104379 -0.037707 -0.099290
v 0.104379 0.037707 -0.099290
v 0.103449 -0.037707 -0.105890
v 0.103449 0.037707 -0.105890
v 0.101899 -0.037707 -0.111770
v 0.101899 0.037707 -0.111770
v 0.099730 -0.037707 -0.116951
v 0.099730 0.037707 -0.116951
v 0.096940 -0.037707 -0.121450
v 0.096940 0.037707 -0.121450
v 0.093531 -0.037707 -0.125287
v 0.093531 0.037707 -0.125287
v 0.089502 -0.037707 -0.128481
v 0.089502 0.037707 -0.128481
v 0.084853 -0.037707 -0.131052
v 0.084853 0.037707 -0.131052
v 0.079584 -0.037707 -0.133018
v 0.079584 0.037707 -0.133018
v 0.073695 -0.037707 -0.134399
v 0.073695 0.037707 -0.134399
v 0.067187 -0.037707 -0.135213
v 0.067187 0.037707 -0.135213
v 0.060058 -0.037707 -0.135480
v 0.060058 0.037707 -0.135480
v 0.053300 -0.037707 -0.135215
v 0.053300 0.037707 -0.135215
v 0.046533 -0.037707 -0.134412
v 0.046533 0.037707 -0.134412
v 0.039775 -0.037707 -0.133061
v 0.039775 0.037707 -0.133061
v 0.033039 -0.037707 -0.131154
v 0.033039 0.037707 -0.131154
v 0.026342 -0.037707 -0.128681
v 0.026342 0.037707 -0.128681
v 0.019698 -0.037707 -0.125631
v 0.019698 0.037707 -0.125631
v 0.013123 -0.037707 -0.121997
v 0.013123 0.037707 -0.121997
v 0.006632 -0.037707 -0.117767
v 0.006632 0.037707 -0.117767
v 0.000241 -0.037707 -0.112933
v 0.000241 0.037707 -0.112933
v -0.006035 -0.037707 -0.107484
v -0.006035 0.037707 -0.107484
v -0.012182 -0.037707 -0.101412
v -0.012182 0.037707 -0.101412
v -0.018183 -0.037707 -0.094707
v -0.018183 0.037707 -0.094707
v -0.018183 -0.037707 -0.148153
v -0.018183 0.037707 -0.148153
v -0.013200 -0.037707 -0.153560
v -0.013200 0.037707 -0.153560
v -0.007892 -0.037707 -0.158487
v -0.007892 0.037707 -0.158487
v -0.002256 -0.037707 -0.162935
v -0.002256 0.037707 -0.162935
v 0.003714 -0.037707 -0.166907
v 0.003714 0.037707 -0.166907
v 0.010021 -0.037707 -0.170405
v 0.010021 0.037707 -0.170405
v 0.016668 -0.037707 -0.173430
v 0.016668 0.037707 -0.173430
v 0.023659 -0.037707 -0.175984
v 0.023659 0.037707 -0.175984
v 0.030998 -0.037707 -0.178070
v 0.030998 0.037707 -0.178070
v 0.038690 -0.037707 -0.179689
v 0.038690 0.037707 -0.179689
v 0.046737 -0.037707 -0.180843
v 0.046737 0.037707 -0.180843
v 0.055145 -0.037707 -0.181534
v 0.055145 0.037707 -0.181534
v 0.063915 -0.037707 -0.181764
v 0.063915 0.037707 -0.181764
v 0.076215 -0.037707 -0.181233
v 0.076215 0.037707 -0.181233
v 0.087978 -0.037707 -0.179626
v 0.087978 0.037707 -0.179626
v 0.099101 -0.037707 -0.176925
v 0.099101 0.037707 -0.176925
v 0.109484 -0.037707 -0.173111
v 0.109484 0.037707 -0.173111
v 0.119026 -0.037707 -0.168164
v 0.119026 0.037707 -0.168164
v 0.127624 -0.037707 -0.162066
v 0.127624 0.037707 -0.162066
v 0.135177 -0.037707 -0.154796
v 0.135177 0.037707 -0.154796
v 0.141585 -0.037707 -0.146337
v 0.141585 0.037707 -0.146337
v 0.146745 -0.037707 -0.136668
v 0.146745 0.037707 -0.136668
v 0.150556 -0.037707 -0.125772
v 0.150556 0.037707 -0.125772
v 0.152917 -0.037707 -0.113628
v 0.152917 0.037707 -0.113628
v 0.153727 -0.037707 -0.100217
v 0.153727 0.037707 -0.100217
v 0.153727 -0.037707 0.027063
v 0.153727 0.037707 0.027063
v 0.153796 -0.037707 0.029280
v 0.153796 0.037707 0.029280
v 0.154000 -0.037707 0.031254
v 0.154000 0.037707 0.031254
v 0.154338 -0.037707 0.032994
v 0.154338 0.037707 0.032994
v 0.154809 -0.037707 0.034511
v 0.154809 0.037707 0.034511
v 0.155409 -0.037707 0.035814
v 0.155409 0.037707 0.035814
v 0.156138 -0.037707 0.036912
v 0.156138 0.037707 0.036912
v 0.156992 -0.037707 0.037814
v 0.156992 0.037707 0.037814
v 0.157972 -0.037707 0.038531
v 0.157972 0.037707 0.038531
v 0.159073 -0.037707 0.039072
v 0.159073 0.037707 0.039072
v 0.160296 -0.037707 0.039447
v 0.160296 0.037707 0.039447
v 0.161636 -0.037707 0.039665
v 0.161636 0.037707 0.039665
v 0.163094 -0.037707 0.039735
v 0.163094 0.037707 0.039735
v 0.164435 -0.037707 0.039633
v 0.164435 0.037707 0.039633
v 0.165969 -0.037707 0.039330
v 0.165969 0.037707 0.039330
v 0.167683 -0.037707 0.038831
v 0.167683 0.037707 0.038831
v 0.169563 -0.037707 0.038144
v 0.169563 0.037707 0.038144
v 0.171596 -0.037707 0.037272
v 0.171596 0.037707 0.037272
v 0.173769 -0.037707 0.036223
v 0.173769 0.037707 0.036223
v 0.176069 -0.037707 0.035001
v 0.176069 0.037707 0.035001
v 0.178481 -0.037707 0.033613
v 0.178481 0.037707 0.033613
v 0.180993 -0.037707 0.032064
v 0.180993 0.037707 0.032064
v 0.183590 -0.037707 0.030361
v 0.183590 0.037707 0.030361
v 0.186261 -0.037707 0.028508
v 0.186261 0.037707 0.028508
v 0.188991 -0.037707 0.026512
v 0.188991 0.037707 0.026512
v 0.188991 -0.037707 0.056265
v 0.188991 0.037707 0.056265
v 0.094352 -0.037707 -0.048139
v 0.094352 0.037707 -0.048139
v 0.084353 -0.037707 -0.044498
v 0.084353 0.037707 -0.044498
v 0.074797 -0.037707 -0.040753
v 0.074797 0.037707 -0.040753
v 0.065793 -0.037707 -0.036853
v 0.065793 0.037707 -0.036853
v 0.057446 -0.037707 -0.032746
v 0.057446 0.037707 -0.032746
v 0.049865 -0.037707 -0.028381
v 0.049865 0.037707 -0.028381
v 0.043156 -0.037707 -0.023706
v 0.043156 0.037707 -0.023706
v 0.037427 -0.037707 -0.018670
v 0.037427 0.037707 -0.018670
v 0.032784 -0.037707 -0.013220
v 0.032784 0.037707 -0.013220
v 0.029335 -0.037707 -0.007306
v 0.029335 0.037707 -0.007306
v 0.027187 -0.037707 -0.000875
v 0.027187 0.037707 -0.000875
v 0.026448 -0.037707 0.006125
v 0.026448 0.037707 0.006125
v 0.026752 -0.037707 0.011090
v 0.026752 0.037707 0.011090
v 0.027644 -0.037707 0.015775
v 0.027644 0.037707 0.015775
v 0.029091 -0.037707 0.020149
v 0.029091 0.037707 0.020149
v 0.031060 -0.037707 0.024185
v 0.031060 0.037707 0.024185
v 0.033518 -0.037707 0.027854
v 0.033518 0.037707 0.027854
v 0.036434 -0.037707 0.031126
v 0.036434 0.037707 0.031126
v 0.039775 -0.037707 0.033974
v 0.039775 0.037707 0.033974
v 0.043508 -0.037707 0.036368
v 0.043508 0.037707 0.036368
v 0.047601 -0.037707 0.038280
v 0.047601 0.037707 0.038280
v 0.052020 -0.037707 0.039682
v 0.052020 0.037707 0.039682
v 0.056735 -0.037707 0.040544
v 0.056735 0.037707 0.040544
v 0.061711 -0.037707 0.040837
v 0.061711 0.037707 0.040837
v 0.065545 -0.037707 0.040678
v 0.065545 0.037707 0.040678
v 0.069333 -0.037707 0.040207
v 0.069333 0.037707 0.040207
v 0.073075 -0.037707 0.039434
v 0.073075 0.037707 0.039434
v 0.076772 -0.037707 0.038368
v 0.076772 0.037707 0.038368
v 0.080422 -0.037707 0.037019
v 0.080422 0.037707 0.037019
v 0.084026 -0.037707 0.035396
v 0.084026 0.037707 0.035396
v 0.087585 -0.037707 0.033510
v 0.087585 0.037707 0.033510
v 0.091098 -0.037707 0.031368
v 0.091098 0.037707 0.031368
v 0.094564 -0.037707 0.028982
v 0.094564 0.037707 0.028982
v 0.097985 -0.037707 0.026361
v 0.097985 0.037707 0.026361
v 0.101360 -0.037707 0.023514
v 0.101360 0.037707 0.023514
v 0.104689 -0.037707 0.020451
v 0.104689 0.037707 0.020451
v 0.104689 -0.037707 -0.051729
v 0.104689 0.037707 -0.051729
v 0.209377 -0.037707 0.197319
v 0.209377 0.037707 0.197319
v 0.293679 -0.037707 0.017696
v 0.293679 0.037707 0.017696
v 0.197806 -0.037707 -0.176805
v 0.197806 0.037707 -0.176805
v 0.253457 -0.037707 -0.176805
v 0.253457 0.037707 -0.176805
v 0.320127 -0.037707 -0.037404
v 0.320127 0.037707 -0.037404
v 0.384042 -0.037707 -0.176805
v 0.384042 0.037707 -0.176805
v 0.439141 -0.037707 -0.176805
v 0.439141 0.037707 -0.176805
v 0.263926 -0.037707 0.197319
v 0.263926 0.037707 0.197319
v -0.540799 -0.037707 0.748312
v -0.540799 0.037707 0.748312
v -0.556677 -0.037707 0.731413
v -0.556677 0.037707 0.731413
v -0.571484 -0.037707 0.713309
v -0.571484 0.037707 0.713309
v -0.585163 -0.037707 0.694125
v -0.585163 0.037707 0.694125
v -0.597654 -0.037707 0.673989
v -0.597654 0.037707 0.673989
v -0.608897 -0.037707 0.653027
v -0.608897 0.037707 0.653027
v -0.618834 -0.037707 0.631364
v -0.618834 0.037707 0.631364
v -0.627405 -0.037707 0.609127
v -0.627405 0.037707 0.609127
v -0.634550 -0.037707 0.586443
v -0.634550 0.037707 0.586443
v -0.640211 -0.037707 0.563437
v -0.640211 0.037707 0.563437
v -0.644327 -0.037707 0.540236
v -0.644327 0.037707 0.540236
v -0.646841 -0.037707 0.516966
v -0.646841 0.037707 0.516966
v -0.647692 -0.037707 0.493753
v -0.647692 0.037707 0.493753
v -0.646841 -0.037707 0.470541
v -0.646841 0.037707 0.470541
v -0.644327 -0.037707 0.447271
v -0.644327 0.037707 0.447271
v -0.640211 -0.037707 0.424070
v -0.640211 0.037707 0.424070
v -0.634550 -0.037707 0.401064
v -0.634550 0.037707 0.401064
v -0.627405 -0.037707 0.378380
v -0.627405 0.037707 0.378380
v -0.618834 -0.037707 0.356143
v -0.618834 0.037707 0.356143
v -0.608897 -0.037707 0.334480
v -0.608897 0.037707 0.334480
v -0.597654 -0.037707 0.313518
v -0.597654 0.037707 0.313518
v -0.585163 -0.037707 0.293381
v -0.585163 0.037707 0.293381
v -0.571484 -0.037707 0.274198
v -0.571484 0.037707 0.274198
v -0.556677 -0.037707 0.256094
v -0.556677 0.037707 0.256094
v -0.540799 -0.037707 0.239195
v -0.540799 0.037707 0.239195
v -0.511597 -0.037707 0.239195
v -0.511597 0.037707 0.239195
v -0.524386 -0.037707 0.257230
v -0.524386 0.037707 0.257230
v -0.536032 -0.037707 0.275805
v -0.536032 0.037707 0.275805
v -0.546542 -0.037707 0.294931
v -0.546542 0.037707 0.294931
v -0.555921 -0.037707 0.314620
v -0.555921 0.037707 0.314620
v -0.564176 -0.037707 0.334882
v -0.564176 0.037707 0.334882
v -0.571311 -0.037707 0.355730
v -0.571311 0.037707 0.355730
v -0.577332 -0.037707 0.377174
v -0.577332 0.037707 0.377174
v -0.582246 -0.037707 0.399228
v -0.582246 0.037707 0.399228
v -0.586058 -0.037707 0.421901
v -0.586058 0.037707 0.421901
v -0.588774 -0.037707 0.445205
v -0.588774 0.037707 0.445205
v -0.590399 -0.037707 0.469152
v -0.590399 0.037707 0.469152
v -0.590940 -0.037707 0.493753
v -0.590940 0.037707 0.493753
v -0.590399 -0.037707 0.518355
v -0.590399 0.037707 0.518355
v -0.588774 -0.037707 0.542302
v -0.588774 0.037707 0.542302
v -0.586058 -0.037707 0.565606
v -0.586058 0.037707 0.565606
v -0.582246 -0.037707 0.588279
v -0.582246 0.037707 0.588279
v -0.577332 -0.037707 0.610332
v -0.577332 0.037707 0.610332
v -0.571311 -0.037707 0.631777
v -0.571311 0.037707 0.631777
v -0.564176 -0.037707 0.652625
v -0.564176 0.037707 0.652625
v -0.555921 -0.037707 0.672887
v -0.555921 0.037707 0.672887
v -0.546542 -0.037707 0.692576
v -0.546542 0.037707 0.692576
v -0.536032 -0.037707 0.711702
v -0.536032 0.037707 0.711702
v -0.524385 -0.037707 0.730277
v -0.524385 0.037707 0.730277
v -0.511597 -0.037707 0.748312
v -0.511597 0.037707 0.748312
v -0.421234 -0.037707 0.406697
v -0.421234 0.037707 0.406697
v -0.416372 -0.037707 0.400982
v -0.416372 0.037707 0.400982
v -0.411173 -0.037707 0.395695
v -0.411173 0.037707 0.395695
v -0.405668 -0.037707 0.390847
v -0.405668 0.037707 0.390847
v -0.399888 -0.037707 0.386453
v -0.399888 0.037707 0.386453
v -0.393863 -0.037707 0.382525
v -0.393863 0.037707 0.382525
v -0.387623 -0.037707 0.379078
v -0.387623 0.037707 0.379078
v -0.381200 -0.037707 0.376124
v -0.381200 0.037707 0.376124
v -0.374624 -0.037707 0.373678
v -0.374624 0.037707 0.373678
v -0.367925 -0.037707 0.371752
v -0.367925 0.037707 0.371752
v -0.361135 -0.037707 0.370359
v -0.361135 0.037707 0.370359
v -0.354283 -0.037707 0.369514
v -0.354283 0.037707 0.369514
v -0.347401 -0.037707 0.369229
v -0.347401 0.037707 0.369229
v -0.335557 -0.037707 0.369919
v -0.335557 0.037707 0.369919
v -0.324321 -0.037707 0.371992
v -0.324321 0.037707 0.371992
v -0.313773 -0.037707 0.375454
v -0.313773 0.037707 0.375454
v -0.303995 -0.037707 0.380310
v -0.303995 0.037707 0.380310
v -0.295066 -0.037707 0.386567
v -0.295066 0.037707 0.386567
v -0.287067 -0.037707 0.394230
v -0.287067 0.037707 0.394230
v -0.280078 -0.037707 0.403305
v -0.280078 0.037707 0.403305
v -0.274180 -0.037707 0.413798
v -0.274180 0.037707 0.413798
v -0.269453 -0.037707 0.425714
v -0.269453 0.037707 0.425714
v -0.265977 -0.037707 0.439060
v -0.265977 0.037707 0.439060
v -0.263832 -0.037707 0.453840
v -0.263832 0.037707 0.453840
v -0.263099 -0.037707 0.470061
v -0.263099 0.037707 0.470061
v -0.263099 -0.037707 0.621584
v -0.263099 0.037707 0.621584
v -0.312137 -0.037707 0.621584
v -0.312137 0.037707 0.621584
v -0.312137 -0.037707 0.468408
v -0.312137 0.037707 0.468408
v -0.312523 -0.037707 0.459587
v -0.312523 0.037707 0.459587
v -0.313663 -0.037707 0.451332
v -0.313663 0.037707 0.451332
v -0.315530 -0.037707 0.443682
v -0.315530 0.037707 0.443682
v -0.318096 -0.037707 0.436675
v -0.318096 0.037707 0.436675
v -0.321337 -0.037707 0.430348
v -0.321337 0.037707 0.430348
v -0.325224 -0.037707 0.424742
v -0.325224 0.037707 0.424742
v -0.329730 -0.037707 0.419892
v -0.329730 0.037707 0.419892
v -0.334830 -0.037707 0.415839
v -0.334830 0.037707 0.415839
v -0.340496 -0.037707 0.412620
v -0.340496 0.037707 0.412620
v -0.346702 -0.037707 0.410273
v -0.346702 0.037707 0.410273
v -0.353420 -0.037707 0.408837
v -0.353420 0.037707 0.408837
v -0.360625 -0.037707 0.408350
v -0.360625 0.037707 0.408350
v -0.365911 -0.037707 0.408560
v -0.365911 0.037707 0.408560
v -0.371050 -0.037707 0.409204
v -0.371050 0.037707 0.409204
v -0.376078 -0.037707 0.410304
v -0.376078 0.037707 0.410304
v -0.381032 -0.037707 0.411880
v -0.381032 0.037707 0.411880
v -0.385947 -0.037707 0.413954
v -0.385947 0.037707 0.413954
v -0.390861 -0.037707 0.416546
v -0.390861 0.037707 0.416546
v -0.395808 -0.037707 0.419677
v -0.395808 0.037707 0.419677
v -0.400827 -0.037707 0.423369
v -0.400827 0.037707 0.423369
v -0.405953 -0.037707 0.427643
v -0.405953 0.037707 0.427643
v -0.411222 -0.037707 0.432519
v -0.411222 0.037707 0.432519
v -0.416671 -0.037707 0.438019
v -0.416671 0.037707 0.438019
v -0.422336 -0.037707 0.444164
v -0.422336 0.037707 0.444164
v -0.422336 -0.037707 0.621584
v -0.422336 0.037707 0.621584
v -0.471374 -0.037707 0.621584
v -0.471374 0.037707 0.621584
v -0.471374 -0.037707 0.245807
v -0.471374 0.037707 0.245807
v -0.422336 -0.037707 0.245807
v -0.422336 0.037707 0.245807
v -0.422336 -0.037707 0.406697
v -0.422336 0.037707 0.406697
v -0.008414 -0.037707 0.610763
v -0.008414 0.037707 0.610763
v -0.013313 -0.037707 0.613852
v -0.013313 0.037707 0.613852
v -0.017795 -0.037707 0.616547
v -0.017795 0.037707 0.616547
v -0.021927 -0.037707 0.618870
v -0.021927 0.037707 0.618870
v -0.025776 -0.037707 0.620840
v -0.025776 0.037707 0.620840
v -0.029409 -0.037707 0.622479
v -0.029409 0.037707 0.622479
v -0.032893 -0.037707 0.623809
v -0.032893 0.037707 0.623809
v -0.036294 -0.037707 0.624849
v -0.036294 0.037707 0.624849
v -0.039680 -0.037707 0.625622
v -0.039680 0.037707 0.625622
v -0.043118 -0.037707 0.626147
v -0.043118 0.037707 0.626147
v -0.046674 -0.037707 0.626447
v -0.046674 0.037707 0.626447
v -0.050416 -0.037707 0.626543
v -0.050416 0.037707 0.626543
v -0.055583 -0.037707 0.626381
v -0.055583 0.037707 0.626381
v -0.060346 -0.037707 0.625890
v -0.060346 0.037707 0.625890
v -0.064716 -0.037707 0.625062
v -0.064716 0.037707 0.625062
v -0.068701 -0.037707 0.623890
v -0.068701 0.037707 0.623890
v -0.072310 -0.037707 0.622366
v -0.072310 0.037707 0.622366
v -0.075555 -0.037707 0.620482
v -0.075555 0.037707 0.620482
v -0.078443 -0.037707 0.618231
v -0.078443 0.037707 0.618231
v -0.080986 -0.037707 0.615605
v -0.080986 0.037707 0.615605
v -0.083191 -0.037707 0.612596
v -0.083191 0.037707 0.612596
v -0.085070 -0.037707 0.609197
v -0.085070 0.037707 0.609197
v -0.086631 -0.037707 0.605400
v -0.086631 0.037707 0.605400
v -0.087883 -0.037707 0.601197
v -0.087883 0.037707 0.601197
v -0.093278 -0.037707 0.605284
v -0.093278 0.037707 0.605284
v -0.098714 -0.037707 0.609005
v -0.098714 0.037707 0.609005
v -0.104189 -0.037707 0.612363
v -0.104189 0.037707 0.612363
v -0.109699 -0.037707 0.615360
v -0.109699 0.037707 0.615360
v -0.115239 -0.037707 0.617996
v -0.115239 0.037707 0.617996
v -0.120805 -0.037707 0.620275
v -0.120805 0.037707 0.620275
v -0.126395 -0.037707 0.622198
v -0.126395 0.037707 0.622198
v -0.132004 -0.037707 0.623767
v -0.132004 0.037707 0.623767
v -0.137628 -0.037707 0.624985
v -0.137628 0.037707 0.624985
v -0.143263 -0.037707 0.625851
v -0.143263 0.037707 0.625851
v -0.148906 -0.037707 0.626370
v -0.148906 0.037707 0.626370
v -0.154554 -0.037707 0.626543
v -0.154554 0.037707 0.626543
v -0.163385 -0.037707 0.625960
v -0.163385 0.037707 0.625960
v -0.171670 -0.037707 0.624272
v -0.171670 0.037707 0.624272
v -0.179365 -0.037707 0.621567
v -0.179365 0.037707 0.621567
v -0.186429 -0.037707 0.617931
v -0.186429 0.037707 0.617931
v -0.192820 -0.037707 0.613453
v -0.192820 0.037707 0.613453
v -0.198495 -0.037707 0.608222
v -0.198495 0.037707 0.608222
v -0.203413 -0.037707 0.602325
v -0.203413 0.037707 0.602325
v -0.207530 -0.037707 0.595850
v -0.207530 0.037707 0.595850
v -0.210806 -0.037707 0.588886
v -0.210806 0.037707 0.588886
v -0.213199 -0.037707 0.581519
v -0.213199 0.037707 0.581519
v -0.214665 -0.037707 0.573839
v -0.214665 0.037707 0.573839
v -0.215163 -0.037707 0.565933
v -0.215163 0.037707 0.565933
v -0.214262 -0.037707 0.554366
v -0.214262 0.037707 0.554366
v -0.211673 -0.037707 0.544106
v -0.211673 0.037707 0.544106
v -0.207569 -0.037707 0.535035
v -0.207569 0.037707 0.535035
v -0.202123 -0.037707 0.527038
v -0.202123 0.037707 0.527038
v -0.195505 -0.037707 0.519997
v -0.195505 0.037707 0.519997
v -0.187889 -0.037707 0.513796
v -0.187889 0.037707 0.513796
v -0.179446 -0.037707 0.508318
v -0.179446 0.037707 0.508318
v -0.170349 -0.037707 0.503447
v -0.170349 0.037707 0.503447
v -0.160769 -0.037707 0.499065
v -0.160769 0.037707 0.499065
v -0.150880 -0.037707 0.495057
v -0.150880 0.037707 0.495057
v -0.140853 -0.037707 0.491305
v -0.140853 0.037707 0.491305
v -0.130861 -0.037707 0.487693
v -0.130861 0.037707 0.487693
v -0.087332 -0.037707 0.472265
v -0.087332 0.037707 0.472265
v -0.087332 -0.037707 0.459041
v -0.087332 0.037707 0.459041
v -0.087642 -0.037707 0.451703
v -0.087642 0.037707 0.451703
v -0.088572 -0.037707 0.445103
v -0.088572 0.037707 0.445103
v -0.090122 -0.037707 0.439222
v -0.090122 0.037707 0.439222
v -0.092291 -0.037707 0.434042
v -0.092291 0.037707 0.434042
v -0.095081 -0.037707 0.429543
v -0.095081 0.037707 0.429543
v -0.098490 -0.037707 0.425706
v -0.098490 0.037707 0.425706
v -0.102519 -0.037707 0.422511
v -0.102519 0.037707 0.422511
v -0.107168 -0.037707 0.419941
v -0.107168 0.037707 0.419941
v -0.112437 -0.037707 0.417975
v -0.112437 0.037707 0.417975
v -0.118326 -0.037707 0.416594
v -0.118326 0.037707 0.416594
v -0.124834 -0.037707 0.415780
v -0.124834 0.037707 0.415780
v -0.131963 -0.037707 0.415512
v -0.131963 0.037707 0.415512
v -0.138721 -0.037707 0.415778
v -0.138721 0.037707 0.415778
v -0.145488 -0.037707 0.416581
v -0.145488 0.037707 0.416581
v -0.152246 -0.037707 0.417932
v -0.152246 0.037707 0.417932
v -0.158982 -0.037707 0.419839
v -0.158982 0.037707 0.419839
v -0.165679 -0.037707 0.422312
v -0.165679 0.037707 0.422312
v -0.172323 -0.037707 0.425361
v -0.172323 0.037707 0.425361
v -0.178898 -0.037707 0.428996
v -0.178898 0.037707 0.428996
v -0.185389 -0.037707 0.433226
v -0.185389 0.037707 0.433226
v -0.191780 -0.037707 0.438060
v -0.191780 0.037707 0.438060
v -0.198056 -0.037707 0.443509
v -0.198056 0.037707 0.443509
v -0.204203 -0.037707 0.449581
v -0.204203 0.037707 0.449581
v -0.210204 -0.037707 0.456286
v -0.210204 0.037707 0.456286
v -0.210204 -0.037707 0.402840
v -0.210204 0.037707 0.402840
v -0.205221 -0.037707 0.397433
v -0.205221 0.037707 0.397433
v -0.199913 -0.037707 0.392506
v -0.199913 0.037707 0.392506
v -0.194277 -0.037707 0.388058
v -0.194277 0.037707 0.388058
v -0.188307 -0.037707 0.384085
v -0.188307 0.037707 0.384085
v -0.182000 -0.037707 0.380588
v -0.182000 0.037707 0.380588
v -0.175353 -0.037707 0.377563
v -0.175353 0.037707 0.377563
v -0.168362 -0.037707 0.375008
v -0.168362 0.037707 0.375008
v -0.161023 -0.037707 0.372923
v -0.161023 0.037707 0.372923
v -0.153331 -0.037707 0.371304
v -0.153331 0.037707 0.371304
v -0.145284 -0.037707 0.370150
v -0.145284 0.037707 0.370150
v -0.136876 -0.037707 0.369459
v -0.136876 0.037707 0.369459
v -0.128106 -0.037707 0.369229
v -0.128106 0.037707 0.369229
v -0.115806 -0.037707 0.369760
v -0.115806 0.037707 0.369760
v -0.104043 -0.037707 0.371367
v -0.104043 0.037707 0.371367
v -0.092920 -0.037707 0.374067
v -0.092920 0.037707 0.374067
v -0.082537 -0.037707 0.377882
v -0.082537 0.037707 0.377882
v -0.072995 -0.037707 0.382828
v -0.072995 0.037707 0.382828
v -0.064397 -0.037707 0.388927
v -0.064397 0.037707 0.388927
v -0.056844 -0.037707 0.396196
v -0.056844 0.037707 0.396196
v -0.050436 -0.037707 0.404656
v -0.050436 0.037707 0.404656
v -0.045276 -0.037707 0.414324
v -0.045276 0.037707 0.414324
v -0.041465 -0.037707 0.425221
v -0.041465 0.037707 0.425221
v -0.039104 -0.037707 0.437365
v -0.039104 0.037707 0.437365
v -0.038294 -0.037707 0.450776
v -0.038294 0.037707 0.450776
v -0.038294 -0.037707 0.578055
v -0.038294 0.037707 0.578055
v -0.038225 -0.037707 0.580272
v -0.038225 0.037707 0.580272
v -0.038021 -0.037707 0.582247
v -0.038021 0.037707 0.582247
v -0.037683 -0.037707 0.583987
v -0.037683 0.037707 0.583987
v -0.037212 -0.037707 0.585504
v -0.037212 0.037707 0.585504
v -0.036612 -0.037707 0.586807
v -0.036612 0.037707 0.586807
v -0.035883 -0.037707 0.587904
v -0.035883 0.037707 0.587904
v -0.035029 -0.037707 0.588807
v -0.035029 0.037707 0.588807
v -0.034049 -0.037707 0.589524
v -0.034049 0.037707 0.589524
v -0.032948 -0.037707 0.590065
v -0.032948 0.037707 0.590065
v -0.031725 -0.037707 0.590440
v -0.031725 0.037707 0.590440
v -0.030385 -0.037707 0.590658
v -0.030385 0.037707 0.590658
v -0.028927 -0.037707 0.590728
v -0.028927 0.037707 0.590728
v -0.027586 -0.037707 0.590626
v -0.027586 0.037707 0.590626
v -0.026052 -0.037707 0.590322
v -0.026052 0.037707 0.590322
v -0.024338 -0.037707 0.589824
v -0.024338 0.037707 0.589824
v -0.022458 -0.037707 0.589136
v -0.022458 0.037707 0.589136
v -0.020425 -0.037707 0.588265
v -0.020425 0.037707 0.588265
v -0.018252 -0.037707 0.587216
v -0.018252 0.037707 0.587216
v -0.015952 -0.037707 0.585994
v -0.015952 0.037707 0.585994
v -0.013540 -0.037707 0.584606
v -0.013540 0.037707 0.584606
v -0.011028 -0.037707 0.583057
v -0.011028 0.037707 0.583057
v -0.008431 -0.037707 0.581354
v -0.008431 0.037707 0.581354
v -0.005760 -0.037707 0.579501
v -0.005760 0.037707 0.579501
v -0.003030 -0.037707 0.577504
v -0.003030 0.037707 0.577504
v -0.003030 -0.037707 0.607258
v -0.003030 0.037707 0.607258
v -0.097669 -0.037707 0.502853
v -0.097669 0.037707 0.502853
v -0.107668 -0.037707 0.506495
v -0.107668 0.037707 0.506495
v -0.117224 -0.037707 0.510240
v -0.117224 0.037707 0.510240
v -0.126228 -0.037707 0.514140
v -0.126228 0.037707 0.514140
v -0.134575 -0.037707 0.518247
v -0.134575 0.037707 0.518247
v -0.142156 -0.037707 0.522612
v -0.142156 0.037707 0.522612
v -0.148865 -0.037707 0.527287
v -0.148865 0.037707 0.527287
v -0.154594 -0.037707 0.532323
v -0.154594 0.037707 0.532323
v -0.159237 -0.037707 0.537773
v -0.159237 0.037707 0.537773
v -0.162686 -0.037707 0.543687
v -0.162686 0.037707 0.543687
v -0.164834 -0.037707 0.550118
v -0.164834 0.037707 0.550118
v -0.165573 -0.037707 0.557118
v -0.165573 0.037707 0.557118
v -0.165269 -0.037707 0.562083
v -0.165269 0.037707 0.562083
v -0.164377 -0.037707 0.566768
v -0.164377 0.037707 0.566768
v -0.162930 -0.037707 0.571142
v -0.162930 0.037707 0.571142
v -0.160961 -0.037707 0.575178
v -0.160961 0.037707 0.575178
v -0.158503 -0.037707 0.578846
v -0.158503 0.037707 0.578846
v -0.155587 -0.037707 0.582119
v -0.155587 0.037707 0.582119
v -0.152246 -0.037707 0.584967
v -0.152246 0.037707 0.584967
v -0.148513 -0.037707 0.587361
v -0.148513 0.037707 0.587361
v -0.144420 -0.037707 0.589273
v -0.144420 0.037707 0.589273
v -0.140001 -0.037707 0.590675
v -0.140001 0.037707 0.590675
v -0.135286 -0.037707 0.591537
v -0.135286 0.037707 0.591537
v -0.130310 -0.037707 0.591830
v -0.130310 0.037707 0.591830
v -0.126476 -0.037707 0.591671
v -0.126476 0.037707 0.591671
v -0.122688 -0.037707 0.591200
v -0.122688 0.037707 0.591200
v -0.118946 -0.037707 0.590427
v -0.118946 0.037707 0.590427
v -0.115249 -0.037707 0.589361
v -0.115249 0.037707 0.589361
v -0.111599 -0.037707 0.588012
v -0.111599 0.037707 0.588012
v -0.107995 -0.037707 0.586389
v -0.107995 0.037707 0.586389
v -0.104436 -0.037707 0.584502
v -0.104436 0.037707 0.584502
v -0.100924 -0.037707 0.582361
v -0.100924 0.037707 0.582361
v -0.097457 -0.037707 0.579975
v -0.097457 0.037707 0.579975
v -0.094036 -0.037707 0.577354
v -0.094036 0.037707 0.577354
v -0.090661 -0.037707 0.574507
v -0.090661 0.037707 0.574507
v -0.087332 -0.037707 0.571443
v -0.087332 0.037707 0.571443
v -0.087332 -0.037707 0.499263
v -0.087332 0.037707 0.499263
v 0.092842 -0.037707 0.430940
v 0.092842 0.037707 0.430940
v 0.093944 -0.037707 0.430940
v 0.093944 0.037707 0.430940
v 0.100120 -0.037707 0.420582
v 0.100120 0.037707 0.420582
v 0.106252 -0.037707 0.411255
v 0.106252 0.037707 0.411255
v 0.112342 -0.037707 0.402934
v 0.112342 0.037707 0.402934
v 0.118392 -0.037707 0.395595
v 0.118392 0.037707 0.395595
v 0.124404 -0.037707 0.389212
v 0.124404 0.037707 0.389212
v 0.130379 -0.037707 0.383761
v 0.130379 0.037707 0.383761
v 0.136319 -0.037707 0.379217
v 0.136319 0.037707 0.379217
v 0.142228 -0.037707 0.375555
v 0.142228 0.037707 0.375555
v 0.148105 -0.037707 0.372750
v 0.148105 0.037707 0.372750
v 0.153954 -0.037707 0.370777
v 0.153954 0.037707 0.370777
v 0.159776 -0.037707 0.369612
v 0.159776 0.037707 0.369612
v 0.165573 -0.037707 0.369229
v 0.165573 0.037707 0.369229
v 0.170511 -0.037707 0.369424
v 0.170511 0.037707 0.369424
v 0.175412 -0.037707 0.370012
v 0.175412 0.037707 0.370012
v 0.180287 -0.037707 0.370994
v 0.180287 0.037707 0.370994
v 0.185144 -0.037707 0.372372
v 0.185144 0.037707 0.372372
v 0.189993 -0.037707 0.374147
v 0.189993 0.037707 0.374147
v 0.194845 -0.037707 0.376323
v 0.194845 0.037707 0.376323
v 0.199708 -0.037707 0.378900
v 0.199708 0.037707 0.378900
v 0.204592 -0.037707 0.381881
v 0.204592 0.037707 0.381881
v 0.209506 -0.037707 0.385268
v 0.209506 0.037707 0.385268
v 0.214461 -0.037707 0.389062
v 0.214461 0.037707 0.389062
v 0.219466 -0.037707 0.393266
v 0.219466 0.037707 0.393266
v 0.224530 -0.037707 0.397881
v 0.224530 0.037707 0.397881
v 0.198633 -0.037707 0.440307
v 0.198633 0.037707 0.440307
v 0.194829 -0.037707 0.436821
v 0.194829 0.037707 0.436821
v 0.190883 -0.037707 0.433537
v 0.190883 0.037707 0.433537
v 0.186838 -0.037707 0.430475
v 0.186838 0.037707 0.430475
v 0.182736 -0.037707 0.427655
v 0.182736 0.037707 0.427655
v 0.178618 -0.037707 0.425094
v 0.178618 0.037707 0.425094
v 0.174527 -0.037707 0.422813
v 0.174527 0.037707 0.422813
v 0.170505 -0.037707 0.420830
v 0.170505 0.037707 0.420830
v 0.166594 -0.037707 0.419165
v 0.166594 0.037707 0.419165
v 0.162836 -0.037707 0.417837
v 0.162836 0.037707 0.417837
v 0.159273 -0.037707 0.416864
v 0.159273 0.037707 0.416864
v 0.155947 -0.037707 0.416267
v 0.155947 0.037707 0.416267
v 0.152901 -0.037707 0.416063
v 0.152901 0.037707 0.416063
v 0.144658 -0.037707 0.416749
v 0.144658 0.037707 0.416749
v 0.136781 -0.037707 0.418750
v 0.136781 0.037707 0.418750
v 0.129337 -0.037707 0.421978
v 0.129337 0.037707 0.421978
v 0.122392 -0.037707 0.426349
v 0.122392 0.037707 0.426349
v 0.116013 -0.037707 0.431775
v 0.116013 0.037707 0.431775
v 0.110267 -0.037707 0.438172
v 0.110267 0.037707 0.438172
v 0.105222 -0.037707 0.445453
v 0.105222 0.037707 0.445453
v 0.100944 -0.037707 0.453531
v 0.100944 0.037707 0.453531
v 0.097500 -0.037707 0.462321
v 0.097500 0.037707 0.462321
v 0.094957 -0.037707 0.471737
v 0.094957 0.037707 0.471737
v 0.093382 -0.037707 0.481692
v 0.093382 0.037707 0.481692
v 0.092842 -0.037707 0.492100
v 0.092842 0.037707 0.492100
v 0.092842 -0.037707 0.621584
v 0.092842 0.037707 0.621584
v 0.043804 -0.037707 0.621584
v 0.043804 0.037707 0.621584
v 0.043804 -0.037707 0.374188
v 0.043804 0.037707 0.374188
v 0.092842 -0.037707 0.374188
v 0.092842 0.037707 0.374188
v 0.368339 -0.037707 0.621584
v 0.368339 0.037707 0.621584
v 0.350465 -0.037707 0.620551
v 0.350465 0.037707 0.620551
v 0.333805 -0.037707 0.617502
v 0.333805 0.037707 0.617502
v 0.318422 -0.037707 0.612510
v 0.318422 0.037707 0.612510
v 0.304383 -0.037707 0.605646
v 0.304383 0.037707 0.605646
v 0.291751 -0.037707 0.596984
v 0.291751 0.037707 0.596984
v 0.280593 -0.037707 0.586596
v 0.280593 0.037707 0.586596
v 0.270973 -0.037707 0.574555
v 0.270973 0.037707 0.574555
v 0.262956 -0.037707 0.560934
v 0.262956 0.037707 0.560934
v 0.256608 -0.037707 0.545805
v 0.256608 0.037707 0.545805
v 0.251992 -0.037707 0.529241
v 0.251992 0.037707 0.529241
v 0.249176 -0.037707 0.511316
v 0.249176 0.037707 0.511316
v 0.248222 -0.037707 0.492100
v 0.248222 0.037707 0.492100
v 0.249272 -0.037707 0.474636
v 0.249272 0.037707 0.474636
v 0.252352 -0.037707 0.458128
v 0.252352 0.037707 0.458128
v 0.257357 -0.037707 0.442683
v 0.257357 0.037707 0.442683
v 0.264181 -0.037707 0.428410
v 0.264181 0.037707 0.428410
v 0.272719 -0.037707 0.415414
v 0.272719 0.037707 0.415414
v 0.282866 -0.037707 0.403804
v 0.282866 0.037707 0.403804
v 0.294517 -0.037707 0.393686
v 0.294517 0.037707 0.393686
v 0.307566 -0.037707 0.385167
v 0.307566 0.037707 0.385167
v 0.321909 -0.037707 0.378355
v 0.321909 0.037707 0.378355
v 0.337440 -0.037707 0.373356
v 0.337440 0.037707 0.373356
v 0.354053 -0.037707 0.370279
v 0.354053 0.037707 0.370279
v 0.371645 -0.037707 0.369229
v 0.371645 0.037707 0.369229
v 0.375757 -0.037707 0.369287
v 0.375757 0.037707 0.369287
v 0.379843 -0.037707 0.369466
v 0.379843 0.037707 0.369466
v 0.383921 -0.037707 0.369771
v 0.383921 0.037707 0.369771
v 0.388011 -0.037707 0.370209
v 0.388011 0.037707 0.370209
v 0.392131 -0.037707 0.370784
v 0.392131 0.037707 0.370784
v 0.396302 -0.037707 0.371502
v 0.396302 0.037707 0.371502
v 0.400541 -0.037707 0.372370
v 0.400541 0.037707 0.372370
v 0.404867 -0.037707 0.373392
v 0.404867 0.037707 0.373392
v 0.409302 -0.037707 0.374575
v 0.409302 0.037707 0.374575
v 0.413862 -0.037707 0.375925
v 0.413862 0.037707 0.375925
v 0.418568 -0.037707 0.377447
v 0.418568 0.037707 0.377447
v 0.423438 -0.037707 0.379147
v 0.423438 0.037707 0.379147
v 0.423438 -0.037707 0.245807
v 0.423438 0.037707 0.245807
v 0.472476 -0.037707 0.245807
v 0.472476 0.037707 0.245807
v 0.472476 -0.037707 0.621584
v 0.472476 0.037707 0.621584
v 0.419381 -0.037707 0.421102
v 0.419381 0.037707 0.421102
v 0.415459 -0.037707 0.419686
v 0.415459 0.037707 0.419686
v 0.411643 -0.037707 0.418422
v 0.411643 0.037707 0.418422
v 0.407908 -0.037707 0.417308
v 0.407908 0.037707 0.417308
v 0.404227 -0.037707 0.416340
v 0.404227 0.037707 0.416340
v 0.400572 -0.037707 0.415512
v 0.400572 0.037707 0.415512
v 0.396917 -0.037707 0.414823
v 0.396917 0.037707 0.414823
v 0.393235 -0.037707 0.414268
v 0.393235 0.037707 0.414268
v 0.389500 -0.037707 0.413842
v 0.389500 0.037707 0.413842
v 0.385685 -0.037707 0.413543
v 0.385685 0.037707 0.413543
v 0.381762 -0.037707 0.413367
v 0.381762 0.037707 0.413367
v 0.377706 -0.037707 0.413308
v 0.377706 0.037707 0.413308
v 0.366190 -0.037707 0.414011
v 0.366190 0.037707 0.414011
v 0.355375 -0.037707 0.416079
v 0.355375 0.037707 0.416079
v 0.345318 -0.037707 0.419455
v 0.345318 0.037707 0.419455
v 0.336075 -0.037707 0.424083
v 0.336075 0.037707 0.424083
v 0.327705 -0.037707 0.429905
v 0.327705 0.037707 0.429905
v 0.320265 -0.037707 0.436863
v 0.320265 0.037707 0.436863
v 0.313811 -0.037707 0.444901
v 0.313811 0.037707 0.444901
v 0.308403 -0.037707 0.453960
v 0.308403 0.037707 0.453960
v 0.304096 -0.037707 0.463983
v 0.304096 0.037707 0.463983
v 0.300949 -0.037707 0.474913
v 0.300949 0.037707 0.474913
v 0.299019 -0.037707 0.486692
v 0.299019 0.037707 0.486692
v 0.298363 -0.037707 0.499263
v 0.298363 0.037707 0.499263
v 0.298764 -0.037707 0.510580
v 0.298764 0.037707 0.510580
v 0.300013 -0.037707 0.521334
v 0.300013 0.037707 0.521334
v 0.302176 -0.037707 0.531445
v 0.302176 0.037707 0.531445
v 0.305321 -0.037707 0.540833
v 0.305321 0.037707 0.540833
v 0.309515 -0.037707 0.549417
v 0.309515 0.037707 0.549417
v 0.314824 -0.037707 0.557118
v 0.314824 0.037707 0.557118
v 0.321315 -0.037707 0.563854
v 0.321315 0.037707 0.563854
v 0.329055 -0.037707 0.569546
v 0.329055 0.037707 0.569546
v 0.338112 -0.037707 0.574112
v 0.338112 0.037707 0.574112
v 0.348551 -0.037707 0.577474
v 0.348551 0.037707 0.577474
v 0.360441 -0.037707 0.579550
v 0.360441 0.037707 0.579550
v 0.373849 -0.037707 0.580259
v 0.373849 0.037707 0.580259
v 0.423438 -0.037707 0.580259
v 0.423438 0.037707 0.580259
v 0.423438 -0.037707 0.422675
v 0.423438 0.037707 0.422675
v 0.540799 -0.037707 0.239195
v 0.540799 0.037707 0.239195
v 0.556677 -0.037707 0.256094
v 0.556677 0.037707 0.256094
v 0.571484 -0.037707 0.274198
v 0.571484 0.037707 0.274198
v 0.585163 -0.037707 0.293381
v 0.585163 0.037707 0.293381
v 0.597654 -0.037707 0.313518
v 0.597654 0.037707 0.313518
v 0.608897 -0.037707 0.334480
v 0.608897 0.037707 0.334480
v 0.618834 -0.037707 0.356143
v 0.618834 0.037707 0.356143
v 0.627405 -0.037707 0.378380
v 0.627405 0.037707 0.378380
v 0.634550 -0.037707 0.401064
v 0.634550 0.037707 0.401064
v 0.640211 -0.037707 0.424070
v 0.640211 0.037707 0.424070
v 0.644328 -0.037707 0.447271
v 0.644328 0.037707 0.447271
v 0.646841 -0.037707 0.470541
v 0.646841 0.037707 0.470541
v 0.647692 -0.037707 0.493753
v 0.647692 0.037707 0.493753
v 0.646841 -0.037707 0.516966
v 0.646841 0.037707 0.516966
v 0.644328 -0.037707 0.540236
v 0.644328 0.037707 0.540236
v 0.640211 -0.037707 0.563437
v 0.640211 0.037707 0.563437
v 0.634550 -0.037707 0.586443
v 0.634550 0.037707 0.586443
v 0.627405 -0.037707 0.609127
v 0.627405 0.037707 0.609127
v 0.618834 -0.037707 0.631364
v 0.618834 0.037707 0.631364
v 0.608897 -0.037707 0.653027
v 0.608897 0.037707 0.653027
v 0.597654 -0.037707 0.673989
v 0.597654 0.037707 0.673989
v 0.585163 -0.037707 0.694125
v 0.585163 0.037707 0.694125
v 0.571484 -0.037707 0.713309
v 0.571484 0.037707 0.713309
v 0.556677 -0.037707 0.731413
v 0.556677 0.037707 0.731413
v 0.540799 -0.037707 0.748312
v 0.540799 0.037707 0.748312
v 0.511597 -0.037707 0.748312
v 0.511597 0.037707 0.748312
v 0.524385 -0.037707 0.730277
v 0.524385 0.037707 0.730277
v 0.536032 -0.037707 0.711702
v 0.536032 0.037707 0.711702
v 0.546542 -0.037707 0.692576
v 0.546542 0.037707 0.692576
v 0.555921 -0.037707 0.672887
v 0.555921 0.037707 0.672887
v 0.564176 -0.037707 0.652625
v 0.564176 0.037707 0.652625
v 0.571311 -0.037707 0.631777
v 0.571311 0.037707 0.631777
v 0.577332 -0.037707 0.610332
v 0.577332 0.037707 0.610332
v 0.582246 -0.037707 0.588279
v 0.582246 0.037707 0.588279
v 0.586058 -0.037707 0.565606
v 0.586058 0.037707 0.565606
v 0.588774 -0.037707 0.542302
v 0.588774 0.037707 0.542302
v 0.590399 -0.037707 0.518355
v 0.590399 0.037707 0.518355
v 0.590940 -0.037707 0.493753
v 0.590940 0.037707 0.493753
v 0.590400 -0.037707 0.469152
v 0.590400 0.037707 0.469152
v 0.588774 -0.037707 0.445205
v 0.588774 0.037707 0.445205
v 0.586059 -0.037707 0.421901
v 0.586059 0.037707 0.421901
v 0.582247 -0.037707 0.399228
v 0.582247 0.037707 0.399228
v 0.577333 -0.037707 0.377174
v 0.577333 0.037707 0.377174
v 0.571311 -0.037707 0.355730
v 0.571311 0.037707 0.355730
v 0.564176 -0.037707 0.334882
v 0.564176 0.037707 0.334882
v 0.555921 -0.037707 0.314620
v 0.555921 0.037707 0.314620
v 0.546542 -0.037707 0.294931
v 0.546542 0.037707 0.294931
v 0.536032 -0.037707 0.275805
v 0.536032 0.037707 0.275805
v 0.524386 -0.037707 0.257230
v 0.524386 0.037707 0.257230
v 0.511597 -0.037707 0.239195
v 0.511597 0.037707 0.239195
vt 0.979592 0.000000
vt 0.000000 0.000000
vt 1.000000 0.000000
vt 0.020408 0.000000
vt 0.040816 0.000000
vt 0.959184 0.000000
vt 0.061224 0.000000
vt 0.938776 0.000000
vt 0.081633 0.000000
vt 0.918367 0.000000
vt 0.102041 0.000000
vt 0.897959 0.000000
vt 0.122449 0.000000
vt 0.877551 0.000000
vt 0.857143 0.000000
vt 0.142857 0.000000
vt 0.836735 0.000000
vt 0.163265 0.000000
vt 0.816327 0.000000
vt 0.183673 0.000000
vt 0.795918 0.000000
vt 0.204082 0.000000
vt 0.775510 0.000000
vt 0.224490 0.000000
vt 0.755102 0.000000
vt 0.244898 0.000000
vt 0.734694 0.000000
vt 0.265306 0.000000
vt 0.285714 0.000000
vt 0.714286 0.000000
vt 0.306122 0.000000
vt 0.693878 0.000000
vt 0.326531 0.000000
vt 0.673469 0.000000
vt 0.346939 0.000000
vt 0.653061 0.000000
vt 0.367347 0.000000
vt 0.632653 0.000000
vt 0.387755 0.000000
vt 0.612245 0.000000
vt 0.591837 0.000000
vt 0.408163 0.000000
vt 0.571429 0.000000
vt 0.428571 0.000000
vt 0.551020 0.000000
vt 0.448980 0.000000
vt 0.530612 0.000000
vt 0.469388 0.000000
vt 0.510204 0.000000
vt 0.489796 0.000000
vt 0.467532 0.000000
vt 0.493506 0.000000
vt 0.480519 0.000000
vt 0.506494 0.000000
vt 0.298701 0.000000
vt 0.324675 0.000000
vt 0.311688 0.000000
vt 0.337662 0.000000
vt 0.350649 0.000000
vt 0.363636 0.000000
vt 0.376623 0.000000
vt 0.285714 0.000000
vt 0.389610 0.000000
vt 0.402597 0.000000
vt 0.415584 0.000000
vt 0.272727 0.000000
vt 0.428571 0.000000
vt 0.441558 0.000000
vt 0.454545 0.000000
vt 0.259740 0.000000
vt 0.545455 0.000000
vt 0.532468 0.000000
vt 0.519481 0.000000
vt 1.000000 0.000000
vt 0.246753 0.000000
vt 0.584416 0.000000
vt 0.571429 0.000000
vt 0.558442 0.000000
vt 0.233766 0.000000
vt 0.623377 0.000000
vt 0.610390 0.000000
vt 0.597403 0.000000
vt 0.220779 0.000000
vt 0.662338 0.000000
vt 0.649351 0.000000
vt 0.636364 0.000000
vt 0.675325 0.000000
vt 0.688312 0.000000
vt 0.207792 0.000000
vt 0.701299 0.000000
vt 0.714286 0.000000
vt 0.987013 0.000000
vt 0.727273 0.000000
vt 0.194805 0.000000
vt 0.740260 0.000000
vt 0.753247 0.000000
vt 0.181818 0.000000
vt 0.766234 0.000000
vt 0.779221 0.000000
vt 0.168831 0.000000
vt 0.792208 0.000000
vt 0.155844 0.000000
vt 0.805195 0.000000
vt 0.818182 0.000000
vt 0.142857 0.000000
vt 0.831169 0.000000
vt 0.844156 0.000000
vt 0.129870 0.000000
vt 0.857143 0.000000
vt 0.116883 0.000000
vt 0.870130 0.000000
vt 0.883117 0.000000
vt 0.103896 0.000000
vt 0.896104 0.000000
vt 0.909091 0.000000
vt 0.090909 0.000000
vt 0.922078 0.000000
vt 0.935065 0.000000
vt 0.948052 0.000000
vt 0.077922 0.000000
vt 0.961039 0.000000
vt 0.974026 0.000000
vt 0.064935 0.000000
vt 0.051948 0.000000
vt 0.038961 0.000000
vt 0.025974 0.000000
vt 0.012987 0.000000
vt 0.000000 0.000000
vt 0.222222 0.000000
vt 0.259259 0.000000
vt 0.240741 0.000000
vt 0.277778 0.000000
vt 0.203704 0.000000
vt 0.296296 0.000000
vt 0.185185 0.000000
vt 0.314815 0.000000
vt 0.333333 0.000000
vt 0.166667 0.000000
vt 0.351852 0.000000
vt 0.962963 0.000000
vt 1.000000 0.000000
vt 0.981481 0.000000
vt 0.000000 0.000000
vt 0.148148 0.000000
vt 0.370370 0.000000
vt 0.388889 0.000000
vt 0.129630 0.000000
vt 0.407407 0.000000
vt 0.111111 0.000000
vt 0.425926 0.000000
vt 0.444444 0.000000
vt 0.092593 0.000000
vt 0.462963 0.000000
vt 0.074074 0.000000
vt 0.648148 0.000000
vt 0.629630 0.000000
vt 0.611111 0.000000
vt 0.592593 0.000000
vt 0.574074 0.000000
vt 0.555556 0.000000
vt 0.537037 0.000000
vt 0.518519 0.000000
vt 0.500000 0.000000
vt 0.481481 0.000000
vt 0.055556 0.000000
vt 0.685185 0.000000
vt 0.666667 0.000000
vt 0.037037 0.000000
vt 0.722222 0.000000
vt 0.703704 0.000000
vt 0.740741 0.000000
vt 0.759259 0.000000
vt 0.018519 0.000000
vt 0.777778 0.000000
vt 0.796296 0.000000
vt 0.870370 0.000000
vt 0.851852 0.000000
vt 0.833333 0.000000
vt 0.814815 0.000000
vt 0.888889 0.000000
vt 0.907407 0.000000
vt 0.925926 0.000000
vt 0.944444 0.000000
vt 0.560694 0.000000
vt 0.572254 0.000000
vt 0.566474 0.000000
vt 0.554913 0.000000
vt 0.578035 0.000000
vt 0.549133 0.000000
vt 0.543353 0.000000
vt 0.583815 0.000000
vt 0.537572 0.000000
vt 0.589595 0.000000
vt 0.531792 0.000000
vt 0.526012 0.000000
vt 0.595376 0.000000
vt 0.520231 0.000000
vt 0.601156 0.000000
vt 0.514451 0.000000
vt 0.508671 0.000000
vt 0.606936 0.000000
vt 0.502890 0.000000
vt 0.612717 0.000000
vt 0.497110 0.000000
vt 0.491329 0.000000
vt 0.485549 0.000000
vt 0.479769 0.000000
vt 0.473988 0.000000
vt 0.468208 0.000000
vt 0.462428 0.000000
vt 0.456647 0.000000
vt 0.450867 0.000000
vt 0.445087 0.000000
vt 0.439306 0.000000
vt 0.433526 0.000000
vt 0.427746 0.000000
vt 0.421965 0.000000
vt 0.618497 0.000000
vt 0.416185 0.000000
vt 0.624277 0.000000
vt 0.410405 0.000000
vt 0.404624 0.000000
vt 0.398844 0.000000
vt 0.393064 0.000000
vt 0.387283 0.000000
vt 0.630058 0.000000
vt 0.381503 0.000000
vt 0.375723 0.000000
vt 0.369942 0.000000
vt 0.635838 0.000000
vt 0.364162 0.000000
vt 0.358382 0.000000
vt 0.641618 0.000000
vt 0.352601 0.000000
vt 0.346821 0.000000
vt 0.341040 0.000000
vt 1.000000 0.000000
vt 0.335260 0.000000
vt 0.329480 0.000000
vt 0.323699 0.000000
vt 0.317919 0.000000
vt 0.791907 0.000000
vt 0.994220 0.000000
vt 0.797688 0.000000
vt 0.312139 0.000000
vt 0.803468 0.000000
vt 0.306358 0.000000
vt 0.809249 0.000000
vt 0.300578 0.000000
vt 0.815029 0.000000
vt 0.820809 0.000000
vt 0.294798 0.000000
vt 0.826590 0.000000
vt 0.289017 0.000000
vt 0.832370 0.000000
vt 0.838150 0.000000
vt 0.283237 0.000000
vt 0.843931 0.000000
vt 0.849711 0.000000
vt 0.277457 0.000000
vt 0.855491 0.000000
vt 0.271676 0.000000
vt 0.861272 0.000000
vt 0.867052 0.000000
vt 0.265896 0.000000
vt 0.872832 0.000000
vt 0.878613 0.000000
vt 0.988439 0.000000
vt 0.260116 0.000000
vt 0.982659 0.000000
vt 0.884393 0.000000
vt 0.976879 0.000000
vt 0.774566 0.000000
vt 0.786127 0.000000
vt 0.780347 0.000000
vt 0.647399 0.000000
vt 0.890173 0.000000
vt 0.768786 0.000000
vt 0.971098 0.000000
vt 0.653179 0.000000
vt 0.763006 0.000000
vt 0.254335 0.000000
vt 0.895954 0.000000
vt 0.658960 0.000000
vt 0.965318 0.000000
vt 0.757225 0.000000
vt 0.664740 0.000000
vt 0.959538 0.000000
vt 0.751445 0.000000
vt 0.901734 0.000000
vt 0.670520 0.000000
vt 0.745665 0.000000
vt 0.953757 0.000000
vt 0.676301 0.000000
vt 0.739884 0.000000
vt 0.907514 0.000000
vt 0.682081 0.000000
vt 0.947977 0.000000
vt 0.734104 0.000000
vt 0.687861 0.000000
vt 0.248555 0.000000
vt 0.728324 0.000000
vt 0.913295 0.000000
vt 0.942197 0.000000
vt 0.693642 0.000000
vt 0.722543 0.000000
vt 0.699422 0.000000
vt 0.716763 0.000000
vt 0.936416 0.000000
vt 0.705202 0.000000
vt 0.710983 0.000000
vt 0.919075 0.000000
vt 0.930636 0.000000
vt 0.924855 0.000000
vt 0.132948 0.000000
vt 0.242775 0.000000
vt 0.138728 0.000000
vt 0.127168 0.000000
vt 0.236994 0.000000
vt 0.144509 0.000000
vt 0.121387 0.000000
vt 0.000000 0.000000
vt 0.231214 0.000000
vt 0.150289 0.000000
vt 0.115607 0.000000
vt 0.005780 0.000000
vt 0.156069 0.000000
vt 0.109827 0.000000
vt 0.225434 0.000000
vt 0.011561 0.000000
vt 0.161850 0.000000
vt 0.104046 0.000000
vt 0.017341 0.000000
vt 0.219653 0.000000
vt 0.167630 0.000000
vt 0.098266 0.000000
vt 0.023121 0.000000
vt 0.173410 0.000000
vt 0.092486 0.000000
vt 0.028902 0.000000
vt 0.213873 0.000000
vt 0.179191 0.000000
vt 0.086705 0.000000
vt 0.034682 0.000000
vt 0.184971 0.000000
vt 0.040462 0.000000
vt 0.080925 0.000000
vt 0.208092 0.000000
vt 0.046243 0.000000
vt 0.190751 0.000000
vt 0.075145 0.000000
vt 0.052023 0.000000
vt 0.196532 0.000000
vt 0.069364 0.000000
vt 0.202312 0.000000
vt 0.057803 0.000000
vt 0.063584 0.000000
vt 0.946429 0.000000
vt 0.982143 0.000000
vt 0.964286 0.000000
vt 1.000000 0.000000
vt 0.196429 0.000000
vt 0.232143 0.000000
vt 0.214286 0.000000
vt 0.178571 0.000000
vt 0.250000 0.000000
vt 0.160714 0.000000
vt 0.142857 0.000000
vt 0.267857 0.000000
vt 0.125000 0.000000
vt 0.285714 0.000000
vt 0.107143 0.000000
vt 0.089286 0.000000
vt 0.303571 0.000000
vt 0.071429 0.000000
vt 0.053571 0.000000
vt 0.321429 0.000000
vt 0.035714 0.000000
vt 0.339286 0.000000
vt 0.017857 0.000000
vt 0.000000 0.000000
vt 0.696429 0.000000
vt 0.357143 0.000000
vt 0.910714 0.000000
vt 0.892857 0.000000
vt 0.875000 0.000000
vt 0.857143 0.000000
vt 0.839286 0.000000
vt 0.821429 0.000000
vt 0.803571 0.000000
vt 0.785714 0.000000
vt 0.767857 0.000000
vt 0.750000 0.000000
vt 0.732143 0.000000
vt 0.714286 0.000000
vt 0.678571 0.000000
vt 0.660714 0.000000
vt 0.642857 0.000000
vt 0.625000 0.000000
vt 0.375000 0.000000
vt 0.607143 0.000000
vt 0.589286 0.000000
vt 0.571429 0.000000
vt 0.392857 0.000000
vt 0.553571 0.000000
vt 0.535714 0.000000
vt 0.410714 0.000000
vt 0.517857 0.000000
vt 0.928571 0.000000
vt 0.500000 0.000000
vt 0.428571 0.000000
vt 0.482143 0.000000
vt 0.464286 0.000000
vt 0.446429 0.000000
vt 0.469388 0.000000
vt 0.510204 0.000000
vt 0.489796 0.000000
vt 0.530612 0.000000
vt 0.448980 0.000000
vt 0.551020 0.000000
vt 0.428571 0.000000
vt 0.571429 0.000000
vt 0.408163 0.000000
vt 0.591837 0.000000
vt 0.387755 0.000000
vt 0.612245 0.000000
vt 0.367347 0.000000
vt 0.632653 0.000000
vt 0.653061 0.000000
vt 0.346939 0.000000
vt 0.673469 0.000000
vt 0.326531 0.000000
vt 0.693878 0.000000
vt 0.306122 0.000000
vt 0.714286 0.000000
vt 0.285714 0.000000
vt 0.734694 0.000000
vt 0.265306 0.000000
vt 0.755102 0.000000
vt 0.244898 0.000000
vt 0.224490 0.000000
vt 0.775510 0.000000
vt 0.204082 0.000000
vt 0.795918 0.000000
vt 0.183673 0.000000
vt 0.816327 0.000000
vt 0.163265 0.000000
vt 0.836735 0.000000
vt 0.142857 0.000000
vt 0.857143 0.000000
vt 0.122449 0.000000
vt 0.877551 0.000000
vt 0.102041 0.000000
vt 0.897959 0.000000
vt 0.918367 0.000000
vt 0.081633 0.000000
vt 0.938776 0.000000
vt 0.061224 0.000000
vt 0.959184 0.000000
vt 0.040816 0.000000
vt 0.979592 0.000000
vt 0.020408 0.000000
vt 1.000000 0.000000
vt 0.000000 0.000000
vt 0.142857 0.000000
vt 0.428571 0.000000
vt 0.285714 0.000000
vt 0.571429 0.000000
vt 0.857143 0.000000
vt 0.714286 0.000000
vt 1.000000 0.000000
vt 0.000000 0.000000
vt 0.560694 0.000000
vt 0.572254 0.000000
vt 0.566474 0.000000
vt 0.554913 0.000000
vt 0.578035 0.000000
vt 0.549133 0.000000
vt 0.543353 0.000000
vt 0.583815 0.000000
vt 0.537572 0.000000
vt 0.589595 0.000000
vt 0.531792 0.000000
vt 0.526012 0.000000
vt 0.595376 0.000000
vt 0.520231 0.000000
vt 0.601156 0.000000
vt 0.514451 0.000000
vt 0.508671 0.000000
vt 0.606936 0.000000
vt 0.502890 0.000000
vt 0.612717 0.000000
vt 0.497110 0.000000
vt 0.491329 0.000000
vt 0.485549 0.000000
vt 0.479769 0.000000
vt 0.473988 0.000000
vt 0.468208 0.000000
vt 0.462428 0.000000
vt 0.456647 0.000000
vt 0.450867 0.000000
vt 0.445087 0.000000
vt 0.439306 0.000000
vt 0.433526 0.000000
vt 0.427746 0.000000
vt 0.421965 0.000000
vt 0.618497 0.000000
vt 0.416185 0.000000
vt 0.624277 0.000000
vt 0.410405 0.000000
vt 0.404624 0.000000
vt 0.398844 0.000000
vt 0.393064 0.000000
vt 0.387283 0.000000
vt 0.630058 0.000000
vt 0.381503 0.000000
vt 0.375723 0.000000
vt 0.369942 0.000000
vt 0.635838 0.000000
vt 0.364162 0.000000
vt 0.358382 0.000000
vt 0.641618 0.000000
vt 0.352601 0.000000
vt 0.346821 0.000000
vt 0.341040 0.000000
vt 1.000000 0.000000
vt 0.335260 0.000000
vt 0.329480 0.000000
vt 0.323699 0.000000
vt 0.317919 0.000000
vt 0.791907 0.000000
vt 0.994220 0.000000
vt 0.797688 0.000000
vt 0.312139 0.000000
vt 0.803468 0.000000
vt 0.306358 0.000000
vt 0.809249 0.000000
vt 0.300578 0.000000
vt 0.815029 0.000000
vt 0.820809 0.000000
vt 0.294798 0.000000
vt 0.826590 0.000000
vt 0.289017 0.000000
vt 0.832370 0.000000
vt 0.838150 0.000000
vt 0.283237 0.000000
vt 0.843931 0.000000
vt 0.849711 0.000000
vt 0.277457 0.000000
vt 0.855491 0.000000
vt 0.271676 0.000000
vt 0.861272 0.000000
vt 0.867052 0.000000
vt 0.265896 0.000000
vt 0.872832 0.000000
vt 0.878613 0.000000
vt 0.988439 0.000000
vt 0.260116 0.000000
vt 0.982659 0.000000
vt 0.884393 0.000000
vt 0.976879 0.000000
vt 0.774566 0.000000
vt 0.786127 0.000000
vt 0.780347 0.000000
vt 0.647399 0.000000
vt 0.890173 0.000000
vt 0.768786 0.000000
vt 0.971098 0.000000
vt 0.653179 0.000000
vt 0.763006 0.000000
vt 0.254335 0.000000
vt 0.895954 0.000000
vt 0.658960 0.000000
vt 0.965318 0.000000
vt 0.757225 0.000000
vt 0.664740 0.000000
vt 0.959538 0.000000
vt 0.751445 0.000000
vt 0.901734 0.000000
vt 0.670520 0.000000
vt 0.745665 0.000000
vt 0.953757 0.000000
vt 0.676301 0.000000
vt 0.739884 0.000000
vt 0.907514 0.000000
vt 0.682081 0.000000
vt 0.947977 0.000000
vt 0.734104 0.000000
vt 0.687861 0.000000
vt 0.248555 0.000000
vt 0.728324 0.000000
vt 0.913295 0.000000
vt 0.942197 0.000000
vt 0.693642 0.000000
vt 0.722543 0.000000
vt 0.699422 0.000000
vt 0.716763 0.000000
vt 0.936416 0.000000
vt 0.705202 0.000000
vt 0.710983 0.000000
vt 0.919075 0.000000
vt 0.930636 0.000000
vt 0.924855 0.000000
vt 0.132948 0.000000
vt 0.242775 0.000000
vt 0.138728 0.000000
vt 0.127168 0.000000
vt 0.236994 0.000000
vt 0.144509 0.000000
vt 0.121387 0.000000
vt 0.000000 0.000000
vt 0.231214 0.000000
vt 0.150289 0.000000
vt 0.115607 0.000000
vt 0.005780 0.000000
vt 0.156069 0.000000
vt 0.109827 0.000000
vt 0.225434 0.000000
vt 0.011561 0.000000
vt 0.161850 0.000000
vt 0.104046 0.000000
vt 0.017341 0.000000
vt 0.219653 0.000000
vt 0.167630 0.000000
vt 0.098266 0.000000
vt 0.023121 0.000000
vt 0.173410 0.000000
vt 0.092486 0.000000
vt 0.028902 0.000000
vt 0.213873 0.000000
vt 0.179191 0.000000
vt 0.086705 0.000000
vt 0.034682 0.000000
vt 0.184971 0.000000
vt 0.040462 0.000000
vt 0.080925 0.000000
vt 0.208092 0.000000
vt 0.046243 0.000000
vt 0.190751 0.000000
vt 0.075145 0.000000
vt 0.052023 0.000000
vt 0.196532 0.000000
vt 0.069364 0.000000
vt 0.202312 0.000000
vt 0.057803 0.000000
vt 0.063584 0.000000
vt 0.000000 0.000000
vt 0.666667 0.000000
vt 0.333333 0.000000
vt 1.000000 0.000000
vt 0.472727 0.000000
vt 0.981818 0.000000
vt 0.490909 0.000000
vt 0.509091 0.000000
vt 0.000000 0.000000
vt 0.018182 0.000000
vt 0.036364 0.000000
vt 0.054545 0.000000
vt 0.072727 0.000000
vt 0.090909 0.000000
vt 0.109091 0.000000
vt 0.963636 0.000000
vt 0.127273 0.000000
vt 1.000000 0.000000
vt 0.945455 0.000000
vt 0.927273 0.000000
vt 0.909091 0.000000
vt 0.145455 0.000000
vt 0.890909 0.000000
vt 0.872727 0.000000
vt 0.854545 0.000000
vt 0.163636 0.000000
vt 0.836364 0.000000
vt 0.818182 0.000000
vt 0.800000 0.000000
vt 0.181818 0.000000
vt 0.781818 0.000000
vt 0.763636 0.000000
vt 0.200000 0.000000
vt 0.745455 0.000000
vt 0.727273 0.000000
vt 0.218182 0.000000
vt 0.709091 0.000000
vt 0.236364 0.000000
vt 0.690909 0.000000
vt 0.672727 0.000000
vt 0.254545 0.000000
vt 0.654545 0.000000
vt 0.636364 0.000000
vt 0.272727 0.000000
vt 0.618182 0.000000
vt 0.600000 0.000000
vt 0.581818 0.000000
vt 0.563636 0.000000
vt 0.290909 0.000000
vt 0.545455 0.000000
vt 0.527273 0.000000
vt 0.436364 0.000000
vt 0.309091 0.000000
vt 0.327273 0.000000
vt 0.345455 0.000000
vt 0.363636 0.000000
vt 0.381818 0.000000
vt 0.400000 0.000000
vt 0.418182 0.000000
vt 0.454545 0.000000
vt 0.000000 0.000000
vt 0.979592 0.000000
vt 1.000000 0.000000
vt 0.020408 0.000000
vt 0.040816 0.000000
vt 0.959184 0.000000
vt 0.061224 0.000000
vt 0.938776 0.000000
vt 0.081633 0.000000
vt 0.918367 0.000000
vt 0.102041 0.000000
vt 0.897959 0.000000
vt 0.122449 0.000000
vt 0.877551 0.000000
vt 0.857143 0.000000
vt 0.142857 0.000000
vt 0.836735 0.000000
vt 0.163265 0.000000
vt 0.816327 0.000000
vt 0.183673 0.000000
vt 0.795918 0.000000
vt 0.204082 0.000000
vt 0.775510 0.000000
vt 0.224490 0.000000
vt 0.755102 0.000000
vt 0.244898 0.000000
vt 0.734694 0.000000
vt 0.265306 0.000000
vt 0.285714 0.000000
vt 0.714286 0.000000
vt 0.306122 0.000000
vt 0.693878 0.000000
vt 0.326531 0.000000
vt 0.673469 0.000000
vt 0.346939 0.000000
vt 0.653061 0.000000
vt 0.367347 0.000000
vt 0.632653 0.000000
vt 0.387755 0.000000
vt 0.612245 0.000000
vt 0.591837 0.000000
vt 0.408163 0.000000
vt 0.571429 0.000000
vt 0.428571 0.000000
vt 0.551020 0.000000
vt 0.448980 0.000000
vt 0.530612 0.000000
vt 0.469388 0.000000
vt 0.510204 0.000000
vt 0.489796 0.000000
vt 0.493506 0.000000
vt 0.467532 0.000000
vt 0.480519 0.000000
vt 0.506494 0.000000
vt 0.324675 0.000000
vt 0.298701 0.000000
vt 0.311688 0.000000
vt 0.337662 0.000000
vt 0.350649 0.000000
vt 0.363636 0.000000
vt 0.376623 0.000000
vt 0.285714 0.000000
vt 0.389610 0.000000
vt 0.402597 0.000000
vt 0.415584 0.000000
vt 0.272727 0.000000
vt 0.428571 0.000000
vt 0.441558 0.000000
vt 0.454545 0.000000
vt 0.259740 0.000000
vt 0.545455 0.000000
vt 0.532468 0.000000
vt 0.519481 0.000000
vt 1.000000 0.000000
vt 0.584416 0.000000
vt 0.246753 0.000000
vt 0.571429 0.000000
vt 0.558442 0.000000
vt 0.623377 0.000000
vt 0.233766 0.000000
vt 0.610390 0.000000
vt 0.597403 0.000000
vt 0.662338 0.000000
vt 0.220779 0.000000
vt 0.649351 0.000000
vt 0.636364 0.000000
vt 0.675325 0.000000
vt 0.688312 0.000000
vt 0.207792 0.000000
vt 0.701299 0.000000
vt 0.714286 0.000000
vt 0.987013 0.000000
vt 0.727273 0.000000
vt 0.194805 0.000000
vt 0.740260 0.000000
vt 0.753247 0.000000
vt 0.181818 0.000000
vt 0.766234 0.000000
vt 0.779221 0.000000
vt 0.168831 0.000000
vt 0.792208 0.000000
vt 0.155844 0.000000
vt 0.805195 0.000000
vt 0.818182 0.000000
vt 0.142857 0.000000
vt 0.831169 0.000000
vt 0.844156 0.000000
vt 0.129870 0.000000
vt 0.857143 0.000000
vt 0.116883 0.000000
vt 0.870130 0.000000
vt 0.883117 0.000000
vt 0.103896 0.000000
vt 0.896104 0.000000
vt 0.909091 0.000000
vt 0.090909 0.000000
vt 0.922078 0.000000
vt 0.935065 0.000000
vt 0.948052 0.000000
vt 0.077922 0.000000
vt 0.961039 0.000000
vt 0.974026 0.000000
vt 0.064935 0.000000
vt 0.051948 0.000000
vt 0.038961 0.000000
vt 0.025974 0.000000
vt 0.012987 0.000000
vt 0.000000 0.000000
vt 0.259259 0.000000
vt 0.222222 0.000000
vt 0.240741 0.000000
vt 0.277778 0.000000
vt 0.203704 0.000000
vt 0.296296 0.000000
vt 0.185185 0.000000
vt 0.314815 0.000000
vt 0.333333 0.000000
vt 0.166667 0.000000
vt 0.351852 0.000000
vt 1.000000 0.000000
vt 0.962963 0.000000
vt 0.981481 0.000000
vt 0.000000 0.000000
vt 0.148148 0.000000
vt 0.370370 0.000000
vt 0.388889 0.000000
vt 0.129630 0.000000
vt 0.407407 0.000000
vt 0.111111 0.000000
vt 0.425926 0.000000
vt 0.444444 0.000000
vt 0.092593 0.000000
vt 0.462963 0.000000
vt 0.074074 0.000000
vt 0.648148 0.000000
vt 0.629630 0.000000
vt 0.611111 0.000000
vt 0.592593 0.000000
vt 0.574074 0.000000
vt 0.555556 0.000000
vt 0.537037 0.000000
vt 0.518519 0.000000
vt 0.500000 0.000000
vt 0.481481 0.000000
vt 0.685185 0.000000
vt 0.055556 0.000000
vt 0.666667 0.000000
vt 0.722222 0.000000
vt 0.037037 0.000000
vt 0.703704 0.000000
vt 0.740741 0.000000
vt 0.759259 0.000000
vt 0.018519 0.000000
vt 0.777778 0.000000
vt 0.796296 0.000000
vt 0.870370 0.000000
vt 0.851852 0.000000
vt 0.833333 0.000000
vt 0.814815 0.000000
vt 0.888889 0.000000
vt 0.907407 0.000000
vt 0.925926 0.000000
vt 0.944444 0.000000
vt 0.572254 0.000000
vt 0.560694 0.000000
vt 0.566474 0.000000
vt 0.554913 0.000000
vt 0.578035 0.000000
vt 0.549133 0.000000
vt 0.543353 0.000000
vt 0.583815 0.000000
vt 0.537572 0.000000
vt 0.589595 0.000000
vt 0.531792 0.000000
vt 0.526012 0.000000
vt 0.595376 0.000000
vt 0.520231 0.000000
vt 0.601156 0.000000
vt 0.514451 0.000000
vt 0.508671 0.000000
vt 0.606936 0.000000
vt 0.502890 0.000000
vt 0.612717 0.000000
vt 0.497110 0.000000
vt 0.485549 0.000000
vt 0.491329 0.000000
vt 0.479769 0.000000
vt 0.473988 0.000000
vt 0.468208 0.000000
vt 0.462428 0.000000
vt 0.456647 0.000000
vt 0.450867 0.000000
vt 0.445087 0.000000
vt 0.439306 0.000000
vt 0.433526 0.000000
vt 0.427746 0.000000
vt 0.421965 0.000000
vt 0.618497 0.000000
vt 0.416185 0.000000
vt 0.624277 0.000000
vt 0.410405 0.000000
vt 0.404624 0.000000
vt 0.398844 0.000000
vt 0.393064 0.000000
vt 0.387283 0.000000
vt 0.630058 0.000000
vt 0.381503 0.000000
vt 0.375723 0.000000
vt 0.369942 0.000000
vt 0.635838 0.000000
vt 0.364162 0.000000
vt 0.358382 0.000000
vt 0.641618 0.000000
vt 0.352601 0.000000
vt 0.346821 0.000000
vt 1.000000 0.000000
vt 0.341040 0.000000
vt 0.335260 0.000000
vt 0.329480 0.000000
vt 0.323699 0.000000
vt 0.317919 0.000000
vt 0.791907 0.000000
vt 0.994220 0.000000
vt 0.797688 0.000000
vt 0.312139 0.000000
vt 0.803468 0.000000
vt 0.306358 0.000000
vt 0.809249 0.000000
vt 0.300578 0.000000
vt 0.815029 0.000000
vt 0.820809 0.000000
vt 0.294798 0.000000
vt 0.826590 0.000000
vt 0.289017 0.000000
vt 0.832370 0.000000
vt 0.838150 0.000000
vt 0.283237 0.000000
vt 0.843931 0.000000
vt 0.849711 0.000000
vt 0.277457 0.000000
vt 0.855491 0.000000
vt 0.271676 0.000000
vt 0.861272 0.000000
vt 0.867052 0.000000
vt 0.265896 0.000000
vt 0.872832 0.000000
vt 0.878613 0.000000
vt 0.988439 0.000000
vt 0.260116 0.000000
vt 0.982659 0.000000
vt 0.884393 0.000000
vt 0.976879 0.000000
vt 0.786127 0.000000
vt 0.774566 0.000000
vt 0.780347 0.000000
vt 0.647399 0.000000
vt 0.890173 0.000000
vt 0.768786 0.000000
vt 0.971098 0.000000
vt 0.653179 0.000000
vt 0.763006 0.000000
vt 0.254335 0.000000
vt 0.895954 0.000000
vt 0.658960 0.000000
vt 0.965318 0.000000
vt 0.757225 0.000000
vt 0.664740 0.000000
vt 0.959538 0.000000
vt 0.751445 0.000000
vt 0.901734 0.000000
vt 0.670520 0.000000
vt 0.745665 0.000000
vt 0.953757 0.000000
vt 0.676301 0.000000
vt 0.739884 0.000000
vt 0.907514 0.000000
vt 0.682081 0.000000
vt 0.947977 0.000000
vt 0.734104 0.000000
vt 0.687861 0.000000
vt 0.248555 0.000000
vt 0.728324 0.000000
vt 0.913295 0.000000
vt 0.942197 0.000000
vt 0.693642 0.000000
vt 0.722543 0.000000
vt 0.699422 0.000000
vt 0.716763 0.000000
vt 0.936416 0.000000
vt 0.705202 0.000000
vt 0.710983 0.000000
vt 0.919075 0.000000
vt 0.930636 0.000000
vt 0.924855 0.000000
vt 0.132948 0.000000
vt 0.242775 0.000000
vt 0.138728 0.000000
vt 0.127168 0.000000
vt 0.236994 0.000000
vt 0.144509 0.000000
vt 0.121387 0.000000
vt 0.000000 0.000000
vt 0.231214 0.000000
vt 0.150289 0.000000
vt 0.115607 0.000000
vt 0.005780 0.000000
vt 0.156069 0.000000
vt 0.109827 0.000000
vt 0.225434 0.000000
vt 0.011561 0.000000
vt 0.161850 0.000000
vt 0.104046 0.000000
vt 0.017341 0.000000
vt 0.219653 0.000000
vt 0.167630 0.000000
vt 0.098266 0.000000
vt 0.023121 0.000000
vt 0.173410 0.000000
vt 0.092486 0.000000
vt 0.028902 0.000000
vt 0.213873 0.000000
vt 0.179191 0.000000
vt 0.086705 0.000000
vt 0.034682 0.000000
vt 0.184971 0.000000
vt 0.040462 0.000000
vt 0.080925 0.000000
vt 0.208092 0.000000
vt 0.046243 0.000000
vt 0.190751 0.000000
vt 0.075145 0.000000
vt 0.052023 0.000000
vt 0.196532 0.000000
vt 0.069364 0.000000
vt 0.202312 0.000000
vt 0.057803 0.000000
vt 0.063584 0.000000
vt 0.982143 0.000000
vt 0.946429 0.000000
vt 0.964286 0.000000
vt 1.000000 0.000000
vt 0.232143 0.000000
vt 0.196429 0.000000
vt 0.214286 0.000000
vt 0.178571 0.000000
vt 0.250000 0.000000
vt 0.160714 0.000000
vt 0.142857 0.000000
vt 0.267857 0.000000
vt 0.125000 0.000000
vt 0.285714 0.000000
vt 0.107143 0.000000
vt 0.089286 0.000000
vt 0.303571 0.000000
vt 0.071429 0.000000
vt 0.053571 0.000000
vt 0.321429 0.000000
vt 0.035714 0.000000
vt 0.339286 0.000000
vt 0.017857 0.000000
vt 0.000000 0.000000
vt 0.696429 0.000000
vt 0.357143 0.000000
vt 0.910714 0.000000
vt 0.892857 0.000000
vt 0.875000 0.000000
vt 0.857143 0.000000
vt 0.839286 0.000000
vt 0.821429 0.000000
vt 0.803571 0.000000
vt 0.785714 0.000000
vt 0.767857 0.000000
vt 0.750000 0.000000
vt 0.732143 0.000000
vt 0.714286 0.000000
vt 0.678571 0.000000
vt 0.660714 0.000000
vt 0.642857 0.000000
vt 0.625000 0.000000
vt 0.375000 0.000000
vt 0.607143 0.000000
vt 0.589286 0.000000
vt 0.571429 0.000000
vt 0.392857 0.000000
vt 0.553571 0.000000
vt 0.535714 0.000000
vt 0.410714 0.000000
vt 0.517857 0.000000
vt 0.928571 0.000000
vt 0.500000 0.000000
vt 0.428571 0.000000
vt 0.482143 0.000000
vt 0.464286 0.000000
vt 0.446429 0.000000
vt 0.510204 0.000000
vt 0.469388 0.000000
vt 0.489796 0.000000
vt 0.530612 0.000000
vt 0.448980 0.000000
vt 0.551020 0.000000
vt 0.428571 0.000000
vt 0.571429 0.000000
vt 0.408163 0.000000
vt 0.591837 0.000000
vt 0.387755 0.000000
vt 0.612245 0.000000
vt 0.367347 0.000000
vt 0.632653 0.000000
vt 0.653061 0.000000
vt 0.346939 0.000000
vt 0.673469 0.000000
vt 0.326531 0.000000
vt 0.693878 0.000000
vt 0.306122 0.000000
vt 0.714286 0.000000
vt 0.285714 0.000000
vt 0.734694 0.000000
vt 0.265306 0.000000
vt 0.755102 0.000000
vt 0.244898 0.000000
vt 0.224490 0.000000
vt 0.775510 0.000000
vt 0.204082 0.000000
vt 0.795918 0.000000
vt 0.183673 0.000000
vt 0.816327 0.000000
vt 0.163265 0.000000
vt 0.836735 0.000000
vt 0.142857 0.000000
vt 0.857143 0.000000
vt 0.122449 0.000000
vt 0.877551 0.000000
vt 0.102041 0.000000
vt 0.897959 0.000000
vt 0.918367 0.000000
vt 0.081633 0.000000
vt 0.938776 0.000000
vt 0.061224 0.000000
vt 0.959184 0.000000
vt 0.040816 0.000000
vt 0.979592 0.000000
vt 0.020408 0.000000
vt 1.000000 0.000000
vt 0.000000 0.000000
vt 0.428571 0.000000
vt 0.142857 0.000000
vt 0.285714 0.000000
vt 0.571429 0.000000
vt 0.857143 0.000000
vt 0.714286 0.000000
vt 1.000000 0.000000
vt 0.000000 0.000000
vt 0.572254 0.000000
vt 0.560694 0.000000
vt 0.566474 0.000000
vt 0.554913 0.000000
vt 0.578035 0.000000
vt 0.549133 0.000000
vt 0.543353 0.000000
vt 0.583815 0.000000
vt 0.537572 0.000000
vt 0.589595 0.000000
vt 0.531792 0.000000
vt 0.526012 0.000000
vt 0.595376 0.000000
vt 0.520231 0.000000
vt 0.601156 0.000000
vt 0.514451 0.000000
vt 0.508671 0.000000
vt 0.606936 0.000000
vt 0.502890 0.000000
vt 0.612717 0.000000
vt 0.497110 0.000000
vt 0.485549 0.000000
vt 0.491329 0.000000
vt 0.479769 0.000000
vt 0.473988 0.000000
vt 0.468208 0.000000
vt 0.462428 0.000000
vt 0.456647 0.000000
vt 0.450867 0.000000
vt 0.445087 0.000000
vt 0.439306 0.000000
vt 0.433526 0.000000
vt 0.427746 0.000000
vt 0.421965 0.000000
vt 0.618497 0.000000
vt 0.416185 0.000000
vt 0.624277 0.000000
vt 0.410405 0.000000
vt 0.404624 0.000000
vt 0.398844 0.000000
vt 0.393064 0.000000
vt 0.387283 0.000000
vt 0.630058 0.000000
vt 0.381503 0.000000
vt 0.375723 0.000000
vt 0.369942 0.000000
vt 0.635838 0.000000
vt 0.364162 0.000000
vt 0.358382 0.000000
vt 0.641618 0.000000
vt 0.352601 0.000000
vt 0.346821 0.000000
vt 1.000000 0.000000
vt 0.341040 0.000000
vt 0.335260 0.000000
vt 0.329480 0.000000
vt 0.323699 0.000000
vt 0.317919 0.000000
vt 0.791907 0.000000
vt 0.994220 0.000000
vt 0.797688 0.000000
vt 0.312139 0.000000
vt 0.803468 0.000000
vt 0.306358 0.000000
vt 0.809249 0.000000
vt 0.300578 0.000000
vt 0.815029 0.000000
vt 0.820809 0.000000
vt 0.294798 0.000000
vt 0.826590 0.000000
vt 0.289017 0.000000
vt 0.832370 0.000000
vt 0.838150 0.000000
vt 0.283237 0.000000
vt 0.843931 0.000000
vt 0.849711 0.000000
vt 0.277457 0.000000
vt 0.855491 0.000000
vt 0.271676 0.000000
vt 0.861272 0.000000
vt 0.867052 0.000000
vt 0.265896 0.000000
vt 0.872832 0.000000
vt 0.878613 0.000000
vt 0.988439 0.000000
vt 0.260116 0.000000
vt 0.982659 0.000000
vt 0.884393 0.000000
vt 0.976879 0.000000
vt 0.786127 0.000000
vt 0.774566 0.000000
vt 0.780347 0.000000
vt 0.647399 0.000000
vt 0.890173 0.000000
vt 0.768786 0.000000
vt 0.971098 0.000000
vt 0.653179 0.000000
vt 0.763006 0.000000
vt 0.254335 0.000000
vt 0.895954 0.000000
vt 0.658960 0.000000
vt 0.965318 0.000000
vt 0.757225 0.000000
vt 0.664740 0.000000
vt 0.959538 0.000000
vt 0.751445 0.000000
vt 0.901734 0.000000
vt 0.670520 0.000000
vt 0.745665 0.000000
vt 0.953757 0.000000
vt 0.676301 0.000000
vt 0.739884 0.000000
vt 0.907514 0.000000
vt 0.682081 0.000000
vt 0.947977 0.000000
vt 0.734104 0.000000
vt 0.687861 0.000000
vt 0.248555 0.000000
vt 0.728324 0.000000
vt 0.913295 0.000000
vt 0.942197 0.000000
vt 0.693642 0.000000
vt 0.722543 0.000000
vt 0.699422 0.000000
vt 0.716763 0.000000
vt 0.936416 0.000000
vt 0.705202 0.000000
vt 0.710983 0.000000
vt 0.919075 0.000000
vt 0.930636 0.000000
vt 0.924855 0.000000
vt 0.132948 0.000000
vt 0.242775 0.000000
vt 0.138728 0.000000
vt 0.127168 0.000000
vt 0.236994 0.000000
vt 0.144509 0.000000
vt 0.121387 0.000000
vt 0.000000 0.000000
vt 0.231214 0.000000
vt 0.150289 0.000000
vt 0.115607 0.000000
vt 0.005780 0.000000
vt 0.156069 0.000000
vt 0.109827 0.000000
vt 0.225434 0.000000
vt 0.011561 0.000000
vt 0.161850 0.000000
vt 0.104046 0.000000
vt 0.017341 0.000000
vt 0.219653 0.000000
vt 0.167630 0.000000
vt 0.098266 0.000000
vt 0.023121 0.000000
vt 0.173410 0.000000
vt 0.092486 0.000000
vt 0.028902 0.000000
vt 0.213873 0.000000
vt 0.179191 0.000000
vt 0.086705 0.000000
vt 0.034682 0.000000
vt 0.184971 0.000000
vt 0.040462 0.000000
vt 0.080925 0.000000
vt 0.208092 0.000000
vt 0.046243 0.000000
vt 0.190751 0.000000
vt 0.075145 0.000000
vt 0.052023 0.000000
vt 0.196532 0.000000
vt 0.069364 0.000000
vt 0.202312 0.000000
vt 0.057803 0.000000
vt 0.063584 0.000000
vt 0.666667 0.000000
vt 0.000000 0.000000
vt 0.333333 0.000000
vt 1.000000 0.000000
vt 0.981818 0.000000
vt 0.472727 0.000000
vt 0.490909 0.000000
vt 0.509091 0.000000
vt 0.000000 0.000000
vt 0.018182 0.000000
vt 0.036364 0.000000
vt 0.054545 0.000000
vt 0.072727 0.000000
vt 0.090909 0.000000
vt 0.109091 0.000000
vt 0.963636 0.000000
vt 0.127273 0.000000
vt 1.000000 0.000000
vt 0.945455 0.000000
vt 0.927273 0.000000
vt 0.909091 0.000000
vt 0.145455 0.000000
vt 0.890909 0.000000
vt 0.872727 0.000000
vt 0.854545 0.000000
vt 0.163636 0.000000
vt 0.836364 0.000000
vt 0.818182 0.000000
vt 0.800000 0.000000
vt 0.181818 0.000000
vt 0.781818 0.000000
vt 0.763636 0.000000
vt 0.200000 0.000000
vt 0.745455 0.000000
vt 0.727273 0.000000
vt 0.218182 0.000000
vt 0.709091 0.000000
vt 0.236364 0.000000
vt 0.690909 0.000000
vt 0.672727 0.000000
vt 0.254545 0.000000
vt 0.654545 0.000000
vt 0.636364 0.000000
vt 0.272727 0.000000
vt 0.618182 0.000000
vt 0.600000 0.000000
vt 0.581818 0.000000
vt 0.563636 0.000000
vt 0.290909 0.000000
vt 0.545455 0.000000
vt 0.527273 0.000000
vt 0.436364 0.000000
vt 0.309091 0.000000
vt 0.327273 0.000000
vt 0.345455 0.000000
vt 0.363636 0.000000
vt 0.381818 0.000000
vt 0.400000 0.000000
vt 0.418182 0.000000
vt 0.454545 0.000000
vt 0.034483 1.000000
vt 0.000000 0.000000
vt 0.000000 1.000000
vt 0.068966 1.000000
vt 0.034483 0.000000
vt 0.103448 1.000000
vt 0.068966 0.000000
vt 0.137931 1.000000
vt 0.103448 0.000000
vt 0.172414 1.000000
vt 0.137931 0.000000
vt 0.206897 1.000000
vt 0.172414 0.000000
vt 0.241379 1.000000
vt 0.206897 0.000000
vt 0.275862 1.000000
vt 0.241379 0.000000
vt 0.310345 1.000000
vt 0.275862 0.000000
vt 0.344828 1.000000
vt 0.310345 0.000000
vt 0.379310 1.000000
vt 0.344828 0.000000
vt 0.413793 1.000000
vt 0.379310 0.000000
vt 0.448276 1.000000
vt 0.413793 0.000000
vt 0.482759 1.000000
vt 0.448276 0.000000
vt 0.517241 1.000000
vt 0.482759 0.000000
vt 0.551724 1.000000
vt 0.517241 0.000000
vt 0.586207 1.000000
vt 0.551724 0.000000
vt 0.620690 1.000000
vt 0.586207 0.000000
vt 0.655172 1.000000
vt 0.620690 0.000000
vt 0.689655 1.000000
vt 0.655172 0.000000
vt 0.724138 1.000000
vt 0.689655 0.000000
vt 0.758621 1.000000
vt 0.724138 0.000000
vt 0.793103 1.000000
vt 0.758621 0.000000
vt 0.827586 1.000000
vt 0.793103 0.000000
vt 0.862069 1.000000
vt 0.827586 0.000000
vt 0.896552 1.000000
vt 0.862069 0.000000
vt 0.931035 1.000000
vt 0.896552 0.000000
vt 0.965517 1.000000
vt 0.931035 0.000000
vt 1.000000 1.000000
vt 0.965517 0.000000
vt 0.037037 1.000000
vt 0.000000 0.000000
vt 0.000000 1.000000
vt 0.074074 1.000000
vt 0.037037 0.000000
vt 0.111111 1.000000
vt 0.074074 0.000000
vt 0.148148 1.000000
vt 0.111111 0.000000
vt 0.185185 1.000000
vt 0.148148 0.000000
vt 0.222222 1.000000
vt 0.185185 0.000000
vt 0.259259 1.000000
vt 0.222222 0.000000
vt 0.296296 1.000000
vt 0.259259 0.000000
vt 0.333333 1.000000
vt 0.296296 0.000000
vt 0.370370 1.000000
vt 0.333333 0.000000
vt 0.407407 1.000000
vt 0.370370 0.000000
vt 0.444444 1.000000
vt 0.407407 0.000000
vt 0.481481 1.000000
vt 0.444444 0.000000
vt 0.518519 1.000000
vt 0.481481 0.000000
vt 0.555556 1.000000
vt 0.518519 0.000000
vt 0.592593 1.000000
vt 0.555556 0.000000
vt 0.629630 1.000000
vt 0.592593 0.000000
vt 0.666667 1.000000
vt 0.629630 0.000000
vt 0.703704 1.000000
vt 0.666667 0.000000
vt 0.740741 1.000000
vt 0.703704 0.000000
vt 0.777778 1.000000
vt 0.740741 0.000000
vt 0.814815 1.000000
vt 0.777778 0.000000
vt 0.851852 1.000000
vt 0.814815 0.000000
vt 0.888889 1.000000
vt 0.851852 0.000000
vt 0.925926 1.000000
vt 0.888889 0.000000
vt 0.962963 1.000000
vt 0.925926 0.000000
vt 1.000000 1.000000
vt 0.962963 0.000000
vt 0.250000 1.000000
vt 0.000000 0.000000
vt 0.000000 1.000000
vt 0.500000 1.000000
vt 0.250000 0.000000
vt 0.750000 1.000000
vt 0.500000 0.000000
vt 1.000000 1.000000
vt 0.750000 0.000000
vt 0.007299 1.000000
vt 0.000000 0.000000
vt 0.000000 1.000000
vt 0.014599 1.000000
vt 0.007299 0.000000
vt 0.021898 1.000000
vt 0.014599 0.000000
vt 0.029197 1.000000
vt 0.021898 0.000000
vt 0.036496 1.000000
vt 0.029197 0.000000
vt 0.043796 1.000000
vt 0.036496 0.000000
vt 0.051095 1.000000
vt 0.043796 0.000000
vt 0.058394 1.000000
vt 0.051095 0.000000
vt 0.065693 1.000000
vt 0.058394 0.000000
vt 0.072993 1.000000
vt 0.065693 0.000000
vt 0.080292 1.000000
vt 0.072993 0.000000
vt 0.087591 1.000000
vt 0.080292 0.000000
vt 0.094891 1.000000
vt 0.087591 0.000000
vt 0.102190 1.000000
vt 0.094891 0.000000
vt 0.109489 1.000000
vt 0.102190 0.000000
vt 0.116788 1.000000
vt 0.109489 0.000000
vt 0.124088 1.000000
vt 0.116788 0.000000
vt 0.131387 1.000000
vt 0.124088 0.000000
vt 0.138686 1.000000
vt 0.131387 0.000000
vt 0.145985 1.000000
vt 0.138686 0.000000
vt 0.153285 1.000000
vt 0.145985 0.000000
vt 0.160584 1.000000
vt 0.153285 0.000000
vt 0.167883 1.000000
vt 0.160584 0.000000
vt 0.175182 1.000000
vt 0.167883 0.000000
vt 0.182482 1.000000
vt 0.175182 0.000000
vt 0.189781 1.000000
vt 0.182482 0.000000
vt 0.197080 1.000000
vt 0.189781 0.000000
vt 0.204380 1.000000
vt 0.197080 0.000000
vt 0.211679 1.000000
vt 0.204380 0.000000
vt 0.218978 1.000000
vt 0.211679 0.000000
vt 0.226277 1.000000
vt 0.218978 0.000000
vt 0.233577 1.000000
vt 0.226277 0.000000
vt 0.240876 1.000000
vt 0.233577 0.000000
vt 0.248175 1.000000
vt 0.240876 0.000000
vt 0.255474 1.000000
vt 0.248175 0.000000
vt 0.262774 1.000000
vt 0.255474 0.000000
vt 0.270073 1.000000
vt 0.262774 0.000000
vt 0.277372 1.000000
vt 0.270073 0.000000
vt 0.284672 1.000000
vt 0.277372 0.000000
vt 0.291971 1.000000
vt 0.284672 0.000000
vt 0.299270 1.000000
vt 0.291971 0.000000
vt 0.306569 1.000000
vt 0.299270 0.000000
vt 0.313869 1.000000
vt 0.306569 0.000000
vt 0.321168 1.000000
vt 0.313869 0.000000
vt 0.328467 1.000000
vt 0.321168 0.000000
vt 0.335766 1.000000
vt 0.328467 0.000000
vt 0.343066 1.000000
vt 0.335766 0.000000
vt 0.350365 1.000000
vt 0.343066 0.000000
vt 0.357664 1.000000
vt 0.350365 0.000000
vt 0.364964 1.000000
vt 0.357664 0.000000
vt 0.372263 1.000000
vt 0.364964 0.000000
vt 0.379562 1.000000
vt 0.372263 0.000000
vt 0.386861 1.000000
vt 0.379562 0.000000
vt 0.394161 1.000000
vt 0.386861 0.000000
vt 0.401460 1.000000
vt 0.394161 0.000000
vt 0.408759 1.000000
vt 0.401460 0.000000
vt 0.416058 1.000000
vt 0.408759 0.000000
vt 0.423358 1.000000
vt 0.416058 0.000000
vt 0.430657 1.000000
vt 0.423358 0.000000
vt 0.437956 1.000000
vt 0.430657 0.000000
vt 0.445255 1.000000
vt 0.437956 0.000000
vt 0.452555 1.000000
vt 0.445255 0.000000
vt 0.459854 1.000000
vt 0.452555 0.000000
vt 0.467153 1.000000
vt 0.459854 0.000000
vt 0.474453 1.000000
vt 0.467153 0.000000
vt 0.481752 1.000000
vt 0.474453 0.000000
vt 0.489051 1.000000
vt 0.481752 0.000000
vt 0.496350 1.000000
vt 0.489051 0.000000
vt 0.503650 1.000000
vt 0.496350 0.000000
vt 0.510949 1.000000
vt 0.503650 0.000000
vt 0.518248 1.000000
vt 0.510949 0.000000
vt 0.525547 1.000000
vt 0.518248 0.000000
vt 0.532847 1.000000
vt 0.525547 0.000000
vt 0.540146 1.000000
vt 0.532847 0.000000
vt 0.547445 1.000000
vt 0.540146 0.000000
vt 0.554745 1.000000
vt 0.547445 0.000000
vt 0.562044 1.000000
vt 0.554745 0.000000
vt 0.569343 1.000000
vt 0.562044 0.000000
vt 0.576642 1.000000
vt 0.569343 0.000000
vt 0.583942 1.000000
vt 0.576642 0.000000
vt 0.591241 1.000000
vt 0.583942 0.000000
vt 0.598540 1.000000
vt 0.591241 0.000000
vt 0.605839 1.000000
vt 0.598540 0.000000
vt 0.613139 1.000000
vt 0.605839 0.000000
vt 0.620438 1.000000
vt 0.613139 0.000000
vt 0.627737 1.000000
vt 0.620438 0.000000
vt 0.635036 1.000000
vt 0.627737 0.000000
vt 0.642336 1.000000
vt 0.635036 0.000000
vt 0.649635 1.000000
vt 0.642336 0.000000
vt 0.656934 1.000000
vt 0.649635 0.000000
vt 0.664234 1.000000
vt 0.656934 0.000000
vt 0.671533 1.000000
vt 0.664234 0.000000
vt 0.678832 1.000000
vt 0.671533 0.000000
vt 0.686131 1.000000
vt 0.678832 0.000000
vt 0.693431 1.000000
vt 0.686131 0.000000
vt 0.700730 1.000000
vt 0.693431 0.000000
vt 0.708029 1.000000
vt 0.700730 0.000000
vt 0.715328 1.000000
vt 0.708029 0.000000
vt 0.722628 1.000000
vt 0.715328 0.000000
vt 0.729927 1.000000
vt 0.722628 0.000000
vt 0.737226 1.000000
vt 0.729927 0.000000
vt 0.744526 1.000000
vt 0.737226 0.000000
vt 0.751825 1.000000
vt 0.744526 0.000000
vt 0.759124 1.000000
vt 0.751825 0.000000
vt 0.766423 1.000000
vt 0.759124 0.000000
vt 0.773723 1.000000
vt 0.766423 0.000000
vt 0.781022 1.000000
vt 0.773723 0.000000
vt 0.788321 1.000000
vt 0.781022 0.000000
vt 0.795620 1.000000
vt 0.788321 0.000000
vt 0.802920 1.000000
vt 0.795620 0.000000
vt 0.810219 1.000000
vt 0.802920 0.000000
vt 0.817518 1.000000
vt 0.810219 0.000000
vt 0.824818 1.000000
vt 0.817518 0.000000
vt 0.832117 1.000000
vt 0.824818 0.000000
vt 0.839416 1.000000
vt 0.832117 0.000000
vt 0.846715 1.000000
vt 0.839416 0.000000
vt 0.854015 1.000000
vt 0.846715 0.000000
vt 0.861314 1.000000
vt 0.854015 0.000000
vt 0.868613 1.000000
vt 0.861314 0.000000
vt 0.875912 1.000000
vt 0.868613 0.000000
vt 0.883212 1.000000
vt 0.875912 0.000000
vt 0.890511 1.000000
vt 0.883212 0.000000
vt 0.897810 1.000000
vt 0.890511 0.000000
vt 0.905109 1.000000
vt 0.897810 0.000000
vt 0.912409 1.000000
vt 0.905109 0.000000
vt 0.919708 1.000000
vt 0.912409 0.000000
vt 0.927007 1.000000
vt 0.919708 0.000000
vt 0.934307 1.000000
vt 0.927007 0.000000
vt 0.941606 1.000000
vt 0.934307 0.000000
vt 0.948905 1.000000
vt 0.941606 0.000000
vt 0.956204 1.000000
vt 0.948905 0.000000
vt 0.963504 1.000000
vt 0.956204 0.000000
vt 0.970803 1.000000
vt 0.963504 0.000000
vt 0.978102 1.000000
vt 0.970803 0.000000
vt 0.985401 1.000000
vt 0.978102 0.000000
vt 0.992701 1.000000
vt 0.985401 0.000000
vt 1.000000 1.000000
vt 0.992701 0.000000
vt 0.027027 1.000000
vt 0.000000 0.000000
vt 0.000000 1.000000
vt 0.054054 1.000000
vt 0.027027 0.000000
vt 0.081081 1.000000
vt 0.054054 0.000000
vt 0.108108 1.000000
vt 0.081081 0.000000
vt 0.135135 1.000000
vt 0.108108 0.000000
vt 0.162162 1.000000
vt 0.135135 0.000000
vt 0.189189 1.000000
vt 0.162162 0.000000
vt 0.216216 1.000000
vt 0.189189 0.000000
vt 0.243243 1.000000
vt 0.216216 0.000000
vt 0.270270 1.000000
vt 0.243243 0.000000
vt 0.297297 1.000000
vt 0.270270 0.000000
vt 0.324324 1.000000
vt 0.297297 0.000000
vt 0.351351 1.000000
vt 0.324324 0.000000
vt 0.378378 1.000000
vt 0.351351 0.000000
vt 0.405405 1.000000
vt 0.378378 0.000000
vt 0.432432 1.000000
vt 0.405405 0.000000
vt 0.459459 1.000000
vt 0.432432 0.000000
vt 0.486486 1.000000
vt 0.459459 0.000000
vt 0.513514 1.000000
vt 0.486486 0.000000
vt 0.540541 1.000000
vt 0.513514 0.000000
vt 0.567568 1.000000
vt 0.540541 0.000000
vt 0.594595 1.000000
vt 0.567568 0.000000
vt 0.621622 1.000000
vt 0.594595 0.000000
vt 0.648649 1.000000
vt 0.621622 0.000000
vt 0.675676 1.000000
vt 0.648649 0.000000
vt 0.702703 1.000000
vt 0.675676 0.000000
vt 0.729730 1.000000
vt 0.702703 0.000000
vt 0.756757 1.000000
vt 0.729730 0.000000
vt 0.783784 1.000000
vt 0.756757 0.000000
vt 0.810811 1.000000
vt 0.783784 0.000000
vt 0.837838 1.000000
vt 0.810811 0.000000
vt 0.864865 1.000000
vt 0.837838 0.000000
vt 0.891892 1.000000
vt 0.864865 0.000000
vt 0.918919 1.000000
vt 0.891892 0.000000
vt 0.945946 1.000000
vt 0.918919 0.000000
vt 0.972973 1.000000
vt 0.945946 0.000000
vt 1.000000 1.000000
vt 0.972973 0.000000
vt 0.125000 1.000000
vt 0.000000 0.000000
vt 0.000000 1.000000
vt 0.250000 1.000000
vt 0.125000 0.000000
vt 0.375000 1.000000
vt 0.250000 0.000000
vt 0.500000 1.000000
vt 0.375000 0.000000
vt 0.625000 1.000000
vt 0.500000 0.000000
vt 0.750000 1.000000
vt 0.625000 0.000000
vt 0.875000 1.000000
vt 0.750000 0.000000
vt 1.000000 1.000000
vt 0.875000 0.000000
vt 0.020000 1.000000
vt 0.000000 0.000000
vt 0.000000 1.000000
vt 0.040000 1.000000
vt 0.020000 0.000000
vt 0.060000 1.000000
vt 0.040000 0.000000
vt 0.080000 1.000000
vt 0.060000 0.000000
vt 0.100000 1.000000
vt 0.080000 0.000000
vt 0.120000 1.000000
vt 0.100000 0.000000
vt 0.140000 1.000000
vt 0.120000 0.000000
vt 0.160000 1.000000
vt 0.140000 0.000000
vt 0.180000 1.000000
vt 0.160000 0.000000
vt 0.200000 1.000000
vt 0.180000 0.000000
vt 0.220000 1.000000
vt 0.200000 0.000000
vt 0.240000 1.000000
vt 0.220000 0.000000
vt 0.260000 1.000000
vt 0.240000 0.000000
vt 0.280000 1.000000
vt 0.260000 0.000000
vt 0.300000 1.000000
vt 0.280000 0.000000
vt 0.320000 1.000000
vt 0.300000 0.000000
vt 0.340000 1.000000
vt 0.320000 0.000000
vt 0.360000 1.000000
vt 0.340000 0.000000
vt 0.380000 1.000000
vt 0.360000 0.000000
vt 0.400000 1.000000
vt 0.380000 0.000000
vt 0.420000 1.000000
vt 0.400000 0.000000
vt 0.440000 1.000000
vt 0.420000 0.000000
vt 0.460000 1.000000
vt 0.440000 0.000000
vt 0.480000 1.000000
vt 0.460000 0.000000
vt 0.500000 1.000000
vt 0.480000 0.000000
vt 0.520000 1.000000
vt 0.500000 0.000000
vt 0.540000 1.000000
vt 0.520000 0.000000
vt 0.560000 1.000000
vt 0.540000 0.000000
vt 0.580000 1.000000
vt 0.560000 0.000000
vt 0.600000 1.000000
vt 0.580000 0.000000
vt 0.620000 1.000000
vt 0.600000 0.000000
vt 0.640000 1.000000
vt 0.620000 0.000000
vt 0.660000 1.000000
vt 0.640000 0.000000
vt 0.680000 1.000000
vt 0.660000 0.000000
vt 0.700000 1.000000
vt 0.680000 0.000000
vt 0.720000 1.000000
vt 0.700000 0.000000
vt 0.740000 1.000000
vt 0.720000 0.000000
vt 0.760000 1.000000
vt 0.740000 0.000000
vt 0.780000 1.000000
vt 0.760000 0.000000
vt 0.800000 1.000000
vt 0.780000 0.000000
vt 0.820000 1.000000
vt 0.800000 0.000000
vt 0.840000 1.000000
vt 0.820000 0.000000
vt 0.860000 1.000000
vt 0.840000 0.000000
vt 0.880000 1.000000
vt 0.860000 0.000000
vt 0.900000 1.000000
vt 0.880000 0.000000
vt 0.920000 1.000000
vt 0.900000 0.000000
vt 0.940000 1.000000
vt 0.920000 0.000000
vt 0.960000 1.000000
vt 0.940000 0.000000
vt 0.980000 1.000000
vt 0.960000 0.000000
vt 1.000000 1.000000
vt 0.980000 0.000000
vt 0.017544 1.000000
vt 0.000000 0.000000
vt 0.000000 1.000000
vt 0.035088 1.000000
vt 0.017544 0.000000
vt 0.052632 1.000000
vt 0.035088 0.000000
vt 0.070175 1.000000
vt 0.052632 0.000000
vt 0.087719 1.000000
vt 0.070175 0.000000
vt 0.105263 1.000000
vt 0.087719 0.000000
vt 0.122807 1.000000
vt 0.105263 0.000000
vt 0.140351 1.000000
vt 0.122807 0.000000
vt 0.157895 1.000000
vt 0.140351 0.000000
vt 0.175439 1.000000
vt 0.157895 0.000000
vt 0.192982 1.000000
vt 0.175439 0.000000
vt 0.210526 1.000000
vt 0.192982 0.000000
vt 0.228070 1.000000
vt 0.210526 0.000000
vt 0.245614 1.000000
vt 0.228070 0.000000
vt 0.263158 1.000000
vt 0.245614 0.000000
vt 0.280702 1.000000
vt 0.263158 0.000000
vt 0.298246 1.000000
vt 0.280702 0.000000
vt 0.315789 1.000000
vt 0.298246 0.000000
vt 0.333333 1.000000
vt 0.315789 0.000000
vt 0.350877 1.000000
vt 0.333333 0.000000
vt 0.368421 1.000000
vt 0.350877 0.000000
vt 0.385965 1.000000
vt 0.368421 0.000000
vt 0.403509 1.000000
vt 0.385965 0.000000
vt 0.421053 1.000000
vt 0.403509 0.000000
vt 0.438596 1.000000
vt 0.421053 0.000000
vt 0.456140 1.000000
vt 0.438596 0.000000
vt 0.473684 1.000000
vt 0.456140 0.000000
vt 0.491228 1.000000
vt 0.473684 0.000000
vt 0.508772 1.000000
vt 0.491228 0.000000
vt 0.526316 1.000000
vt 0.508772 0.000000
vt 0.543860 1.000000
vt 0.526316 0.000000
vt 0.561404 1.000000
vt 0.543860 0.000000
vt 0.578947 1.000000
vt 0.561404 0.000000
vt 0.596491 1.000000
vt 0.578947 0.000000
vt 0.614035 1.000000
vt 0.596491 0.000000
vt 0.631579 1.000000
vt 0.614035 0.000000
vt 0.649123 1.000000
vt 0.631579 0.000000
vt 0.666667 1.000000
vt 0.649123 0.000000
vt 0.684211 1.000000
vt 0.666667 0.000000
vt 0.701754 1.000000
vt 0.684211 0.000000
vt 0.719298 1.000000
vt 0.701754 0.000000
vt 0.736842 1.000000
vt 0.719298 0.000000
vt 0.754386 1.000000
vt 0.736842 0.000000
vt 0.771930 1.000000
vt 0.754386 0.000000
vt 0.789474 1.000000
vt 0.771930 0.000000
vt 0.807018 1.000000
vt 0.789474 0.000000
vt 0.824561 1.000000
vt 0.807018 0.000000
vt 0.842105 1.000000
vt 0.824561 0.000000
vt 0.859649 1.000000
vt 0.842105 0.000000
vt 0.877193 1.000000
vt 0.859649 0.000000
vt 0.894737 1.000000
vt 0.877193 0.000000
vt 0.912281 1.000000
vt 0.894737 0.000000
vt 0.929825 1.000000
vt 0.912281 0.000000
vt 0.947368 1.000000
vt 0.929825 0.000000
vt 0.964912 1.000000
vt 0.947368 0.000000
vt 0.982456 1.000000
vt 0.964912 0.000000
vt 1.000000 1.000000
vt 0.982456 0.000000
vt 0.007299 1.000000
vt 0.000000 0.000000
vt 0.000000 1.000000
vt 0.014599 1.000000
vt 0.007299 0.000000
vt 0.021898 1.000000
vt 0.014599 0.000000
vt 0.029197 1.000000
vt 0.021898 0.000000
vt 0.036496 1.000000
vt 0.029197 0.000000
vt 0.043796 1.000000
vt 0.036496 0.000000
vt 0.051095 1.000000
vt 0.043796 0.000000
vt 0.058394 1.000000
vt 0.051095 0.000000
vt 0.065693 1.000000
vt 0.058394 0.000000
vt 0.072993 1.000000
vt 0.065693 0.000000
vt 0.080292 1.000000
vt 0.072993 0.000000
vt 0.087591 1.000000
vt 0.080292 0.000000
vt 0.094891 1.000000
vt 0.087591 0.000000
vt 0.102190 1.000000
vt 0.094891 0.000000
vt 0.109489 1.000000
vt 0.102190 0.000000
vt 0.116788 1.000000
vt 0.109489 0.000000
vt 0.124088 1.000000
vt 0.116788 0.000000
vt 0.131387 1.000000
vt 0.124088 0.000000
vt 0.138686 1.000000
vt 0.131387 0.000000
vt 0.145985 1.000000
vt 0.138686 0.000000
vt 0.153285 1.000000
vt 0.145985 0.000000
vt 0.160584 1.000000
vt 0.153285 0.000000
vt 0.167883 1.000000
vt 0.160584 0.000000
vt 0.175182 1.000000
vt 0.167883 0.000000
vt 0.182482 1.000000
vt 0.175182 0.000000
vt 0.189781 1.000000
vt 0.182482 0.000000
vt 0.197080 1.000000
vt 0.189781 0.000000
vt 0.204380 1.000000
vt 0.197080 0.000000
vt 0.211679 1.000000
vt 0.204380 0.000000
vt 0.218978 1.000000
vt 0.211679 0.000000
vt 0.226277 1.000000
vt 0.218978 0.000000
vt 0.233577 1.000000
vt 0.226277 0.000000
vt 0.240876 1.000000
vt 0.233577 0.000000
vt 0.248175 1.000000
vt 0.240876 0.000000
vt 0.255474 1.000000
vt 0.248175 0.000000
vt 0.262774 1.000000
vt 0.255474 0.000000
vt 0.270073 1.000000
vt 0.262774 0.000000
vt 0.277372 1.000000
vt 0.270073 0.000000
vt 0.284672 1.000000
vt 0.277372 0.000000
vt 0.291971 1.000000
vt 0.284672 0.000000
vt 0.299270 1.000000
vt 0.291971 0.000000
vt 0.306569 1.000000
vt 0.299270 0.000000
vt 0.313869 1.000000
vt 0.306569 0.000000
vt 0.321168 1.000000
vt 0.313869 0.000000
vt 0.328467 1.000000
vt 0.321168 0.000000
vt 0.335766 1.000000
vt 0.328467 0.000000
vt 0.343066 1.000000
vt 0.335766 0.000000
vt 0.350365 1.000000
vt 0.343066 0.000000
vt 0.357664 1.000000
vt 0.350365 0.000000
vt 0.364964 1.000000
vt 0.357664 0.000000
vt 0.372263 1.000000
vt 0.364964 0.000000
vt 0.379562 1.000000
vt 0.372263 0.000000
vt 0.386861 1.000000
vt 0.379562 0.000000
vt 0.394161 1.000000
vt 0.386861 0.000000
vt 0.401460 1.000000
vt 0.394161 0.000000
vt 0.408759 1.000000
vt 0.401460 0.000000
vt 0.416058 1.000000
vt 0.408759 0.000000
vt 0.423358 1.000000
vt 0.416058 0.000000
vt 0.430657 1.000000
vt 0.423358 0.000000
vt 0.437956 1.000000
vt 0.430657 0.000000
vt 0.445255 1.000000
vt 0.437956 0.000000
vt 0.452555 1.000000
vt 0.445255 0.000000
vt 0.459854 1.000000
vt 0.452555 0.000000
vt 0.467153 1.000000
vt 0.459854 0.000000
vt 0.474453 1.000000
vt 0.467153 0.000000
vt 0.481752 1.000000
vt 0.474453 0.000000
vt 0.489051 1.000000
vt 0.481752 0.000000
vt 0.496350 1.000000
vt 0.489051 0.000000
vt 0.503650 1.000000
vt 0.496350 0.000000
vt 0.510949 1.000000
vt 0.503650 0.000000
vt 0.518248 1.000000
vt 0.510949 0.000000
vt 0.525547 1.000000
vt 0.518248 0.000000
vt 0.532847 1.000000
vt 0.525547 0.000000
vt 0.540146 1.000000
vt 0.532847 0.000000
vt 0.547445 1.000000
vt 0.540146 0.000000
vt 0.554745 1.000000
vt 0.547445 0.000000
vt 0.562044 1.000000
vt 0.554745 0.000000
vt 0.569343 1.000000
vt 0.562044 0.000000
vt 0.576642 1.000000
vt 0.569343 0.000000
vt 0.583942 1.000000
vt 0.576642 0.000000
vt 0.591241 1.000000
vt 0.583942 0.000000
vt 0.598540 1.000000
vt 0.591241 0.000000
vt 0.605839 1.000000
vt 0.598540 0.000000
vt 0.613139 1.000000
vt 0.605839 0.000000
vt 0.620438 1.000000
vt 0.613139 0.000000
vt 0.627737 1.000000
vt 0.620438 0.000000
vt 0.635036 1.000000
vt 0.627737 0.000000
vt 0.642336 1.000000
vt 0.635036 0.000000
vt 0.649635 1.000000
vt 0.642336 0.000000
vt 0.656934 1.000000
vt 0.649635 0.000000
vt 0.664234 1.000000
vt 0.656934 0.000000
vt 0.671533 1.000000
vt 0.664234 0.000000
vt 0.678832 1.000000
vt 0.671533 0.000000
vt 0.686131 1.000000
vt 0.678832 0.000000
vt 0.693431 1.000000
vt 0.686131 0.000000
vt 0.700730 1.000000
vt 0.693431 0.000000
vt 0.708029 1.000000
vt 0.700730 0.000000
vt 0.715328 1.000000
vt 0.708029 0.000000
vt 0.722628 1.000000
vt 0.715328 0.000000
vt 0.729927 1.000000
vt 0.722628 0.000000
vt 0.737226 1.000000
vt 0.729927 0.000000
vt 0.744526 1.000000
vt 0.737226 0.000000
vt 0.751825 1.000000
vt 0.744526 0.000000
vt 0.759124 1.000000
vt 0.751825 0.000000
vt 0.766423 1.000000
vt 0.759124 0.000000
vt 0.773723 1.000000
vt 0.766423 0.000000
vt 0.781022 1.000000
vt 0.773723 0.000000
vt 0.788321 1.000000
vt 0.781022 0.000000
vt 0.795620 1.000000
vt 0.788321 0.000000
vt 0.802920 1.000000
vt 0.795620 0.000000
vt 0.810219 1.000000
vt 0.802920 0.000000
vt 0.817518 1.000000
vt 0.810219 0.000000
vt 0.824818 1.000000
vt 0.817518 0.000000
vt 0.832117 1.000000
vt 0.824818 0.000000
vt 0.839416 1.000000
vt 0.832117 0.000000
vt 0.846715 1.000000
vt 0.839416 0.000000
vt 0.854015 1.000000
vt 0.846715 0.000000
vt 0.861314 1.000000
vt 0.854015 0.000000
vt 0.868613 1.000000
vt 0.861314 0.000000
vt 0.875912 1.000000
vt 0.868613 0.000000
vt 0.883212 1.000000
vt 0.875912 0.000000
vt 0.890511 1.000000
vt 0.883212 0.000000
vt 0.897810 1.000000
vt 0.890511 0.000000
vt 0.905109 1.000000
vt 0.897810 0.000000
vt 0.912409 1.000000
vt 0.905109 0.000000
vt 0.919708 1.000000
vt 0.912409 0.000000
vt 0.927007 1.000000
vt 0.919708 0.000000
vt 0.934307 1.000000
vt 0.927007 0.000000
vt 0.941606 1.000000
vt 0.934307 0.000000
vt 0.948905 1.000000
vt 0.941606 0.000000
vt 0.956204 1.000000
vt 0.948905 0.000000
vt 0.963504 1.000000
vt 0.956204 0.000000
vt 0.970803 1.000000
vt 0.963504 0.000000
vt 0.978102 1.000000
vt 0.970803 0.000000
vt 0.985401 1.000000
vt 0.978102 0.000000
vt 0.992701 1.000000
vt 0.985401 0.000000
vt 1.000000 1.000000
vt 0.992701 0.000000
vt 0.027027 1.000000
vt 0.000000 0.000000
vt 0.000000 1.000000
vt 0.054054 1.000000
vt 0.027027 0.000000
vt 0.081081 1.000000
vt 0.054054 0.000000
vt 0.108108 1.000000
vt 0.081081 0.000000
vt 0.135135 1.000000
vt 0.108108 0.000000
vt 0.162162 1.000000
vt 0.135135 0.000000
vt 0.189189 1.000000
vt 0.162162 0.000000
vt 0.216216 1.000000
vt 0.189189 0.000000
vt 0.243243 1.000000
vt 0.216216 0.000000
vt 0.270270 1.000000
vt 0.243243 0.000000
vt 0.297297 1.000000
vt 0.270270 0.000000
vt 0.324324 1.000000
vt 0.297297 0.000000
vt 0.351351 1.000000
vt 0.324324 0.000000
vt 0.378378 1.000000
vt 0.351351 0.000000
vt 0.405405 1.000000
vt 0.378378 0.000000
vt 0.432432 1.000000
vt 0.405405 0.000000
vt 0.459459 1.000000
vt 0.432432 0.000000
vt 0.486486 1.000000
vt 0.459459 0.000000
vt 0.513514 1.000000
vt 0.486486 0.000000
vt 0.540541 1.000000
vt 0.513514 0.000000
vt 0.567568 1.000000
vt 0.540541 0.000000
vt 0.594595 1.000000
vt 0.567568 0.000000
vt 0.621622 1.000000
vt 0.594595 0.000000
vt 0.648649 1.000000
vt 0.621622 0.000000
vt 0.675676 1.000000
vt 0.648649 0.000000
vt 0.702703 1.000000
vt 0.675676 0.000000
vt 0.729730 1.000000
vt 0.702703 0.000000
vt 0.756757 1.000000
vt 0.729730 0.000000
vt 0.783784 1.000000
vt 0.756757 0.000000
vt 0.810811 1.000000
vt 0.783784 0.000000
vt 0.837838 1.000000
vt 0.810811 0.000000
vt 0.864865 1.000000
vt 0.837838 0.000000
vt 0.891892 1.000000
vt 0.864865 0.000000
vt 0.918919 1.000000
vt 0.891892 0.000000
vt 0.945946 1.000000
vt 0.918919 0.000000
vt 0.972973 1.000000
vt 0.945946 0.000000
vt 1.000000 1.000000
vt 0.972973 0.000000
vt 0.018182 1.000000
vt 0.000000 0.000000
vt 0.000000 1.000000
vt 0.036364 1.000000
vt 0.018182 0.000000
vt 0.054545 1.000000
vt 0.036364 0.000000
vt 0.072727 1.000000
vt 0.054545 0.000000
vt 0.090909 1.000000
vt 0.072727 0.000000
vt 0.109091 1.000000
vt 0.090909 0.000000
vt 0.127273 1.000000
vt 0.109091 0.000000
vt 0.145455 1.000000
vt 0.127273 0.000000
vt 0.163636 1.000000
vt 0.145455 0.000000
vt 0.181818 1.000000
vt 0.163636 0.000000
vt 0.200000 1.000000
vt 0.181818 0.000000
vt 0.218182 1.000000
vt 0.200000 0.000000
vt 0.236364 1.000000
vt 0.218182 0.000000
vt 0.254545 1.000000
vt 0.236364 0.000000
vt 0.272727 1.000000
vt 0.254545 0.000000
vt 0.290909 1.000000
vt 0.272727 0.000000
vt 0.309091 1.000000
vt 0.290909 0.000000
vt 0.327273 1.000000
vt 0.309091 0.000000
vt 0.345455 1.000000
vt 0.327273 0.000000
vt 0.363636 1.000000
vt 0.345455 0.000000
vt 0.381818 1.000000
vt 0.363636 0.000000
vt 0.400000 1.000000
vt 0.381818 0.000000
vt 0.418182 1.000000
vt 0.400000 0.000000
vt 0.436364 1.000000
vt 0.418182 0.000000
vt 0.454545 1.000000
vt 0.436364 0.000000
vt 0.472727 1.000000
vt 0.454545 0.000000
vt 0.490909 1.000000
vt 0.472727 0.000000
vt 0.509091 1.000000
vt 0.490909 0.000000
vt 0.527273 1.000000
vt 0.509091 0.000000
vt 0.545455 1.000000
vt 0.527273 0.000000
vt 0.563636 1.000000
vt 0.545455 0.000000
vt 0.581818 1.000000
vt 0.563636 0.000000
vt 0.600000 1.000000
vt 0.581818 0.000000
vt 0.618182 1.000000
vt 0.600000 0.000000
vt 0.636364 1.000000
vt 0.618182 0.000000
vt 0.654545 1.000000
vt 0.636364 0.000000
vt 0.672727 1.000000
vt 0.654545 0.000000
vt 0.690909 1.000000
vt 0.672727 0.000000
vt 0.709091 1.000000
vt 0.690909 0.000000
vt 0.727273 1.000000
vt 0.709091 0.000000
vt 0.745455 1.000000
vt 0.727273 0.000000
vt 0.763636 1.000000
vt 0.745455 0.000000
vt 0.781818 1.000000
vt 0.763636 0.000000
vt 0.800000 1.000000
vt 0.781818 0.000000
vt 0.818182 1.000000
vt 0.800000 0.000000
vt 0.836364 1.000000
vt 0.818182 0.000000
vt 0.854545 1.000000
vt 0.836364 0.000000
vt 0.872727 1.000000
vt 0.854545 0.000000
vt 0.890909 1.000000
vt 0.872727 0.000000
vt 0.909091 1.000000
vt 0.890909 0.000000
vt 0.927273 1.000000
vt 0.909091 0.000000
vt 0.945455 1.000000
vt 0.927273 0.000000
vt 0.963636 1.000000
vt 0.945455 0.000000
vt 0.981818 1.000000
vt 0.963636 0.000000
vt 1.000000 1.000000
vt 0.981818 0.000000
vt 0.025000 1.000000
vt 0.000000 0.000000
vt 0.000000 1.000000
vt 0.050000 1.000000
vt 0.025000 0.000000
vt 0.075000 1.000000
vt 0.050000 0.000000
vt 0.100000 1.000000
vt 0.075000 0.000000
vt 0.125000 1.000000
vt 0.100000 0.000000
vt 0.150000 1.000000
vt 0.125000 0.000000
vt 0.175000 1.000000
vt 0.150000 0.000000
vt 0.200000 1.000000
vt 0.175000 0.000000
vt 0.225000 1.000000
vt 0.200000 0.000000
vt 0.250000 1.000000
vt 0.225000 0.000000
vt 0.275000 1.000000
vt 0.250000 0.000000
vt 0.300000 1.000000
vt 0.275000 0.000000
vt 0.325000 1.000000
vt 0.300000 0.000000
vt 0.350000 1.000000
vt 0.325000 0.000000
vt 0.375000 1.000000
vt 0.350000 0.000000
vt 0.400000 1.000000
vt 0.375000 0.000000
vt 0.425000 1.000000
vt 0.400000 0.000000
vt 0.450000 1.000000
vt 0.425000 0.000000
vt 0.475000 1.000000
vt 0.450000 0.000000
vt 0.500000 1.000000
vt 0.475000 0.000000
vt 0.525000 1.000000
vt 0.500000 0.000000
vt 0.550000 1.000000
vt 0.525000 0.000000
vt 0.575000 1.000000
vt 0.550000 0.000000
vt 0.600000 1.000000
vt 0.575000 0.000000
vt 0.625000 1.000000
vt 0.600000 0.000000
vt 0.650000 1.000000
vt 0.625000 0.000000
vt 0.675000 1.000000
vt 0.650000 0.000000
vt 0.700000 1.000000
vt 0.675000 0.000000
vt 0.725000 1.000000
vt 0.700000 0.000000
vt 0.750000 1.000000
vt 0.725000 0.000000
vt 0.775000 1.000000
vt 0.750000 0.000000
vt 0.800000 1.000000
vt 0.775000 0.000000
vt 0.825000 1.000000
vt 0.800000 0.000000
vt 0.850000 1.000000
vt 0.825000 0.000000
vt 0.875000 1.000000
vt 0.850000 0.000000
vt 0.900000 1.000000
vt 0.875000 0.000000
vt 0.925000 1.000000
vt 0.900000 0.000000
vt 0.950000 1.000000
vt 0.925000 0.000000
vt 0.975000 1.000000
vt 0.950000 0.000000
vt 1.000000 1.000000
vt 0.975000 0.000000
vt 0.026316 1.000000
vt 0.000000 0.000000
vt 0.000000 1.000000
vt 0.052632 1.000000
vt 0.026316 0.000000
vt 0.078947 1.000000
vt 0.052632 0.000000
vt 0.105263 1.000000
vt 0.078947 0.000000
vt 0.131579 1.000000
vt 0.105263 0.000000
vt 0.157895 1.000000
vt 0.131579 0.000000
vt 0.184211 1.000000
vt 0.157895 0.000000
vt 0.210526 1.000000
vt 0.184211 0.000000
vt 0.236842 1.000000
vt 0.210526 0.000000
vt 0.263158 1.000000
vt 0.236842 0.000000
vt 0.289474 1.000000
vt 0.263158 0.000000
vt 0.315789 1.000000
vt 0.289474 0.000000
vt 0.342105 1.000000
vt 0.315789 0.000000
vt 0.368421 1.000000
vt 0.342105 0.000000
vt 0.394737 1.000000
vt 0.368421 0.000000
vt 0.421053 1.000000
vt 0.394737 0.000000
vt 0.447368 1.000000
vt 0.421053 0.000000
vt 0.473684 1.000000
vt 0.447368 0.000000
vt 0.500000 1.000000
vt 0.473684 0.000000
vt 0.526316 1.000000
vt 0.500000 0.000000
vt 0.552632 1.000000
vt 0.526316 0.000000
vt 0.578947 1.000000
vt 0.552632 0.000000
vt 0.605263 1.000000
vt 0.578947 0.000000
vt 0.631579 1.000000
vt 0.605263 0.000000
vt 0.657895 1.000000
vt 0.631579 0.000000
vt 0.684211 1.000000
vt 0.657895 0.000000
vt 0.710526 1.000000
vt 0.684211 0.000000
vt 0.736842 1.000000
vt 0.710526 0.000000
vt 0.763158 1.000000
vt 0.736842 0.000000
vt 0.789474 1.000000
vt 0.763158 0.000000
vt 0.815789 1.000000
vt 0.789474 0.000000
vt 0.842105 1.000000
vt 0.815789 0.000000
vt 0.868421 1.000000
vt 0.842105 0.000000
vt 0.894737 1.000000
vt 0.868421 0.000000
vt 0.921053 1.000000
vt 0.894737 0.000000
vt 0.947368 1.000000
vt 0.921053 0.000000
vt 0.973684 1.000000
vt 0.947368 0.000000
vt 1.000000 1.000000
vt 0.973684 0.000000
vt 0.020000 1.000000
vt 0.000000 0.000000
vt 0.000000 1.000000
vt 0.040000 1.000000
vt 0.020000 0.000000
vt 0.060000 1.000000
vt 0.040000 0.000000
vt 0.080000 1.000000
vt 0.060000 0.000000
vt 0.100000 1.000000
vt 0.080000 0.000000
vt 0.120000 1.000000
vt 0.100000 0.000000
vt 0.140000 1.000000
vt 0.120000 0.000000
vt 0.160000 1.000000
vt 0.140000 0.000000
vt 0.180000 1.000000
vt 0.160000 0.000000
vt 0.200000 1.000000
vt 0.180000 0.000000
vt 0.220000 1.000000
vt 0.200000 0.000000
vt 0.240000 1.000000
vt 0.220000 0.000000
vt 0.260000 1.000000
vt 0.240000 0.000000
vt 0.280000 1.000000
vt 0.260000 0.000000
vt 0.300000 1.000000
vt 0.280000 0.000000
vt 0.320000 1.000000
vt 0.300000 0.000000
vt 0.340000 1.000000
vt 0.320000 0.000000
vt 0.360000 1.000000
vt 0.340000 0.000000
vt 0.380000 1.000000
vt 0.360000 0.000000
vt 0.400000 1.000000
vt 0.380000 0.000000
vt 0.420000 1.000000
vt 0.400000 0.000000
vt 0.440000 1.000000
vt 0.420000 0.000000
vt 0.460000 1.000000
vt 0.440000 0.000000
vt 0.480000 1.000000
vt 0.460000 0.000000
vt 0.500000 1.000000
vt 0.480000 0.000000
vt 0.520000 1.000000
vt 0.500000 0.000000
vt 0.540000 1.000000
vt 0.520000 0.000000
vt 0.560000 1.000000
vt 0.540000 0.000000
vt 0.580000 1.000000
vt 0.560000 0.000000
vt 0.600000 1.000000
vt 0.580000 0.000000
vt 0.620000 1.000000
vt 0.600000 0.000000
vt 0.640000 1.000000
vt 0.620000 0.000000
vt 0.660000 1.000000
vt 0.640000 0.000000
vt 0.680000 1.000000
vt 0.660000 0.000000
vt 0.700000 1.000000
vt 0.680000 0.000000
vt 0.720000 1.000000
vt 0.700000 0.000000
vt 0.740000 1.000000
vt 0.720000 0.000000
vt 0.760000 1.000000
vt 0.740000 0.000000
vt 0.780000 1.000000
vt 0.760000 0.000000
vt 0.800000 1.000000
vt 0.780000 0.000000
vt 0.820000 1.000000
vt 0.800000 0.000000
vt 0.840000 1.000000
vt 0.820000 0.000000
vt 0.860000 1.000000
vt 0.840000 0.000000
vt 0.880000 1.000000
vt 0.860000 0.000000
vt 0.900000 1.000000
vt 0.880000 0.000000
vt 0.920000 1.000000
vt 0.900000 0.000000
vt 0.940000 1.000000
vt 0.920000 0.000000
vt 0.960000 1.000000
vt 0.940000 0.000000
vt 0.980000 1.000000
vt 0.960000 0.000000
vt 1.000000 1.000000
vt 0.980000 0.000000
vt 1.000000 0.000000
vt 1.000000 0.000000
vt 1.000000 0.000000
vt 1.000000 0.000000
vt 1.000000 0.000000
vt 1.000000 0.000000
vt 1.000000 0.000000
vt 1.000000 0.000000
vt 1.000000 0.000000
vt 1.000000 0.000000
vt 1.000000 0.000000
vt 1.000000 0.000000
vt 1.000000 0.000000
vt 1.000000 0.000000
vn 0.0000 1.0000 0.0000
vn 0.0000 1.0000 0.0001
vn 0.0000 -1.0000 0.0000
vn 0.0000 -1.0000 -0.0001
vn 0.0000 -1.0000 0.0001
vn 0.2200 0.0000 -0.9755
vn 0.1053 0.0000 -0.9944
vn 0.3426 0.0000 -0.9395
vn 0.4688 0.0000 -0.8833
vn 0.5921 0.0000 -0.8058
vn 0.7056 0.0000 -0.7086
vn 0.8029 0.0000 -0.5960
vn 0.8804 0.0000 -0.4742
vn 0.9369 0.0000 -0.3494
vn 0.9739 0.0000 -0.2269
vn 0.9939 0.0000 -0.1102
vn 1.0000 0.0000 0.0019
vn 0.9930 0.0000 0.1183
vn 0.9698 0.0000 0.2437
vn 0.9273 0.0000 0.3743
vn 0.8631 0.0000 0.5049
vn 0.7775 0.0000 0.6289
vn 0.6734 0.0000 0.7393
vn 0.5567 0.0000 0.8307
vn 0.4348 0.0000 0.9005
vn 0.3142 0.0000 0.9493
vn 0.2000 0.0000 0.9798
vn 0.0952 0.0000 0.9955
vn 0.0227 0.0000 0.9997
vn 0.7071 0.0000 0.7071
vn -0.7071 0.0000 0.7071
vn -0.7071 0.0000 -0.7071
vn 0.0252 0.0000 -0.9997
vn -0.0946 0.0000 -0.9955
vn -0.0228 0.0000 -0.9997
vn -0.1970 0.0000 -0.9804
vn -0.3075 0.0000 -0.9515
vn -0.4241 0.0000 -0.9056
vn -0.5431 0.0000 -0.8397
vn -0.6588 0.0000 -0.7523
vn -0.7645 0.0000 -0.6446
vn -0.8536 0.0000 -0.5208
vn -0.9218 0.0000 -0.3876
vn -0.9676 0.0000 -0.2525
vn -0.9925 0.0000 -0.1222
vn -1.0000 0.0000 -0.0063
vn -0.9954 0.0000 0.0956
vn -0.9801 0.0000 0.1986
vn -0.9505 0.0000 0.3106
vn -0.9028 0.0000 0.4300
vn -0.8333 0.0000 0.5528
vn -0.7404 0.0000 0.6721
vn -0.6264 0.0000 0.7795
vn -0.4975 0.0000 0.8674
vn -0.3629 0.0000 0.9318
vn -0.2314 0.0000 0.9728
vn -0.1097 0.0000 0.9940
vn -0.0260 0.0000 0.9996
vn 0.7071 0.0000 -0.7071
vn 0.5244 0.0000 0.8515
vn 0.5395 0.0000 0.8420
vn 0.5027 0.0000 0.8645
vn 0.4729 0.0000 0.8811
vn 0.5027 0.0000 0.8644
vn 0.4336 0.0000 0.9011
vn 0.3841 0.0000 0.9233
vn 0.3247 0.0000 0.9458
vn 0.2576 0.0000 0.9662
vn 0.1869 0.0000 0.9824
vn 0.1177 0.0000 0.9930
vn 0.0548 0.0000 0.9985
vn -0.0029 0.0000 1.0000
vn -0.0670 0.0000 0.9977
vn -0.1444 0.0000 0.9895
vn -0.2344 0.0000 0.9721
vn -0.3361 0.0000 0.9418
vn -0.4464 0.0000 0.8948
vn -0.5597 0.0000 0.8287
vn -0.6682 0.0000 0.7439
vn -0.7643 0.0000 0.6449
vn -0.8426 0.0000 0.5385
vn -0.9015 0.0000 0.4326
vn -0.9428 0.0000 0.3334
vn -0.3111 0.0000 0.9503
vn 0.5845 0.0000 0.8114
vn 0.5440 0.0000 0.8391
vn 0.5005 0.0000 0.8657
vn 0.4539 0.0000 0.8910
vn 0.4045 0.0000 0.9145
vn 0.3522 0.0000 0.9359
vn 0.2975 0.0000 0.9547
vn 0.2405 0.0000 0.9706
vn 0.1819 0.0000 0.9833
vn 0.1218 0.0000 0.9925
vn 0.0611 0.0000 0.9981
vn -0.0176 0.0000 0.9998
vn -0.1330 0.0000 0.9911
vn -0.2663 0.0000 0.9639
vn -0.3956 0.0000 0.9184
vn -0.5169 0.0000 0.8560
vn -0.6272 0.0000 0.7789
vn -0.7244 0.0000 0.6893
vn -0.8076 0.0000 0.5897
vn -0.8761 0.0000 0.4821
vn -0.9298 0.0000 0.3680
vn -0.9686 0.0000 0.2487
vn -0.9921 0.0000 0.1254
vn -1.0000 0.0000 -0.0074
vn -0.9868 0.0000 -0.1617
vn -0.9441 0.0000 -0.3297
vn -0.8721 0.0000 -0.4894
vn -0.7800 0.0000 -0.6258
vn -0.6815 0.0000 -0.7318
vn -0.5887 0.0000 -0.8083
vn -0.5086 0.0000 -0.8610
vn -0.4442 0.0000 -0.8959
vn -0.3959 0.0000 -0.9183
vn -0.3631 0.0000 -0.9317
vn -0.3452 0.0000 -0.9385
vn -0.3370 0.0000 -0.9415
vn -0.8167 0.0000 -0.5770
vn -0.9998 0.0000 0.0211
vn -0.9958 0.0000 0.0909
vn -0.9803 0.0000 0.1975
vn -0.9470 0.0000 0.3213
vn -0.8889 0.0000 0.4580
vn -0.8017 0.0000 0.5977
vn -0.6870 0.0000 0.7266
vn -0.5545 0.0000 0.8322
vn -0.4179 0.0000 0.9085
vn -0.2895 0.0000 0.9572
vn -0.1764 0.0000 0.9843
vn -0.0809 0.0000 0.9967
vn -0.1765 0.0000 0.9843
vn 0.0009 0.0000 1.0000
vn 0.0786 0.0000 0.9969
vn 0.1570 0.0000 0.9876
vn 0.2344 0.0000 0.9721
vn 0.3096 0.0000 0.9508
vn 0.3821 0.0000 0.9241
vn 0.3097 0.0000 0.9508
vn 0.4508 0.0000 0.8926
vn 0.5152 0.0000 0.8571
vn 0.5749 0.0000 0.8182
vn 0.6297 0.0000 0.7768
vn 0.6795 0.0000 0.7336
vn 0.7243 0.0000 0.6894
vn -0.3569 0.0000 0.9341
vn -0.9315 0.0000 -0.3637
vn -0.7084 0.0000 -0.7058
vn -0.6504 0.0000 -0.7595
vn -0.5872 0.0000 -0.8094
vn -0.5199 0.0000 -0.8542
vn -0.4500 0.0000 -0.8930
vn -0.3789 0.0000 -0.9254
vn -0.3085 0.0000 -0.9512
vn -0.2398 0.0000 -0.9708
vn -0.1740 0.0000 -0.9847
vn -0.1120 0.0000 -0.9937
vn -0.0540 0.0000 -0.9985
vn 0.0085 0.0000 -0.9999
vn 0.0893 0.0000 -0.9960
vn 0.1859 0.0000 -0.9825
vn 0.2908 0.0000 -0.9568
vn 0.4033 0.0000 -0.9150
vn 0.5206 0.0000 -0.8538
vn 0.6377 0.0000 -0.7702
vn 0.7476 0.0000 -0.6642
vn 0.8423 0.0000 -0.5390
vn 0.9158 0.0000 -0.4017
vn 0.9653 0.0000 -0.2612
vn 0.9920 0.0000 -0.1258
vn 0.9995 0.0000 -0.0301
vn 0.9999 0.0000 -0.0154
vn 0.9977 0.0000 -0.0670
vn 0.9891 0.0000 -0.1470
vn 0.9698 0.0000 -0.2438
vn 0.9337 0.0000 -0.3581
vn 0.8733 0.0000 -0.4872
vn 0.7825 0.0000 -0.6226
vn 0.6611 0.0000 -0.7502
vn 0.5178 0.0000 -0.8555
vn 0.3681 0.0000 -0.9297
vn 0.2272 0.0000 -0.9738
vn 0.1045 0.0000 -0.9945
vn -0.0139 0.0000 -0.9999
vn -0.1352 0.0000 -0.9908
vn -0.2368 0.0000 -0.9716
vn -0.3115 0.0000 -0.9502
vn -0.3688 0.0000 -0.9295
vn -0.4145 0.0000 -0.9100
vn -0.4521 0.0000 -0.8920
vn -0.4840 0.0000 -0.8750
vn -0.5118 0.0000 -0.8591
vn -0.5367 0.0000 -0.8438
vn -0.5119 0.0000 -0.8591
vn -0.5593 0.0000 -0.8290
vn -0.5802 0.0000 -0.8144
vn 0.4526 0.0000 -0.8917
vn 0.8791 0.0000 0.4766
vn 0.3536 0.0000 0.9354
vn 0.3352 0.0000 0.9421
vn 0.3812 0.0000 0.9245
vn 0.4196 0.0000 0.9077
vn 0.4704 0.0000 0.8824
vn 0.5358 0.0000 0.8443
vn 0.6169 0.0000 0.7870
vn 0.7125 0.0000 0.7016
vn 0.8158 0.0000 0.5784
vn 0.9110 0.0000 0.4124
vn 0.9772 0.0000 0.2122
vn 0.9998 0.0000 0.0220
vn 0.9922 0.0000 -0.1244
vn 0.9680 0.0000 -0.2510
vn 0.9262 0.0000 -0.3771
vn 0.8667 0.0000 -0.4988
vn 0.7905 0.0000 -0.6124
vn 0.6993 0.0000 -0.7148
vn 0.5957 0.0000 -0.8032
vn 0.4827 0.0000 -0.8758
vn 0.3635 0.0000 -0.9315
vn 0.2415 0.0000 -0.9704
vn 0.1196 0.0000 -0.9928
vn 0.0087 0.0000 -0.9999
vn -0.0825 0.0000 -0.9966
vn -0.1630 0.0000 -0.9866
vn -0.2399 0.0000 -0.9708
vn -0.3121 0.0000 -0.9500
vn -0.3788 0.0000 -0.9254
vn -0.4397 0.0000 -0.8981
vn -0.4947 0.0000 -0.8690
vn -0.5439 0.0000 -0.8391
vn -0.5878 0.0000 -0.8090
vn -0.6267 0.0000 -0.7792
vn -0.6611 0.0000 -0.7503
vn -0.9157 0.0000 -0.4018
vn -0.5796 0.0000 0.8149
vn -0.9999 0.0000 0.0096
vn -0.8441 0.0000 0.5362
vn -0.8491 0.0000 -0.5281
vn 0.5332 0.0000 -0.8460
vn -0.0081 0.0000 -0.9999
vn -0.5400 0.0000 -0.8416
vn 0.8438 0.0000 -0.5366
vn 0.5366 0.0000 0.8438
vn -0.7519 0.0000 0.6593
vn -0.3970 0.0000 0.9178
vn -0.7945 0.0000 0.6072
vn -0.8324 0.0000 0.5541
vn -0.8659 0.0000 0.5001
vn -0.8955 0.0000 0.4450
vn -0.9214 0.0000 0.3885
vn -0.9439 0.0000 0.3302
vn -0.9629 0.0000 0.2698
vn -0.9783 0.0000 0.2069
vn -0.9900 0.0000 0.1411
vn -0.9974 0.0000 0.0721
vn -1.0000 0.0000 0.0000
vn -0.9974 0.0000 -0.0721
vn -0.9900 0.0000 -0.1411
vn -0.9783 0.0000 -0.2069
vn -0.9629 0.0000 -0.2698
vn -0.9439 0.0000 -0.3302
vn -0.9214 0.0000 -0.3885
vn -0.8955 0.0000 -0.4450
vn -0.8659 0.0000 -0.5001
vn -0.8324 0.0000 -0.5541
vn -0.7945 0.0000 -0.6072
vn -0.7519 0.0000 -0.6593
vn -0.3970 0.0000 -0.9178
vn 0.8884 0.0000 -0.4591
vn 0.8318 0.0000 0.5550
vn 0.8621 0.0000 0.5066
vn 0.8900 0.0000 0.4560
vn 0.9148 0.0000 0.4038
vn 0.9365 0.0000 0.3507
vn 0.9548 0.0000 0.2972
vn 0.9698 0.0000 0.2440
vn 0.9814 0.0000 0.1917
vn 0.9900 0.0000 0.1408
vn 0.9958 0.0000 0.0917
vn 0.9990 0.0000 0.0448
vn 1.0000 0.0000 0.0000
vn 0.9990 0.0000 -0.0448
vn 0.9958 0.0000 -0.0917
vn 0.9900 0.0000 -0.1408
vn 0.9814 0.0000 -0.1917
vn 0.9698 0.0000 -0.2440
vn 0.9548 0.0000 -0.2972
vn 0.9365 0.0000 -0.3507
vn 0.9148 0.0000 -0.4038
vn 0.8900 0.0000 -0.4560
vn 0.8621 0.0000 -0.5066
vn 0.8318 0.0000 -0.5550
vn 0.8884 0.0000 0.4591
vn -0.7378 0.0000 -0.6750
vn -0.4195 0.0000 -0.9077
vn -0.6874 0.0000 -0.7262
vn -0.6334 0.0000 -0.7738
vn -0.5760 0.0000 -0.8174
vn -0.5152 0.0000 -0.8571
vn -0.4510 0.0000 -0.8925
vn -0.3835 0.0000 -0.9235
vn -0.3127 0.0000 -0.9498
vn -0.2388 0.0000 -0.9711
vn -0.1618 0.0000 -0.9868
vn -0.0819 0.0000 -0.9966
vn 0.0084 0.0000 -0.9999
vn 0.1200 0.0000 -0.9928
vn 0.2472 0.0000 -0.9690
vn 0.3793 0.0000 -0.9253
vn 0.5108 0.0000 -0.8597
vn 0.6347 0.0000 -0.7728
vn 0.7441 0.0000 -0.6680
vn 0.8342 0.0000 -0.5515
vn 0.9026 0.0000 -0.4303
vn 0.9504 0.0000 -0.3110
vn 0.9802 0.0000 -0.1981
vn 0.9955 0.0000 -0.0945
vn 0.9997 0.0000 -0.0226
vn -0.9998 0.0000 0.0219
vn -0.9959 0.0000 0.0903
vn -0.9823 0.0000 0.1871
vn -0.9567 0.0000 0.2909
vn -0.9162 0.0000 0.4006
vn -0.8578 0.0000 0.5139
vn -0.7791 0.0000 0.6268
vn -0.6793 0.0000 0.7339
vn -0.5598 0.0000 0.8286
vn -0.4251 0.0000 0.9051
vn -0.2822 0.0000 0.9593
vn -0.1386 0.0000 0.9903
vn -0.0139 0.0000 0.9999
vn 0.0821 0.0000 0.9966
vn 0.1692 0.0000 0.9856
vn 0.2587 0.0000 0.9659
vn 0.3463 0.0000 0.9381
vn 0.4280 0.0000 0.9037
vn 0.5011 0.0000 0.8654
vn 0.5640 0.0000 0.8257
vn 0.6167 0.0000 0.7871
vn 0.6600 0.0000 0.7512
vn 0.6168 0.0000 0.7871
vn 0.6950 0.0000 0.7190
vn 0.7229 0.0000 0.6909
vn 0.9314 0.0000 0.3638
vn 0.3840 0.0000 0.9233
vn 0.2577 0.0000 0.9662
vn 0.1870 0.0000 0.9824
vn -0.4465 0.0000 0.8948
vn 0.5440 0.0000 0.8390
vn 0.4044 0.0000 0.9145
vn 0.1818 0.0000 0.9833
vn 0.2406 0.0000 0.9706
vn 0.0610 0.0000 0.9981
vn -0.8889 0.0000 0.4581
vn -0.5544 0.0000 0.8322
vn 0.3820 0.0000 0.9241
vn -0.3790 0.0000 -0.9254
vn -0.0541 0.0000 -0.9985
vn 0.1859 0.0000 -0.9826
vn 0.1044 0.0000 -0.9945
vn 0.2273 0.0000 -0.9738
vn -0.0140 0.0000 -0.9999
vn -0.1353 0.0000 -0.9908
vn -0.3689 0.0000 -0.9295
vn -0.4840 0.0000 -0.8751
vn -0.4521 0.0000 -0.8919
vn 0.8157 0.0000 0.5784
vn 0.7126 0.0000 0.7016
vn -0.4946 0.0000 -0.8691
vn -0.6611 0.0000 -0.7502
vn -0.4939 0.0000 -0.8695
vn -0.8474 0.0000 -0.5308
vn -0.8215 0.0000 -0.5701
vn -0.7896 0.0000 -0.6136
vn -0.7502 0.0000 -0.6612
vn -0.7014 0.0000 -0.7127
vn -0.6413 0.0000 -0.7672
vn -0.5679 0.0000 -0.8231
vn -0.4795 0.0000 -0.8775
vn -0.3758 0.0000 -0.9267
vn -0.2585 0.0000 -0.9660
vn -0.1314 0.0000 -0.9913
vn -0.0132 0.0000 -0.9999
vn 0.0793 0.0000 -0.9968
vn 0.1584 0.0000 -0.9874
vn 0.2353 0.0000 -0.9719
vn 0.3086 0.0000 -0.9512
vn 0.3767 0.0000 -0.9263
vn 0.4389 0.0000 -0.8985
vn 0.4949 0.0000 -0.8690
vn 0.5444 0.0000 -0.8388
vn 0.5879 0.0000 -0.8089
vn 0.6257 0.0000 -0.7800
vn 0.6585 0.0000 -0.7526
vn 0.9899 0.0000 -0.1414
vn 0.1400 0.0000 0.9901
vn -0.6579 0.0000 0.7531
vn -0.6218 0.0000 0.7832
vn -0.6578 0.0000 0.7531
vn -0.5852 0.0000 0.8109
vn -0.5474 0.0000 0.8368
vn -0.5076 0.0000 0.8615
vn -0.4647 0.0000 0.8854
vn -0.4171 0.0000 0.9088
vn -0.3627 0.0000 0.9319
vn -0.2985 0.0000 0.9544
vn -0.2203 0.0000 0.9754
vn -0.1219 0.0000 0.9925
vn 0.0081 0.0000 0.9999
vn 0.1651 0.0000 0.9863
vn 0.3230 0.0000 0.9464
vn 0.4666 0.0000 0.8845
vn 0.5918 0.0000 0.8061
vn 0.6975 0.0000 0.7165
vn 0.7845 0.0000 0.6201
vn 0.8543 0.0000 0.5197
vn 0.9088 0.0000 0.4171
vn 0.9496 0.0000 0.3132
vn 0.9779 0.0000 0.2088
vn 0.9945 0.0000 0.1042
vn 0.9997 0.0000 0.0259
vn -0.1191 0.0000 0.9929
vn -0.0288 0.0000 0.9996
vn -0.2449 0.0000 0.9695
vn -0.3749 0.0000 0.9271
vn -0.5037 0.0000 0.8639
vn -0.6252 0.0000 0.7804
vn -0.7333 0.0000 0.6799
vn -0.8236 0.0000 0.5671
vn -0.8940 0.0000 0.4481
vn -0.9445 0.0000 0.3283
vn -0.9772 0.0000 0.2122
vn -0.9947 0.0000 0.1025
vn -1.0000 0.0000 -0.0052
vn -0.9925 0.0000 -0.1219
vn -0.9692 0.0000 -0.2463
vn -0.9288 0.0000 -0.3706
vn -0.8710 0.0000 -0.4913
vn -0.7962 0.0000 -0.6050
vn -0.7060 0.0000 -0.7082
vn -0.6026 0.0000 -0.7981
vn -0.4889 0.0000 -0.8723
vn -0.3685 0.0000 -0.9296
vn -0.2448 0.0000 -0.9696
vn -0.1211 0.0000 -0.9926
vn -0.0227 0.0000 -0.9997
vn 0.0290 0.0000 -0.9996
vn 0.0592 0.0000 -0.9982
vn 0.0905 0.0000 -0.9959
vn 0.1222 0.0000 -0.9925
vn 0.1540 0.0000 -0.9881
vn 0.1852 0.0000 -0.9827
vn 0.2152 0.0000 -0.9765
vn 0.2439 0.0000 -0.9698
vn 0.2153 0.0000 -0.9765
vn 0.2708 0.0000 -0.9626
vn 0.2958 0.0000 -0.9552
vn 0.3186 0.0000 -0.9478
vn -0.5790 0.0000 -0.8153
vn -0.3270 0.0000 0.9450
vn -0.3506 0.0000 0.9365
vn -0.3001 0.0000 0.9539
vn -0.2702 0.0000 0.9628
vn -0.2376 0.0000 0.9713
vn -0.2031 0.0000 0.9792
vn -0.1673 0.0000 0.9859
vn -0.1312 0.0000 0.9913
vn -0.0956 0.0000 0.9954
vn -0.0616 0.0000 0.9981
vn -0.0296 0.0000 0.9995
vn 0.0233 0.0000 0.9997
vn 0.1246 0.0000 0.9922
vn 0.2536 0.0000 0.9673
vn 0.3839 0.0000 0.9233
vn 0.5107 0.0000 0.8598
vn 0.6287 0.0000 0.7777
vn 0.7332 0.0000 0.6799
vn 0.8211 0.0000 0.5707
vn 0.8906 0.0000 0.4547
vn 0.9417 0.0000 0.3364
vn 0.9756 0.0000 0.2196
vn 0.9942 0.0000 0.1071
vn 0.9999 0.0000 0.0083
vn 0.9971 0.0000 -0.0754
vn 0.9867 0.0000 -0.1625
vn 0.9645 0.0000 -0.2638
vn 0.9254 0.0000 -0.3791
vn 0.8633 0.0000 -0.5047
vn 0.7743 0.0000 -0.6328
vn 0.6586 0.0000 -0.7525
vn 0.5231 0.0000 -0.8522
vn 0.3795 0.0000 -0.9252
vn 0.2398 0.0000 -0.9708
vn 0.1126 0.0000 -0.9936
vn 0.0264 0.0000 -0.9996
vn -0.8251 0.0000 0.5650
vn 0.7519 0.0000 -0.6593
vn 0.3970 0.0000 -0.9178
vn 0.7945 0.0000 -0.6072
vn 0.8324 0.0000 -0.5541
vn 0.8659 0.0000 -0.5001
vn 0.8955 0.0000 -0.4450
vn 0.9214 0.0000 -0.3885
vn 0.9439 0.0000 -0.3302
vn 0.9629 0.0000 -0.2698
vn 0.9783 0.0000 -0.2069
vn 0.9900 0.0000 -0.1411
vn 0.9974 0.0000 -0.0721
vn 0.9974 0.0000 0.0721
vn 0.9900 0.0000 0.1411
vn 0.9783 0.0000 0.2069
vn 0.9629 0.0000 0.2698
vn 0.9439 0.0000 0.3302
vn 0.9214 0.0000 0.3885
vn 0.8955 0.0000 0.4450
vn 0.8659 0.0000 0.5001
vn 0.8324 0.0000 0.5541
vn 0.7945 0.0000 0.6072
vn 0.7519 0.0000 0.6593
vn 0.3970 0.0000 0.9178
vn -0.8884 0.0000 0.4591
vn -0.8318 0.0000 -0.5550
vn -0.8621 0.0000 -0.5066
vn -0.8900 0.0000 -0.4560
vn -0.9148 0.0000 -0.4038
vn -0.9365 0.0000 -0.3507
vn -0.9548 0.0000 -0.2972
vn -0.9698 0.0000 -0.2440
vn -0.9814 0.0000 -0.1917
vn -0.9900 0.0000 -0.1408
vn -0.9958 0.0000 -0.0917
vn -0.9990 0.0000 -0.0448
vn -0.9990 0.0000 0.0448
vn -0.9958 0.0000 0.0917
vn -0.9900 0.0000 0.1408
vn -0.9814 0.0000 0.1917
vn -0.9698 0.0000 0.2440
vn -0.9548 0.0000 0.2972
vn -0.9365 0.0000 0.3507
vn -0.9148 0.0000 0.4038
vn -0.8900 0.0000 0.4560
vn -0.8621 0.0000 0.5066
vn -0.8318 0.0000 0.5550
vn -0.8884 0.0000 -0.4591
usemtl Material.002
s off
f 49/1/1 1/2/1 50/3/1
f 49/1/1 2/4/1 1/2/1
f 49/1/1 3/5/1 2/4/1
f 48/6/1 3/5/1 49/1/1
f 48/6/1 4/7/1 3/5/1
f 47/8/1 4/7/1 48/6/1
f 47/8/1 5/9/1 4/7/1
f 46/10/1 5/9/1 47/8/1
f 46/10/1 6/11/1 5/9/1
f 45/12/1 6/11/1 46/10/1
f 45/12/1 7/13/1 6/11/1
f 44/14/1 7/13/1 45/12/1
f 43/15/1 7/13/1 44/14/1
f 43/15/1 8/16/1 7/13/1
f 42/17/1 8/16/1 43/15/1
f 42/17/1 9/18/1 8/16/1
f 41/19/1 9/18/1 42/17/1
f 41/19/1 10/20/1 9/18/1
f 40/21/1 10/20/1 41/19/1
f 40/21/1 11/22/1 10/20/1
f 39/23/1 11/22/1 40/21/1
f 39/23/1 12/24/1 11/22/1
f 38/25/1 12/24/1 39/23/1
f 38/25/1 13/26/1 12/24/1
f 37/27/1 13/26/1 38/25/1
f 37/27/1 14/28/1 13/26/1
f 37/27/1 15/29/1 14/28/1
f 36/30/1 15/29/1 37/27/1
f 36/30/1 16/31/1 15/29/1
f 35/32/1 16/31/1 36/30/1
f 35/32/1 17/33/1 16/31/1
f 34/34/1 17/33/1 35/32/1
f 34/34/1 18/35/1 17/33/1
f 33/36/1 18/35/1 34/34/1
f 33/36/1 19/37/1 18/35/1
f 32/38/1 19/37/1 33/36/1
f 32/38/1 20/39/1 19/37/1
f 31/40/1 20/39/1 32/38/1
f 30/41/1 20/39/1 31/40/1
f 30/41/1 21/42/1 20/39/1
f 29/43/1 21/42/1 30/41/1
f 29/43/1 22/44/1 21/42/1
f 28/45/1 22/44/1 29/43/1
f 28/45/1 23/46/1 22/44/1
f 27/47/1 23/46/1 28/45/1
f 27/47/1 24/48/1 23/46/1
f 26/49/1 24/48/1 27/47/1
f 26/49/1 25/50/1 24/48/1
f 87/51/1 89/52/1 88/53/1
f 87/51/1 90/54/1 89/52/1
f 74/55/1 76/56/1 75/57/1
f 74/55/1 77/58/1 76/56/1
f 74/55/1 78/59/1 77/58/1
f 74/55/1 79/60/1 78/59/1
f 74/55/1 80/61/1 79/60/1
f 73/62/1 80/61/1 74/55/1
f 73/62/1 81/63/1 80/61/1
f 73/62/1 82/64/1 81/63/1
f 73/62/1 83/65/1 82/64/1
f 72/66/1 83/65/1 73/62/1
f 72/66/1 84/67/1 83/65/1
f 72/66/1 85/68/1 84/67/1
f 72/66/1 86/69/1 85/68/1
f 72/66/1 87/51/1 86/69/1
f 71/70/1 87/51/1 72/66/1
f 71/70/1 93/71/1 87/51/1
f 93/71/1 92/72/1 87/51/1
f 92/72/1 91/73/1 87/51/1
f 91/73/1 128/74/1 87/51/1
f 128/74/1 90/54/1 87/51/1
f 70/75/1 96/76/1 71/70/1
f 96/76/1 95/77/1 71/70/1
f 95/77/1 94/78/1 71/70/1
f 94/78/1 93/71/1 71/70/1
f 69/79/1 99/80/1 70/75/1
f 99/80/1 98/81/1 70/75/1
f 98/81/1 97/82/1 70/75/1
f 97/82/1 96/76/1 70/75/1
f 68/83/1 102/84/1 69/79/1
f 102/84/1 101/85/1 69/79/1
f 101/85/1 100/86/1 69/79/1
f 100/86/1 99/80/1 69/79/1
f 68/83/1 103/87/1 102/84/1
f 68/83/1 104/88/1 103/87/1
f 67/89/1 104/88/1 68/83/1
f 67/89/1 105/90/1 104/88/1
f 67/89/1 106/91/1 105/90/1
f 127/92/1 90/54/1 128/74/1
f 67/89/1 107/93/1 106/91/1
f 66/94/1 107/93/1 67/89/1
f 66/94/1 108/95/1 107/93/1
f 66/94/1 109/96/1 108/95/1
f 65/97/1 109/96/1 66/94/1
f 65/97/1 110/98/1 109/96/1
f 65/97/1 111/99/1 110/98/1
f 64/100/1 111/99/1 65/97/1
f 64/100/1 112/101/1 111/99/1
f 63/102/1 112/101/1 64/100/1
f 63/102/1 113/103/1 112/101/1
f 63/102/1 114/104/1 113/103/1
f 62/105/1 114/104/1 63/102/1
f 62/105/1 115/106/1 114/104/1
f 62/105/1 116/107/1 115/106/1
f 61/108/1 116/107/1 62/105/1
f 61/108/1 117/109/1 116/107/1
f 60/110/1 117/109/1 61/108/1
f 60/110/1 118/111/1 117/109/1
f 60/110/1 119/112/1 118/111/1
f 59/113/1 119/112/1 60/110/1
f 59/113/1 120/114/1 119/112/1
f 59/113/1 121/115/1 120/114/1
f 58/116/1 121/115/1 59/113/1
f 58/116/1 122/117/1 121/115/1
f 58/116/1 123/118/1 122/117/1
f 58/116/1 124/119/1 123/118/1
f 57/120/1 124/119/1 58/116/1
f 57/120/1 125/121/1 124/119/1
f 57/120/1 126/122/1 125/121/1
f 57/120/1 127/92/1 126/122/1
f 57/120/1 90/54/1 127/92/1
f 56/123/1 90/54/1 57/120/1
f 55/124/1 90/54/1 56/123/1
f 54/125/1 90/54/1 55/124/1
f 53/126/1 90/54/1 54/125/1
f 52/127/1 90/54/1 53/126/1
f 51/128/1 90/54/1 52/127/1
f 141/129/1 143/130/1 142/131/1
f 141/129/1 144/132/1 143/130/1
f 140/133/1 144/132/1 141/129/1
f 140/133/1 145/134/1 144/132/1
f 139/135/1 145/134/1 140/133/1
f 139/135/1 146/136/1 145/134/1
f 139/135/1 147/137/1 146/136/1
f 138/138/1 147/137/1 139/135/1
f 138/138/1 148/139/1 147/137/1
f 181/140/1 183/141/1 182/142/1
f 181/140/1 129/143/1 183/141/1
f 137/144/1 148/139/1 138/138/1
f 137/144/1 149/145/1 148/139/1
f 137/144/1 150/146/1 149/145/1
f 136/147/1 150/146/1 137/144/1
f 136/147/1 151/148/1 150/146/1
f 135/149/1 151/148/1 136/147/1
f 135/149/1 152/150/1 151/148/1
f 135/149/1 153/151/1 152/150/1
f 134/152/1 153/151/1 135/149/1
f 134/152/1 154/153/1 153/151/1
f 133/154/1 154/153/1 134/152/1
f 133/154/1 164/155/1 154/153/1
f 164/155/1 163/156/1 154/153/1
f 163/156/1 162/157/1 154/153/1
f 162/157/1 161/158/1 154/153/1
f 161/158/1 160/159/1 154/153/1
f 160/159/1 159/160/1 154/153/1
f 159/160/1 158/161/1 154/153/1
f 158/161/1 157/162/1 154/153/1
f 157/162/1 156/163/1 154/153/1
f 156/163/1 155/164/1 154/153/1
f 132/165/1 166/166/1 133/154/1
f 166/166/1 165/167/1 133/154/1
f 165/167/1 164/155/1 133/154/1
f 131/168/1 168/169/1 132/165/1
f 168/169/1 167/170/1 132/165/1
f 167/170/1 166/166/1 132/165/1
f 131/168/1 169/171/1 168/169/1
f 131/168/1 170/172/1 169/171/1
f 130/173/1 170/172/1 131/168/1
f 130/173/1 171/174/1 170/172/1
f 130/173/1 172/175/1 171/174/1
f 181/140/1 130/173/1 129/143/1
f 181/140/1 176/176/1 130/173/1
f 176/176/1 175/177/1 130/173/1
f 175/177/1 174/178/1 130/173/1
f 174/178/1 173/179/1 130/173/1
f 173/179/1 172/175/1 130/173/1
f 181/140/1 177/180/1 176/176/1
f 181/140/1 178/181/1 177/180/1
f 181/140/1 179/182/1 178/181/1
f 181/140/1 180/183/1 179/182/1
f 281/184/1 283/185/1 282/186/1
f 280/187/1 283/185/1 281/184/1
f 280/187/1 284/188/1 283/185/1
f 279/189/1 284/188/1 280/187/1
f 278/190/1 284/188/1 279/189/1
f 278/190/1 285/191/1 284/188/1
f 277/192/1 285/191/1 278/190/1
f 277/192/1 286/193/1 285/191/1
f 276/194/1 286/193/1 277/192/1
f 275/195/1 286/193/1 276/194/1
f 275/195/1 287/196/1 286/193/1
f 274/197/1 287/196/1 275/195/1
f 274/197/1 288/198/1 287/196/1
f 273/199/1 288/198/1 274/197/1
f 272/200/1 288/198/1 273/199/1
f 272/200/1 289/201/1 288/198/1
f 271/202/1 289/201/1 272/200/1
f 271/202/1 290/203/1 289/201/1
f 270/204/1 290/203/1 271/202/1
f 269/205/1 268/206/1 270/204/1
f 268/206/1 267/207/1 270/204/1
f 267/207/1 266/208/1 270/204/1
f 266/208/1 265/209/1 270/204/1
f 265/209/1 264/210/1 270/204/1
f 264/210/1 263/211/1 270/204/1
f 263/211/1 262/212/1 270/204/1
f 262/212/1 261/213/1 270/204/1
f 261/213/1 260/214/1 270/204/1
f 260/214/1 259/215/1 270/204/1
f 259/215/1 290/203/1 270/204/1
f 259/215/1 258/216/1 290/203/1
f 258/216/1 257/217/1 290/203/1
f 257/217/1 291/218/1 290/203/1
f 257/217/1 256/219/1 291/218/1
f 256/219/1 292/220/1 291/218/1
f 255/221/1 292/220/1 256/219/1
f 254/222/1 292/220/1 255/221/1
f 253/223/1 292/220/1 254/222/1
f 252/224/1 292/220/1 253/223/1
f 251/225/1 292/220/1 252/224/1
f 251/225/1 293/226/1 292/220/1
f 250/227/1 293/226/1 251/225/1
f 249/228/1 293/226/1 250/227/1
f 248/229/1 293/226/1 249/228/1
f 248/229/1 294/230/1 293/226/1
f 247/231/1 294/230/1 248/229/1
f 246/232/1 294/230/1 247/231/1
f 246/232/1 295/233/1 294/230/1
f 245/234/1 295/233/1 246/232/1
f 244/235/1 295/233/1 245/234/1
f 243/236/1 357/237/1 244/235/1
f 357/237/1 295/233/1 244/235/1
f 242/238/1 357/237/1 243/236/1
f 241/239/1 357/237/1 242/238/1
f 240/240/1 357/237/1 241/239/1
f 239/241/1 357/237/1 240/240/1
f 239/241/1 321/242/1 357/237/1
f 356/243/1 295/233/1 357/237/1
f 239/241/1 322/244/1 321/242/1
f 238/245/1 322/244/1 239/241/1
f 238/245/1 323/246/1 322/244/1
f 237/247/1 323/246/1 238/245/1
f 237/247/1 324/248/1 323/246/1
f 236/249/1 324/248/1 237/247/1
f 236/249/1 325/250/1 324/248/1
f 236/249/1 326/251/1 325/250/1
f 235/252/1 326/251/1 236/249/1
f 235/252/1 327/253/1 326/251/1
f 234/254/1 327/253/1 235/252/1
f 234/254/1 328/255/1 327/253/1
f 234/254/1 329/256/1 328/255/1
f 233/257/1 329/256/1 234/254/1
f 233/257/1 330/258/1 329/256/1
f 233/257/1 331/259/1 330/258/1
f 232/260/1 331/259/1 233/257/1
f 232/260/1 332/261/1 331/259/1
f 231/262/1 332/261/1 232/260/1
f 231/262/1 333/263/1 332/261/1
f 231/262/1 334/264/1 333/263/1
f 230/265/1 334/264/1 231/262/1
f 230/265/1 335/266/1 334/264/1
f 230/265/1 336/267/1 335/266/1
f 355/268/1 295/233/1 356/243/1
f 229/269/1 336/267/1 230/265/1
f 354/270/1 295/233/1 355/268/1
f 229/269/1 337/271/1 336/267/1
f 353/272/1 295/233/1 354/270/1
f 318/273/1 320/274/1 319/275/1
f 353/272/1 296/276/1 295/233/1
f 229/269/1 338/277/1 337/271/1
f 317/278/1 320/274/1 318/273/1
f 352/279/1 296/276/1 353/272/1
f 352/279/1 297/280/1 296/276/1
f 316/281/1 320/274/1 317/278/1
f 228/282/1 338/277/1 229/269/1
f 228/282/1 339/283/1 338/277/1
f 352/279/1 298/284/1 297/280/1
f 351/285/1 298/284/1 352/279/1
f 315/286/1 320/274/1 316/281/1
f 351/285/1 299/287/1 298/284/1
f 350/288/1 299/287/1 351/285/1
f 314/289/1 320/274/1 315/286/1
f 228/282/1 340/290/1 339/283/1
f 350/288/1 300/291/1 299/287/1
f 313/292/1 320/274/1 314/289/1
f 349/293/1 300/291/1 350/288/1
f 349/293/1 301/294/1 300/291/1
f 312/295/1 320/274/1 313/292/1
f 228/282/1 341/296/1 340/290/1
f 349/293/1 302/297/1 301/294/1
f 348/298/1 302/297/1 349/293/1
f 311/299/1 320/274/1 312/295/1
f 348/298/1 303/300/1 302/297/1
f 227/301/1 341/296/1 228/282/1
f 310/302/1 320/274/1 311/299/1
f 227/301/1 342/303/1 341/296/1
f 347/304/1 303/300/1 348/298/1
f 347/304/1 304/305/1 303/300/1
f 309/306/1 320/274/1 310/302/1
f 347/304/1 305/307/1 304/305/1
f 308/308/1 320/274/1 309/306/1
f 346/309/1 305/307/1 347/304/1
f 346/309/1 306/310/1 305/307/1
f 307/311/1 320/274/1 308/308/1
f 346/309/1 307/311/1 306/310/1
f 227/301/1 343/312/1 342/303/1
f 346/309/1 320/274/1 307/311/1
f 345/313/1 320/274/1 346/309/1
f 227/301/1 344/314/1 343/312/1
f 344/314/1 320/274/1 345/313/1
f 227/301/1 207/315/1 344/314/1
f 207/315/1 320/274/1 344/314/1
f 226/316/1 207/315/1 227/301/1
f 226/316/1 208/317/1 207/315/1
f 206/318/1 320/274/1 207/315/1
f 225/319/1 208/317/1 226/316/1
f 225/319/1 209/320/1 208/317/1
f 205/321/1 320/274/1 206/318/1
f 205/321/1 184/322/1 320/274/1
f 224/323/1 209/320/1 225/319/1
f 224/323/1 210/324/1 209/320/1
f 204/325/1 184/322/1 205/321/1
f 204/325/1 185/326/1 184/322/1
f 224/323/1 211/327/1 210/324/1
f 203/328/1 185/326/1 204/325/1
f 223/329/1 211/327/1 224/323/1
f 203/328/1 186/330/1 185/326/1
f 223/329/1 212/331/1 211/327/1
f 202/332/1 186/330/1 203/328/1
f 202/332/1 187/333/1 186/330/1
f 222/334/1 212/331/1 223/329/1
f 222/334/1 213/335/1 212/331/1
f 201/336/1 187/333/1 202/332/1
f 201/336/1 188/337/1 187/333/1
f 222/334/1 214/338/1 213/335/1
f 200/339/1 188/337/1 201/336/1
f 200/339/1 189/340/1 188/337/1
f 221/341/1 214/338/1 222/334/1
f 221/341/1 215/342/1 214/338/1
f 199/343/1 189/340/1 200/339/1
f 199/343/1 190/344/1 189/340/1
f 221/341/1 216/345/1 215/342/1
f 199/343/1 191/346/1 190/344/1
f 198/347/1 191/346/1 199/343/1
f 220/348/1 216/345/1 221/341/1
f 198/347/1 192/349/1 191/346/1
f 220/348/1 217/350/1 216/345/1
f 197/351/1 192/349/1 198/347/1
f 197/351/1 193/352/1 192/349/1
f 220/348/1 218/353/1 217/350/1
f 196/354/1 193/352/1 197/351/1
f 219/355/1 218/353/1 220/348/1
f 196/354/1 194/356/1 193/352/1
f 195/357/1 194/356/1 196/354/1
f 411/358/1 413/359/1 412/360/1
f 411/358/1 414/361/1 413/359/1
f 369/362/1 371/363/1 370/364/1
f 368/365/1 371/363/1 369/362/1
f 368/365/1 372/366/1 371/363/1
f 367/367/1 372/366/1 368/365/1
f 366/368/1 372/366/1 367/367/1
f 366/368/1 373/369/1 372/366/1
f 365/370/1 373/369/1 366/368/1
f 365/370/1 374/371/1 373/369/1
f 364/372/1 374/371/1 365/370/1
f 363/373/1 374/371/1 364/372/1
f 363/373/1 375/374/1 374/371/1
f 362/375/1 375/374/1 363/373/1
f 361/376/1 375/374/1 362/375/1
f 361/376/1 376/377/1 375/374/1
f 360/378/1 376/377/1 361/376/1
f 360/378/1 377/379/1 376/377/1
f 359/380/1 377/379/1 360/378/1
f 358/381/1 377/379/1 359/380/1
f 358/381/1 397/382/1 377/379/1
f 397/382/1 378/383/1 377/379/1
f 411/358/1 358/381/1 414/361/1
f 411/358/1 409/384/1 358/381/1
f 409/384/1 408/385/1 358/381/1
f 408/385/1 407/386/1 358/381/1
f 407/386/1 406/387/1 358/381/1
f 406/387/1 405/388/1 358/381/1
f 405/388/1 404/389/1 358/381/1
f 404/389/1 403/390/1 358/381/1
f 403/390/1 402/391/1 358/381/1
f 402/391/1 401/392/1 358/381/1
f 401/392/1 400/393/1 358/381/1
f 400/393/1 399/394/1 358/381/1
f 399/394/1 398/395/1 358/381/1
f 398/395/1 397/382/1 358/381/1
f 396/396/1 378/383/1 397/382/1
f 395/397/1 378/383/1 396/396/1
f 394/398/1 378/383/1 395/397/1
f 393/399/1 378/383/1 394/398/1
f 393/399/1 379/400/1 378/383/1
f 392/401/1 379/400/1 393/399/1
f 391/402/1 379/400/1 392/401/1
f 390/403/1 379/400/1 391/402/1
f 390/403/1 380/404/1 379/400/1
f 389/405/1 380/404/1 390/403/1
f 388/406/1 380/404/1 389/405/1
f 388/406/1 381/407/1 380/404/1
f 387/408/1 381/407/1 388/406/1
f 411/358/1 410/409/1 409/384/1
f 386/410/1 381/407/1 387/408/1
f 386/410/1 382/411/1 381/407/1
f 385/412/1 382/411/1 386/410/1
f 384/413/1 382/411/1 385/412/1
f 384/413/1 383/414/1 382/411/1
f 438/415/1 440/416/1 439/417/1
f 438/415/1 441/418/1 440/416/1
f 437/419/1 441/418/1 438/415/1
f 437/419/1 442/420/1 441/418/1
f 436/421/1 442/420/1 437/419/1
f 436/421/1 443/422/1 442/420/1
f 435/423/1 443/422/1 436/421/1
f 435/423/1 444/424/1 443/422/1
f 434/425/1 444/424/1 435/423/1
f 434/425/1 445/426/1 444/424/1
f 433/427/1 445/426/1 434/425/1
f 433/427/1 446/428/1 445/426/1
f 433/427/1 447/429/1 446/428/1
f 432/430/1 447/429/1 433/427/1
f 432/430/1 448/431/1 447/429/1
f 431/432/1 448/431/1 432/430/1
f 431/432/1 449/433/1 448/431/1
f 430/434/1 449/433/1 431/432/1
f 430/434/1 450/435/1 449/433/1
f 429/436/1 450/435/1 430/434/1
f 429/436/1 451/437/1 450/435/1
f 428/438/1 451/437/1 429/436/1
f 428/438/1 452/439/1 451/437/1
f 427/440/1 452/439/1 428/438/1
f 426/441/1 452/439/1 427/440/1
f 426/441/1 453/442/1 452/439/1
f 425/443/1 453/442/1 426/441/1
f 425/443/1 454/444/1 453/442/1
f 424/445/1 454/444/1 425/443/1
f 424/445/1 455/446/1 454/444/1
f 423/447/1 455/446/1 424/445/1
f 423/447/1 456/448/1 455/446/1
f 422/449/1 456/448/1 423/447/1
f 422/449/1 457/450/1 456/448/1
f 421/451/1 457/450/1 422/449/1
f 421/451/1 458/452/1 457/450/1
f 420/453/1 458/452/1 421/451/1
f 420/453/1 459/454/1 458/452/1
f 420/453/1 460/455/1 459/454/1
f 419/456/1 460/455/1 420/453/1
f 419/456/1 461/457/1 460/455/1
f 418/458/1 461/457/1 419/456/1
f 418/458/1 462/459/1 461/457/1
f 417/460/1 462/459/1 418/458/1
f 417/460/1 463/461/1 462/459/1
f 416/462/1 463/461/1 417/460/1
f 416/462/1 464/463/1 463/461/1
f 415/464/1 464/463/1 416/462/1
f 466/465/1 468/466/1 467/467/1
f 466/465/1 469/468/1 468/466/1
f 469/468/1 471/469/1 470/470/1
f 469/468/1 472/471/1 471/469/1
f 466/465/1 472/471/1 469/468/1
f 465/472/1 472/471/1 466/465/1
f 570/473/1 572/474/1 571/475/1
f 569/476/1 572/474/1 570/473/1
f 569/476/1 573/477/1 572/474/1
f 568/478/1 573/477/1 569/476/1
f 567/479/1 573/477/1 568/478/1
f 567/479/1 574/480/1 573/477/1
f 566/481/1 574/480/1 567/479/1
f 566/481/1 575/482/1 574/480/1
f 565/483/1 575/482/1 566/481/1
f 564/484/1 575/482/1 565/483/1
f 564/484/1 576/485/1 575/482/1
f 563/486/1 576/485/1 564/484/1
f 563/486/1 577/487/1 576/485/1
f 562/488/1 577/487/1 563/486/1
f 561/489/1 577/487/1 562/488/1
f 561/489/1 578/490/1 577/487/1
f 560/491/1 578/490/1 561/489/1
f 560/491/1 579/492/1 578/490/1
f 559/493/1 579/492/1 560/491/1
f 558/494/1 557/495/1 559/493/1
f 557/495/1 556/496/1 559/493/1
f 556/496/1 555/497/1 559/493/1
f 555/497/1 554/498/1 559/493/1
f 554/498/1 553/499/1 559/493/1
f 553/499/1 552/500/1 559/493/1
f 552/500/1 551/501/1 559/493/1
f 551/501/1 550/502/1 559/493/1
f 550/502/1 549/503/1 559/493/1
f 549/503/1 548/504/1 559/493/1
f 548/504/1 579/492/1 559/493/1
f 548/504/1 547/505/1 579/492/1
f 547/505/1 546/506/1 579/492/1
f 546/506/1 580/507/1 579/492/1
f 546/506/1 545/508/1 580/507/1
f 545/508/1 581/509/1 580/507/1
f 544/510/2 581/509/2 545/508/2
f 543/511/1 581/509/1 544/510/1
f 542/512/1 581/509/1 543/511/1
f 541/513/1 581/509/1 542/512/1
f 540/514/1 581/509/1 541/513/1
f 540/514/1 582/515/1 581/509/1
f 539/516/1 582/515/1 540/514/1
f 538/517/1 582/515/1 539/516/1
f 537/518/1 582/515/1 538/517/1
f 537/518/1 583/519/1 582/515/1
f 536/520/1 583/519/1 537/518/1
f 535/521/1 583/519/1 536/520/1
f 535/521/1 584/522/1 583/519/1
f 534/523/1 584/522/1 535/521/1
f 533/524/1 584/522/1 534/523/1
f 532/525/1 646/526/1 533/524/1
f 646/526/1 584/522/1 533/524/1
f 531/527/1 646/526/1 532/525/1
f 530/528/1 646/526/1 531/527/1
f 529/529/1 646/526/1 530/528/1
f 528/530/1 646/526/1 529/529/1
f 528/530/1 610/531/1 646/526/1
f 645/532/1 584/522/1 646/526/1
f 528/530/1 611/533/1 610/531/1
f 527/534/1 611/533/1 528/530/1
f 527/534/1 612/535/1 611/533/1
f 526/536/1 612/535/1 527/534/1
f 526/536/1 613/537/1 612/535/1
f 525/538/1 613/537/1 526/536/1
f 525/538/1 614/539/1 613/537/1
f 525/538/1 615/540/1 614/539/1
f 524/541/1 615/540/1 525/538/1
f 524/541/1 616/542/1 615/540/1
f 523/543/1 616/542/1 524/541/1
f 523/543/1 617/544/1 616/542/1
f 523/543/1 618/545/1 617/544/1
f 522/546/1 618/545/1 523/543/1
f 522/546/1 619/547/1 618/545/1
f 522/546/1 620/548/1 619/547/1
f 521/549/1 620/548/1 522/546/1
f 521/549/1 621/550/1 620/548/1
f 520/551/1 621/550/1 521/549/1
f 520/551/1 622/552/1 621/550/1
f 520/551/1 623/553/1 622/552/1
f 519/554/1 623/553/1 520/551/1
f 519/554/1 624/555/1 623/553/1
f 519/554/1 625/556/1 624/555/1
f 644/557/1 584/522/1 645/532/1
f 518/558/1 625/556/1 519/554/1
f 643/559/1 584/522/1 644/557/1
f 518/558/1 626/560/1 625/556/1
f 642/561/1 584/522/1 643/559/1
f 607/562/1 609/563/1 608/564/1
f 642/561/1 585/565/1 584/522/1
f 518/558/1 627/566/1 626/560/1
f 606/567/1 609/563/1 607/562/1
f 641/568/1 585/565/1 642/561/1
f 641/568/1 586/569/1 585/565/1
f 605/570/1 609/563/1 606/567/1
f 517/571/1 627/566/1 518/558/1
f 517/571/1 628/572/1 627/566/1
f 641/568/1 587/573/1 586/569/1
f 640/574/1 587/573/1 641/568/1
f 604/575/1 609/563/1 605/570/1
f 640/574/1 588/576/1 587/573/1
f 639/577/1 588/576/1 640/574/1
f 603/578/1 609/563/1 604/575/1
f 517/571/1 629/579/1 628/572/1
f 639/577/1 589/580/1 588/576/1
f 602/581/1 609/563/1 603/578/1
f 638/582/1 589/580/1 639/577/1
f 638/582/1 590/583/1 589/580/1
f 601/584/1 609/563/1 602/581/1
f 517/571/1 630/585/1 629/579/1
f 638/582/1 591/586/1 590/583/1
f 637/587/1 591/586/1 638/582/1
f 600/588/1 609/563/1 601/584/1
f 637/587/1 592/589/1 591/586/1
f 516/590/1 630/585/1 517/571/1
f 599/591/1 609/563/1 600/588/1
f 516/590/1 631/592/1 630/585/1
f 636/593/1 592/589/1 637/587/1
f 636/593/1 593/594/1 592/589/1
f 598/595/1 609/563/1 599/591/1
f 636/593/1 594/596/1 593/594/1
f 597/597/1 609/563/1 598/595/1
f 635/598/1 594/596/1 636/593/1
f 635/598/1 595/599/1 594/596/1
f 596/600/1 609/563/1 597/597/1
f 635/598/1 596/600/1 595/599/1
f 516/590/1 632/601/1 631/592/1
f 635/598/1 609/563/1 596/600/1
f 634/602/1 609/563/1 635/598/1
f 516/590/1 633/603/1 632/601/1
f 633/603/1 609/563/1 634/602/1
f 516/590/1 496/604/1 633/603/1
f 496/604/1 609/563/1 633/603/1
f 515/605/1 496/604/1 516/590/1
f 515/605/1 497/606/1 496/604/1
f 495/607/1 609/563/1 496/604/1
f 514/608/1 497/606/1 515/605/1
f 514/608/1 498/609/1 497/606/1
f 494/610/1 609/563/1 495/607/1
f 494/610/1 473/611/1 609/563/1
f 513/612/1 498/609/1 514/608/1
f 513/612/1 499/613/1 498/609/1
f 493/614/1 473/611/1 494/610/1
f 493/614/1 474/615/1 473/611/1
f 513/612/1 500/616/1 499/613/1
f 492/617/1 474/615/1 493/614/1
f 512/618/1 500/616/1 513/612/1
f 492/617/1 475/619/1 474/615/1
f 512/618/1 501/620/1 500/616/1
f 491/621/1 475/619/1 492/617/1
f 491/621/1 476/622/1 475/619/1
f 511/623/1 501/620/1 512/618/1
f 511/623/1 502/624/1 501/620/1
f 490/625/1 476/622/1 491/621/1
f 490/625/1 477/626/1 476/622/1
f 511/623/1 503/627/1 502/624/1
f 489/628/1 477/626/1 490/625/1
f 489/628/1 478/629/1 477/626/1
f 510/630/1 503/627/1 511/623/1
f 510/630/1 504/631/1 503/627/1
f 488/632/1 478/629/1 489/628/1
f 488/632/1 479/633/1 478/629/1
f 510/630/1 505/634/1 504/631/1
f 488/632/1 480/635/1 479/633/1
f 487/636/1 480/635/1 488/632/1
f 509/637/1 505/634/1 510/630/1
f 487/636/1 481/638/1 480/635/1
f 509/637/1 506/639/1 505/634/1
f 486/640/1 481/638/1 487/636/1
f 486/640/1 482/641/1 481/638/1
f 509/637/1 507/642/1 506/639/1
f 485/643/1 482/641/1 486/640/1
f 508/644/1 507/642/1 509/637/1
f 485/643/1 483/645/1 482/641/1
f 484/646/1 483/645/1 485/643/1
f 647/647/1 649/648/1 648/649/1
f 647/647/1 650/650/1 649/648/1
f 677/651/1 705/652/1 678/653/1
f 705/652/1 679/654/1 678/653/1
f 705/652/1 651/655/1 679/654/1
f 705/652/1 652/656/1 651/655/1
f 705/652/1 653/657/1 652/656/1
f 705/652/1 654/658/1 653/657/1
f 705/652/1 655/659/1 654/658/1
f 705/652/1 656/660/1 655/659/1
f 705/652/1 657/661/1 656/660/1
f 705/652/1 704/662/1 657/661/1
f 704/662/1 658/663/1 657/661/1
f 677/651/1 706/664/1 705/652/1
f 703/665/1 658/663/1 704/662/1
f 702/666/1 658/663/1 703/665/1
f 701/667/1 658/663/1 702/666/1
f 701/667/1 659/668/1 658/663/1
f 700/669/1 659/668/1 701/667/1
f 699/670/1 659/668/1 700/669/1
f 698/671/1 659/668/1 699/670/1
f 698/671/1 660/672/1 659/668/1
f 697/673/1 660/672/1 698/671/1
f 696/674/1 660/672/1 697/673/1
f 695/675/1 660/672/1 696/674/1
f 695/675/1 661/676/1 660/672/1
f 694/677/1 661/676/1 695/675/1
f 693/678/1 661/676/1 694/677/1
f 693/678/1 662/679/1 661/676/1
f 692/680/1 662/679/1 693/678/1
f 691/681/1 662/679/1 692/680/1
f 691/681/1 663/682/1 662/679/1
f 690/683/1 663/682/1 691/681/1
f 690/683/1 664/684/1 663/682/1
f 689/685/1 664/684/1 690/683/1
f 688/686/1 664/684/1 689/685/1
f 688/686/1 665/687/1 664/684/1
f 687/688/1 665/687/1 688/686/1
f 686/689/1 665/687/1 687/688/1
f 686/689/1 666/690/1 665/687/1
f 685/691/1 666/690/1 686/689/1
f 684/692/1 666/690/1 685/691/1
f 683/693/1 666/690/1 684/692/1
f 682/694/1 666/690/1 683/693/1
f 682/694/1 667/695/1 666/690/1
f 681/696/1 667/695/1 682/694/1
f 680/697/1 667/695/1 681/696/1
f 677/651/1 675/698/1 706/664/1
f 675/698/1 680/697/1 706/664/1
f 675/698/1 667/695/1 680/697/1
f 675/698/1 668/699/1 667/695/1
f 675/698/1 669/700/1 668/699/1
f 675/698/1 670/701/1 669/700/1
f 675/698/1 671/702/1 670/701/1
f 675/698/1 672/703/1 671/702/1
f 675/698/1 673/704/1 672/703/1
f 675/698/1 674/705/1 673/704/1
f 677/651/1 676/706/1 675/698/1
f 707/707/3 755/708/3 756/709/3
f 708/710/3 755/708/3 707/707/3
f 709/711/3 755/708/3 708/710/3
f 709/711/3 754/712/3 755/708/3
f 710/713/3 754/712/3 709/711/3
f 710/713/3 753/714/3 754/712/3
f 711/715/3 753/714/3 710/713/3
f 711/715/3 752/716/3 753/714/3
f 712/717/3 752/716/3 711/715/3
f 712/717/3 751/718/3 752/716/3
f 713/719/3 751/718/3 712/717/3
f 713/719/3 750/720/3 751/718/3
f 713/719/3 749/721/3 750/720/3
f 714/722/3 749/721/3 713/719/3
f 714/722/3 748/723/3 749/721/3
f 715/724/3 748/723/3 714/722/3
f 715/724/3 747/725/3 748/723/3
f 716/726/3 747/725/3 715/724/3
f 716/726/3 746/727/3 747/725/3
f 717/728/3 746/727/3 716/726/3
f 717/728/3 745/729/3 746/727/3
f 718/730/3 745/729/3 717/728/3
f 718/730/3 744/731/3 745/729/3
f 719/732/3 744/731/3 718/730/3
f 719/732/3 743/733/3 744/731/3
f 720/734/3 743/733/3 719/732/3
f 721/735/3 743/733/3 720/734/3
f 721/735/3 742/736/3 743/733/3
f 722/737/3 742/736/3 721/735/3
f 722/737/3 741/738/3 742/736/3
f 723/739/3 741/738/3 722/737/3
f 723/739/3 740/740/3 741/738/3
f 724/741/3 740/740/3 723/739/3
f 724/741/3 739/742/3 740/740/3
f 725/743/3 739/742/3 724/741/3
f 725/743/3 738/744/3 739/742/3
f 726/745/3 738/744/3 725/743/3
f 726/745/3 737/746/3 738/744/3
f 726/745/3 736/747/3 737/746/3
f 727/748/3 736/747/3 726/745/3
f 727/748/3 735/749/3 736/747/3
f 728/750/3 735/749/3 727/748/3
f 728/750/3 734/751/3 735/749/3
f 729/752/3 734/751/3 728/750/3
f 729/752/3 733/753/3 734/751/3
f 730/754/3 733/753/3 729/752/3
f 730/754/3 732/755/3 733/753/3
f 731/756/3 732/755/3 730/754/3
f 795/757/3 793/758/3 794/759/3
f 796/760/3 793/758/3 795/757/3
f 782/761/3 780/762/3 781/763/3
f 783/764/3 780/762/3 782/761/3
f 784/765/3 780/762/3 783/764/3
f 785/766/3 780/762/3 784/765/3
f 786/767/3 780/762/3 785/766/3
f 786/767/3 779/768/3 780/762/3
f 787/769/3 779/768/3 786/767/3
f 788/770/3 779/768/3 787/769/3
f 789/771/3 779/768/3 788/770/3
f 789/771/3 778/772/3 779/768/3
f 790/773/3 778/772/3 789/771/3
f 791/774/3 778/772/3 790/773/3
f 792/775/3 778/772/3 791/774/3
f 793/758/3 778/772/3 792/775/3
f 793/758/3 777/776/3 778/772/3
f 799/777/3 777/776/3 793/758/3
f 798/778/3 799/777/3 793/758/3
f 797/779/3 798/778/3 793/758/3
f 834/780/3 797/779/3 793/758/3
f 796/760/3 834/780/3 793/758/3
f 802/781/3 776/782/3 777/776/3
f 801/783/3 802/781/3 777/776/3
f 800/784/3 801/783/3 777/776/3
f 799/777/4 800/784/4 777/776/4
f 805/785/3 775/786/3 776/782/3
f 804/787/3 805/785/3 776/782/3
f 803/788/3 804/787/3 776/782/3
f 802/781/3 803/788/3 776/782/3
f 808/789/3 774/790/3 775/786/3
f 807/791/3 808/789/3 775/786/3
f 806/792/3 807/791/3 775/786/3
f 805/785/3 806/792/3 775/786/3
f 809/793/3 774/790/3 808/789/3
f 810/794/3 774/790/3 809/793/3
f 810/794/3 773/795/3 774/790/3
f 811/796/3 773/795/3 810/794/3
f 812/797/3 773/795/3 811/796/3
f 796/760/3 833/798/3 834/780/3
f 813/799/3 773/795/3 812/797/3
f 813/799/3 772/800/3 773/795/3
f 814/801/3 772/800/3 813/799/3
f 815/802/3 772/800/3 814/801/3
f 815/802/3 771/803/3 772/800/3
f 816/804/3 771/803/3 815/802/3
f 817/805/3 771/803/3 816/804/3
f 817/805/3 770/806/3 771/803/3
f 818/807/3 770/806/3 817/805/3
f 818/807/3 769/808/3 770/806/3
f 819/809/3 769/808/3 818/807/3
f 820/810/3 769/808/3 819/809/3
f 820/810/3 768/811/3 769/808/3
f 821/812/3 768/811/3 820/810/3
f 822/813/3 768/811/3 821/812/3
f 822/813/3 767/814/3 768/811/3
f 823/815/3 767/814/3 822/813/3
f 823/815/3 766/816/3 767/814/3
f 824/817/3 766/816/3 823/815/3
f 825/818/3 766/816/3 824/817/3
f 825/818/3 765/819/3 766/816/3
f 826/820/3 765/819/3 825/818/3
f 827/821/3 765/819/3 826/820/3
f 827/821/3 764/822/3 765/819/3
f 828/823/3 764/822/3 827/821/3
f 829/824/3 764/822/3 828/823/3
f 830/825/3 764/822/3 829/824/3
f 830/825/3 763/826/3 764/822/3
f 831/827/3 763/826/3 830/825/3
f 832/828/3 763/826/3 831/827/3
f 833/798/3 763/826/3 832/828/3
f 796/760/3 763/826/3 833/798/3
f 796/760/3 762/829/3 763/826/3
f 796/760/3 761/830/3 762/829/3
f 796/760/3 760/831/3 761/830/3
f 796/760/3 759/832/3 760/831/3
f 796/760/3 758/833/3 759/832/3
f 796/760/3 757/834/3 758/833/3
f 849/835/3 847/836/3 848/837/3
f 850/838/3 847/836/3 849/835/3
f 850/838/3 846/839/3 847/836/3
f 851/840/3 846/839/3 850/838/3
f 851/840/3 845/841/3 846/839/3
f 852/842/3 845/841/3 851/840/3
f 853/843/3 845/841/3 852/842/3
f 853/843/3 844/844/3 845/841/3
f 854/845/3 844/844/3 853/843/3
f 889/846/3 887/847/3 888/848/3
f 835/849/3 887/847/3 889/846/3
f 854/845/3 843/850/3 844/844/3
f 855/851/3 843/850/3 854/845/3
f 856/852/3 843/850/3 855/851/3
f 856/852/3 842/853/3 843/850/3
f 857/854/3 842/853/3 856/852/3
f 857/854/3 841/855/3 842/853/3
f 858/856/3 841/855/3 857/854/3
f 859/857/3 841/855/3 858/856/3
f 859/857/3 840/858/3 841/855/3
f 860/859/3 840/858/3 859/857/3
f 860/859/3 839/860/3 840/858/3
f 870/861/3 839/860/3 860/859/3
f 869/862/3 870/861/3 860/859/3
f 868/863/3 869/862/3 860/859/3
f 867/864/3 868/863/3 860/859/3
f 866/865/3 867/864/3 860/859/3
f 865/866/3 866/865/3 860/859/3
f 864/867/3 865/866/3 860/859/3
f 863/868/3 864/867/3 860/859/3
f 862/869/3 863/868/3 860/859/3
f 861/870/3 862/869/3 860/859/3
f 872/871/3 838/872/3 839/860/3
f 871/873/3 872/871/3 839/860/3
f 870/861/3 871/873/3 839/860/3
f 874/874/3 837/875/3 838/872/3
f 873/876/3 874/874/3 838/872/3
f 872/871/3 873/876/3 838/872/3
f 875/877/3 837/875/3 874/874/3
f 876/878/3 837/875/3 875/877/3
f 876/878/3 836/879/3 837/875/3
f 877/880/3 836/879/3 876/878/3
f 878/881/3 836/879/3 877/880/3
f 836/879/3 887/847/3 835/849/3
f 882/882/3 887/847/3 836/879/3
f 881/883/3 882/882/3 836/879/3
f 880/884/3 881/883/3 836/879/3
f 879/885/3 880/884/3 836/879/3
f 878/881/3 879/885/3 836/879/3
f 883/886/3 887/847/3 882/882/3
f 884/887/3 887/847/3 883/886/3
f 885/888/3 887/847/3 884/887/3
f 886/889/3 887/847/3 885/888/3
f 989/890/3 987/891/3 988/892/3
f 989/890/3 986/893/3 987/891/3
f 990/894/3 986/893/3 989/890/3
f 990/894/3 985/895/3 986/893/3
f 990/894/3 984/896/3 985/895/3
f 991/897/3 984/896/3 990/894/3
f 991/897/3 983/898/3 984/896/3
f 992/899/3 983/898/3 991/897/3
f 992/899/3 982/900/3 983/898/3
f 992/899/3 981/901/3 982/900/3
f 993/902/3 981/901/3 992/899/3
f 993/902/3 980/903/3 981/901/3
f 994/904/3 980/903/3 993/902/3
f 994/904/3 979/905/3 980/903/3
f 994/904/3 978/906/3 979/905/3
f 995/907/3 978/906/3 994/904/3
f 995/907/3 977/908/3 978/906/3
f 996/909/3 977/908/3 995/907/3
f 996/909/3 976/910/3 977/908/3
f 974/911/3 975/912/3 976/910/3
f 973/913/3 974/911/3 976/910/3
f 972/914/3 973/913/3 976/910/3
f 971/915/3 972/914/3 976/910/3
f 970/916/3 971/915/3 976/910/3
f 969/917/3 970/916/3 976/910/3
f 968/918/3 969/917/3 976/910/3
f 967/919/3 968/918/3 976/910/3
f 966/920/3 967/919/3 976/910/3
f 965/921/3 966/920/3 976/910/3
f 996/909/3 965/921/3 976/910/3
f 964/922/3 965/921/3 996/909/3
f 963/923/3 964/922/3 996/909/3
f 997/924/3 963/923/3 996/909/3
f 962/925/3 963/923/3 997/924/3
f 998/926/3 962/925/3 997/924/3
f 998/926/3 961/927/3 962/925/3
f 998/926/3 960/928/3 961/927/3
f 998/926/3 959/929/3 960/928/3
f 998/926/3 958/930/3 959/929/3
f 998/926/3 957/931/3 958/930/3
f 999/932/3 957/931/3 998/926/3
f 999/932/3 956/933/3 957/931/3
f 999/932/3 955/934/3 956/933/3
f 999/932/3 954/935/3 955/934/3
f 1000/936/3 954/935/3 999/932/3
f 1000/936/3 953/937/3 954/935/3
f 1000/936/3 952/938/3 953/937/3
f 1001/939/3 952/938/3 1000/936/3
f 1001/939/3 951/940/3 952/938/3
f 1001/939/3 950/941/3 951/940/3
f 1063/942/3 949/943/3 950/941/3
f 1001/939/3 1063/942/3 950/941/3
f 1063/942/3 948/944/3 949/943/3
f 1063/942/3 947/945/3 948/944/3
f 1063/942/3 946/946/3 947/945/3
f 1063/942/3 945/947/3 946/946/3
f 1027/948/3 945/947/3 1063/942/3
f 1001/939/3 1062/949/3 1063/942/3
f 1028/950/3 945/947/3 1027/948/3
f 1028/950/3 944/951/3 945/947/3
f 1029/952/3 944/951/3 1028/950/3
f 1029/952/3 943/953/3 944/951/3
f 1030/954/3 943/953/3 1029/952/3
f 1030/954/3 942/955/3 943/953/3
f 1031/956/3 942/955/3 1030/954/3
f 1032/957/3 942/955/3 1031/956/3
f 1032/957/3 941/958/3 942/955/3
f 1033/959/3 941/958/3 1032/957/3
f 1033/959/3 940/960/3 941/958/3
f 1034/961/3 940/960/3 1033/959/3
f 1035/962/3 940/960/3 1034/961/3
f 1035/962/3 939/963/3 940/960/3
f 1036/964/3 939/963/3 1035/962/3
f 1037/965/3 939/963/3 1036/964/3
f 1037/965/3 938/966/3 939/963/3
f 1038/967/3 938/966/3 1037/965/3
f 1038/967/3 937/968/3 938/966/3
f 1039/969/3 937/968/3 1038/967/3
f 1040/970/3 937/968/3 1039/969/3
f 1040/970/3 936/971/3 937/968/3
f 1041/972/3 936/971/3 1040/970/3
f 1042/973/3 936/971/3 1041/972/3
f 1001/939/3 1061/974/3 1062/949/3
f 1042/973/3 935/975/3 936/971/3
f 1001/939/3 1060/976/3 1061/974/3
f 1043/977/3 935/975/3 1042/973/3
f 1001/939/3 1059/978/3 1060/976/3
f 1026/979/3 1024/980/3 1025/981/3
f 1002/982/3 1059/978/3 1001/939/3
f 1044/983/3 935/975/3 1043/977/3
f 1026/979/3 1023/984/3 1024/980/3
f 1002/982/3 1058/985/3 1059/978/3
f 1003/986/3 1058/985/3 1002/982/3
f 1026/979/3 1022/987/3 1023/984/3
f 1044/983/3 934/988/3 935/975/3
f 1045/989/3 934/988/3 1044/983/3
f 1004/990/3 1058/985/3 1003/986/3
f 1004/990/3 1057/991/3 1058/985/3
f 1026/979/3 1021/992/3 1022/987/3
f 1005/993/3 1057/991/3 1004/990/3
f 1005/993/3 1056/994/3 1057/991/3
f 1026/979/3 1020/995/3 1021/992/3
f 1046/996/3 934/988/3 1045/989/3
f 1006/997/3 1056/994/3 1005/993/3
f 1026/979/3 1019/998/3 1020/995/3
f 1006/997/3 1055/999/3 1056/994/3
f 1007/1000/3 1055/999/3 1006/997/3
f 1026/979/3 1018/1001/3 1019/998/3
f 1047/1002/3 934/988/3 1046/996/3
f 1008/1003/3 1055/999/3 1007/1000/3
f 1008/1003/3 1054/1004/3 1055/999/3
f 1026/979/3 1017/1005/3 1018/1001/3
f 1009/1006/3 1054/1004/3 1008/1003/3
f 1047/1002/3 933/1007/3 934/988/3
f 1026/979/3 1016/1008/3 1017/1005/3
f 1048/1009/3 933/1007/3 1047/1002/3
f 1009/1006/3 1053/1010/3 1054/1004/3
f 1010/1011/3 1053/1010/3 1009/1006/3
f 1026/979/3 1015/1012/3 1016/1008/3
f 1011/1013/3 1053/1010/3 1010/1011/3
f 1026/979/3 1014/1014/3 1015/1012/3
f 1011/1013/3 1052/1015/3 1053/1010/3
f 1012/1016/3 1052/1015/3 1011/1013/3
f 1026/979/3 1013/1017/3 1014/1014/3
f 1013/1017/3 1052/1015/3 1012/1016/3
f 1049/1018/3 933/1007/3 1048/1009/3
f 1026/979/3 1052/1015/3 1013/1017/3
f 1026/979/3 1051/1019/3 1052/1015/3
f 1050/1020/3 933/1007/3 1049/1018/3
f 1026/979/3 1050/1020/3 1051/1019/3
f 913/1021/3 933/1007/3 1050/1020/3
f 1026/979/3 913/1021/3 1050/1020/3
f 913/1021/3 932/1022/3 933/1007/3
f 914/1023/3 932/1022/3 913/1021/3
f 1026/979/3 912/1024/3 913/1021/3
f 914/1023/3 931/1025/3 932/1022/3
f 915/1026/3 931/1025/3 914/1023/3
f 1026/979/3 911/1027/3 912/1024/3
f 890/1028/3 911/1027/3 1026/979/3
f 915/1026/3 930/1029/3 931/1025/3
f 916/1030/3 930/1029/3 915/1026/3
f 890/1028/3 910/1031/3 911/1027/3
f 891/1032/3 910/1031/3 890/1028/3
f 917/1033/3 930/1029/3 916/1030/3
f 891/1032/3 909/1034/3 910/1031/3
f 917/1033/3 929/1035/3 930/1029/3
f 892/1036/3 909/1034/3 891/1032/3
f 918/1037/3 929/1035/3 917/1033/3
f 892/1036/3 908/1038/3 909/1034/3
f 893/1039/3 908/1038/3 892/1036/3
f 918/1037/3 928/1040/3 929/1035/3
f 919/1041/3 928/1040/3 918/1037/3
f 893/1039/3 907/1042/3 908/1038/3
f 894/1043/3 907/1042/3 893/1039/3
f 920/1044/3 928/1040/3 919/1041/3
f 894/1043/3 906/1045/3 907/1042/3
f 895/1046/3 906/1045/3 894/1043/3
f 920/1044/3 927/1047/3 928/1040/3
f 921/1048/3 927/1047/3 920/1044/3
f 895/1046/3 905/1049/3 906/1045/3
f 896/1050/3 905/1049/3 895/1046/3
f 922/1051/3 927/1047/3 921/1048/3
f 897/1052/3 905/1049/3 896/1050/3
f 897/1052/3 904/1053/3 905/1049/3
f 922/1051/3 926/1054/3 927/1047/3
f 898/1055/3 904/1053/3 897/1052/3
f 923/1056/3 926/1054/3 922/1051/3
f 898/1055/3 903/1057/3 904/1053/3
f 899/1058/3 903/1057/3 898/1055/3
f 924/1059/3 926/1054/3 923/1056/3
f 899/1058/3 902/1060/3 903/1057/3
f 924/1059/3 925/1061/3 926/1054/3
f 900/1062/3 902/1060/3 899/1058/3
f 900/1062/3 901/1063/3 902/1060/3
f 1119/1064/3 1117/1065/3 1118/1066/3
f 1120/1067/3 1117/1065/3 1119/1064/3
f 1077/1068/3 1075/1069/3 1076/1070/3
f 1077/1068/3 1074/1071/3 1075/1069/3
f 1078/1072/3 1074/1071/3 1077/1068/3
f 1078/1072/3 1073/1073/3 1074/1071/3
f 1078/1072/3 1072/1074/3 1073/1073/3
f 1079/1075/3 1072/1074/3 1078/1072/3
f 1079/1075/3 1071/1076/3 1072/1074/3
f 1080/1077/3 1071/1076/3 1079/1075/3
f 1080/1077/3 1070/1078/3 1071/1076/3
f 1080/1077/3 1069/1079/3 1070/1078/3
f 1081/1080/3 1069/1079/3 1080/1077/3
f 1081/1080/3 1068/1081/3 1069/1079/3
f 1081/1080/3 1067/1082/3 1068/1081/3
f 1082/1083/3 1067/1082/3 1081/1080/3
f 1082/1083/3 1066/1084/3 1067/1082/3
f 1083/1085/3 1066/1084/3 1082/1083/3
f 1083/1085/3 1065/1086/3 1066/1084/3
f 1083/1085/3 1064/1087/3 1065/1086/3
f 1103/1088/3 1064/1087/3 1083/1085/3
f 1084/1089/3 1103/1088/3 1083/1085/3
f 1064/1087/3 1117/1065/3 1120/1067/3
f 1115/1090/3 1117/1065/3 1064/1087/3
f 1114/1091/3 1115/1090/3 1064/1087/3
f 1113/1092/3 1114/1091/3 1064/1087/3
f 1112/1093/3 1113/1092/3 1064/1087/3
f 1111/1094/3 1112/1093/3 1064/1087/3
f 1110/1095/3 1111/1094/3 1064/1087/3
f 1109/1096/3 1110/1095/3 1064/1087/3
f 1108/1097/3 1109/1096/3 1064/1087/3
f 1107/1098/3 1108/1097/3 1064/1087/3
f 1106/1099/3 1107/1098/3 1064/1087/3
f 1105/1100/3 1106/1099/3 1064/1087/3
f 1104/1101/3 1105/1100/3 1064/1087/3
f 1103/1088/3 1104/1101/3 1064/1087/3
f 1084/1089/4 1102/1102/4 1103/1088/4
f 1084/1089/3 1101/1103/3 1102/1102/3
f 1084/1089/3 1100/1104/3 1101/1103/3
f 1084/1089/3 1099/1105/3 1100/1104/3
f 1085/1106/3 1099/1105/3 1084/1089/3
f 1085/1106/3 1098/1107/3 1099/1105/3
f 1085/1106/3 1097/1108/3 1098/1107/3
f 1085/1106/3 1096/1109/3 1097/1108/3
f 1086/1110/3 1096/1109/3 1085/1106/3
f 1086/1110/3 1095/1111/3 1096/1109/3
f 1086/1110/3 1094/1112/3 1095/1111/3
f 1087/1113/3 1094/1112/3 1086/1110/3
f 1087/1113/3 1093/1114/3 1094/1112/3
f 1116/1115/3 1117/1065/3 1115/1090/3
f 1087/1113/3 1092/1116/3 1093/1114/3
f 1088/1117/3 1092/1116/3 1087/1113/3
f 1088/1117/3 1091/1118/3 1092/1116/3
f 1088/1117/3 1090/1119/3 1091/1118/3
f 1089/1120/3 1090/1119/3 1088/1117/3
f 1146/1121/3 1144/1122/3 1145/1123/3
f 1147/1124/3 1144/1122/3 1146/1121/3
f 1147/1124/3 1143/1125/3 1144/1122/3
f 1148/1126/3 1143/1125/3 1147/1124/3
f 1148/1126/3 1142/1127/3 1143/1125/3
f 1149/1128/3 1142/1127/3 1148/1126/3
f 1149/1128/3 1141/1129/3 1142/1127/3
f 1150/1130/3 1141/1129/3 1149/1128/3
f 1150/1130/3 1140/1131/3 1141/1129/3
f 1151/1132/3 1140/1131/3 1150/1130/3
f 1151/1132/3 1139/1133/3 1140/1131/3
f 1152/1134/3 1139/1133/3 1151/1132/3
f 1153/1135/3 1139/1133/3 1152/1134/3
f 1153/1135/3 1138/1136/3 1139/1133/3
f 1154/1137/3 1138/1136/3 1153/1135/3
f 1154/1137/3 1137/1138/3 1138/1136/3
f 1155/1139/3 1137/1138/3 1154/1137/3
f 1155/1139/3 1136/1140/3 1137/1138/3
f 1156/1141/3 1136/1140/3 1155/1139/3
f 1156/1141/3 1135/1142/3 1136/1140/3
f 1157/1143/3 1135/1142/3 1156/1141/3
f 1157/1143/3 1134/1144/3 1135/1142/3
f 1158/1145/3 1134/1144/3 1157/1143/3
f 1158/1145/3 1133/1146/3 1134/1144/3
f 1158/1145/3 1132/1147/3 1133/1146/3
f 1159/1148/3 1132/1147/3 1158/1145/3
f 1159/1148/3 1131/1149/3 1132/1147/3
f 1160/1150/3 1131/1149/3 1159/1148/3
f 1160/1150/3 1130/1151/3 1131/1149/3
f 1161/1152/3 1130/1151/3 1160/1150/3
f 1161/1152/3 1129/1153/3 1130/1151/3
f 1162/1154/3 1129/1153/3 1161/1152/3
f 1162/1154/3 1128/1155/3 1129/1153/3
f 1163/1156/3 1128/1155/3 1162/1154/3
f 1163/1156/3 1127/1157/3 1128/1155/3
f 1164/1158/3 1127/1157/3 1163/1156/3
f 1164/1158/3 1126/1159/3 1127/1157/3
f 1165/1160/3 1126/1159/3 1164/1158/3
f 1166/1161/3 1126/1159/3 1165/1160/3
f 1166/1161/3 1125/1162/3 1126/1159/3
f 1167/1163/3 1125/1162/3 1166/1161/3
f 1167/1163/3 1124/1164/3 1125/1162/3
f 1168/1165/3 1124/1164/3 1167/1163/3
f 1168/1165/3 1123/1166/3 1124/1164/3
f 1169/1167/3 1123/1166/3 1168/1165/3
f 1169/1167/3 1122/1168/3 1123/1166/3
f 1170/1169/3 1122/1168/3 1169/1167/3
f 1170/1169/3 1121/1170/3 1122/1168/3
f 1174/1171/3 1172/1172/3 1173/1173/3
f 1175/1174/3 1172/1172/3 1174/1171/3
f 1177/1175/3 1175/1174/3 1176/1176/3
f 1178/1177/3 1175/1174/3 1177/1175/3
f 1178/1177/3 1172/1172/3 1175/1174/3
f 1178/1177/3 1171/1178/3 1172/1172/3
f 1278/1179/3 1276/1180/3 1277/1181/3
f 1278/1179/3 1275/1182/3 1276/1180/3
f 1279/1183/3 1275/1182/3 1278/1179/3
f 1279/1183/3 1274/1184/3 1275/1182/3
f 1279/1183/3 1273/1185/3 1274/1184/3
f 1280/1186/3 1273/1185/3 1279/1183/3
f 1280/1186/3 1272/1187/3 1273/1185/3
f 1281/1188/3 1272/1187/3 1280/1186/3
f 1281/1188/3 1271/1189/3 1272/1187/3
f 1281/1188/3 1270/1190/3 1271/1189/3
f 1282/1191/3 1270/1190/3 1281/1188/3
f 1282/1191/3 1269/1192/3 1270/1190/3
f 1283/1193/3 1269/1192/3 1282/1191/3
f 1283/1193/3 1268/1194/3 1269/1192/3
f 1283/1193/3 1267/1195/3 1268/1194/3
f 1284/1196/3 1267/1195/3 1283/1193/3
f 1284/1196/3 1266/1197/3 1267/1195/3
f 1285/1198/3 1266/1197/3 1284/1196/3
f 1285/1198/3 1265/1199/3 1266/1197/3
f 1263/1200/3 1264/1201/3 1265/1199/3
f 1262/1202/3 1263/1200/3 1265/1199/3
f 1261/1203/3 1262/1202/3 1265/1199/3
f 1260/1204/3 1261/1203/3 1265/1199/3
f 1259/1205/3 1260/1204/3 1265/1199/3
f 1258/1206/3 1259/1205/3 1265/1199/3
f 1257/1207/3 1258/1206/3 1265/1199/3
f 1256/1208/3 1257/1207/3 1265/1199/3
f 1255/1209/3 1256/1208/3 1265/1199/3
f 1254/1210/3 1255/1209/3 1265/1199/3
f 1285/1198/3 1254/1210/3 1265/1199/3
f 1253/1211/3 1254/1210/3 1285/1198/3
f 1252/1212/3 1253/1211/3 1285/1198/3
f 1286/1213/3 1252/1212/3 1285/1198/3
f 1251/1214/3 1252/1212/3 1286/1213/3
f 1287/1215/3 1251/1214/3 1286/1213/3
f 1287/1215/5 1250/1216/5 1251/1214/5
f 1287/1215/3 1249/1217/3 1250/1216/3
f 1287/1215/3 1248/1218/3 1249/1217/3
f 1287/1215/3 1247/1219/3 1248/1218/3
f 1287/1215/3 1246/1220/3 1247/1219/3
f 1288/1221/3 1246/1220/3 1287/1215/3
f 1288/1221/3 1245/1222/3 1246/1220/3
f 1288/1221/3 1244/1223/3 1245/1222/3
f 1288/1221/3 1243/1224/3 1244/1223/3
f 1289/1225/3 1243/1224/3 1288/1221/3
f 1289/1225/3 1242/1226/3 1243/1224/3
f 1289/1225/3 1241/1227/3 1242/1226/3
f 1290/1228/3 1241/1227/3 1289/1225/3
f 1290/1228/3 1240/1229/3 1241/1227/3
f 1290/1228/3 1239/1230/3 1240/1229/3
f 1352/1231/3 1238/1232/3 1239/1230/3
f 1290/1228/3 1352/1231/3 1239/1230/3
f 1352/1231/3 1237/1233/3 1238/1232/3
f 1352/1231/3 1236/1234/3 1237/1233/3
f 1352/1231/3 1235/1235/3 1236/1234/3
f 1352/1231/3 1234/1236/3 1235/1235/3
f 1316/1237/3 1234/1236/3 1352/1231/3
f 1290/1228/3 1351/1238/3 1352/1231/3
f 1317/1239/3 1234/1236/3 1316/1237/3
f 1317/1239/3 1233/1240/3 1234/1236/3
f 1318/1241/3 1233/1240/3 1317/1239/3
f 1318/1241/3 1232/1242/3 1233/1240/3
f 1319/1243/3 1232/1242/3 1318/1241/3
f 1319/1243/3 1231/1244/3 1232/1242/3
f 1320/1245/3 1231/1244/3 1319/1243/3
f 1321/1246/3 1231/1244/3 1320/1245/3
f 1321/1246/3 1230/1247/3 1231/1244/3
f 1322/1248/3 1230/1247/3 1321/1246/3
f 1322/1248/3 1229/1249/3 1230/1247/3
f 1323/1250/3 1229/1249/3 1322/1248/3
f 1324/1251/3 1229/1249/3 1323/1250/3
f 1324/1251/3 1228/1252/3 1229/1249/3
f 1325/1253/3 1228/1252/3 1324/1251/3
f 1326/1254/3 1228/1252/3 1325/1253/3
f 1326/1254/3 1227/1255/3 1228/1252/3
f 1327/1256/3 1227/1255/3 1326/1254/3
f 1327/1256/3 1226/1257/3 1227/1255/3
f 1328/1258/3 1226/1257/3 1327/1256/3
f 1329/1259/3 1226/1257/3 1328/1258/3
f 1329/1259/3 1225/1260/3 1226/1257/3
f 1330/1261/3 1225/1260/3 1329/1259/3
f 1331/1262/3 1225/1260/3 1330/1261/3
f 1290/1228/3 1350/1263/3 1351/1238/3
f 1331/1262/3 1224/1264/3 1225/1260/3
f 1290/1228/3 1349/1265/3 1350/1263/3
f 1332/1266/3 1224/1264/3 1331/1262/3
f 1290/1228/3 1348/1267/3 1349/1265/3
f 1315/1268/3 1313/1269/3 1314/1270/3
f 1291/1271/3 1348/1267/3 1290/1228/3
f 1333/1272/3 1224/1264/3 1332/1266/3
f 1315/1268/3 1312/1273/3 1313/1269/3
f 1291/1271/3 1347/1274/3 1348/1267/3
f 1292/1275/3 1347/1274/3 1291/1271/3
f 1315/1268/3 1311/1276/3 1312/1273/3
f 1333/1272/3 1223/1277/3 1224/1264/3
f 1334/1278/3 1223/1277/3 1333/1272/3
f 1293/1279/3 1347/1274/3 1292/1275/3
f 1293/1279/3 1346/1280/3 1347/1274/3
f 1315/1268/3 1310/1281/3 1311/1276/3
f 1294/1282/3 1346/1280/3 1293/1279/3
f 1294/1282/3 1345/1283/3 1346/1280/3
f 1315/1268/3 1309/1284/3 1310/1281/3
f 1335/1285/3 1223/1277/3 1334/1278/3
f 1295/1286/3 1345/1283/3 1294/1282/3
f 1315/1268/3 1308/1287/3 1309/1284/3
f 1295/1286/3 1344/1288/3 1345/1283/3
f 1296/1289/3 1344/1288/3 1295/1286/3
f 1315/1268/3 1307/1290/3 1308/1287/3
f 1336/1291/3 1223/1277/3 1335/1285/3
f 1297/1292/3 1344/1288/3 1296/1289/3
f 1297/1292/3 1343/1293/3 1344/1288/3
f 1315/1268/3 1306/1294/3 1307/1290/3
f 1298/1295/3 1343/1293/3 1297/1292/3
f 1336/1291/3 1222/1296/3 1223/1277/3
f 1315/1268/3 1305/1297/3 1306/1294/3
f 1337/1298/3 1222/1296/3 1336/1291/3
f 1298/1295/3 1342/1299/3 1343/1293/3
f 1299/1300/3 1342/1299/3 1298/1295/3
f 1315/1268/3 1304/1301/3 1305/1297/3
f 1300/1302/3 1342/1299/3 1299/1300/3
f 1315/1268/3 1303/1303/3 1304/1301/3
f 1300/1302/3 1341/1304/3 1342/1299/3
f 1301/1305/3 1341/1304/3 1300/1302/3
f 1315/1268/3 1302/1306/3 1303/1303/3
f 1302/1306/3 1341/1304/3 1301/1305/3
f 1338/1307/3 1222/1296/3 1337/1298/3
f 1315/1268/3 1341/1304/3 1302/1306/3
f 1315/1268/3 1340/1308/3 1341/1304/3
f 1339/1309/3 1222/1296/3 1338/1307/3
f 1315/1268/3 1339/1309/3 1340/1308/3
f 1202/1310/3 1222/1296/3 1339/1309/3
f 1315/1268/3 1202/1310/3 1339/1309/3
f 1202/1310/3 1221/1311/3 1222/1296/3
f 1203/1312/3 1221/1311/3 1202/1310/3
f 1315/1268/3 1201/1313/3 1202/1310/3
f 1203/1312/3 1220/1314/3 1221/1311/3
f 1204/1315/3 1220/1314/3 1203/1312/3
f 1315/1268/3 1200/1316/3 1201/1313/3
f 1179/1317/3 1200/1316/3 1315/1268/3
f 1204/1315/3 1219/1318/3 1220/1314/3
f 1205/1319/3 1219/1318/3 1204/1315/3
f 1179/1317/3 1199/1320/3 1200/1316/3
f 1180/1321/3 1199/1320/3 1179/1317/3
f 1206/1322/3 1219/1318/3 1205/1319/3
f 1180/1321/3 1198/1323/3 1199/1320/3
f 1206/1322/3 1218/1324/3 1219/1318/3
f 1181/1325/3 1198/1323/3 1180/1321/3
f 1207/1326/3 1218/1324/3 1206/1322/3
f 1181/1325/3 1197/1327/3 1198/1323/3
f 1182/1328/3 1197/1327/3 1181/1325/3
f 1207/1326/3 1217/1329/3 1218/1324/3
f 1208/1330/3 1217/1329/3 1207/1326/3
f 1182/1328/3 1196/1331/3 1197/1327/3
f 1183/1332/3 1196/1331/3 1182/1328/3
f 1209/1333/3 1217/1329/3 1208/1330/3
f 1183/1332/3 1195/1334/3 1196/1331/3
f 1184/1335/3 1195/1334/3 1183/1332/3
f 1209/1333/3 1216/1336/3 1217/1329/3
f 1210/1337/3 1216/1336/3 1209/1333/3
f 1184/1335/3 1194/1338/3 1195/1334/3
f 1185/1339/3 1194/1338/3 1184/1335/3
f 1211/1340/3 1216/1336/3 1210/1337/3
f 1186/1341/3 1194/1338/3 1185/1339/3
f 1186/1341/3 1193/1342/3 1194/1338/3
f 1211/1340/3 1215/1343/3 1216/1336/3
f 1187/1344/3 1193/1342/3 1186/1341/3
f 1212/1345/3 1215/1343/3 1211/1340/3
f 1187/1344/3 1192/1346/3 1193/1342/3
f 1188/1347/3 1192/1346/3 1187/1344/3
f 1213/1348/3 1215/1343/3 1212/1345/3
f 1188/1347/3 1191/1349/3 1192/1346/3
f 1213/1348/3 1214/1350/3 1215/1343/3
f 1189/1351/3 1191/1349/3 1188/1347/3
f 1189/1351/3 1190/1352/3 1191/1349/3
f 1355/1353/3 1353/1354/3 1354/1355/3
f 1356/1356/3 1353/1354/3 1355/1353/3
f 1411/1357/3 1383/1358/3 1384/1359/3
f 1385/1360/3 1411/1357/3 1384/1359/3
f 1357/1361/3 1411/1357/3 1385/1360/3
f 1358/1362/3 1411/1357/3 1357/1361/3
f 1359/1363/3 1411/1357/3 1358/1362/3
f 1360/1364/3 1411/1357/3 1359/1363/3
f 1361/1365/3 1411/1357/3 1360/1364/3
f 1362/1366/3 1411/1357/3 1361/1365/3
f 1363/1367/3 1411/1357/3 1362/1366/3
f 1410/1368/3 1411/1357/3 1363/1367/3
f 1364/1369/3 1410/1368/3 1363/1367/3
f 1412/1370/3 1383/1358/3 1411/1357/3
f 1364/1369/5 1409/1371/5 1410/1368/5
f 1364/1369/3 1408/1372/3 1409/1371/3
f 1364/1369/3 1407/1373/3 1408/1372/3
f 1365/1374/3 1407/1373/3 1364/1369/3
f 1365/1374/3 1406/1375/3 1407/1373/3
f 1365/1374/3 1405/1376/3 1406/1375/3
f 1365/1374/3 1404/1377/3 1405/1376/3
f 1366/1378/3 1404/1377/3 1365/1374/3
f 1366/1378/3 1403/1379/3 1404/1377/3
f 1366/1378/3 1402/1380/3 1403/1379/3
f 1366/1378/3 1401/1381/3 1402/1380/3
f 1367/1382/3 1401/1381/3 1366/1378/3
f 1367/1382/3 1400/1383/3 1401/1381/3
f 1367/1382/3 1399/1384/3 1400/1383/3
f 1368/1385/3 1399/1384/3 1367/1382/3
f 1368/1385/3 1398/1386/3 1399/1384/3
f 1368/1385/3 1397/1387/3 1398/1386/3
f 1369/1388/3 1397/1387/3 1368/1385/3
f 1369/1388/3 1396/1389/3 1397/1387/3
f 1370/1390/3 1396/1389/3 1369/1388/3
f 1370/1390/3 1395/1391/3 1396/1389/3
f 1370/1390/3 1394/1392/3 1395/1391/3
f 1371/1393/3 1394/1392/3 1370/1390/3
f 1371/1393/3 1393/1394/3 1394/1392/3
f 1371/1393/3 1392/1395/3 1393/1394/3
f 1372/1396/3 1392/1395/3 1371/1393/3
f 1372/1396/3 1391/1397/3 1392/1395/3
f 1372/1396/3 1390/1398/3 1391/1397/3
f 1372/1396/3 1389/1399/3 1390/1398/3
f 1372/1396/3 1388/1400/3 1389/1399/3
f 1373/1401/3 1388/1400/3 1372/1396/3
f 1373/1401/3 1387/1402/3 1388/1400/3
f 1373/1401/3 1386/1403/3 1387/1402/3
f 1381/1404/3 1383/1358/3 1412/1370/3
f 1386/1403/3 1381/1404/3 1412/1370/3
f 1373/1401/3 1381/1404/3 1386/1403/3
f 1374/1405/3 1381/1404/3 1373/1401/3
f 1375/1406/3 1381/1404/3 1374/1405/3
f 1376/1407/3 1381/1404/3 1375/1406/3
f 1377/1408/3 1381/1404/3 1376/1407/3
f 1378/1409/3 1381/1404/3 1377/1408/3
f 1379/1410/3 1381/1404/3 1378/1409/3
f 1380/1411/3 1381/1404/3 1379/1410/3
f 1382/1412/3 1383/1358/3 1381/1404/3
s 1
f 1416/1413/6 1413/1414/7 1414/1415/7
f 1418/1416/8 1415/1417/6 1416/1413/6
f 1420/1418/9 1417/1419/8 1418/1416/8
f 1422/1420/10 1419/1421/9 1420/1418/9
f 1424/1422/11 1421/1423/10 1422/1420/10
f 1426/1424/12 1423/1425/11 1424/1422/11
f 1428/1426/13 1425/1427/12 1426/1424/12
f 1430/1428/14 1427/1429/13 1428/1426/13
f 1432/1430/15 1429/1431/14 1430/1428/14
f 1434/1432/16 1431/1433/15 1432/1430/15
f 1436/1434/17 1433/1435/16 1434/1432/16
f 1438/1436/18 1435/1437/17 1436/1434/17
f 1440/1438/19 1437/1439/18 1438/1436/18
f 1442/1440/20 1439/1441/19 1440/1438/19
f 1444/1442/21 1441/1443/20 1442/1440/20
f 1446/1444/22 1443/1445/21 1444/1442/21
f 1448/1446/23 1445/1447/22 1446/1444/22
f 1450/1448/24 1447/1449/23 1448/1446/23
f 1452/1450/25 1449/1451/24 1450/1448/24
f 1454/1452/26 1451/1453/25 1452/1450/25
f 1456/1454/27 1453/1455/26 1454/1452/26
f 1458/1456/28 1455/1457/27 1456/1454/27
f 1460/1458/29 1457/1459/28 1458/1456/28
f 1462/1460/30 1459/1461/29 1460/1458/29
f 1464/1462/30 1461/1463/30 1462/1460/30
f 1466/1464/31 1463/1465/30 1464/1462/30
f 1468/1466/32 1465/1467/31 1466/1464/31
f 1470/1468/33 1467/1469/32 1468/1466/32
f 1414/1470/7 1469/1471/33 1470/1468/33
f 1474/1472/34 1471/1473/35 1472/1474/35
f 1476/1475/36 1473/1476/34 1474/1472/34
f 1478/1477/37 1475/1478/36 1476/1475/36
f 1480/1479/38 1477/1480/37 1478/1477/37
f 1482/1481/39 1479/1482/38 1480/1479/38
f 1484/1483/40 1481/1484/39 1482/1481/39
f 1486/1485/41 1483/1486/40 1484/1483/40
f 1488/1487/42 1485/1488/41 1486/1485/41
f 1490/1489/43 1487/1490/42 1488/1487/42
f 1492/1491/44 1489/1492/43 1490/1489/43
f 1494/1493/45 1491/1494/44 1492/1491/44
f 1496/1495/46 1493/1496/45 1494/1493/45
f 1498/1497/47 1495/1498/46 1496/1495/46
f 1500/1499/48 1497/1500/47 1498/1497/47
f 1502/1501/49 1499/1502/48 1500/1499/48
f 1504/1503/50 1501/1504/49 1502/1501/49
f 1506/1505/51 1503/1506/50 1504/1503/50
f 1508/1507/52 1505/1508/51 1506/1505/51
f 1510/1509/53 1507/1510/52 1508/1507/52
f 1512/1511/54 1509/1512/53 1510/1509/53
f 1514/1513/55 1511/1514/54 1512/1511/54
f 1516/1515/56 1513/1516/55 1514/1513/55
f 1518/1517/57 1515/1518/56 1516/1515/56
f 1520/1519/58 1517/1520/57 1518/1517/57
f 1522/1521/30 1519/1522/58 1520/1519/58
f 1524/1523/59 1521/1524/30 1522/1521/30
f 1472/1525/35 1523/1526/59 1524/1523/59
f 1528/1527/32 1525/1528/31 1526/1529/31
f 1530/1530/59 1527/1531/32 1528/1527/32
f 1532/1532/30 1529/1533/59 1530/1530/59
f 1526/1534/31 1531/1535/30 1532/1532/30
f 1536/1536/60 1533/1537/61 1534/1538/61
f 1538/1539/62 1535/1540/60 1536/1536/60
f 1540/1541/63 1537/1542/64 1538/1539/62
f 1542/1543/65 1539/1544/63 1540/1541/63
f 1544/1545/66 1541/1546/65 1542/1543/65
f 1546/1547/67 1543/1548/66 1544/1545/66
f 1548/1549/68 1545/1550/67 1546/1547/67
f 1550/1551/69 1547/1552/68 1548/1549/68
f 1552/1553/70 1549/1554/69 1550/1551/69
f 1554/1555/71 1551/1556/70 1552/1553/70
f 1556/1557/72 1553/1558/71 1554/1555/71
f 1558/1559/73 1555/1560/72 1556/1557/72
f 1560/1561/74 1557/1562/73 1558/1559/73
f 1562/1563/75 1559/1564/74 1560/1561/74
f 1564/1565/76 1561/1566/75 1562/1563/75
f 1566/1567/77 1563/1568/76 1564/1565/76
f 1568/1569/78 1565/1570/77 1566/1567/77
f 1570/1571/79 1567/1572/78 1568/1569/78
f 1572/1573/80 1569/1574/79 1570/1571/79
f 1574/1575/81 1571/1576/80 1572/1573/80
f 1576/1577/82 1573/1578/81 1574/1575/81
f 1578/1579/83 1575/1580/82 1576/1577/82
f 1580/1581/84 1577/1582/83 1578/1579/83
f 1582/1583/85 1579/1584/84 1580/1581/84
f 1584/1585/86 1581/1586/85 1582/1583/85
f 1586/1587/87 1583/1588/86 1584/1585/86
f 1588/1589/88 1585/1590/87 1586/1587/87
f 1590/1591/89 1587/1592/88 1588/1589/88
f 1592/1593/90 1589/1594/89 1590/1591/89
f 1594/1595/91 1591/1596/90 1592/1593/90
f 1596/1597/92 1593/1598/91 1594/1595/91
f 1598/1599/93 1595/1600/92 1596/1597/92
f 1600/1601/94 1597/1602/93 1598/1599/93
f 1602/1603/95 1599/1604/94 1600/1601/94
f 1604/1605/96 1601/1606/95 1602/1603/95
f 1606/1607/97 1603/1608/96 1604/1605/96
f 1608/1609/98 1605/1610/97 1606/1607/97
f 1610/1611/99 1607/1612/98 1608/1609/98
f 1612/1613/100 1609/1614/99 1610/1611/99
f 1614/1615/101 1611/1616/100 1612/1613/100
f 1616/1617/102 1613/1618/101 1614/1615/101
f 1618/1619/103 1615/1620/102 1616/1617/102
f 1620/1621/104 1617/1622/103 1618/1619/103
f 1622/1623/105 1619/1624/104 1620/1621/104
f 1624/1625/106 1621/1626/105 1622/1623/105
f 1626/1627/107 1623/1628/106 1624/1625/106
f 1628/1629/108 1625/1630/107 1626/1627/107
f 1630/1631/109 1627/1632/108 1628/1629/108
f 1632/1633/110 1629/1634/109 1630/1631/109
f 1634/1635/111 1631/1636/110 1632/1633/110
f 1636/1637/112 1633/1638/111 1634/1635/111
f 1638/1639/113 1635/1640/112 1636/1637/112
f 1640/1641/114 1637/1642/113 1638/1639/113
f 1642/1643/115 1639/1644/114 1640/1641/114
f 1644/1645/116 1641/1646/115 1642/1643/115
f 1646/1647/117 1643/1648/116 1644/1645/116
f 1648/1649/118 1645/1650/117 1646/1647/117
f 1650/1651/119 1647/1652/118 1648/1649/118
f 1652/1653/120 1649/1654/119 1650/1651/119
f 1654/1655/121 1651/1656/120 1652/1653/120
f 1656/1657/122 1653/1658/121 1654/1655/121
f 1658/1659/123 1655/1660/122 1656/1657/122
f 1660/1661/124 1657/1662/123 1658/1659/123
f 1662/1663/125 1659/1664/124 1660/1661/124
f 1664/1665/126 1661/1666/125 1662/1663/125
f 1666/1667/127 1663/1668/126 1664/1665/126
f 1668/1669/128 1665/1670/127 1666/1667/127
f 1670/1671/129 1667/1672/128 1668/1669/128
f 1672/1673/130 1669/1674/129 1670/1671/129
f 1674/1675/131 1671/1676/130 1672/1673/130
f 1676/1677/132 1673/1678/131 1674/1675/131
f 1678/1679/133 1675/1680/134 1676/1677/132
f 1680/1681/135 1677/1682/133 1678/1679/133
f 1682/1683/136 1679/1684/135 1680/1681/135
f 1684/1685/137 1681/1686/136 1682/1683/136
f 1686/1687/138 1683/1688/137 1684/1685/137
f 1688/1689/139 1685/1690/138 1686/1687/138
f 1690/1691/140 1687/1692/141 1688/1689/139
f 1692/1693/142 1689/1694/140 1690/1691/140
f 1694/1695/143 1691/1696/142 1692/1693/142
f 1696/1697/144 1693/1698/143 1694/1695/143
f 1698/1699/145 1695/1700/144 1696/1697/144
f 1700/1701/146 1697/1702/145 1698/1699/145
f 1702/1703/147 1699/1704/146 1700/1701/146
f 1704/1705/148 1701/1706/147 1702/1703/147
f 1706/1707/149 1703/1708/148 1704/1705/148
f 1708/1709/150 1705/1710/149 1706/1707/149
f 1710/1711/151 1707/1712/150 1708/1709/150
f 1712/1713/152 1709/1714/151 1710/1711/151
f 1714/1715/153 1711/1716/152 1712/1713/152
f 1716/1717/154 1713/1718/153 1714/1715/153
f 1718/1719/155 1715/1720/154 1716/1717/154
f 1720/1721/156 1717/1722/155 1718/1719/155
f 1722/1723/157 1719/1724/156 1720/1721/156
f 1724/1725/158 1721/1726/157 1722/1723/157
f 1726/1727/159 1723/1728/158 1724/1725/158
f 1728/1729/160 1725/1730/159 1726/1727/159
f 1730/1731/161 1727/1732/160 1728/1729/160
f 1732/1733/162 1729/1734/161 1730/1731/161
f 1734/1735/163 1731/1736/162 1732/1733/162
f 1736/1737/164 1733/1738/163 1734/1735/163
f 1738/1739/165 1735/1740/164 1736/1737/164
f 1740/1741/166 1737/1742/165 1738/1739/165
f 1742/1743/167 1739/1744/166 1740/1741/166
f 1744/1745/168 1741/1746/167 1742/1743/167
f 1746/1747/169 1743/1748/168 1744/1745/168
f 1748/1749/170 1745/1750/169 1746/1747/169
f 1750/1751/171 1747/1752/170 1748/1749/170
f 1752/1753/172 1749/1754/171 1750/1751/171
f 1754/1755/173 1751/1756/172 1752/1753/172
f 1756/1757/174 1753/1758/173 1754/1755/173
f 1758/1759/175 1755/1760/174 1756/1757/174
f 1760/1761/176 1757/1762/175 1758/1759/175
f 1762/1763/177 1759/1764/176 1760/1761/176
f 1764/1765/178 1761/1766/177 1762/1763/177
f 1766/1767/179 1763/1768/178 1764/1765/178
f 1768/1769/180 1765/1770/179 1766/1767/179
f 1770/1771/181 1767/1772/180 1768/1769/180
f 1772/1773/182 1769/1774/181 1770/1771/181
f 1774/1775/183 1771/1776/182 1772/1773/182
f 1776/1777/184 1773/1778/183 1774/1775/183
f 1778/1779/185 1775/1780/184 1776/1777/184
f 1780/1781/186 1777/1782/185 1778/1779/185
f 1782/1783/187 1779/1784/186 1780/1781/186
f 1784/1785/188 1781/1786/187 1782/1783/187
f 1786/1787/189 1783/1788/188 1784/1785/188
f 1788/1789/190 1785/1790/189 1786/1787/189
f 1790/1791/191 1787/1792/190 1788/1789/190
f 1792/1793/192 1789/1794/191 1790/1791/191
f 1794/1795/193 1791/1796/192 1792/1793/192
f 1796/1797/194 1793/1798/193 1794/1795/193
f 1798/1799/195 1795/1800/196 1796/1797/194
f 1800/1801/197 1797/1802/195 1798/1799/195
f 1802/1803/198 1799/1804/197 1800/1801/197
f 1804/1805/199 1801/1806/198 1802/1803/198
f 1806/1807/200 1803/1808/199 1804/1805/199
f 1534/1809/61 1805/1810/200 1806/1807/200
f 1810/1811/201 1807/1812/202 1808/1813/202
f 1812/1814/203 1809/1815/201 1810/1811/201
f 1814/1816/204 1811/1817/203 1812/1814/203
f 1816/1818/205 1813/1819/204 1814/1816/204
f 1818/1820/206 1815/1821/205 1816/1818/205
f 1820/1822/207 1817/1823/206 1818/1820/206
f 1822/1824/208 1819/1825/207 1820/1822/207
f 1824/1826/209 1821/1827/208 1822/1824/208
f 1826/1828/210 1823/1829/209 1824/1826/209
f 1828/1830/211 1825/1831/210 1826/1828/210
f 1830/1832/212 1827/1833/211 1828/1830/211
f 1832/1834/213 1829/1835/212 1830/1832/212
f 1834/1836/214 1831/1837/213 1832/1834/213
f 1836/1838/215 1833/1839/214 1834/1836/214
f 1838/1840/216 1835/1841/215 1836/1838/215
f 1840/1842/217 1837/1843/216 1838/1840/216
f 1842/1844/218 1839/1845/217 1840/1842/217
f 1844/1846/219 1841/1847/218 1842/1844/218
f 1846/1848/220 1843/1849/219 1844/1846/219
f 1848/1850/221 1845/1851/220 1846/1848/220
f 1850/1852/222 1847/1853/221 1848/1850/221
f 1852/1854/223 1849/1855/222 1850/1852/222
f 1854/1856/224 1851/1857/223 1852/1854/223
f 1856/1858/225 1853/1859/224 1854/1856/224
f 1858/1860/226 1855/1861/225 1856/1858/225
f 1860/1862/227 1857/1863/226 1858/1860/226
f 1862/1864/228 1859/1865/227 1860/1862/227
f 1864/1866/229 1861/1867/228 1862/1864/228
f 1866/1868/230 1863/1869/229 1864/1866/229
f 1868/1870/231 1865/1871/230 1866/1868/230
f 1870/1872/232 1867/1873/231 1868/1870/231
f 1872/1874/233 1869/1875/232 1870/1872/232
f 1874/1876/234 1871/1877/233 1872/1874/233
f 1876/1878/235 1873/1879/234 1874/1876/234
f 1878/1880/236 1875/1881/235 1876/1878/235
f 1880/1882/237 1877/1883/236 1878/1880/236
f 1808/1884/202 1879/1885/237 1880/1882/237
f 1884/1886/238 1881/1887/239 1882/1888/239
f 1886/1889/240 1883/1890/238 1884/1886/238
f 1888/1891/241 1885/1892/240 1886/1889/240
f 1890/1893/242 1887/1894/241 1888/1891/241
f 1892/1895/243 1889/1896/242 1890/1893/242
f 1894/1897/244 1891/1898/243 1892/1895/243
f 1896/1899/245 1893/1900/244 1894/1897/244
f 1882/1901/239 1895/1902/245 1896/1899/245
f 1900/1903/246 1897/1904/247 1898/1905/247
f 1902/1906/248 1899/1907/246 1900/1903/246
f 1904/1908/249 1901/1909/248 1902/1906/248
f 1906/1910/250 1903/1911/249 1904/1908/249
f 1908/1912/251 1905/1913/250 1906/1910/250
f 1910/1914/252 1907/1915/251 1908/1912/251
f 1912/1916/253 1909/1917/252 1910/1914/252
f 1914/1918/254 1911/1919/253 1912/1916/253
f 1916/1920/255 1913/1921/254 1914/1918/254
f 1918/1922/256 1915/1923/255 1916/1920/255
f 1920/1924/257 1917/1925/256 1918/1922/256
f 1922/1926/258 1919/1927/257 1920/1924/257
f 1924/1928/259 1921/1929/258 1922/1926/258
f 1926/1930/260 1923/1931/259 1924/1928/259
f 1928/1932/261 1925/1933/260 1926/1930/260
f 1930/1934/262 1927/1935/261 1928/1932/261
f 1932/1936/263 1929/1937/262 1930/1934/262
f 1934/1938/264 1931/1939/263 1932/1936/263
f 1936/1940/265 1933/1941/264 1934/1938/264
f 1938/1942/266 1935/1943/265 1936/1940/265
f 1940/1944/267 1937/1945/266 1938/1942/266
f 1942/1946/268 1939/1947/267 1940/1944/267
f 1944/1948/269 1941/1949/268 1942/1946/268
f 1946/1950/270 1943/1951/269 1944/1948/269
f 1948/1952/271 1945/1953/270 1946/1950/270
f 1950/1954/272 1947/1955/271 1948/1952/271
f 1952/1956/273 1949/1957/272 1950/1954/272
f 1954/1958/274 1951/1959/273 1952/1956/273
f 1956/1960/275 1953/1961/274 1954/1958/274
f 1958/1962/276 1955/1963/275 1956/1960/275
f 1960/1964/277 1957/1965/276 1958/1962/276
f 1962/1966/278 1959/1967/277 1960/1964/277
f 1964/1968/279 1961/1969/278 1962/1966/278
f 1966/1970/280 1963/1971/279 1964/1968/279
f 1968/1972/281 1965/1973/280 1966/1970/280
f 1970/1974/282 1967/1975/281 1968/1972/281
f 1972/1976/283 1969/1977/282 1970/1974/282
f 1974/1978/284 1971/1979/283 1972/1976/283
f 1976/1980/285 1973/1981/284 1974/1978/284
f 1978/1982/286 1975/1983/285 1976/1980/285
f 1980/1984/287 1977/1985/286 1978/1982/286
f 1982/1986/288 1979/1987/287 1980/1984/287
f 1984/1988/289 1981/1989/288 1982/1986/288
f 1986/1990/290 1983/1991/289 1984/1988/289
f 1988/1992/291 1985/1993/290 1986/1990/290
f 1990/1994/292 1987/1995/291 1988/1992/291
f 1992/1996/293 1989/1997/292 1990/1994/292
f 1994/1998/294 1991/1999/293 1992/1996/293
f 1996/2000/295 1993/2001/294 1994/1998/294
f 1898/2002/247 1995/2003/295 1996/2000/295
f 2000/2004/296 1997/2005/297 1998/2006/297
f 2002/2007/298 1999/2008/296 2000/2004/296
f 2004/2009/299 2001/2010/298 2002/2007/298
f 2006/2011/300 2003/2012/299 2004/2009/299
f 2008/2013/301 2005/2014/300 2006/2011/300
f 2010/2015/302 2007/2016/301 2008/2013/301
f 2012/2017/303 2009/2018/302 2010/2015/302
f 2014/2019/304 2011/2020/303 2012/2017/303
f 2016/2021/305 2013/2022/304 2014/2019/304
f 2018/2023/306 2015/2024/305 2016/2021/305
f 2020/2025/307 2017/2026/306 2018/2023/306
f 2022/2027/308 2019/2028/307 2020/2025/307
f 2024/2029/309 2021/2030/308 2022/2027/308
f 2026/2031/310 2023/2032/309 2024/2029/309
f 2028/2033/311 2025/2034/310 2026/2031/310
f 2030/2035/312 2027/2036/311 2028/2033/311
f 2032/2037/313 2029/2038/312 2030/2035/312
f 2034/2039/314 2031/2040/313 2032/2037/313
f 2036/2041/315 2033/2042/314 2034/2039/314
f 2038/2043/316 2035/2044/315 2036/2041/315
f 2040/2045/317 2037/2046/316 2038/2043/316
f 2042/2047/318 2039/2048/317 2040/2045/317
f 2044/2049/319 2041/2050/318 2042/2047/318
f 2046/2051/320 2043/2052/319 2044/2049/319
f 2048/2053/30 2045/2054/320 2046/2051/320
f 2050/2055/31 2047/2056/30 2048/2053/30
f 2052/2057/321 2049/2058/31 2050/2055/31
f 2054/2059/322 2051/2060/321 2052/2057/321
f 2056/2061/323 2053/2062/322 2054/2059/322
f 2058/2063/324 2055/2064/323 2056/2061/323
f 2060/2065/325 2057/2066/324 2058/2063/324
f 2062/2067/326 2059/2068/325 2060/2065/325
f 2064/2069/327 2061/2070/326 2062/2067/326
f 2066/2071/328 2063/2072/327 2064/2069/327
f 2068/2073/329 2065/2074/328 2066/2071/328
f 2070/2075/330 2067/2076/329 2068/2073/329
f 2072/2077/331 2069/2078/330 2070/2075/330
f 2074/2079/332 2071/2080/331 2072/2077/331
f 2076/2081/333 2073/2082/332 2074/2079/332
f 2078/2083/334 2075/2084/333 2076/2081/333
f 2080/2085/335 2077/2086/334 2078/2083/334
f 2082/2087/336 2079/2088/335 2080/2085/335
f 2084/2089/337 2081/2090/336 2082/2087/336
f 2086/2091/338 2083/2092/337 2084/2089/337
f 2088/2093/339 2085/2094/338 2086/2091/338
f 2090/2095/340 2087/2096/339 2088/2093/339
f 2092/2097/341 2089/2098/340 2090/2095/340
f 2094/2099/342 2091/2100/343 2092/2097/341
f 2096/2101/344 2093/2102/342 2094/2099/342
f 2098/2103/345 2095/2104/344 2096/2101/344
f 2100/2105/346 2097/2106/345 2098/2103/345
f 2102/2107/30 2099/2108/346 2100/2105/346
f 2104/2109/31 2101/2110/30 2102/2107/30
f 2106/2111/32 2103/2112/31 2104/2109/31
f 2108/2113/59 2105/2114/32 2106/2111/32
f 2110/2115/59 2107/2116/59 2108/2113/59
f 1998/2117/297 2109/2118/59 2110/2115/59
f 2114/2119/60 2111/2120/61 2112/2121/61
f 2116/2122/64 2113/2123/60 2114/2119/60
f 2118/2124/63 2115/2125/64 2116/2122/64
f 2120/2126/65 2117/2127/63 2118/2124/63
f 2122/2128/347 2119/2129/65 2120/2126/65
f 2124/2130/67 2121/2131/66 2122/2128/347
f 2126/2132/348 2123/2133/67 2124/2130/67
f 2128/2134/349 2125/2135/68 2126/2132/348
f 2130/2136/70 2127/2137/349 2128/2134/349
f 2132/2138/71 2129/2139/70 2130/2136/70
f 2134/2140/72 2131/2141/71 2132/2138/71
f 2136/2142/73 2133/2143/72 2134/2140/72
f 2138/2144/74 2135/2145/73 2136/2142/73
f 2140/2146/75 2137/2147/74 2138/2144/74
f 2142/2148/76 2139/2149/75 2140/2146/75
f 2144/2150/350 2141/2151/76 2142/2148/76
f 2146/2152/78 2143/2153/350 2144/2150/350
f 2148/2154/79 2145/2155/78 2146/2152/78
f 2150/2156/80 2147/2157/79 2148/2154/79
f 2152/2158/81 2149/2159/80 2150/2156/80
f 2154/2160/82 2151/2161/81 2152/2158/81
f 2156/2162/83 2153/2163/82 2154/2160/82
f 2158/2164/84 2155/2165/83 2156/2162/83
f 2160/2166/85 2157/2167/84 2158/2164/84
f 2162/2168/351 2159/2169/85 2160/2166/85
f 2164/2170/87 2161/2171/86 2162/2168/351
f 2166/2172/88 2163/2173/87 2164/2170/87
f 2168/2174/352 2165/2175/88 2166/2172/88
f 2170/2176/90 2167/2177/89 2168/2174/352
f 2172/2178/91 2169/2179/90 2170/2176/90
f 2174/2180/92 2171/2181/91 2172/2178/91
f 2176/2182/353 2173/2183/354 2174/2180/92
f 2178/2184/94 2175/2185/93 2176/2182/353
f 2180/2186/355 2177/2187/94 2178/2184/94
f 2182/2188/96 2179/2189/355 2180/2186/355
f 2184/2190/97 2181/2191/96 2182/2188/96
f 2186/2192/98 2183/2193/97 2184/2190/97
f 2188/2194/99 2185/2195/98 2186/2192/98
f 2190/2196/100 2187/2197/99 2188/2194/99
f 2192/2198/101 2189/2199/100 2190/2196/100
f 2194/2200/102 2191/2201/101 2192/2198/101
f 2196/2202/103 2193/2203/102 2194/2200/102
f 2198/2204/104 2195/2205/103 2196/2202/103
f 2200/2206/105 2197/2207/104 2198/2204/104
f 2202/2208/106 2199/2209/105 2200/2206/105
f 2204/2210/107 2201/2211/106 2202/2208/106
f 2206/2212/108 2203/2213/107 2204/2210/107
f 2208/2214/109 2205/2215/108 2206/2212/108
f 2210/2216/110 2207/2217/109 2208/2214/109
f 2212/2218/111 2209/2219/110 2210/2216/110
f 2214/2220/112 2211/2221/111 2212/2218/111
f 2216/2222/113 2213/2223/112 2214/2220/112
f 2218/2224/114 2215/2225/113 2216/2222/113
f 2220/2226/115 2217/2227/114 2218/2224/114
f 2222/2228/116 2219/2229/115 2220/2226/115
f 2224/2230/117 2221/2231/116 2222/2228/116
f 2226/2232/118 2223/2233/117 2224/2230/117
f 2228/2234/119 2225/2235/118 2226/2232/118
f 2230/2236/120 2227/2237/119 2228/2234/119
f 2232/2238/121 2229/2239/120 2230/2236/120
f 2234/2240/122 2231/2241/121 2232/2238/121
f 2236/2242/123 2233/2243/122 2234/2240/122
f 2238/2244/124 2235/2245/123 2236/2242/123
f 2240/2246/125 2237/2247/124 2238/2244/124
f 2242/2248/126 2239/2249/125 2240/2246/125
f 2244/2250/127 2241/2251/356 2242/2248/126
f 2246/2252/128 2243/2253/127 2244/2250/127
f 2248/2254/357 2245/2255/128 2246/2252/128
f 2250/2256/130 2247/2257/129 2248/2254/357
f 2252/2258/131 2249/2259/130 2250/2256/130
f 2254/2260/132 2251/2261/131 2252/2258/131
f 2256/2262/133 2253/2263/132 2254/2260/132
f 2258/2264/135 2255/2265/133 2256/2262/133
f 2260/2266/136 2257/2267/135 2258/2264/135
f 2262/2268/137 2259/2269/136 2260/2266/136
f 2264/2270/138 2261/2271/137 2262/2268/137
f 2266/2272/139 2263/2273/138 2264/2270/138
f 2268/2274/358 2265/2275/139 2266/2272/139
f 2270/2276/142 2267/2277/140 2268/2274/358
f 2272/2278/143 2269/2279/142 2270/2276/142
f 2274/2280/144 2271/2281/143 2272/2278/143
f 2276/2282/145 2273/2283/144 2274/2280/144
f 2278/2284/146 2275/2285/145 2276/2282/145
f 2280/2286/147 2277/2287/146 2278/2284/146
f 2282/2288/148 2279/2289/147 2280/2286/147
f 2284/2290/149 2281/2291/148 2282/2288/148
f 2286/2292/150 2283/2293/149 2284/2290/149
f 2288/2294/151 2285/2295/150 2286/2292/150
f 2290/2296/152 2287/2297/151 2288/2294/151
f 2292/2298/153 2289/2299/152 2290/2296/152
f 2294/2300/154 2291/2301/153 2292/2298/153
f 2296/2302/359 2293/2303/154 2294/2300/154
f 2298/2304/156 2295/2305/155 2296/2302/359
f 2300/2306/157 2297/2307/156 2298/2304/156
f 2302/2308/158 2299/2309/157 2300/2306/157
f 2304/2310/159 2301/2311/158 2302/2308/158
f 2306/2312/360 2303/2313/159 2304/2310/159
f 2308/2314/161 2305/2315/360 2306/2312/360
f 2310/2316/162 2307/2317/161 2308/2314/161
f 2312/2318/361 2309/2319/162 2310/2316/162
f 2314/2320/164 2311/2321/163 2312/2318/361
f 2316/2322/165 2313/2323/164 2314/2320/164
f 2318/2324/166 2315/2325/165 2316/2322/165
f 2320/2326/167 2317/2327/166 2318/2324/166
f 2322/2328/168 2319/2329/167 2320/2326/167
f 2324/2330/169 2321/2331/168 2322/2328/168
f 2326/2332/170 2323/2333/169 2324/2330/169
f 2328/2334/171 2325/2335/170 2326/2332/170
f 2330/2336/172 2327/2337/171 2328/2334/171
f 2332/2338/173 2329/2339/172 2330/2336/172
f 2334/2340/174 2331/2341/173 2332/2338/173
f 2336/2342/175 2333/2343/174 2334/2340/174
f 2338/2344/176 2335/2345/175 2336/2342/175
f 2340/2346/177 2337/2347/176 2338/2344/176
f 2342/2348/178 2339/2349/177 2340/2346/177
f 2344/2350/179 2341/2351/178 2342/2348/178
f 2346/2352/180 2343/2353/179 2344/2350/179
f 2348/2354/181 2345/2355/180 2346/2352/180
f 2350/2356/182 2347/2357/181 2348/2354/181
f 2352/2358/183 2349/2359/182 2350/2356/182
f 2354/2360/184 2351/2361/183 2352/2358/183
f 2356/2362/362 2353/2363/363 2354/2360/184
f 2358/2364/364 2355/2365/185 2356/2362/362
f 2360/2366/365 2357/2367/186 2358/2364/364
f 2362/2368/188 2359/2369/365 2360/2366/365
f 2364/2370/189 2361/2371/188 2362/2368/188
f 2366/2372/190 2363/2373/189 2364/2370/189
f 2368/2374/191 2365/2375/366 2366/2372/190
f 2370/2376/192 2367/2377/191 2368/2374/191
f 2372/2378/367 2369/2379/368 2370/2376/192
f 2374/2380/194 2371/2381/193 2372/2378/367
f 2376/2382/195 2373/2383/196 2374/2380/194
f 2378/2384/197 2375/2385/195 2376/2382/195
f 2380/2386/198 2377/2387/197 2378/2384/197
f 2382/2388/199 2379/2389/198 2380/2386/198
f 2384/2390/200 2381/2391/199 2382/2388/199
f 2112/2392/61 2383/2393/200 2384/2390/200
f 2388/2394/201 2385/2395/202 2386/2396/202
f 2390/2397/203 2387/2398/201 2388/2394/201
f 2392/2399/204 2389/2400/203 2390/2397/203
f 2394/2401/205 2391/2402/204 2392/2399/204
f 2396/2403/206 2393/2404/205 2394/2401/205
f 2398/2405/207 2395/2406/206 2396/2403/206
f 2400/2407/208 2397/2408/207 2398/2405/207
f 2402/2409/369 2399/2410/370 2400/2407/208
f 2404/2411/210 2401/2412/209 2402/2409/369
f 2406/2413/211 2403/2414/210 2404/2411/210
f 2408/2415/212 2405/2416/211 2406/2413/211
f 2410/2417/213 2407/2418/212 2408/2415/212
f 2412/2419/214 2409/2420/213 2410/2417/213
f 2414/2421/215 2411/2422/214 2412/2419/214
f 2416/2423/216 2413/2424/215 2414/2421/215
f 2418/2425/217 2415/2426/216 2416/2423/216
f 2420/2427/218 2417/2428/217 2418/2425/217
f 2422/2429/219 2419/2430/218 2420/2427/218
f 2424/2431/220 2421/2432/219 2422/2429/219
f 2426/2433/221 2423/2434/220 2424/2431/220
f 2428/2435/222 2425/2436/221 2426/2433/221
f 2430/2437/223 2427/2438/222 2428/2435/222
f 2432/2439/224 2429/2440/223 2430/2437/223
f 2434/2441/225 2431/2442/224 2432/2439/224
f 2436/2443/226 2433/2444/225 2434/2441/225
f 2438/2445/227 2435/2446/226 2436/2443/226
f 2440/2447/228 2437/2448/227 2438/2445/227
f 2442/2449/229 2439/2450/228 2440/2447/228
f 2444/2451/230 2441/2452/229 2442/2449/229
f 2446/2453/371 2443/2454/230 2444/2451/230
f 2448/2455/232 2445/2456/231 2446/2453/371
f 2450/2457/233 2447/2458/232 2448/2455/232
f 2452/2459/234 2449/2460/233 2450/2457/233
f 2454/2461/372 2451/2462/234 2452/2459/234
f 2456/2463/236 2453/2464/235 2454/2461/372
f 2458/2465/237 2455/2466/236 2456/2463/236
f 2386/2467/202 2457/2468/237 2458/2465/237
f 2462/2469/373 2459/2470/59 2460/2471/59
f 2464/2472/374 2461/2473/373 2462/2469/373
f 2466/2474/375 2463/2475/374 2464/2472/374
f 2468/2476/376 2465/2477/375 2466/2474/375
f 2470/2478/377 2467/2479/376 2468/2476/376
f 2472/2480/378 2469/2481/377 2470/2478/377
f 2474/2482/379 2471/2483/378 2472/2480/378
f 2476/2484/380 2473/2485/379 2474/2482/379
f 2478/2486/381 2475/2487/380 2476/2484/380
f 2480/2488/382 2477/2489/381 2478/2486/381
f 2482/2490/383 2479/2491/382 2480/2488/382
f 2484/2492/384 2481/2493/383 2482/2490/383
f 2486/2494/385 2483/2495/384 2484/2492/384
f 2488/2496/386 2485/2497/385 2486/2494/385
f 2490/2498/387 2487/2499/386 2488/2496/386
f 2492/2500/388 2489/2501/387 2490/2498/387
f 2494/2502/389 2491/2503/388 2492/2500/388
f 2496/2504/390 2493/2505/389 2494/2502/389
f 2498/2506/391 2495/2507/390 2496/2504/390
f 2500/2508/392 2497/2509/391 2498/2506/391
f 2502/2510/393 2499/2511/392 2500/2508/392
f 2504/2512/394 2501/2513/393 2502/2510/393
f 2506/2514/395 2503/2515/394 2504/2512/394
f 2508/2516/396 2505/2517/395 2506/2514/395
f 2510/2518/397 2507/2519/396 2508/2516/396
f 2512/2520/398 2509/2521/397 2510/2518/397
f 2514/2522/399 2511/2523/398 2512/2520/398
f 2516/2524/400 2513/2525/401 2514/2522/399
f 2518/2526/402 2515/2527/400 2516/2524/400
f 2520/2528/403 2517/2529/402 2518/2526/402
f 2522/2530/404 2519/2531/403 2520/2528/403
f 2524/2532/405 2521/2533/404 2522/2530/404
f 2526/2534/406 2523/2535/405 2524/2532/405
f 2528/2536/407 2525/2537/406 2526/2534/406
f 2530/2538/408 2527/2539/407 2528/2536/407
f 2532/2540/409 2529/2541/408 2530/2538/408
f 2534/2542/410 2531/2543/409 2532/2540/409
f 2536/2544/411 2533/2545/410 2534/2542/410
f 2538/2546/412 2535/2547/411 2536/2544/411
f 2540/2548/413 2537/2549/412 2538/2546/412
f 2542/2550/414 2539/2551/413 2540/2548/413
f 2544/2552/415 2541/2553/414 2542/2550/414
f 2546/2554/416 2543/2555/415 2544/2552/415
f 2548/2556/417 2545/2557/416 2546/2554/416
f 2550/2558/418 2547/2559/417 2548/2556/417
f 2552/2560/419 2549/2561/418 2550/2558/418
f 2554/2562/420 2551/2563/419 2552/2560/419
f 2556/2564/421 2553/2565/420 2554/2562/420
f 2558/2566/422 2555/2567/421 2556/2564/421
f 2560/2568/423 2557/2569/422 2558/2566/422
f 2562/2570/30 2559/2571/423 2560/2568/423
f 2564/2572/31 2561/2573/30 2562/2570/30
f 2566/2574/32 2563/2575/31 2564/2572/31
f 2568/2576/59 2565/2577/32 2566/2574/32
f 2460/2578/59 2567/2579/59 2568/2576/59
f 2572/2580/424 2569/2581/425 2570/2582/425
f 2574/2583/426 2571/2584/424 2572/2580/424
f 2576/2585/427 2573/2586/426 2574/2583/426
f 2578/2587/428 2575/2588/427 2576/2585/427
f 2580/2589/429 2577/2590/428 2578/2587/428
f 2582/2591/430 2579/2592/429 2580/2589/429
f 2584/2593/431 2581/2594/430 2582/2591/430
f 2586/2595/432 2583/2596/431 2584/2593/431
f 2588/2597/433 2585/2598/432 2586/2595/432
f 2590/2599/434 2587/2600/433 2588/2597/433
f 2592/2601/435 2589/2602/434 2590/2599/434
f 2594/2603/436 2591/2604/435 2592/2601/435
f 2596/2605/437 2593/2606/436 2594/2603/436
f 2598/2607/438 2595/2608/437 2596/2605/437
f 2600/2609/439 2597/2610/438 2598/2607/438
f 2602/2611/440 2599/2612/439 2600/2609/439
f 2604/2613/441 2601/2614/440 2602/2611/440
f 2606/2615/442 2603/2616/441 2604/2613/441
f 2608/2617/443 2605/2618/442 2606/2615/442
f 2610/2619/444 2607/2620/443 2608/2617/443
f 2612/2621/445 2609/2622/444 2610/2619/444
f 2614/2623/446 2611/2624/445 2612/2621/445
f 2616/2625/447 2613/2626/446 2614/2623/446
f 2618/2627/448 2615/2628/447 2616/2625/447
f 2620/2629/449 2617/2630/448 2618/2627/448
f 2622/2631/450 2619/2632/449 2620/2629/449
f 2624/2633/451 2621/2634/450 2622/2631/450
f 2626/2635/452 2623/2636/451 2624/2633/451
f 2628/2637/453 2625/2638/452 2626/2635/452
f 2630/2639/454 2627/2640/453 2628/2637/453
f 2632/2641/455 2629/2642/454 2630/2639/454
f 2634/2643/456 2631/2644/457 2632/2641/455
f 2636/2645/458 2633/2646/456 2634/2643/456
f 2638/2647/459 2635/2648/458 2636/2645/458
f 2640/2649/460 2637/2650/459 2638/2647/459
f 2642/2651/461 2639/2652/460 2640/2649/460
f 2644/2653/32 2641/2654/461 2642/2651/461
f 2646/2655/59 2643/2656/32 2644/2653/32
f 2648/2657/30 2645/2658/59 2646/2655/59
f 2570/2659/425 2647/2660/30 2648/2657/30
f 2652/2661/462 2649/2662/463 2650/2663/463
f 2654/2664/464 2651/2665/462 2652/2661/462
f 2656/2666/465 2653/2667/464 2654/2664/464
f 2658/2668/466 2655/2669/465 2656/2666/465
f 2660/2670/467 2657/2671/466 2658/2668/466
f 2662/2672/468 2659/2673/467 2660/2670/467
f 2664/2674/469 2661/2675/468 2662/2672/468
f 2666/2676/470 2663/2677/469 2664/2674/469
f 2668/2678/471 2665/2679/470 2666/2676/470
f 2670/2680/472 2667/2681/471 2668/2678/471
f 2672/2682/473 2669/2683/472 2670/2680/472
f 2674/2684/474 2671/2685/473 2672/2682/473
f 2676/2686/475 2673/2687/474 2674/2684/474
f 2678/2688/476 2675/2689/475 2676/2686/475
f 2680/2690/477 2677/2691/476 2678/2688/476
f 2682/2692/478 2679/2693/477 2680/2690/477
f 2684/2694/479 2681/2695/478 2682/2692/478
f 2686/2696/480 2683/2697/479 2684/2694/479
f 2688/2698/481 2685/2699/480 2686/2696/480
f 2690/2700/482 2687/2701/481 2688/2698/481
f 2692/2702/483 2689/2703/482 2690/2700/482
f 2694/2704/484 2691/2705/483 2692/2702/483
f 2696/2706/485 2693/2707/484 2694/2704/484
f 2698/2708/486 2695/2709/485 2696/2706/485
f 2700/2710/487 2697/2711/486 2698/2708/486
f 2702/2712/488 2699/2713/487 2700/2710/487
f 2704/2714/489 2701/2715/488 2702/2712/488
f 2706/2716/490 2703/2717/489 2704/2714/489
f 2708/2718/491 2705/2719/490 2706/2716/490
f 2710/2720/492 2707/2721/491 2708/2718/491
f 2712/2722/493 2709/2723/492 2710/2720/492
f 2714/2724/494 2711/2725/493 2712/2722/493
f 2716/2726/495 2713/2727/494 2714/2724/494
f 2718/2728/496 2715/2729/495 2716/2726/495
f 2720/2730/497 2717/2731/496 2718/2728/496
f 2722/2732/32 2719/2733/497 2720/2730/497
f 2724/2734/498 2721/2735/32 2722/2732/32
f 2650/2736/463 2723/2737/498 2724/2734/498
f 2728/2738/499 2725/2739/500 2726/2740/500
f 2730/2741/501 2727/2742/499 2728/2738/499
f 2732/2743/502 2729/2744/501 2730/2741/501
f 2734/2745/503 2731/2746/502 2732/2743/502
f 2736/2747/504 2733/2748/503 2734/2745/503
f 2738/2749/505 2735/2750/504 2736/2747/504
f 2740/2751/506 2737/2752/505 2738/2749/505
f 2742/2753/507 2739/2754/506 2740/2751/506
f 2744/2755/508 2741/2756/507 2742/2753/507
f 2746/2757/509 2743/2758/508 2744/2755/508
f 2748/2759/510 2745/2760/509 2746/2757/509
f 2750/2761/283 2747/2762/510 2748/2759/510
f 2752/2763/511 2749/2764/283 2750/2761/283
f 2754/2765/512 2751/2766/511 2752/2763/511
f 2756/2767/513 2753/2768/512 2754/2765/512
f 2758/2769/514 2755/2770/513 2756/2767/513
f 2760/2771/515 2757/2772/514 2758/2769/514
f 2762/2773/516 2759/2774/515 2760/2771/515
f 2764/2775/517 2761/2776/516 2762/2773/516
f 2766/2777/518 2763/2778/517 2764/2775/517
f 2768/2779/519 2765/2780/518 2766/2777/518
f 2770/2781/520 2767/2782/519 2768/2779/519
f 2772/2783/521 2769/2784/520 2770/2781/520
f 2774/2785/522 2771/2786/521 2772/2783/521
f 2776/2787/523 2773/2788/522 2774/2785/522
f 2778/2789/524 2775/2790/523 2776/2787/523
f 2780/2791/525 2777/2792/524 2778/2789/524
f 2782/2793/526 2779/2794/525 2780/2791/525
f 2784/2795/527 2781/2796/526 2782/2793/526
f 2786/2797/528 2783/2798/527 2784/2795/527
f 2788/2799/529 2785/2800/528 2786/2797/528
f 2790/2801/530 2787/2802/529 2788/2799/529
f 2792/2803/531 2789/2804/530 2790/2801/530
f 2794/2805/532 2791/2806/531 2792/2803/531
f 2796/2807/533 2793/2808/532 2794/2805/532
f 2798/2809/534 2795/2810/533 2796/2807/533
f 2800/2811/258 2797/2812/534 2798/2809/534
f 2802/2813/535 2799/2814/258 2800/2811/258
f 2804/2815/536 2801/2816/535 2802/2813/535
f 2806/2817/537 2803/2818/536 2804/2815/536
f 2808/2819/538 2805/2820/537 2806/2817/537
f 2810/2821/539 2807/2822/538 2808/2819/538
f 2812/2823/540 2809/2824/539 2810/2821/539
f 2814/2825/541 2811/2826/540 2812/2823/540
f 2816/2827/542 2813/2828/541 2814/2825/541
f 2818/2829/543 2815/2830/542 2816/2827/542
f 2820/2831/544 2817/2832/543 2818/2829/543
f 2822/2833/545 2819/2834/544 2820/2831/544
f 2824/2835/546 2821/2836/545 2822/2833/545
f 2726/2837/500 2823/2838/546 2824/2835/546
f 1416/1413/6 1415/1417/6 1413/1414/7
f 1418/1416/8 1417/1419/8 1415/1417/6
f 1420/1418/9 1419/1421/9 1417/1419/8
f 1422/1420/10 1421/1423/10 1419/1421/9
f 1424/1422/11 1423/1425/11 1421/1423/10
f 1426/1424/12 1425/1427/12 1423/1425/11
f 1428/1426/13 1427/1429/13 1425/1427/12
f 1430/1428/14 1429/1431/14 1427/1429/13
f 1432/1430/15 1431/1433/15 1429/1431/14
f 1434/1432/16 1433/1435/16 1431/1433/15
f 1436/1434/17 1435/1437/17 1433/1435/16
f 1438/1436/18 1437/1439/18 1435/1437/17
f 1440/1438/19 1439/1441/19 1437/1439/18
f 1442/1440/20 1441/1443/20 1439/1441/19
f 1444/1442/21 1443/1445/21 1441/1443/20
f 1446/1444/22 1445/1447/22 1443/1445/21
f 1448/1446/23 1447/1449/23 1445/1447/22
f 1450/1448/24 1449/1451/24 1447/1449/23
f 1452/1450/25 1451/1453/25 1449/1451/24
f 1454/1452/26 1453/1455/26 1451/1453/25
f 1456/1454/27 1455/1457/27 1453/1455/26
f 1458/1456/28 1457/1459/28 1455/1457/27
f 1460/1458/29 1459/1461/29 1457/1459/28
f 1462/1460/30 1461/1463/30 1459/1461/29
f 1464/1462/30 1463/1465/30 1461/1463/30
f 1466/1464/31 1465/1467/31 1463/1465/30
f 1468/1466/32 1467/1469/32 1465/1467/31
f 1470/1468/33 1469/1471/33 1467/1469/32
f 1414/1470/7 1413/2839/7 1469/1471/33
f 1474/1472/34 1473/1476/34 1471/1473/35
f 1476/1475/36 1475/1478/36 1473/1476/34
f 1478/1477/37 1477/1480/37 1475/1478/36
f 1480/1479/38 1479/1482/38 1477/1480/37
f 1482/1481/39 1481/1484/39 1479/1482/38
f 1484/1483/40 1483/1486/40 1481/1484/39
f 1486/1485/41 1485/1488/41 1483/1486/40
f 1488/1487/42 1487/1490/42 1485/1488/41
f 1490/1489/43 1489/1492/43 1487/1490/42
f 1492/1491/44 1491/1494/44 1489/1492/43
f 1494/1493/45 1493/1496/45 1491/1494/44
f 1496/1495/46 1495/1498/46 1493/1496/45
f 1498/1497/47 1497/1500/47 1495/1498/46
f 1500/1499/48 1499/1502/48 1497/1500/47
f 1502/1501/49 1501/1504/49 1499/1502/48
f 1504/1503/50 1503/1506/50 1501/1504/49
f 1506/1505/51 1505/1508/51 1503/1506/50
f 1508/1507/52 1507/1510/52 1505/1508/51
f 1510/1509/53 1509/1512/53 1507/1510/52
f 1512/1511/54 1511/1514/54 1509/1512/53
f 1514/1513/55 1513/1516/55 1511/1514/54
f 1516/1515/56 1515/1518/56 1513/1516/55
f 1518/1517/57 1517/1520/57 1515/1518/56
f 1520/1519/58 1519/1522/58 1517/1520/57
f 1522/1521/30 1521/1524/30 1519/1522/58
f 1524/1523/59 1523/1526/59 1521/1524/30
f 1472/1525/35 1471/2840/35 1523/1526/59
f 1528/1527/32 1527/1531/32 1525/1528/31
f 1530/1530/59 1529/1533/59 1527/1531/32
f 1532/1532/30 1531/1535/30 1529/1533/59
f 1526/1534/31 1525/2841/31 1531/1535/30
f 1536/1536/60 1535/1540/60 1533/1537/61
f 1538/1539/62 1537/1542/64 1535/1540/60
f 1540/1541/63 1539/1544/63 1537/1542/64
f 1542/1543/65 1541/1546/65 1539/1544/63
f 1544/1545/66 1543/1548/66 1541/1546/65
f 1546/1547/67 1545/1550/67 1543/1548/66
f 1548/1549/68 1547/1552/68 1545/1550/67
f 1550/1551/69 1549/1554/69 1547/1552/68
f 1552/1553/70 1551/1556/70 1549/1554/69
f 1554/1555/71 1553/1558/71 1551/1556/70
f 1556/1557/72 1555/1560/72 1553/1558/71
f 1558/1559/73 1557/1562/73 1555/1560/72
f 1560/1561/74 1559/1564/74 1557/1562/73
f 1562/1563/75 1561/1566/75 1559/1564/74
f 1564/1565/76 1563/1568/76 1561/1566/75
f 1566/1567/77 1565/1570/77 1563/1568/76
f 1568/1569/78 1567/1572/78 1565/1570/77
f 1570/1571/79 1569/1574/79 1567/1572/78
f 1572/1573/80 1571/1576/80 1569/1574/79
f 1574/1575/81 1573/1578/81 1571/1576/80
f 1576/1577/82 1575/1580/82 1573/1578/81
f 1578/1579/83 1577/1582/83 1575/1580/82
f 1580/1581/84 1579/1584/84 1577/1582/83
f 1582/1583/85 1581/1586/85 1579/1584/84
f 1584/1585/86 1583/1588/86 1581/1586/85
f 1586/1587/87 1585/1590/87 1583/1588/86
f 1588/1589/88 1587/1592/88 1585/1590/87
f 1590/1591/89 1589/1594/89 1587/1592/88
f 1592/1593/90 1591/1596/90 1589/1594/89
f 1594/1595/91 1593/1598/91 1591/1596/90
f 1596/1597/92 1595/1600/92 1593/1598/91
f 1598/1599/93 1597/1602/93 1595/1600/92
f 1600/1601/94 1599/1604/94 1597/1602/93
f 1602/1603/95 1601/1606/95 1599/1604/94
f 1604/1605/96 1603/1608/96 1601/1606/95
f 1606/1607/97 1605/1610/97 1603/1608/96
f 1608/1609/98 1607/1612/98 1605/1610/97
f 1610/1611/99 1609/1614/99 1607/1612/98
f 1612/1613/100 1611/1616/100 1609/1614/99
f 1614/1615/101 1613/1618/101 1611/1616/100
f 1616/1617/102 1615/1620/102 1613/1618/101
f 1618/1619/103 1617/1622/103 1615/1620/102
f 1620/1621/104 1619/1624/104 1617/1622/103
f 1622/1623/105 1621/1626/105 1619/1624/104
f 1624/1625/106 1623/1628/106 1621/1626/105
f 1626/1627/107 1625/1630/107 1623/1628/106
f 1628/1629/108 1627/1632/108 1625/1630/107
f 1630/1631/109 1629/1634/109 1627/1632/108
f 1632/1633/110 1631/1636/110 1629/1634/109
f 1634/1635/111 1633/1638/111 1631/1636/110
f 1636/1637/112 1635/1640/112 1633/1638/111
f 1638/1639/113 1637/1642/113 1635/1640/112
f 1640/1641/114 1639/1644/114 1637/1642/113
f 1642/1643/115 1641/1646/115 1639/1644/114
f 1644/1645/116 1643/1648/116 1641/1646/115
f 1646/1647/117 1645/1650/117 1643/1648/116
f 1648/1649/118 1647/1652/118 1645/1650/117
f 1650/1651/119 1649/1654/119 1647/1652/118
f 1652/1653/120 1651/1656/120 1649/1654/119
f 1654/1655/121 1653/1658/121 1651/1656/120
f 1656/1657/122 1655/1660/122 1653/1658/121
f 1658/1659/123 1657/1662/123 1655/1660/122
f 1660/1661/124 1659/1664/124 1657/1662/123
f 1662/1663/125 1661/1666/125 1659/1664/124
f 1664/1665/126 1663/1668/126 1661/1666/125
f 1666/1667/127 1665/1670/127 1663/1668/126
f 1668/1669/128 1667/1672/128 1665/1670/127
f 1670/1671/129 1669/1674/129 1667/1672/128
f 1672/1673/130 1671/1676/130 1669/1674/129
f 1674/1675/131 1673/1678/131 1671/1676/130
f 1676/1677/132 1675/1680/134 1673/1678/131
f 1678/1679/133 1677/1682/133 1675/1680/134
f 1680/1681/135 1679/1684/135 1677/1682/133
f 1682/1683/136 1681/1686/136 1679/1684/135
f 1684/1685/137 1683/1688/137 1681/1686/136
f 1686/1687/138 1685/1690/138 1683/1688/137
f 1688/1689/139 1687/1692/141 1685/1690/138
f 1690/1691/140 1689/1694/140 1687/1692/141
f 1692/1693/142 1691/1696/142 1689/1694/140
f 1694/1695/143 1693/1698/143 1691/1696/142
f 1696/1697/144 1695/1700/144 1693/1698/143
f 1698/1699/145 1697/1702/145 1695/1700/144
f 1700/1701/146 1699/1704/146 1697/1702/145
f 1702/1703/147 1701/1706/147 1699/1704/146
f 1704/1705/148 1703/1708/148 1701/1706/147
f 1706/1707/149 1705/1710/149 1703/1708/148
f 1708/1709/150 1707/1712/150 1705/1710/149
f 1710/1711/151 1709/1714/151 1707/1712/150
f 1712/1713/152 1711/1716/152 1709/1714/151
f 1714/1715/153 1713/1718/153 1711/1716/152
f 1716/1717/154 1715/1720/154 1713/1718/153
f 1718/1719/155 1717/1722/155 1715/1720/154
f 1720/1721/156 1719/1724/156 1717/1722/155
f 1722/1723/157 1721/1726/157 1719/1724/156
f 1724/1725/158 1723/1728/158 1721/1726/157
f 1726/1727/159 1725/1730/159 1723/1728/158
f 1728/1729/160 1727/1732/160 1725/1730/159
f 1730/1731/161 1729/1734/161 1727/1732/160
f 1732/1733/162 1731/1736/162 1729/1734/161
f 1734/1735/163 1733/1738/163 1731/1736/162
f 1736/1737/164 1735/1740/164 1733/1738/163
f 1738/1739/165 1737/1742/165 1735/1740/164
f 1740/1741/166 1739/1744/166 1737/1742/165
f 1742/1743/167 1741/1746/167 1739/1744/166
f 1744/1745/168 1743/1748/168 1741/1746/167
f 1746/1747/169 1745/1750/169 1743/1748/168
f 1748/1749/170 1747/1752/170 1745/1750/169
f 1750/1751/171 1749/1754/171 1747/1752/170
f 1752/1753/172 1751/1756/172 1749/1754/171
f 1754/1755/173 1753/1758/173 1751/1756/172
f 1756/1757/174 1755/1760/174 1753/1758/173
f 1758/1759/175 1757/1762/175 1755/1760/174
f 1760/1761/176 1759/1764/176 1757/1762/175
f 1762/1763/177 1761/1766/177 1759/1764/176
f 1764/1765/178 1763/1768/178 1761/1766/177
f 1766/1767/179 1765/1770/179 1763/1768/178
f 1768/1769/180 1767/1772/180 1765/1770/179
f 1770/1771/181 1769/1774/181 1767/1772/180
f 1772/1773/182 1771/1776/182 1769/1774/181
f 1774/1775/183 1773/1778/183 1771/1776/182
f 1776/1777/184 1775/1780/184 1773/1778/183
f 1778/1779/185 1777/1782/185 1775/1780/184
f 1780/1781/186 1779/1784/186 1777/1782/185
f 1782/1783/187 1781/1786/187 1779/1784/186
f 1784/1785/188 1783/1788/188 1781/1786/187
f 1786/1787/189 1785/1790/189 1783/1788/188
f 1788/1789/190 1787/1792/190 1785/1790/189
f 1790/1791/191 1789/1794/191 1787/1792/190
f 1792/1793/192 1791/1796/192 1789/1794/191
f 1794/1795/193 1793/1798/193 1791/1796/192
f 1796/1797/194 1795/1800/196 1793/1798/193
f 1798/1799/195 1797/1802/195 1795/1800/196
f 1800/1801/197 1799/1804/197 1797/1802/195
f 1802/1803/198 1801/1806/198 1799/1804/197
f 1804/1805/199 1803/1808/199 1801/1806/198
f 1806/1807/200 1805/1810/200 1803/1808/199
f 1534/1809/61 1533/2842/61 1805/1810/200
f 1810/1811/201 1809/1815/201 1807/1812/202
f 1812/1814/203 1811/1817/203 1809/1815/201
f 1814/1816/204 1813/1819/204 1811/1817/203
f 1816/1818/205 1815/1821/205 1813/1819/204
f 1818/1820/206 1817/1823/206 1815/1821/205
f 1820/1822/207 1819/1825/207 1817/1823/206
f 1822/1824/208 1821/1827/208 1819/1825/207
f 1824/1826/209 1823/1829/209 1821/1827/208
f 1826/1828/210 1825/1831/210 1823/1829/209
f 1828/1830/211 1827/1833/211 1825/1831/210
f 1830/1832/212 1829/1835/212 1827/1833/211
f 1832/1834/213 1831/1837/213 1829/1835/212
f 1834/1836/214 1833/1839/214 1831/1837/213
f 1836/1838/215 1835/1841/215 1833/1839/214
f 1838/1840/216 1837/1843/216 1835/1841/215
f 1840/1842/217 1839/1845/217 1837/1843/216
f 1842/1844/218 1841/1847/218 1839/1845/217
f 1844/1846/219 1843/1849/219 1841/1847/218
f 1846/1848/220 1845/1851/220 1843/1849/219
f 1848/1850/221 1847/1853/221 1845/1851/220
f 1850/1852/222 1849/1855/222 1847/1853/221
f 1852/1854/223 1851/1857/223 1849/1855/222
f 1854/1856/224 1853/1859/224 1851/1857/223
f 1856/1858/225 1855/1861/225 1853/1859/224
f 1858/1860/226 1857/1863/226 1855/1861/225
f 1860/1862/227 1859/1865/227 1857/1863/226
f 1862/1864/228 1861/1867/228 1859/1865/227
f 1864/1866/229 1863/1869/229 1861/1867/228
f 1866/1868/230 1865/1871/230 1863/1869/229
f 1868/1870/231 1867/1873/231 1865/1871/230
f 1870/1872/232 1869/1875/232 1867/1873/231
f 1872/1874/233 1871/1877/233 1869/1875/232
f 1874/1876/234 1873/1879/234 1871/1877/233
f 1876/1878/235 1875/1881/235 1873/1879/234
f 1878/1880/236 1877/1883/236 1875/1881/235
f 1880/1882/237 1879/1885/237 1877/1883/236
f 1808/1884/202 1807/2843/202 1879/1885/237
f 1884/1886/238 1883/1890/238 1881/1887/239
f 1886/1889/240 1885/1892/240 1883/1890/238
f 1888/1891/241 1887/1894/241 1885/1892/240
f 1890/1893/242 1889/1896/242 1887/1894/241
f 1892/1895/243 1891/1898/243 1889/1896/242
f 1894/1897/244 1893/1900/244 1891/1898/243
f 1896/1899/245 1895/1902/245 1893/1900/244
f 1882/1901/239 1881/2844/239 1895/1902/245
f 1900/1903/246 1899/1907/246 1897/1904/247
f 1902/1906/248 1901/1909/248 1899/1907/246
f 1904/1908/249 1903/1911/249 1901/1909/248
f 1906/1910/250 1905/1913/250 1903/1911/249
f 1908/1912/251 1907/1915/251 1905/1913/250
f 1910/1914/252 1909/1917/252 1907/1915/251
f 1912/1916/253 1911/1919/253 1909/1917/252
f 1914/1918/254 1913/1921/254 1911/1919/253
f 1916/1920/255 1915/1923/255 1913/1921/254
f 1918/1922/256 1917/1925/256 1915/1923/255
f 1920/1924/257 1919/1927/257 1917/1925/256
f 1922/1926/258 1921/1929/258 1919/1927/257
f 1924/1928/259 1923/1931/259 1921/1929/258
f 1926/1930/260 1925/1933/260 1923/1931/259
f 1928/1932/261 1927/1935/261 1925/1933/260
f 1930/1934/262 1929/1937/262 1927/1935/261
f 1932/1936/263 1931/1939/263 1929/1937/262
f 1934/1938/264 1933/1941/264 1931/1939/263
f 1936/1940/265 1935/1943/265 1933/1941/264
f 1938/1942/266 1937/1945/266 1935/1943/265
f 1940/1944/267 1939/1947/267 1937/1945/266
f 1942/1946/268 1941/1949/268 1939/1947/267
f 1944/1948/269 1943/1951/269 1941/1949/268
f 1946/1950/270 1945/1953/270 1943/1951/269
f 1948/1952/271 1947/1955/271 1945/1953/270
f 1950/1954/272 1949/1957/272 1947/1955/271
f 1952/1956/273 1951/1959/273 1949/1957/272
f 1954/1958/274 1953/1961/274 1951/1959/273
f 1956/1960/275 1955/1963/275 1953/1961/274
f 1958/1962/276 1957/1965/276 1955/1963/275
f 1960/1964/277 1959/1967/277 1957/1965/276
f 1962/1966/278 1961/1969/278 1959/1967/277
f 1964/1968/279 1963/1971/279 1961/1969/278
f 1966/1970/280 1965/1973/280 1963/1971/279
f 1968/1972/281 1967/1975/281 1965/1973/280
f 1970/1974/282 1969/1977/282 1967/1975/281
f 1972/1976/283 1971/1979/283 1969/1977/282
f 1974/1978/284 1973/1981/284 1971/1979/283
f 1976/1980/285 1975/1983/285 1973/1981/284
f 1978/1982/286 1977/1985/286 1975/1983/285
f 1980/1984/287 1979/1987/287 1977/1985/286
f 1982/1986/288 1981/1989/288 1979/1987/287
f 1984/1988/289 1983/1991/289 1981/1989/288
f 1986/1990/290 1985/1993/290 1983/1991/289
f 1988/1992/291 1987/1995/291 1985/1993/290
f 1990/1994/292 1989/1997/292 1987/1995/291
f 1992/1996/293 1991/1999/293 1989/1997/292
f 1994/1998/294 1993/2001/294 1991/1999/293
f 1996/2000/295 1995/2003/295 1993/2001/294
f 1898/2002/247 1897/2845/247 1995/2003/295
f 2000/2004/296 1999/2008/296 1997/2005/297
f 2002/2007/298 2001/2010/298 1999/2008/296
f 2004/2009/299 2003/2012/299 2001/2010/298
f 2006/2011/300 2005/2014/300 2003/2012/299
f 2008/2013/301 2007/2016/301 2005/2014/300
f 2010/2015/302 2009/2018/302 2007/2016/301
f 2012/2017/303 2011/2020/303 2009/2018/302
f 2014/2019/304 2013/2022/304 2011/2020/303
f 2016/2021/305 2015/2024/305 2013/2022/304
f 2018/2023/306 2017/2026/306 2015/2024/305
f 2020/2025/307 2019/2028/307 2017/2026/306
f 2022/2027/308 2021/2030/308 2019/2028/307
f 2024/2029/309 2023/2032/309 2021/2030/308
f 2026/2031/310 2025/2034/310 2023/2032/309
f 2028/2033/311 2027/2036/311 2025/2034/310
f 2030/2035/312 2029/2038/312 2027/2036/311
f 2032/2037/313 2031/2040/313 2029/2038/312
f 2034/2039/314 2033/2042/314 2031/2040/313
f 2036/2041/315 2035/2044/315 2033/2042/314
f 2038/2043/316 2037/2046/316 2035/2044/315
f 2040/2045/317 2039/2048/317 2037/2046/316
f 2042/2047/318 2041/2050/318 2039/2048/317
f 2044/2049/319 2043/2052/319 2041/2050/318
f 2046/2051/320 2045/2054/320 2043/2052/319
f 2048/2053/30 2047/2056/30 2045/2054/320
f 2050/2055/31 2049/2058/31 2047/2056/30
f 2052/2057/321 2051/2060/321 2049/2058/31
f 2054/2059/322 2053/2062/322 2051/2060/321
f 2056/2061/323 2055/2064/323 2053/2062/322
f 2058/2063/324 2057/2066/324 2055/2064/323
f 2060/2065/325 2059/2068/325 2057/2066/324
f 2062/2067/326 2061/2070/326 2059/2068/325
f 2064/2069/327 2063/2072/327 2061/2070/326
f 2066/2071/328 2065/2074/328 2063/2072/327
f 2068/2073/329 2067/2076/329 2065/2074/328
f 2070/2075/330 2069/2078/330 2067/2076/329
f 2072/2077/331 2071/2080/331 2069/2078/330
f 2074/2079/332 2073/2082/332 2071/2080/331
f 2076/2081/333 2075/2084/333 2073/2082/332
f 2078/2083/334 2077/2086/334 2075/2084/333
f 2080/2085/335 2079/2088/335 2077/2086/334
f 2082/2087/336 2081/2090/336 2079/2088/335
f 2084/2089/337 2083/2092/337 2081/2090/336
f 2086/2091/338 2085/2094/338 2083/2092/337
f 2088/2093/339 2087/2096/339 2085/2094/338
f 2090/2095/340 2089/2098/340 2087/2096/339
f 2092/2097/341 2091/2100/343 2089/2098/340
f 2094/2099/342 2093/2102/342 2091/2100/343
f 2096/2101/344 2095/2104/344 2093/2102/342
f 2098/2103/345 2097/2106/345 2095/2104/344
f 2100/2105/346 2099/2108/346 2097/2106/345
f 2102/2107/30 2101/2110/30 2099/2108/346
f 2104/2109/31 2103/2112/31 2101/2110/30
f 2106/2111/32 2105/2114/32 2103/2112/31
f 2108/2113/59 2107/2116/59 2105/2114/32
f 2110/2115/59 2109/2118/59 2107/2116/59
f 1998/2117/297 1997/2846/297 2109/2118/59
f 2114/2119/60 2113/2123/60 2111/2120/61
f 2116/2122/64 2115/2125/64 2113/2123/60
f 2118/2124/63 2117/2127/63 2115/2125/64
f 2120/2126/65 2119/2129/65 2117/2127/63
f 2122/2128/347 2121/2131/66 2119/2129/65
f 2124/2130/67 2123/2133/67 2121/2131/66
f 2126/2132/348 2125/2135/68 2123/2133/67
f 2128/2134/349 2127/2137/349 2125/2135/68
f 2130/2136/70 2129/2139/70 2127/2137/349
f 2132/2138/71 2131/2141/71 2129/2139/70
f 2134/2140/72 2133/2143/72 2131/2141/71
f 2136/2142/73 2135/2145/73 2133/2143/72
f 2138/2144/74 2137/2147/74 2135/2145/73
f 2140/2146/75 2139/2149/75 2137/2147/74
f 2142/2148/76 2141/2151/76 2139/2149/75
f 2144/2150/350 2143/2153/350 2141/2151/76
f 2146/2152/78 2145/2155/78 2143/2153/350
f 2148/2154/79 2147/2157/79 2145/2155/78
f 2150/2156/80 2149/2159/80 2147/2157/79
f 2152/2158/81 2151/2161/81 2149/2159/80
f 2154/2160/82 2153/2163/82 2151/2161/81
f 2156/2162/83 2155/2165/83 2153/2163/82
f 2158/2164/84 2157/2167/84 2155/2165/83
f 2160/2166/85 2159/2169/85 2157/2167/84
f 2162/2168/351 2161/2171/86 2159/2169/85
f 2164/2170/87 2163/2173/87 2161/2171/86
f 2166/2172/88 2165/2175/88 2163/2173/87
f 2168/2174/352 2167/2177/89 2165/2175/88
f 2170/2176/90 2169/2179/90 2167/2177/89
f 2172/2178/91 2171/2181/91 2169/2179/90
f 2174/2180/92 2173/2183/354 2171/2181/91
f 2176/2182/353 2175/2185/93 2173/2183/354
f 2178/2184/94 2177/2187/94 2175/2185/93
f 2180/2186/355 2179/2189/355 2177/2187/94
f 2182/2188/96 2181/2191/96 2179/2189/355
f 2184/2190/97 2183/2193/97 2181/2191/96
f 2186/2192/98 2185/2195/98 2183/2193/97
f 2188/2194/99 2187/2197/99 2185/2195/98
f 2190/2196/100 2189/2199/100 2187/2197/99
f 2192/2198/101 2191/2201/101 2189/2199/100
f 2194/2200/102 2193/2203/102 2191/2201/101
f 2196/2202/103 2195/2205/103 2193/2203/102
f 2198/2204/104 2197/2207/104 2195/2205/103
f 2200/2206/105 2199/2209/105 2197/2207/104
f 2202/2208/106 2201/2211/106 2199/2209/105
f 2204/2210/107 2203/2213/107 2201/2211/106
f 2206/2212/108 2205/2215/108 2203/2213/107
f 2208/2214/109 2207/2217/109 2205/2215/108
f 2210/2216/110 2209/2219/110 2207/2217/109
f 2212/2218/111 2211/2221/111 2209/2219/110
f 2214/2220/112 2213/2223/112 2211/2221/111
f 2216/2222/113 2215/2225/113 2213/2223/112
f 2218/2224/114 2217/2227/114 2215/2225/113
f 2220/2226/115 2219/2229/115 2217/2227/114
f 2222/2228/116 2221/2231/116 2219/2229/115
f 2224/2230/117 2223/2233/117 2221/2231/116
f 2226/2232/118 2225/2235/118 2223/2233/117
f 2228/2234/119 2227/2237/119 2225/2235/118
f 2230/2236/120 2229/2239/120 2227/2237/119
f 2232/2238/121 2231/2241/121 2229/2239/120
f 2234/2240/122 2233/2243/122 2231/2241/121
f 2236/2242/123 2235/2245/123 2233/2243/122
f 2238/2244/124 2237/2247/124 2235/2245/123
f 2240/2246/125 2239/2249/125 2237/2247/124
f 2242/2248/126 2241/2251/356 2239/2249/125
f 2244/2250/127 2243/2253/127 2241/2251/356
f 2246/2252/128 2245/2255/128 2243/2253/127
f 2248/2254/357 2247/2257/129 2245/2255/128
f 2250/2256/130 2249/2259/130 2247/2257/129
f 2252/2258/131 2251/2261/131 2249/2259/130
f 2254/2260/132 2253/2263/132 2251/2261/131
f 2256/2262/133 2255/2265/133 2253/2263/132
f 2258/2264/135 2257/2267/135 2255/2265/133
f 2260/2266/136 2259/2269/136 2257/2267/135
f 2262/2268/137 2261/2271/137 2259/2269/136
f 2264/2270/138 2263/2273/138 2261/2271/137
f 2266/2272/139 2265/2275/139 2263/2273/138
f 2268/2274/358 2267/2277/140 2265/2275/139
f 2270/2276/142 2269/2279/142 2267/2277/140
f 2272/2278/143 2271/2281/143 2269/2279/142
f 2274/2280/144 2273/2283/144 2271/2281/143
f 2276/2282/145 2275/2285/145 2273/2283/144
f 2278/2284/146 2277/2287/146 2275/2285/145
f 2280/2286/147 2279/2289/147 2277/2287/146
f 2282/2288/148 2281/2291/148 2279/2289/147
f 2284/2290/149 2283/2293/149 2281/2291/148
f 2286/2292/150 2285/2295/150 2283/2293/149
f 2288/2294/151 2287/2297/151 2285/2295/150
f 2290/2296/152 2289/2299/152 2287/2297/151
f 2292/2298/153 2291/2301/153 2289/2299/152
f 2294/2300/154 2293/2303/154 2291/2301/153
f 2296/2302/359 2295/2305/155 2293/2303/154
f 2298/2304/156 2297/2307/156 2295/2305/155
f 2300/2306/157 2299/2309/157 2297/2307/156
f 2302/2308/158 2301/2311/158 2299/2309/157
f 2304/2310/159 2303/2313/159 2301/2311/158
f 2306/2312/360 2305/2315/360 2303/2313/159
f 2308/2314/161 2307/2317/161 2305/2315/360
f 2310/2316/162 2309/2319/162 2307/2317/161
f 2312/2318/361 2311/2321/163 2309/2319/162
f 2314/2320/164 2313/2323/164 2311/2321/163
f 2316/2322/165 2315/2325/165 2313/2323/164
f 2318/2324/166 2317/2327/166 2315/2325/165
f 2320/2326/167 2319/2329/167 2317/2327/166
f 2322/2328/168 2321/2331/168 2319/2329/167
f 2324/2330/169 2323/2333/169 2321/2331/168
f 2326/2332/170 2325/2335/170 2323/2333/169
f 2328/2334/171 2327/2337/171 2325/2335/170
f 2330/2336/172 2329/2339/172 2327/2337/171
f 2332/2338/173 2331/2341/173 2329/2339/172
f 2334/2340/174 2333/2343/174 2331/2341/173
f 2336/2342/175 2335/2345/175 2333/2343/174
f 2338/2344/176 2337/2347/176 2335/2345/175
f 2340/2346/177 2339/2349/177 2337/2347/176
f 2342/2348/178 2341/2351/178 2339/2349/177
f 2344/2350/179 2343/2353/179 2341/2351/178
f 2346/2352/180 2345/2355/180 2343/2353/179
f 2348/2354/181 2347/2357/181 2345/2355/180
f 2350/2356/182 2349/2359/182 2347/2357/181
f 2352/2358/183 2351/2361/183 2349/2359/182
f 2354/2360/184 2353/2363/363 2351/2361/183
f 2356/2362/362 2355/2365/185 2353/2363/363
f 2358/2364/364 2357/2367/186 2355/2365/185
f 2360/2366/365 2359/2369/365 2357/2367/186
f 2362/2368/188 2361/2371/188 2359/2369/365
f 2364/2370/189 2363/2373/189 2361/2371/188
f 2366/2372/190 2365/2375/366 2363/2373/189
f 2368/2374/191 2367/2377/191 2365/2375/366
f 2370/2376/192 2369/2379/368 2367/2377/191
f 2372/2378/367 2371/2381/193 2369/2379/368
f 2374/2380/194 2373/2383/196 2371/2381/193
f 2376/2382/195 2375/2385/195 2373/2383/196
f 2378/2384/197 2377/2387/197 2375/2385/195
f 2380/2386/198 2379/2389/198 2377/2387/197
f 2382/2388/199 2381/2391/199 2379/2389/198
f 2384/2390/200 2383/2393/200 2381/2391/199
f 2112/2392/61 2111/2847/61 2383/2393/200
f 2388/2394/201 2387/2398/201 2385/2395/202
f 2390/2397/203 2389/2400/203 2387/2398/201
f 2392/2399/204 2391/2402/204 2389/2400/203
f 2394/2401/205 2393/2404/205 2391/2402/204
f 2396/2403/206 2395/2406/206 2393/2404/205
f 2398/2405/207 2397/2408/207 2395/2406/206
f 2400/2407/208 2399/2410/370 2397/2408/207
f 2402/2409/369 2401/2412/209 2399/2410/370
f 2404/2411/210 2403/2414/210 2401/2412/209
f 2406/2413/211 2405/2416/211 2403/2414/210
f 2408/2415/212 2407/2418/212 2405/2416/211
f 2410/2417/213 2409/2420/213 2407/2418/212
f 2412/2419/214 2411/2422/214 2409/2420/213
f 2414/2421/215 2413/2424/215 2411/2422/214
f 2416/2423/216 2415/2426/216 2413/2424/215
f 2418/2425/217 2417/2428/217 2415/2426/216
f 2420/2427/218 2419/2430/218 2417/2428/217
f 2422/2429/219 2421/2432/219 2419/2430/218
f 2424/2431/220 2423/2434/220 2421/2432/219
f 2426/2433/221 2425/2436/221 2423/2434/220
f 2428/2435/222 2427/2438/222 2425/2436/221
f 2430/2437/223 2429/2440/223 2427/2438/222
f 2432/2439/224 2431/2442/224 2429/2440/223
f 2434/2441/225 2433/2444/225 2431/2442/224
f 2436/2443/226 2435/2446/226 2433/2444/225
f 2438/2445/227 2437/2448/227 2435/2446/226
f 2440/2447/228 2439/2450/228 2437/2448/227
f 2442/2449/229 2441/2452/229 2439/2450/228
f 2444/2451/230 2443/2454/230 2441/2452/229
f 2446/2453/371 2445/2456/231 2443/2454/230
f 2448/2455/232 2447/2458/232 2445/2456/231
f 2450/2457/233 2449/2460/233 2447/2458/232
f 2452/2459/234 2451/2462/234 2449/2460/233
f 2454/2461/372 2453/2464/235 2451/2462/234
f 2456/2463/236 2455/2466/236 2453/2464/235
f 2458/2465/237 2457/2468/237 2455/2466/236
f 2386/2467/202 2385/2848/202 2457/2468/237
f 2462/2469/373 2461/2473/373 2459/2470/59
f 2464/2472/374 2463/2475/374 2461/2473/373
f 2466/2474/375 2465/2477/375 2463/2475/374
f 2468/2476/376 2467/2479/376 2465/2477/375
f 2470/2478/377 2469/2481/377 2467/2479/376
f 2472/2480/378 2471/2483/378 2469/2481/377
f 2474/2482/379 2473/2485/379 2471/2483/378
f 2476/2484/380 2475/2487/380 2473/2485/379
f 2478/2486/381 2477/2489/381 2475/2487/380
f 2480/2488/382 2479/2491/382 2477/2489/381
f 2482/2490/383 2481/2493/383 2479/2491/382
f 2484/2492/384 2483/2495/384 2481/2493/383
f 2486/2494/385 2485/2497/385 2483/2495/384
f 2488/2496/386 2487/2499/386 2485/2497/385
f 2490/2498/387 2489/2501/387 2487/2499/386
f 2492/2500/388 2491/2503/388 2489/2501/387
f 2494/2502/389 2493/2505/389 2491/2503/388
f 2496/2504/390 2495/2507/390 2493/2505/389
f 2498/2506/391 2497/2509/391 2495/2507/390
f 2500/2508/392 2499/2511/392 2497/2509/391
f 2502/2510/393 2501/2513/393 2499/2511/392
f 2504/2512/394 2503/2515/394 2501/2513/393
f 2506/2514/395 2505/2517/395 2503/2515/394
f 2508/2516/396 2507/2519/396 2505/2517/395
f 2510/2518/397 2509/2521/397 2507/2519/396
f 2512/2520/398 2511/2523/398 2509/2521/397
f 2514/2522/399 2513/2525/401 2511/2523/398
f 2516/2524/400 2515/2527/400 2513/2525/401
f 2518/2526/402 2517/2529/402 2515/2527/400
f 2520/2528/403 2519/2531/403 2517/2529/402
f 2522/2530/404 2521/2533/404 2519/2531/403
f 2524/2532/405 2523/2535/405 2521/2533/404
f 2526/2534/406 2525/2537/406 2523/2535/405
f 2528/2536/407 2527/2539/407 2525/2537/406
f 2530/2538/408 2529/2541/408 2527/2539/407
f 2532/2540/409 2531/2543/409 2529/2541/408
f 2534/2542/410 2533/2545/410 2531/2543/409
f 2536/2544/411 2535/2547/411 2533/2545/410
f 2538/2546/412 2537/2549/412 2535/2547/411
f 2540/2548/413 2539/2551/413 2537/2549/412
f 2542/2550/414 2541/2553/414 2539/2551/413
f 2544/2552/415 2543/2555/415 2541/2553/414
f 2546/2554/416 2545/2557/416 2543/2555/415
f 2548/2556/417 2547/2559/417 2545/2557/416
f 2550/2558/418 2549/2561/418 2547/2559/417
f 2552/2560/419 2551/2563/419 2549/2561/418
f 2554/2562/420 2553/2565/420 2551/2563/419
f 2556/2564/421 2555/2567/421 2553/2565/420
f 2558/2566/422 2557/2569/422 2555/2567/421
f 2560/2568/423 2559/2571/423 2557/2569/422
f 2562/2570/30 2561/2573/30 2559/2571/423
f 2564/2572/31 2563/2575/31 2561/2573/30
f 2566/2574/32 2565/2577/32 2563/2575/31
f 2568/2576/59 2567/2579/59 2565/2577/32
f 2460/2578/59 2459/2849/59 2567/2579/59
f 2572/2580/424 2571/2584/424 2569/2581/425
f 2574/2583/426 2573/2586/426 2571/2584/424
f 2576/2585/427 2575/2588/427 2573/2586/426
f 2578/2587/428 2577/2590/428 2575/2588/427
f 2580/2589/429 2579/2592/429 2577/2590/428
f 2582/2591/430 2581/2594/430 2579/2592/429
f 2584/2593/431 2583/2596/431 2581/2594/430
f 2586/2595/432 2585/2598/432 2583/2596/431
f 2588/2597/433 2587/2600/433 2585/2598/432
f 2590/2599/434 2589/2602/434 2587/2600/433
f 2592/2601/435 2591/2604/435 2589/2602/434
f 2594/2603/436 2593/2606/436 2591/2604/435
f 2596/2605/437 2595/2608/437 2593/2606/436
f 2598/2607/438 2597/2610/438 2595/2608/437
f 2600/2609/439 2599/2612/439 2597/2610/438
f 2602/2611/440 2601/2614/440 2599/2612/439
f 2604/2613/441 2603/2616/441 2601/2614/440
f 2606/2615/442 2605/2618/442 2603/2616/441
f 2608/2617/443 2607/2620/443 2605/2618/442
f 2610/2619/444 2609/2622/444 2607/2620/443
f 2612/2621/445 2611/2624/445 2609/2622/444
f 2614/2623/446 2613/2626/446 2611/2624/445
f 2616/2625/447 2615/2628/447 2613/2626/446
f 2618/2627/448 2617/2630/448 2615/2628/447
f 2620/2629/449 2619/2632/449 2617/2630/448
f 2622/2631/450 2621/2634/450 2619/2632/449
f 2624/2633/451 2623/2636/451 2621/2634/450
f 2626/2635/452 2625/2638/452 2623/2636/451
f 2628/2637/453 2627/2640/453 2625/2638/452
f 2630/2639/454 2629/2642/454 2627/2640/453
f 2632/2641/455 2631/2644/457 2629/2642/454
f 2634/2643/456 2633/2646/456 2631/2644/457
f 2636/2645/458 2635/2648/458 2633/2646/456
f 2638/2647/459 2637/2650/459 2635/2648/458
f 2640/2649/460 2639/2652/460 2637/2650/459
f 2642/2651/461 2641/2654/461 2639/2652/460
f 2644/2653/32 2643/2656/32 2641/2654/461
f 2646/2655/59 2645/2658/59 2643/2656/32
f 2648/2657/30 2647/2660/30 2645/2658/59
f 2570/2659/425 2569/2850/425 2647/2660/30
f 2652/2661/462 2651/2665/462 2649/2662/463
f 2654/2664/464 2653/2667/464 2651/2665/462
f 2656/2666/465 2655/2669/465 2653/2667/464
f 2658/2668/466 2657/2671/466 2655/2669/465
f 2660/2670/467 2659/2673/467 2657/2671/466
f 2662/2672/468 2661/2675/468 2659/2673/467
f 2664/2674/469 2663/2677/469 2661/2675/468
f 2666/2676/470 2665/2679/470 2663/2677/469
f 2668/2678/471 2667/2681/471 2665/2679/470
f 2670/2680/472 2669/2683/472 2667/2681/471
f 2672/2682/473 2671/2685/473 2669/2683/472
f 2674/2684/474 2673/2687/474 2671/2685/473
f 2676/2686/475 2675/2689/475 2673/2687/474
f 2678/2688/476 2677/2691/476 2675/2689/475
f 2680/2690/477 2679/2693/477 2677/2691/476
f 2682/2692/478 2681/2695/478 2679/2693/477
f 2684/2694/479 2683/2697/479 2681/2695/478
f 2686/2696/480 2685/2699/480 2683/2697/479
f 2688/2698/481 2687/2701/481 2685/2699/480
f 2690/2700/482 2689/2703/482 2687/2701/481
f 2692/2702/483 2691/2705/483 2689/2703/482
f 2694/2704/484 2693/2707/484 2691/2705/483
f 2696/2706/485 2695/2709/485 2693/2707/484
f 2698/2708/486 2697/2711/486 2695/2709/485
f 2700/2710/487 2699/2713/487 2697/2711/486
f 2702/2712/488 2701/2715/488 2699/2713/487
f 2704/2714/489 2703/2717/489 2701/2715/488
f 2706/2716/490 2705/2719/490 2703/2717/489
f 2708/2718/491 2707/2721/491 2705/2719/490
f 2710/2720/492 2709/2723/492 2707/2721/491
f 2712/2722/493 2711/2725/493 2709/2723/492
f 2714/2724/494 2713/2727/494 2711/2725/493
f 2716/2726/495 2715/2729/495 2713/2727/494
f 2718/2728/496 2717/2731/496 2715/2729/495
f 2720/2730/497 2719/2733/497 2717/2731/496
f 2722/2732/32 2721/2735/32 2719/2733/497
f 2724/2734/498 2723/2737/498 2721/2735/32
f 2650/2736/463 2649/2851/463 2723/2737/498
f 2728/2738/499 2727/2742/499 2725/2739/500
f 2730/2741/501 2729/2744/501 2727/2742/499
f 2732/2743/502 2731/2746/502 2729/2744/501
f 2734/2745/503 2733/2748/503 2731/2746/502
f 2736/2747/504 2735/2750/504 2733/2748/503
f 2738/2749/505 2737/2752/505 2735/2750/504
f 2740/2751/506 2739/2754/506 2737/2752/505
f 2742/2753/507 2741/2756/507 2739/2754/506
f 2744/2755/508 2743/2758/508 2741/2756/507
f 2746/2757/509 2745/2760/509 2743/2758/508
f 2748/2759/510 2747/2762/510 2745/2760/509
f 2750/2761/283 2749/2764/283 2747/2762/510
f 2752/2763/511 2751/2766/511 2749/2764/283
f 2754/2765/512 2753/2768/512 2751/2766/511
f 2756/2767/513 2755/2770/513 2753/2768/512
f 2758/2769/514 2757/2772/514 2755/2770/513
f 2760/2771/515 2759/2774/515 2757/2772/514
f 2762/2773/516 2761/2776/516 2759/2774/515
f 2764/2775/517 2763/2778/517 2761/2776/516
f 2766/2777/518 2765/2780/518 2763/2778/517
f 2768/2779/519 2767/2782/519 2765/2780/518
f 2770/2781/520 2769/2784/520 2767/2782/519
f 2772/2783/521 2771/2786/521 2769/2784/520
f 2774/2785/522 2773/2788/522 2771/2786/521
f 2776/2787/523 2775/2790/523 2773/2788/522
f 2778/2789/524 2777/2792/524 2775/2790/523
f 2780/2791/525 2779/2794/525 2777/2792/524
f 2782/2793/526 2781/2796/526 2779/2794/525
f 2784/2795/527 2783/2798/527 2781/2796/526
f 2786/2797/528 2785/2800/528 2783/2798/527
f 2788/2799/529 2787/2802/529 2785/2800/528
f 2790/2801/530 2789/2804/530 2787/2802/529
f 2792/2803/531 2791/2806/531 2789/2804/530
f 2794/2805/532 2793/2808/532 2791/2806/531
f 2796/2807/533 2795/2810/533 2793/2808/532
f 2798/2809/534 2797/2812/534 2795/2810/533
f 2800/2811/258 2799/2814/258 2797/2812/534
f 2802/2813/535 2801/2816/535 2799/2814/258
f 2804/2815/536 2803/2818/536 2801/2816/535
f 2806/2817/537 2805/2820/537 2803/2818/536
f 2808/2819/538 2807/2822/538 2805/2820/537
f 2810/2821/539 2809/2824/539 2807/2822/538
f 2812/2823/540 2811/2826/540 2809/2824/539
f 2814/2825/541 2813/2828/541 2811/2826/540
f 2816/2827/542 2815/2830/542 2813/2828/541
f 2818/2829/543 2817/2832/543 2815/2830/542
f 2820/2831/544 2819/2834/544 2817/2832/543
f 2822/2833/545 2821/2836/545 2819/2834/544
f 2824/2835/546 2823/2838/546 2821/2836/545
f 2726/2837/500 2725/2852/500 2823/2838/546
