# Blender v2.92.0 OBJ File: 'hero_torch.blend'
# www.blender.org
mtllib hero_torch.mtl
o Cube.007_Cube.008
v -0.500000 -0.500000 5.493170
v -0.500000 0.500000 5.493170
v -0.500000 -0.500000 4.493170
v -0.500000 0.500000 4.493170
v 0.500000 -0.500000 5.493170
v 0.500000 0.500000 5.493170
v 0.500000 -0.500000 4.493170
v 0.500000 0.500000 4.493170
v -0.600000 -0.200000 2.144390
v -0.600000 0.200000 2.144390
v -0.600000 -0.200000 0.144390
v -0.600000 0.200000 0.144390
v -0.200000 -0.200000 2.144390
v -0.200000 0.200000 2.144390
v -0.200000 -0.200000 0.144390
v -0.200000 0.200000 0.144390
v 0.200000 -0.200000 2.144390
v 0.200000 0.200000 2.144390
v 0.200000 -0.200000 0.144390
v 0.200000 0.200000 0.144390
v 0.600000 -0.200000 2.144390
v 0.600000 0.200000 2.144390
v 0.600000 -0.200000 0.144390
v 0.600000 0.200000 0.144390
v -0.800000 -0.272615 4.500000
v -0.436184 -0.500000 4.500000
v -0.436184 0.500000 4.500000
v -0.800000 0.272615 4.500000
v -0.436184 -0.500000 1.500000
v -0.800000 -0.272615 1.500000
v -0.800000 0.272615 1.500000
v -0.436184 0.500000 1.500000
v 0.436184 -0.500000 4.500000
v 0.800000 -0.272615 4.500000
v 0.800000 0.272615 4.500000
v 0.436184 0.500000 4.500000
v 0.800000 -0.272615 1.500000
v 0.436184 -0.500000 1.500000
v 0.436184 0.500000 1.500000
v 0.800000 0.272615 1.500000
v -0.600000 -0.200000 2.144390
v -0.600000 0.200000 2.144390
v -0.600000 -0.200000 0.144390
v -0.600000 0.200000 0.144390
v -0.200000 -0.200000 2.144390
v -0.200000 0.200000 2.144390
v -0.200000 -0.200000 0.144390
v -0.200000 0.200000 0.144390
v -1.200000 0.200000 2.700000
v -0.800000 0.200000 2.700000
v -1.200000 -0.200000 3.065226
v -1.200000 0.200000 3.065226
v -0.800000 -0.200000 3.065226
v -0.800000 0.200000 3.065226
v -1.200000 1.132689 3.065226
v -1.200000 1.132689 2.700000
v -0.800000 1.132689 2.700000
v -0.800000 1.132689 3.065226
v -1.151334 -0.151334 4.300000
v -1.200000 -0.200000 4.105337
v -1.151334 0.151334 4.300000
v -1.200000 0.200000 4.105337
v -0.800000 -0.151334 4.300000
v -0.800000 -0.200000 4.105337
v -0.800000 0.200000 4.105337
v -0.800000 0.151334 4.300000
v -1.200000 -0.151536 2.700000
v -1.200000 -0.200000 2.893857
v -0.800000 -0.200000 2.893857
v -0.800000 -0.151536 2.700000
v 0.811322 -0.199998 4.346789
v 0.811322 0.200002 4.346789
v 0.811322 -0.199998 2.346789
v 0.811322 0.200002 2.346789
v 1.211322 -0.199998 4.346789
v 1.211322 0.200002 4.346789
v 1.211322 -0.199998 2.346789
v 1.211322 0.200002 2.346789
v -1.000000 -1.000000 0.000000
v 1.000000 -1.000000 0.000000
v -1.000000 1.000000 0.000000
v 1.000000 1.000000 0.000000
v -0.682471 -0.682471 0.301290
v 0.682471 -0.682471 0.301290
v -0.682471 0.682471 0.301290
v 0.682471 0.682471 0.301290
v -1.000000 1.000000 0.177987
v -1.000000 -1.000000 0.177987
v 1.000000 -1.000000 0.177987
v 1.000000 1.000000 0.177987
v -0.950490 0.989751 3.419925
v -0.964120 0.995034 3.414189
v -0.960624 1.004741 3.430371
v -0.945169 0.995149 3.434278
v -0.964120 0.995034 3.414189
v -0.977736 0.997922 3.410986
v -0.976076 1.009771 3.428196
v -0.960624 1.004741 3.430371
v -0.977736 0.997922 3.410986
v -0.991204 0.998824 3.409878
v -0.991381 1.011317 3.427455
v -0.976076 1.009771 3.428196
v -0.991204 0.998824 3.409878
v -1.004454 0.997837 3.410656
v -1.006467 1.009630 3.427923
v -0.991381 1.011317 3.427455
v -1.004454 0.997837 3.410656
v -1.017837 0.994894 3.413440
v -1.021880 1.004621 3.429798
v -1.006467 1.009630 3.427923
v -1.017837 0.994894 3.413440
v -1.031526 0.989646 3.419038
v -1.037293 0.995071 3.434361
v -1.021880 1.004621 3.429798
v -0.945169 0.995149 3.434278
v -0.960624 1.004741 3.430371
v -0.958619 1.009828 3.446860
v -0.942214 0.998099 3.449032
v -0.960624 1.004741 3.430371
v -0.976076 1.009771 3.428196
v -0.975045 1.015885 3.445636
v -0.958619 1.009828 3.446860
v -0.976076 1.009771 3.428196
v -0.991381 1.011317 3.427455
v -0.991360 1.017737 3.445204
v -0.975045 1.015885 3.445636
v -0.991381 1.011317 3.427455
v -1.006467 1.009630 3.427923
v -1.007691 1.015827 3.445378
v -0.991360 1.017737 3.445204
v -1.006467 1.009630 3.427923
v -1.021880 1.004621 3.429798
v -1.024078 1.009778 3.446267
v -1.007691 1.015827 3.445378
v -1.021880 1.004621 3.429798
v -1.037293 0.995071 3.434361
v -1.040452 0.998068 3.448883
v -1.024078 1.009778 3.446267
v -0.942214 0.998099 3.449032
v -0.958619 1.009828 3.446860
v -0.958036 1.011418 3.464082
v -0.941347 0.999035 3.466543
v -0.958619 1.009828 3.446860
v -0.975045 1.015885 3.445636
v -0.974746 1.017786 3.463703
v -0.958036 1.011418 3.464082
v -0.975045 1.015885 3.445636
v -0.991360 1.017737 3.445204
v -0.991434 1.019782 3.463367
v -0.974746 1.017786 3.463703
v -0.991360 1.017737 3.445204
v -1.007691 1.015827 3.445378
v -1.008120 1.017786 3.463066
v -0.991434 1.019782 3.463367
v -1.007691 1.015827 3.445378
v -1.024078 1.009778 3.446267
v -1.024825 1.011418 3.463405
v -1.008120 1.017786 3.463066
v -1.024078 1.009778 3.446267
v -1.040452 0.998068 3.448883
v -1.041521 0.999035 3.464314
v -1.024825 1.011418 3.463405
v -0.941347 0.999035 3.466543
v -0.958036 1.011418 3.464082
v -0.958823 1.009828 3.483323
v -0.942416 0.998099 3.481451
v -0.958036 1.011418 3.464082
v -0.974746 1.017786 3.463703
v -0.975247 1.015885 3.486861
v -0.958823 1.009828 3.483323
v -0.974746 1.017786 3.463703
v -0.991434 1.019782 3.463367
v -0.991612 1.017786 3.484576
v -0.975247 1.015885 3.486861
v -0.991434 1.019782 3.463367
v -1.008120 1.017786 3.463066
v -1.007970 1.015885 3.481633
v -0.991612 1.017786 3.484576
v -1.008120 1.017786 3.463066
v -1.024825 1.011418 3.463405
v -1.024370 1.009828 3.482802
v -1.007970 1.015885 3.481633
v -1.024825 1.011418 3.463405
v -1.041521 0.999035 3.464314
v -1.040736 0.998099 3.480756
v -1.024370 1.009828 3.482802
v -0.942416 0.998099 3.481451
v -0.958823 1.009828 3.483323
v -0.961218 1.004712 3.507416
v -0.946042 0.995084 3.512826
v -0.958823 1.009828 3.483323
v -0.975247 1.015885 3.486861
v -0.976786 1.009716 3.515204
v -0.961218 1.004712 3.507416
v -0.975247 1.015885 3.486861
v -0.991612 1.017786 3.484576
v -0.992444 1.011228 3.521648
v -0.976786 1.009716 3.515204
v -0.991612 1.017786 3.484576
v -1.007970 1.015885 3.481633
v -1.007628 1.009677 3.514375
v -0.992444 1.011228 3.521648
v -1.007970 1.015885 3.481633
v -1.024370 1.009828 3.482802
v -1.022710 1.004729 3.502831
v -1.007628 1.009677 3.514375
v -1.024370 1.009828 3.482802
v -1.040736 0.998099 3.480756
v -1.038092 0.995130 3.501322
v -1.022710 1.004729 3.502831
v -0.946042 0.995084 3.512826
v -0.961218 1.004712 3.507416
v -0.967901 0.994721 3.562166
v -0.954118 0.989479 3.556019
v -0.961218 1.004712 3.507416
v -0.976786 1.009716 3.515204
v -0.982883 0.997428 3.579773
v -0.967901 0.994721 3.562166
v -0.976786 1.009716 3.515204
v -0.992444 1.011228 3.521648
v -0.995067 0.998479 3.564664
v -0.982883 0.997428 3.579773
v -0.992444 1.011228 3.521648
v -1.007628 1.009677 3.514375
v -1.007439 0.997708 3.546582
v -0.995067 0.998479 3.564664
v -1.007628 1.009677 3.514375
v -1.022710 1.004729 3.502831
v -1.020407 0.994902 3.536918
v -1.007439 0.997708 3.546582
v -1.022710 1.004729 3.502831
v -1.038092 0.995130 3.501322
v -1.033985 0.989603 3.537045
v -1.020407 0.994902 3.536918
v -1.031526 0.989646 3.419038
v -1.036559 0.976069 3.415192
v -1.046629 0.979670 3.430140
v -1.037293 0.995071 3.434361
v -1.036559 0.976069 3.415192
v -1.039743 0.962551 3.414777
v -1.051993 0.964342 3.434763
v -1.046629 0.979670 3.430140
v -1.039743 0.962551 3.414777
v -1.040970 0.949007 3.410595
v -1.053769 0.948967 3.432277
v -1.051993 0.964342 3.434763
v -1.040970 0.949007 3.410595
v -1.040218 0.935435 3.413303
v -1.052289 0.933560 3.436688
v -1.053769 0.948967 3.432277
v -1.040218 0.935435 3.413303
v -1.037300 0.921875 3.416019
v -1.047203 0.918173 3.447222
v -1.052289 0.933560 3.436688
v -1.037300 0.921875 3.416019
v -1.032007 0.908323 3.420909
v -1.037562 0.902885 3.434207
v -1.047203 0.918173 3.447222
v -1.037293 0.995071 3.434361
v -1.046629 0.979670 3.430140
v -1.052015 0.981665 3.446843
v -1.040452 0.998068 3.448883
v -1.046629 0.979670 3.430140
v -1.051993 0.964342 3.434763
v -1.058233 0.965324 3.449413
v -1.052015 0.981665 3.446843
v -1.051993 0.964342 3.434763
v -1.053769 0.948967 3.432277
v -1.060284 0.948948 3.458154
v -1.058233 0.965324 3.449413
v -1.053769 0.948967 3.432277
v -1.052289 0.933560 3.436688
v -1.058368 0.932565 3.451523
v -1.060284 0.948948 3.458154
v -1.052289 0.933560 3.436688
v -1.047203 0.918173 3.447222
v -1.052379 0.916181 3.467432
v -1.058368 0.932565 3.451523
v -1.047203 0.918173 3.447222
v -1.037562 0.902885 3.434207
v -1.040704 0.899797 3.475303
v -1.052379 0.916181 3.467432
v -1.040452 0.998068 3.448883
v -1.052015 0.981665 3.446843
v -1.053977 0.982340 3.473008
v -1.041521 0.999035 3.464314
v -1.052015 0.981665 3.446843
v -1.058233 0.965324 3.449413
v -1.060326 0.965644 3.468338
v -1.053977 0.982340 3.473008
v -1.058233 0.965324 3.449413
v -1.060284 0.948948 3.458154
v -1.062396 0.948948 3.477921
v -1.060326 0.965644 3.468338
v -1.060284 0.948948 3.458154
v -1.058368 0.932565 3.451523
v -1.060346 0.932253 3.471949
v -1.062396 0.948948 3.477921
v -1.058368 0.932565 3.451523
v -1.052379 0.916181 3.467432
v -1.053959 0.915557 3.465435
v -1.060346 0.932253 3.471949
v -1.052379 0.916181 3.467432
v -1.040704 0.899797 3.475303
v -1.041611 0.898861 3.469444
v -1.053959 0.915557 3.465435
v -1.041521 0.999035 3.464314
v -1.053977 0.982340 3.473008
v -1.052469 0.981716 3.481173
v -1.040736 0.998099 3.480756
v -1.053977 0.982340 3.473008
v -1.060326 0.965644 3.468338
v -1.058607 0.965332 3.488972
v -1.052469 0.981716 3.481173
v -1.060326 0.965644 3.468338
v -1.062396 0.948948 3.477921
v -1.060509 0.948948 3.489103
v -1.058607 0.965332 3.488972
v -1.062396 0.948948 3.477921
v -1.060346 0.932253 3.471949
v -1.058589 0.932565 3.487393
v -1.060509 0.948948 3.489103
v -1.060346 0.932253 3.471949
v -1.053959 0.915557 3.465435
v -1.052752 0.916247 3.503219
v -1.058589 0.932565 3.487393
v -1.053959 0.915557 3.465435
v -1.041611 0.898861 3.469444
v -1.040974 0.899889 3.499208
v -1.052752 0.916247 3.503219
v -1.040736 0.998099 3.480756
v -1.052469 0.981716 3.481173
v -1.047949 0.979710 3.514621
v -1.038092 0.995130 3.501322
v -1.052469 0.981716 3.481173
v -1.058607 0.965332 3.488972
v -1.052955 0.964346 3.516117
v -1.047949 0.979710 3.514621
v -1.058607 0.965332 3.488972
v -1.060509 0.948948 3.489103
v -1.055372 0.949008 3.541357
v -1.052955 0.964346 3.516117
v -1.060509 0.948948 3.489103
v -1.058589 0.932565 3.487393
v -1.053261 0.933632 3.525835
v -1.055372 0.949008 3.541357
v -1.058589 0.932565 3.487393
v -1.052752 0.916247 3.503219
v -1.047900 0.918228 3.511910
v -1.053261 0.933632 3.525835
v -1.052752 0.916247 3.503219
v -1.040974 0.899889 3.499208
v -1.039165 0.903119 3.530926
v -1.047900 0.918228 3.511910
v -1.038092 0.995130 3.501322
v -1.047949 0.979710 3.514621
v -1.039541 0.976066 3.544856
v -1.033985 0.989603 3.537045
v -1.047949 0.979710 3.514621
v -1.052955 0.964346 3.516117
v -1.042461 0.962546 3.546709
v -1.039541 0.976066 3.544856
v -1.052955 0.964346 3.516117
v -1.055372 0.949008 3.541357
v -1.043410 0.949024 3.546377
v -1.042461 0.962546 3.546709
v -1.055372 0.949008 3.541357
v -1.053261 0.933632 3.525835
v -1.045188 0.935672 3.577077
v -1.043410 0.949024 3.546377
v -1.053261 0.933632 3.525835
v -1.047900 0.918228 3.511910
v -1.046005 0.922379 3.590221
v -1.045188 0.935672 3.577077
v -1.047900 0.918228 3.511910
v -1.039165 0.903119 3.530926
v -1.036938 0.908814 3.569790
v -1.046005 0.922379 3.590221
v -1.032007 0.908323 3.420909
v -1.018714 0.902941 3.425531
v -1.022393 0.893177 3.441731
v -1.037562 0.902885 3.434207
v -1.018714 0.902941 3.425531
v -1.005104 0.900053 3.427084
v -1.006927 0.888178 3.444465
v -1.022393 0.893177 3.441731
v -1.005104 0.900053 3.427084
v -0.991632 0.899174 3.416220
v -0.991560 0.886739 3.429425
v -1.006927 0.888178 3.444465
v -0.991632 0.899174 3.416220
v -0.978352 0.899954 3.422913
v -0.976431 0.888152 3.435447
v -0.991560 0.886739 3.429425
v -0.978352 0.899954 3.422913
v -0.964808 0.902822 3.424228
v -0.960891 0.893111 3.446022
v -0.976431 0.888152 3.435447
v -0.964808 0.902822 3.424228
v -0.951074 0.908203 3.420064
v -0.945512 0.902788 3.437896
v -0.960891 0.893111 3.446022
v -1.037562 0.902885 3.434207
v -1.022393 0.893177 3.441731
v -1.024317 0.888069 3.458866
v -1.040704 0.899797 3.475303
v -1.022393 0.893177 3.441731
v -1.006927 0.888178 3.444465
v -1.007921 0.882011 3.469659
v -1.024317 0.888069 3.458866
v -1.006927 0.888178 3.444465
v -0.991560 0.886739 3.429425
v -0.991568 0.880110 3.472971
v -1.007921 0.882011 3.469659
v -0.991560 0.886739 3.429425
v -0.976431 0.888152 3.435447
v -0.975211 0.882011 3.466279
v -0.991568 0.880110 3.472971
v -0.976431 0.888152 3.435447
v -0.960891 0.893111 3.446022
v -0.958825 0.888069 3.458150
v -0.975211 0.882011 3.466279
v -0.960891 0.893111 3.446022
v -0.945512 0.902788 3.437896
v -0.942413 0.899797 3.466995
v -0.958825 0.888069 3.458150
v -1.040704 0.899797 3.475303
v -1.024317 0.888069 3.458866
v -1.025339 0.886604 3.506411
v -1.041611 0.898861 3.469444
v -1.024317 0.888069 3.458866
v -1.007921 0.882011 3.469659
v -1.008358 0.880110 3.489609
v -1.025339 0.886604 3.506411
v -1.007921 0.882011 3.469659
v -0.991568 0.880110 3.472971
v -0.991733 0.878184 3.490603
v -1.008358 0.880110 3.489609
v -0.991568 0.880110 3.472971
v -0.975211 0.882011 3.466279
v -0.975754 0.880441 3.512130
v -0.991733 0.878184 3.490603
v -0.975211 0.882011 3.466279
v -0.958825 0.888069 3.458150
v -0.959093 0.886829 3.506497
v -0.975754 0.880441 3.512130
v -0.958825 0.888069 3.458150
v -0.942413 0.899797 3.466995
v -0.941925 0.898997 3.495721
v -0.959093 0.886829 3.506497
v -1.041611 0.898861 3.469444
v -1.025339 0.886604 3.506411
v -1.027476 0.888859 3.559499
v -1.040974 0.899889 3.499208
v -1.025339 0.886604 3.506411
v -1.008358 0.880110 3.489609
v -1.008221 0.882052 3.503510
v -1.027476 0.888859 3.559499
v -1.008358 0.880110 3.489609
v -0.991733 0.878184 3.490603
v -0.993619 0.880668 3.543947
v -1.008221 0.882052 3.503510
v -0.991733 0.878184 3.490603
v -0.975754 0.880441 3.512130
v -0.976549 0.882438 3.524376
v -0.993619 0.880668 3.543947
v -0.975754 0.880441 3.512130
v -0.959093 0.886829 3.506497
v -0.959908 0.888462 3.510595
v -0.976549 0.882438 3.524376
v -0.959093 0.886829 3.506497
v -0.941925 0.898997 3.495721
v -0.944939 0.900355 3.531798
v -0.959908 0.888462 3.510595
v -1.040974 0.899889 3.499208
v -1.027476 0.888859 3.559499
v -1.025971 0.893919 3.564095
v -1.039165 0.903119 3.530926
v -1.027476 0.888859 3.559499
v -1.008221 0.882052 3.503510
v -1.012169 0.889091 3.576206
v -1.025971 0.893919 3.564095
v -1.008221 0.882052 3.503510
v -0.993619 0.880668 3.543947
v -0.997739 0.887511 3.575272
v -1.012169 0.889091 3.576206
v -0.993619 0.880668 3.543947
v -0.976549 0.882438 3.524376
v -0.981723 0.889060 3.569598
v -0.997739 0.887511 3.575272
v -0.976549 0.882438 3.524376
v -0.959908 0.888462 3.510595
v -0.968352 0.894243 3.575752
v -0.981723 0.889060 3.569598
v -0.959908 0.888462 3.510595
v -0.944939 0.900355 3.531798
v -0.948859 0.903405 3.544206
v -0.968352 0.894243 3.575752
v -1.039165 0.903119 3.530926
v -1.025971 0.893919 3.564095
v -1.022282 0.903399 3.561823
v -1.036938 0.908814 3.569790
v -1.025971 0.893919 3.564095
v -1.012169 0.889091 3.576206
v -1.015417 0.900934 3.592906
v -1.022282 0.903399 3.561823
v -1.012169 0.889091 3.576206
v -0.997739 0.887511 3.575272
v -1.010322 0.900530 3.631778
v -1.015417 0.900934 3.592906
v -0.997739 0.887511 3.575272
v -0.981723 0.889060 3.569598
v -0.996813 0.901301 3.619071
v -1.010322 0.900530 3.631778
v -0.981723 0.889060 3.569598
v -0.968352 0.894243 3.575752
v -0.973828 0.903737 3.580585
v -0.996813 0.901301 3.619071
v -0.968352 0.894243 3.575752
v -0.948859 0.903405 3.544206
v -0.954268 0.908691 3.546253
v -0.973828 0.903737 3.580585
v -0.951074 0.908203 3.420064
v -0.945671 0.921851 3.415418
v -0.935890 0.918188 3.435444
v -0.945512 0.902788 3.437896
v -0.945671 0.921851 3.415418
v -0.942889 0.935426 3.411236
v -0.931021 0.933569 3.429079
v -0.935890 0.918188 3.435444
v -0.942889 0.935426 3.411236
v -0.941637 0.948998 3.410327
v -0.929359 0.948967 3.427680
v -0.931021 0.933569 3.429079
v -0.941637 0.948998 3.410327
v -0.942426 0.962561 3.411319
v -0.930770 0.964351 3.428373
v -0.929359 0.948967 3.427680
v -0.942426 0.962561 3.411319
v -0.945221 0.976143 3.414382
v -0.935648 0.979746 3.430517
v -0.930770 0.964351 3.428373
v -0.945221 0.976143 3.414382
v -0.950490 0.989751 3.419925
v -0.945169 0.995149 3.434278
v -0.935648 0.979746 3.430517
v -0.945512 0.902788 3.437896
v -0.935890 0.918188 3.435444
v -0.930654 0.916181 3.458363
v -0.942413 0.899797 3.466995
v -0.935890 0.918188 3.435444
v -0.931021 0.933569 3.429079
v -0.924701 0.932565 3.447457
v -0.930654 0.916181 3.458363
v -0.931021 0.933569 3.429079
v -0.929359 0.948967 3.427680
v -0.922803 0.948948 3.454421
v -0.924701 0.932565 3.447457
v -0.929359 0.948967 3.427680
v -0.930770 0.964351 3.428373
v -0.924610 0.965332 3.446705
v -0.922803 0.948948 3.454421
v -0.930770 0.964351 3.428373
v -0.935648 0.979746 3.430517
v -0.930540 0.981716 3.447139
v -0.924610 0.965332 3.446705
v -0.935648 0.979746 3.430517
v -0.945169 0.995149 3.434278
v -0.942214 0.998099 3.449032
v -0.930540 0.981716 3.447139
v -0.942413 0.899797 3.466995
v -0.930654 0.916181 3.458363
v -0.929394 0.915617 3.492531
v -0.941925 0.898997 3.495721
v -0.930654 0.916181 3.458363
v -0.924701 0.932565 3.447457
v -0.922763 0.932253 3.480287
v -0.929394 0.915617 3.492531
v -0.924701 0.932565 3.447457
v -0.922803 0.948948 3.454421
v -0.920758 0.948948 3.464911
v -0.922763 0.932253 3.480287
v -0.922803 0.948948 3.454421
v -0.924610 0.965332 3.446705
v -0.922773 0.965644 3.481174
v -0.920758 0.948948 3.464911
v -0.924610 0.965332 3.446705
v -0.930540 0.981716 3.447139
v -0.929067 0.982340 3.475395
v -0.922773 0.965644 3.481174
v -0.930540 0.981716 3.447139
v -0.942214 0.998099 3.449032
v -0.941347 0.999035 3.466543
v -0.929067 0.982340 3.475395
v -0.941925 0.898997 3.495721
v -0.929394 0.915617 3.492531
v -0.931303 0.916286 3.504238
v -0.944939 0.900355 3.531798
v -0.929394 0.915617 3.492531
v -0.922763 0.932253 3.480287
v -0.925347 0.932627 3.510994
v -0.931303 0.916286 3.504238
v -0.922763 0.932253 3.480287
v -0.920758 0.948948 3.464911
v -0.923907 0.948988 3.518733
v -0.925347 0.932627 3.510994
v -0.920758 0.948948 3.464911
v -0.922773 0.965644 3.481174
v -0.925683 0.965307 3.519278
v -0.923907 0.948988 3.518733
v -0.922773 0.965644 3.481174
v -0.929067 0.982340 3.475395
v -0.931364 0.981654 3.507653
v -0.925683 0.965307 3.519278
v -0.929067 0.982340 3.475395
v -0.941347 0.999035 3.466543
v -0.942416 0.998099 3.481451
v -0.931364 0.981654 3.507653
v -0.944939 0.900355 3.531798
v -0.931303 0.916286 3.504238
v -0.939128 0.918573 3.548795
v -0.948859 0.903405 3.544206
v -0.931303 0.916286 3.504238
v -0.925347 0.932627 3.510994
v -0.932849 0.933720 3.536510
v -0.939128 0.918573 3.548795
v -0.925347 0.932627 3.510994
v -0.923907 0.948988 3.518733
v -0.931404 0.949022 3.537209
v -0.932849 0.933720 3.536510
v -0.923907 0.948988 3.518733
v -0.925683 0.965307 3.519278
v -0.934886 0.964281 3.560768
v -0.931404 0.949022 3.537209
v -0.925683 0.965307 3.519278
v -0.931364 0.981654 3.507653
v -0.937070 0.979661 3.522768
v -0.934886 0.964281 3.560768
v -0.931364 0.981654 3.507653
v -0.942416 0.998099 3.481451
v -0.946042 0.995084 3.512826
v -0.937070 0.979661 3.522768
v -0.948859 0.903405 3.544206
v -0.939128 0.918573 3.548795
v -0.957331 0.922597 3.601517
v -0.954268 0.908691 3.546253
v -0.939128 0.918573 3.548795
v -0.932849 0.933720 3.536510
v -0.946726 0.935636 3.560966
v -0.957331 0.922597 3.601517
v -0.932849 0.933720 3.536510
v -0.931404 0.949022 3.537209
v -0.948999 0.949145 3.588115
v -0.946726 0.935636 3.560966
v -0.931404 0.949022 3.537209
v -0.934886 0.964281 3.560768
v -0.953762 0.962472 3.610218
v -0.948999 0.949145 3.588115
v -0.934886 0.964281 3.560768
v -0.937070 0.979661 3.522768
v -0.948180 0.976037 3.545937
v -0.953762 0.962472 3.610218
v -0.937070 0.979661 3.522768
v -0.946042 0.995084 3.512826
v -0.954118 0.989479 3.556019
v -0.948180 0.976037 3.545937
v -0.951074 0.908203 3.420064
v -0.964808 0.902822 3.424228
v -0.961170 0.918396 3.404119
v -0.945671 0.921851 3.415418
v -0.964808 0.902822 3.424228
v -0.978352 0.899954 3.422913
v -0.976599 0.916508 3.400331
v -0.961170 0.918396 3.404119
v -0.978352 0.899954 3.422913
v -0.991632 0.899174 3.416220
v -0.991512 0.915936 3.402092
v -0.976599 0.916508 3.400331
v -0.991632 0.899174 3.416220
v -1.005104 0.900053 3.427084
v -1.006285 0.916637 3.402679
v -0.991512 0.915936 3.402092
v -1.005104 0.900053 3.427084
v -1.018714 0.902941 3.425531
v -1.021544 0.918503 3.406516
v -1.006285 0.916637 3.402679
v -1.018714 0.902941 3.425531
v -1.032007 0.908323 3.420909
v -1.037300 0.921875 3.416019
v -1.021544 0.918503 3.406516
v -0.945671 0.921851 3.415418
v -0.961170 0.918396 3.404119
v -0.958852 0.933764 3.399445
v -0.942889 0.935426 3.411236
v -0.961170 0.918396 3.404119
v -0.976599 0.916508 3.400331
v -0.974988 0.932859 3.392987
v -0.958852 0.933764 3.399445
v -0.976599 0.916508 3.400331
v -0.991512 0.915936 3.402092
v -0.991009 0.932588 3.392402
v -0.974988 0.932859 3.392987
v -0.991512 0.915936 3.402092
v -1.006285 0.916637 3.402679
v -1.006729 0.932922 3.394886
v -0.991009 0.932588 3.392402
v -1.006285 0.916637 3.402679
v -1.021544 0.918503 3.406516
v -1.023377 0.933787 3.399873
v -1.006729 0.932922 3.394886
v -1.021544 0.918503 3.406516
v -1.037300 0.921875 3.416019
v -1.040218 0.935435 3.413303
v -1.023377 0.933787 3.399873
v -0.942889 0.935426 3.411236
v -0.958852 0.933764 3.399445
v -0.957810 0.949040 3.397532
v -0.941637 0.948998 3.410327
v -0.958852 0.933764 3.399445
v -0.974988 0.932859 3.392987
v -0.973791 0.949077 3.390776
v -0.957810 0.949040 3.397532
v -0.974988 0.932859 3.392987
v -0.991009 0.932588 3.392402
v -0.990051 0.949102 3.388299
v -0.973791 0.949077 3.390776
v -0.991009 0.932588 3.392402
v -1.006729 0.932922 3.394886
v -1.006707 0.949090 3.391700
v -0.990051 0.949102 3.388299
v -1.006729 0.932922 3.394886
v -1.023377 0.933787 3.399873
v -1.023722 0.949053 3.397070
v -1.006707 0.949090 3.391700
v -1.023377 0.933787 3.399873
v -1.040218 0.935435 3.413303
v -1.040970 0.949007 3.410595
v -1.023722 0.949053 3.397070
v -0.941637 0.948998 3.410327
v -0.957810 0.949040 3.397532
v -0.958310 0.964305 3.399186
v -0.942426 0.962561 3.411319
v -0.957810 0.949040 3.397532
v -0.973791 0.949077 3.390776
v -0.974124 0.965246 3.392715
v -0.958310 0.964305 3.399186
v -0.973791 0.949077 3.390776
v -0.990051 0.949102 3.388299
v -0.990300 0.965544 3.390352
v -0.974124 0.965246 3.392715
v -0.990051 0.949102 3.388299
v -1.006707 0.949090 3.391700
v -1.006048 0.965229 3.391870
v -0.990300 0.965544 3.390352
v -1.006707 0.949090 3.391700
v -1.023722 0.949053 3.397070
v -1.022688 0.964285 3.399501
v -1.006048 0.965229 3.391870
v -1.023722 0.949053 3.397070
v -1.040970 0.949007 3.410595
v -1.039743 0.962551 3.414777
v -1.022688 0.964285 3.399501
v -0.942426 0.962561 3.411319
v -0.958310 0.964305 3.399186
v -0.960288 0.979613 3.404360
v -0.945221 0.976143 3.414382
v -0.958310 0.964305 3.399186
v -0.974124 0.965246 3.392715
v -0.975570 0.981509 3.398865
v -0.960288 0.979613 3.404360
v -0.974124 0.965246 3.392715
v -0.990300 0.965544 3.390352
v -0.990768 0.982108 3.396954
v -0.975570 0.981509 3.398865
v -0.990300 0.965544 3.390352
v -1.006048 0.965229 3.391870
v -1.005682 0.981461 3.398283
v -0.990768 0.982108 3.396954
v -1.006048 0.965229 3.391870
v -1.022688 0.964285 3.399501
v -1.020762 0.979522 3.403132
v -1.005682 0.981461 3.398283
v -1.022688 0.964285 3.399501
v -1.039743 0.962551 3.414777
v -1.036559 0.976069 3.415192
v -1.020762 0.979522 3.403132
v -0.945221 0.976143 3.414382
v -0.960288 0.979613 3.404360
v -0.964120 0.995034 3.414189
v -0.950490 0.989751 3.419925
v -0.960288 0.979613 3.404360
v -0.975570 0.981509 3.398865
v -0.977736 0.997922 3.410986
v -0.964120 0.995034 3.414189
v -0.975570 0.981509 3.398865
v -0.990768 0.982108 3.396954
v -0.991204 0.998824 3.409878
v -0.977736 0.997922 3.410986
v -0.990768 0.982108 3.396954
v -1.005682 0.981461 3.398283
v -1.004454 0.997837 3.410656
v -0.991204 0.998824 3.409878
v -1.005682 0.981461 3.398283
v -1.020762 0.979522 3.403132
v -1.017837 0.994894 3.413440
v -1.004454 0.997837 3.410656
v -1.020762 0.979522 3.403132
v -1.036559 0.976069 3.415192
v -1.031526 0.989646 3.419038
v -1.017837 0.994894 3.413440
v -0.954118 0.989479 3.556019
v -0.967901 0.994721 3.562166
v -0.968295 0.979314 3.593184
v -0.948180 0.976037 3.545937
v -0.967901 0.994721 3.562166
v -0.982883 0.997428 3.579773
v -0.992917 0.981001 3.644838
v -0.968295 0.979314 3.593184
v -0.982883 0.997428 3.579773
v -0.995067 0.998479 3.564664
v -1.007777 0.981598 3.653462
v -0.992917 0.981001 3.644838
v -0.995067 0.998479 3.564664
v -1.007439 0.997708 3.546582
v -1.023548 0.981012 3.644545
v -1.007777 0.981598 3.653462
v -1.007439 0.997708 3.546582
v -1.020407 0.994902 3.536918
v -1.025668 0.979471 3.563155
v -1.023548 0.981012 3.644545
v -1.020407 0.994902 3.536918
v -1.033985 0.989603 3.537045
v -1.039541 0.976066 3.544856
v -1.025668 0.979471 3.563155
v -0.948180 0.976037 3.545937
v -0.968295 0.979314 3.593184
v -0.974287 0.964173 3.670947
v -0.953762 0.962472 3.610218
v -0.968295 0.979314 3.593184
v -0.992917 0.981001 3.644838
v -0.990686 0.965117 3.672339
v -0.974287 0.964173 3.670947
v -0.992917 0.981001 3.644838
v -1.007777 0.981598 3.653462
v -0.997228 0.965419 3.750980
v -0.990686 0.965117 3.672339
v -1.007777 0.981598 3.653462
v -1.023548 0.981012 3.644545
v -1.023291 0.965117 3.670414
v -0.997228 0.965419 3.750980
v -1.023548 0.981012 3.644545
v -1.025668 0.979471 3.563155
v -1.041169 0.964182 3.641896
v -1.023291 0.965117 3.670414
v -1.025668 0.979471 3.563155
v -1.039541 0.976066 3.544856
v -1.042461 0.962546 3.546709
v -1.041169 0.964182 3.641896
v -0.953762 0.962472 3.610218
v -0.974287 0.964173 3.670947
v -0.976231 0.949240 3.647859
v -0.948999 0.949145 3.588115
v -0.974287 0.964173 3.670947
v -0.990686 0.965117 3.672339
v -0.981395 0.949240 3.749316
v -0.976231 0.949240 3.647859
v -0.990686 0.965117 3.672339
v -0.997228 0.965419 3.750980
v -1.003475 0.949240 3.826728
v -0.981395 0.949240 3.749316
v -0.997228 0.965419 3.750980
v -1.023291 0.965117 3.670414
v -1.014095 0.949240 3.754599
v -1.003475 0.949240 3.826728
v -1.023291 0.965117 3.670414
v -1.041169 0.964182 3.641896
v -1.042403 0.949221 3.639000
v -1.014095 0.949240 3.754599
v -1.041169 0.964182 3.641896
v -1.042461 0.962546 3.546709
v -1.043410 0.949024 3.546377
v -1.042403 0.949221 3.639000
v -0.948999 0.949145 3.588115
v -0.976231 0.949240 3.647859
v -0.974402 0.934308 3.681233
v -0.946726 0.935636 3.560966
v -0.976231 0.949240 3.647859
v -0.981395 0.949240 3.749316
v -0.989348 0.933364 3.697912
v -0.974402 0.934308 3.681233
v -0.981395 0.949240 3.749316
v -1.003475 0.949240 3.826728
v -0.998272 0.933062 3.752072
v -0.989348 0.933364 3.697912
v -1.003475 0.949240 3.826728
v -1.014095 0.949240 3.754599
v -1.025565 0.933360 3.656461
v -0.998272 0.933062 3.752072
v -1.014095 0.949240 3.754599
v -1.042403 0.949221 3.639000
v -1.041282 0.934303 3.657890
v -1.025565 0.933360 3.656461
v -1.042403 0.949221 3.639000
v -1.043410 0.949024 3.546377
v -1.045188 0.935672 3.577077
v -1.041282 0.934303 3.657890
v -0.946726 0.935636 3.560966
v -0.974402 0.934308 3.681233
v -0.973442 0.919376 3.707418
v -0.957331 0.922597 3.601517
v -0.974402 0.934308 3.681233
v -0.989348 0.933364 3.697912
v -0.995301 0.917377 3.629593
v -0.973442 0.919376 3.707418
v -0.989348 0.933364 3.697912
v -0.998272 0.933062 3.752072
v -1.008699 0.916883 3.669648
v -0.995301 0.917377 3.629593
v -0.998272 0.933062 3.752072
v -1.025565 0.933360 3.656461
v -1.025239 0.917467 3.648043
v -1.008699 0.916883 3.669648
v -1.025565 0.933360 3.656461
v -1.041282 0.934303 3.657890
v -1.040612 0.919289 3.635419
v -1.025239 0.917467 3.648043
v -1.041282 0.934303 3.657890
v -1.045188 0.935672 3.577077
v -1.046005 0.922379 3.590221
v -1.040612 0.919289 3.635419
v -0.957331 0.922597 3.601517
v -0.973442 0.919376 3.707418
v -0.973828 0.903737 3.580585
v -0.954268 0.908691 3.546253
v -0.973442 0.919376 3.707418
v -0.995301 0.917377 3.629593
v -0.996813 0.901301 3.619071
v -0.973828 0.903737 3.580585
v -0.995301 0.917377 3.629593
v -1.008699 0.916883 3.669648
v -1.010322 0.900530 3.631778
v -0.996813 0.901301 3.619071
v -1.008699 0.916883 3.669648
v -1.025239 0.917467 3.648043
v -1.015417 0.900934 3.592906
v -1.010322 0.900530 3.631778
v -1.025239 0.917467 3.648043
v -1.040612 0.919289 3.635419
v -1.022282 0.903399 3.561823
v -1.015417 0.900934 3.592906
v -1.040612 0.919289 3.635419
v -1.046005 0.922379 3.590221
v -1.036938 0.908814 3.569790
v -1.022282 0.903399 3.561823
v -1.062311 0.949206 2.944097
v -1.040117 1.002787 2.944097
v -1.032588 0.995258 2.771474
v -1.051664 0.949206 2.771474
v -0.929847 1.005895 3.293388
v -0.986536 1.029377 3.293388
v -0.986536 1.066588 3.301544
v -0.903534 1.032208 3.301544
v -0.986536 1.029377 3.293388
v -1.043226 1.005895 3.293388
v -1.069538 1.032208 3.301544
v -0.986536 1.066588 3.301544
v -1.043226 0.892516 3.293388
v -0.986536 0.869035 3.293388
v -0.986536 0.831823 3.301544
v -1.069538 0.866204 3.301544
v -0.906365 0.949206 3.293388
v -0.929847 1.005895 3.293388
v -0.903534 1.032208 3.301544
v -0.869154 0.949206 3.301544
v -1.043226 1.005895 3.293388
v -1.066707 0.949206 3.293388
v -1.103919 0.949206 3.301544
v -1.069538 1.032208 3.301544
v -0.986536 0.869035 3.293388
v -0.929847 0.892516 3.293388
v -0.903534 0.866204 3.301544
v -0.986536 0.831823 3.301544
v -1.066707 0.949206 3.293388
v -1.043226 0.892516 3.293388
v -1.069538 0.866204 3.301544
v -1.103919 0.949206 3.301544
v -0.929847 0.892516 3.293388
v -0.906365 0.949206 3.293388
v -0.869154 0.949206 3.301544
v -0.903534 0.866204 3.301544
v -0.903534 0.866204 3.301544
v -0.869154 0.949206 3.301544
v -0.841631 0.949206 3.488882
v -0.884073 0.846743 3.488882
v -1.065533 1.028203 3.488882
v -1.098255 0.949206 3.488882
v -1.089991 0.949206 3.438067
v -1.059690 1.022360 3.438067
v -1.103919 0.949206 3.301544
v -1.069538 0.866204 3.301544
v -1.088999 0.846743 3.488882
v -1.131441 0.949206 3.488882
v -0.986536 0.831823 3.301544
v -0.903534 0.866204 3.301544
v -0.884073 0.846743 3.488882
v -0.986536 0.804301 3.488882
v -1.069538 1.032208 3.301544
v -1.103919 0.949206 3.301544
v -1.131441 0.949206 3.488882
v -1.088999 1.051669 3.488882
v -0.869154 0.949206 3.301544
v -0.903534 1.032208 3.301544
v -0.884073 1.051669 3.488882
v -0.841631 0.949206 3.488882
v -1.069538 0.866204 3.301544
v -0.986536 0.831823 3.301544
v -0.986536 0.804301 3.488882
v -1.088999 0.846743 3.488882
v -0.986536 1.066588 3.301544
v -1.069538 1.032208 3.301544
v -1.088999 1.051669 3.488882
v -0.986536 1.094110 3.488882
v -0.903534 1.032208 3.301544
v -0.986536 1.066588 3.301544
v -0.986536 1.094110 3.488882
v -0.884073 1.051669 3.488882
v -0.986536 1.060924 3.488882
v -0.907539 1.028203 3.488882
v -0.884073 1.051669 3.488882
v -0.986536 1.094110 3.488882
v -0.874817 0.949206 3.488882
v -0.841631 0.949206 3.488882
v -0.907539 0.870209 3.488882
v -0.884073 0.846743 3.488882
v -0.986536 0.837487 3.488882
v -0.986536 0.804301 3.488882
v -1.065533 0.870209 3.488882
v -1.088999 0.846743 3.488882
v -1.098255 0.949206 3.488882
v -1.131441 0.949206 3.488882
v -1.065533 1.028203 3.488882
v -1.088999 1.051669 3.488882
v -1.065533 0.870209 3.488882
v -0.986536 0.837487 3.488882
v -0.986536 0.845751 3.438067
v -1.059690 0.876052 3.438067
v -0.907539 0.870209 3.488882
v -0.874817 0.949206 3.488882
v -0.883081 0.949206 3.438067
v -0.913382 0.876052 3.438067
v -0.907539 1.028203 3.488882
v -0.986536 1.060924 3.488882
v -0.986536 1.052661 3.438067
v -0.913382 1.022360 3.438067
v -0.986536 1.060924 3.488882
v -1.065533 1.028203 3.488882
v -1.059690 1.022360 3.438067
v -0.986536 1.052661 3.438067
v -1.098255 0.949206 3.488882
v -1.065533 0.870209 3.488882
v -1.059690 0.876052 3.438067
v -1.089991 0.949206 3.438067
v -0.986536 0.837487 3.488882
v -0.907539 0.870209 3.488882
v -0.913382 0.876052 3.438067
v -0.986536 0.845751 3.438067
v -0.874817 0.949206 3.488882
v -0.907539 1.028203 3.488882
v -0.913382 1.022360 3.438067
v -0.883081 0.949206 3.438067
v -1.024475 0.911267 2.771474
v -0.986536 0.895553 2.771474
v -0.986536 0.884078 2.771474
v -1.032588 0.903153 2.771474
v -0.986536 1.002859 2.771474
v -1.024475 0.987144 2.771474
v -1.032588 0.995258 2.771474
v -0.986536 1.014334 2.771474
v -0.932883 0.949206 2.771474
v -0.948598 0.987144 2.771474
v -0.940484 0.995258 2.771474
v -0.921408 0.949206 2.771474
v -0.942396 0.905065 2.944097
v -0.986536 0.886782 2.944097
v -0.986536 0.873431 2.944097
v -0.932955 0.895625 2.944097
v -1.024475 0.987144 2.771474
v -1.040189 0.949206 2.771474
v -1.051664 0.949206 2.771474
v -1.032588 0.995258 2.771474
v -0.942396 0.993346 2.944097
v -0.924112 0.949206 2.944097
v -0.910761 0.949206 2.944097
v -0.932955 1.002787 2.944097
v -0.948598 0.911267 2.771474
v -0.940484 0.903153 2.771474
v -0.948598 0.987144 2.771474
v -0.940484 0.995258 2.771474
v -0.986536 1.014334 2.771474
v -1.032588 0.995258 2.771474
v -1.040117 1.002787 2.944097
v -0.986536 1.024981 2.944097
v -0.986536 1.024981 2.944097
v -0.932955 1.002787 2.944097
v -0.940484 0.995258 2.771474
v -0.986536 1.014334 2.771474
v -0.932955 1.002787 2.944097
v -0.910761 0.949206 2.944097
v -0.921408 0.949206 2.771474
v -0.940484 0.995258 2.771474
v -0.940484 0.903153 2.771474
v -0.921408 0.949206 2.771474
v -0.910761 0.949206 2.944097
v -0.932955 0.895625 2.944097
v -0.986536 0.884078 2.771474
v -0.940484 0.903153 2.771474
v -0.932955 0.895625 2.944097
v -0.986536 0.873431 2.944097
v -1.032588 0.903153 2.771474
v -0.986536 0.884078 2.771474
v -0.986536 0.873431 2.944097
v -1.040117 0.895625 2.944097
v -1.040117 0.895625 2.944097
v -1.062311 0.949206 2.944097
v -1.051664 0.949206 2.771474
v -1.032588 0.903153 2.771474
v -1.030676 0.993346 2.944097
v -0.986536 1.011630 2.944097
v -0.986536 1.024981 2.944097
v -1.040117 1.002787 2.944097
v -0.986536 0.886782 2.944097
v -1.030676 0.905065 2.944097
v -1.040117 0.895625 2.944097
v -0.986536 0.873431 2.944097
v -0.948598 0.911267 2.771474
v -0.940484 0.903153 2.771474
v -0.986536 1.011630 2.944097
v -0.942396 0.993346 2.944097
v -0.932955 1.002787 2.944097
v -0.986536 1.024981 2.944097
v -1.030676 0.905065 2.944097
v -1.048960 0.949206 2.944097
v -1.062311 0.949206 2.944097
v -1.040117 0.895625 2.944097
v -0.942396 0.905065 2.944097
v -0.932955 0.895625 2.944097
v -1.024475 0.911267 2.771474
v -1.032588 0.903153 2.771474
v -1.030676 0.993346 2.944097
v -1.040117 1.002787 2.944097
v -0.913382 1.022360 3.438067
v -0.986536 1.052661 3.438067
v -1.059690 1.022360 3.438067
v -1.089991 0.949206 3.438067
v -1.059690 0.876052 3.438067
v -0.986536 0.845751 3.438067
v -0.913382 0.876052 3.438067
v -0.883081 0.949206 3.438067
v -1.043226 0.892516 3.293388
v -1.030676 0.905065 2.944097
v -0.986536 0.886782 2.944097
v -0.986536 0.869035 3.293388
v -0.986536 0.869035 3.293388
v -0.986536 0.886782 2.944097
v -0.942396 0.905065 2.944097
v -0.929847 0.892516 3.293388
v -0.986536 0.895553 2.771474
v -0.986536 0.904756 2.590344
v -0.955105 0.917775 2.590344
v -0.948598 0.911267 2.771474
v -0.948598 0.911267 2.771474
v -0.955105 0.917775 2.590344
v -0.942086 0.949206 2.590344
v -0.932883 0.949206 2.771474
v -0.986536 1.002859 2.771474
v -0.986536 0.993656 2.590344
v -1.017967 0.980637 2.590344
v -1.024475 0.987144 2.771474
v -1.048960 0.949206 2.944097
v -1.066707 0.949206 3.293388
v -1.043226 1.005895 3.293388
v -1.030676 0.993346 2.944097
v -1.030986 0.949206 2.590344
v -1.040189 0.949206 2.771474
v -1.024475 0.987144 2.771474
v -1.017967 0.980637 2.590344
v -0.955105 0.980637 2.590344
v -0.948598 0.987144 2.771474
v -0.932883 0.949206 2.771474
v -0.942086 0.949206 2.590344
v -0.955105 0.980637 2.590344
v -0.986536 0.993656 2.590344
v -0.986536 1.002859 2.771474
v -0.948598 0.987144 2.771474
v -0.942396 0.993346 2.944097
v -0.986536 1.011630 2.944097
v -0.986536 1.029377 3.293388
v -0.929847 1.005895 3.293388
v -0.929847 0.892516 3.293388
v -0.942396 0.905065 2.944097
v -0.924112 0.949206 2.944097
v -0.906365 0.949206 3.293388
v -0.942396 0.993346 2.944097
v -0.929847 1.005895 3.293388
v -0.906365 0.949206 3.293388
v -0.924112 0.949206 2.944097
v -1.024475 0.911267 2.771474
v -1.017967 0.917775 2.590344
v -0.986536 0.904756 2.590344
v -0.986536 0.895553 2.771474
v -1.030986 0.949206 2.590344
v -1.017967 0.917775 2.590344
v -1.024475 0.911267 2.771474
v -1.040189 0.949206 2.771474
v -1.048960 0.949206 2.944097
v -1.030676 0.905065 2.944097
v -1.043226 0.892516 3.293388
v -1.066707 0.949206 3.293388
v -0.986536 1.029377 3.293388
v -0.986536 1.011630 2.944097
v -1.030676 0.993346 2.944097
v -1.043226 1.005895 3.293388
v -0.986536 0.993656 2.590344
v -0.955105 0.980637 2.590344
v -0.942086 0.949206 2.590344
v -0.955105 0.917775 2.590344
v -0.986536 0.904756 2.590344
v -1.017967 0.917775 2.590344
v -1.030986 0.949206 2.590344
v -1.017967 0.980637 2.590344
vt 0.900537 0.217746
vt 0.836032 0.153225
vt 0.900537 0.153225
vt 0.380116 0.885488
vt 0.315595 0.820966
vt 0.380116 0.820966
vt 0.256459 0.885488
vt 0.191938 0.820966
vt 0.256459 0.820966
vt 0.094089 0.787883
vt 0.029568 0.723361
vt 0.094089 0.723361
vt 0.538952 0.795230
vt 0.474431 0.859751
vt 0.474431 0.795230
vt 0.836032 0.029568
vt 0.900539 0.094089
vt 0.836032 0.094089
vt 0.789442 0.599425
vt 0.815251 0.470414
vt 0.815251 0.599425
vt 0.055376 0.872827
vt 0.029568 0.847018
vt 0.055376 0.847018
vt 0.704498 0.411310
vt 0.730307 0.282268
vt 0.730307 0.411310
vt 0.387635 0.970432
vt 0.361826 0.944623
vt 0.387635 0.944623
vt 0.055377 0.535183
vt 0.029568 0.664226
vt 0.029568 0.535183
vt 0.619554 0.787639
vt 0.645362 0.658624
vt 0.645362 0.787639
vt 0.704498 0.787636
vt 0.730307 0.658625
vt 0.730307 0.787636
vt 0.302691 0.970432
vt 0.276882 0.944623
vt 0.302691 0.944623
vt 0.666143 0.158610
vt 0.691952 0.029568
vt 0.691952 0.158610
vt 0.568295 0.217746
vt 0.542486 0.191938
vt 0.568295 0.191938
vt 0.645362 0.470446
vt 0.619554 0.599488
vt 0.619554 0.470446
vt 0.751087 0.158583
vt 0.776896 0.029568
vt 0.776896 0.158583
vt 0.241788 0.573680
vt 0.206609 0.573680
vt 0.191938 0.550206
vt 0.380116 0.475831
vt 0.415295 0.282268
vt 0.415295 0.475831
vt 0.053042 0.223395
vt 0.109328 0.029873
vt 0.109328 0.223395
vt 0.029568 0.476047
vt 0.064747 0.282530
vt 0.064747 0.476047
vt 0.592336 0.132802
vt 0.557157 0.132802
vt 0.542486 0.109328
vt 0.215412 0.223132
vt 0.191938 0.029568
vt 0.215412 0.029568
vt 0.029568 0.029568
vt 0.053042 0.029873
vt 0.271698 0.029568
vt 0.295172 0.223132
vt 0.271698 0.223132
vt 0.132802 0.223090
vt 0.789442 0.787572
vt 0.815251 0.658561
vt 0.815251 0.787572
vt 0.217746 0.970432
vt 0.191938 0.944623
vt 0.217746 0.944623
vt 0.474431 0.736094
vt 0.500239 0.607051
vt 0.500239 0.736094
vt 0.055377 0.957771
vt 0.029568 0.931963
vt 0.055377 0.931963
vt 0.405925 0.534967
vt 0.380116 0.664010
vt 0.380116 0.534967
vt 0.276882 0.761831
vt 0.302691 0.632816
vt 0.302691 0.761831
vt 0.534609 0.524351
vt 0.560418 0.535408
vt 0.534609 0.547916
vt 0.900195 0.294775
vt 0.874387 0.305832
vt 0.874387 0.294775
vt 0.900195 0.305832
vt 0.874387 0.372942
vt 0.704498 0.926489
vt 0.730307 0.859394
vt 0.730307 0.926489
vt 0.537749 0.444682
vt 0.557278 0.444682
vt 0.560418 0.457242
vt 0.474431 0.524351
vt 0.500239 0.385546
vt 0.477558 0.385546
vt 0.474431 0.373041
vt 0.945006 0.552250
vt 0.964535 0.529582
vt 0.964535 0.552250
vt 0.945006 0.444638
vt 0.968566 0.470446
vt 0.945006 0.470446
vt 0.500239 0.361987
vt 0.560418 0.385546
vt 0.815251 0.869390
vt 0.789442 0.929568
vt 0.789442 0.869390
vt 0.645362 0.846775
vt 0.619554 0.906953
vt 0.619554 0.846775
vt 0.497100 0.282268
vt 0.474431 0.294894
vt 0.477571 0.282268
vt 0.900195 0.372942
vt 0.877527 0.385502
vt 0.707638 0.846771
vt 0.730307 0.846771
vt 0.500239 0.294894
vt 0.474431 0.361987
vt 0.900195 0.282268
vt 0.789442 0.846708
vt 0.815251 0.846708
vt 0.789442 0.411279
vt 0.815251 0.282268
vt 0.815251 0.411279
vt 0.500240 0.944696
vt 0.474431 0.918887
vt 0.500240 0.918887
vt 0.704498 0.599489
vt 0.730307 0.470446
vt 0.730307 0.599489
vt 0.405925 0.748954
vt 0.380116 0.723146
vt 0.405925 0.723146
vt 0.645362 0.282268
vt 0.619554 0.411310
vt 0.619554 0.282268
vt 0.191938 0.761831
vt 0.217746 0.632816
vt 0.217746 0.761831
vt 0.320981 0.411310
vt 0.191938 0.282268
vt 0.320981 0.282268
vt 0.462863 0.050055
vt 0.374795 0.138123
vt 0.374795 0.050055
vt 0.874387 0.632816
vt 0.885868 0.761858
vt 0.874387 0.761858
vt 0.885870 0.573680
vt 0.874386 0.444638
vt 0.885870 0.444638
vt 0.125997 0.664226
vt 0.114512 0.535183
vt 0.125997 0.535183
vt 0.874387 0.820994
vt 0.885868 0.950037
vt 0.874387 0.950037
vt 0.354308 0.158611
vt 0.354308 0.029568
vt 0.483350 0.029568
vt 0.462863 0.138123
vt 0.483350 0.158611
vt 0.836032 0.217746
vt 0.315595 0.885488
vt 0.191938 0.885488
vt 0.029568 0.787883
vt 0.538952 0.859751
vt 0.900539 0.029568
vt 0.789442 0.470414
vt 0.029568 0.872827
vt 0.704498 0.282268
vt 0.361826 0.970432
vt 0.055377 0.664226
vt 0.619554 0.658624
vt 0.704498 0.658625
vt 0.276882 0.970432
vt 0.666143 0.029568
vt 0.542486 0.217746
vt 0.645362 0.599488
vt 0.751088 0.029568
vt 0.191938 0.493920
vt 0.256459 0.493920
vt 0.206609 0.470446
vt 0.241788 0.470446
vt 0.256459 0.550206
vt 0.380116 0.282268
vt 0.029568 0.282530
vt 0.542486 0.053042
vt 0.607007 0.053042
vt 0.557157 0.029568
vt 0.592336 0.029568
vt 0.607007 0.109328
vt 0.191938 0.223132
vt 0.029568 0.223090
vt 0.295172 0.029568
vt 0.132802 0.029568
vt 0.789442 0.658561
vt 0.191938 0.970432
vt 0.474431 0.607051
vt 0.029568 0.957771
vt 0.405925 0.664010
vt 0.276882 0.632816
vt 0.560418 0.524351
vt 0.557291 0.547916
vt 0.704498 0.859394
vt 0.534609 0.457242
vt 0.474431 0.547916
vt 0.945006 0.529582
vt 0.968566 0.444638
vt 0.560418 0.361987
vt 0.815251 0.929568
vt 0.645362 0.906953
vt 0.900195 0.385502
vt 0.874387 0.282268
vt 0.789442 0.282268
vt 0.474431 0.944696
vt 0.704498 0.470446
vt 0.380116 0.748954
vt 0.645362 0.411310
vt 0.191938 0.632816
vt 0.191938 0.411310
vt 0.885868 0.632816
vt 0.874386 0.573680
vt 0.114512 0.664226
vt 0.885868 0.820994
vt 0.000000 0.000000
vt 0.000000 0.000000
vt 0.000000 0.000000
vt 0.000000 0.000000
vt 0.000000 0.000000
vt 0.000000 0.000000
vt 0.000000 0.000000
vt 0.000000 0.000000
vt 0.000000 0.000000
vt 0.000000 0.000000
vt 0.000000 0.000000
vt 0.000000 0.000000
vt 0.000000 0.000000
vt 0.000000 0.000000
vt 0.000000 0.000000
vt 0.000000 0.000000
vt 0.000000 0.000000
vt 0.000000 0.000000
vt 0.000000 0.000000
vt 0.000000 0.000000
vt 0.000000 0.000000
vt 0.000000 0.000000
vt 0.000000 0.000000
vt 0.000000 0.000000
vt 0.000000 0.000000
vt 0.000000 0.000000
vt 0.000000 0.000000
vt 0.000000 0.000000
vt 0.000000 0.000000
vt 0.000000 0.000000
vt 0.000000 0.000000
vt 0.000000 0.000000
vt 0.000000 0.000000
vt 0.000000 0.000000
vt 0.000000 0.000000
vt 0.000000 0.000000
vt 0.000000 0.000000
vt 0.000000 0.000000
vt 0.000000 0.000000
vt 0.000000 0.000000
vt 0.000000 0.000000
vt 0.000000 0.000000
vt 0.000000 0.000000
vt 0.000000 0.000000
vt 0.000000 0.000000
vt 0.000000 0.000000
vt 0.000000 0.000000
vt 0.000000 0.000000
vt 0.000000 0.000000
vt 0.000000 0.000000
vt 0.000000 0.000000
vt 0.000000 0.000000
vt 0.000000 0.000000
vt 0.000000 0.000000
vt 0.000000 0.000000
vt 0.000000 0.000000
vt 0.000000 0.000000
vt 0.000000 0.000000
vt 0.000000 0.000000
vt 0.000000 0.000000
vt 0.000000 0.000000
vt 0.000000 0.000000
vt 0.000000 0.000000
vt 0.000000 0.000000
vt 0.000000 0.000000
vt 0.000000 0.000000
vt 0.000000 0.000000
vt 0.000000 0.000000
vt 0.000000 0.000000
vt 0.000000 0.000000
vt 0.000000 0.000000
vt 0.000000 0.000000
vt 0.000000 0.000000
vt 0.000000 0.000000
vt 0.000000 0.000000
vt 0.000000 0.000000
vt 0.000000 0.000000
vt 0.000000 0.000000
vt 0.000000 0.000000
vt 0.000000 0.000000
vt 0.000000 0.000000
vt 0.000000 0.000000
vt 0.000000 0.000000
vt 0.000000 0.000000
vt 0.000000 0.000000
vt 0.000000 0.000000
vt 0.000000 0.000000
vt 0.000000 0.000000
vt 0.000000 0.000000
vt 0.000000 0.000000
vt 0.000000 0.000000
vt 0.000000 0.000000
vt 0.000000 0.000000
vt 0.000000 0.000000
vt 0.000000 0.000000
vt 0.000000 0.000000
vt 0.000000 0.000000
vt 0.000000 0.000000
vt 0.000000 0.000000
vt 0.000000 0.000000
vt 0.000000 0.000000
vt 0.000000 0.000000
vt 0.000000 0.000000
vt 0.000000 0.000000
vt 0.000000 0.000000
vt 0.000000 0.000000
vt 0.000000 0.000000
vt 0.000000 0.000000
vt 0.000000 0.000000
vt 0.000000 0.000000
vt 0.000000 0.000000
vt 0.000000 0.000000
vt 0.000000 0.000000
vt 0.000000 0.000000
vt 0.000000 0.000000
vt 0.000000 0.000000
vt 0.000000 0.000000
vt 0.000000 0.000000
vt 0.000000 0.000000
vt 0.000000 0.000000
vt 0.000000 0.000000
vt 0.000000 0.000000
vt 0.000000 0.000000
vt 0.000000 0.000000
vt 0.000000 0.000000
vt 0.000000 0.000000
vt 0.000000 0.000000
vt 0.000000 0.000000
vt 0.000000 0.000000
vt 0.000000 0.000000
vt 0.000000 0.000000
vt 0.000000 0.000000
vt 0.000000 0.000000
vt 0.000000 0.000000
vt 0.000000 0.000000
vt 0.000000 0.000000
vt 0.000000 0.000000
vt 0.000000 0.000000
vt 0.000000 0.000000
vt 0.000000 0.000000
vt 0.000000 0.000000
vt 0.000000 0.000000
vt 0.000000 0.000000
vt 0.000000 0.000000
vt 0.000000 0.000000
vt 0.000000 0.000000
vt 0.000000 0.000000
vt 0.000000 0.000000
vt 0.000000 0.000000
vt 0.000000 0.000000
vt 0.000000 0.000000
vt 0.000000 0.000000
vt 0.000000 0.000000
vt 0.000000 0.000000
vt 0.000000 0.000000
vt 0.000000 0.000000
vt 0.000000 0.000000
vt 0.000000 0.000000
vt 0.000000 0.000000
vt 0.000000 0.000000
vt 0.000000 0.000000
vt 0.000000 0.000000
vt 0.000000 0.000000
vt 0.000000 0.000000
vt 0.000000 0.000000
vt 0.000000 0.000000
vt 0.000000 0.000000
vt 0.000000 0.000000
vt 0.000000 0.000000
vt 0.000000 0.000000
vt 0.000000 0.000000
vt 0.000000 0.000000
vt 0.000000 0.000000
vt 0.000000 0.000000
vt 0.000000 0.000000
vt 0.000000 0.000000
vt 0.000000 0.000000
vt 0.000000 0.000000
vt 0.000000 0.000000
vt 0.000000 0.000000
vt 0.000000 0.000000
vt 0.000000 0.000000
vt 0.000000 0.000000
vt 0.000000 0.000000
vt 0.000000 0.000000
vt 0.000000 0.000000
vt 0.000000 0.000000
vt 0.000000 0.000000
vt 0.000000 0.000000
vt 0.000000 0.000000
vt 0.000000 0.000000
vt 0.000000 0.000000
vt 0.000000 0.000000
vt 0.000000 0.000000
vt 0.000000 0.000000
vt 0.000000 0.000000
vt 0.000000 0.000000
vt 0.000000 0.000000
vt 0.000000 0.000000
vt 0.000000 0.000000
vt 0.000000 0.000000
vt 0.000000 0.000000
vt 0.000000 0.000000
vt 0.000000 0.000000
vt 0.000000 0.000000
vt 0.000000 0.000000
vt 0.000000 0.000000
vt 0.000000 0.000000
vt 0.000000 0.000000
vt 0.000000 0.000000
vt 0.000000 0.000000
vt 0.000000 0.000000
vt 0.000000 0.000000
vt 0.000000 0.000000
vt 0.000000 0.000000
vt 0.000000 0.000000
vt 0.000000 0.000000
vt 0.000000 0.000000
vt 0.000000 0.000000
vt 0.000000 0.000000
vt 0.000000 0.000000
vt 0.000000 0.000000
vt 0.000000 0.000000
vt 0.000000 0.000000
vt 0.000000 0.000000
vt 0.000000 0.000000
vt 0.000000 0.000000
vt 0.000000 0.000000
vt 0.000000 0.000000
vt 0.000000 0.000000
vt 0.000000 0.000000
vt 0.000000 0.000000
vt 0.000000 0.000000
vt 0.000000 0.000000
vt 0.000000 0.000000
vt 0.000000 0.000000
vt 0.000000 0.000000
vt 0.000000 0.000000
vt 0.000000 0.000000
vt 0.000000 0.000000
vt 0.000000 0.000000
vt 0.000000 0.000000
vt 0.000000 0.000000
vt 0.000000 0.000000
vt 0.000000 0.000000
vt 0.000000 0.000000
vt 0.000000 0.000000
vt 0.000000 0.000000
vt 0.000000 0.000000
vt 0.000000 0.000000
vt 0.000000 0.000000
vt 0.000000 0.000000
vt 0.000000 0.000000
vt 0.000000 0.000000
vt 0.000000 0.000000
vt 0.000000 0.000000
vt 0.000000 0.000000
vt 0.000000 0.000000
vt 0.000000 0.000000
vt 0.000000 0.000000
vt 0.000000 0.000000
vt 0.000000 0.000000
vt 0.000000 0.000000
vt 0.000000 0.000000
vt 0.000000 0.000000
vt 0.000000 0.000000
vt 0.000000 0.000000
vt 0.000000 0.000000
vt 0.000000 0.000000
vt 0.000000 0.000000
vt 0.000000 0.000000
vt 0.000000 0.000000
vt 0.000000 0.000000
vt 0.000000 0.000000
vt 0.000000 0.000000
vt 0.000000 0.000000
vt 0.000000 0.000000
vt 0.000000 0.000000
vt 0.000000 0.000000
vt 0.000000 0.000000
vt 0.000000 0.000000
vt 0.000000 0.000000
vt 0.000000 0.000000
vt 0.000000 0.000000
vt 0.000000 0.000000
vt 0.000000 0.000000
vt 0.000000 0.000000
vt 0.000000 0.000000
vt 0.000000 0.000000
vt 0.000000 0.000000
vt 0.000000 0.000000
vt 0.000000 0.000000
vt 0.000000 0.000000
vt 0.000000 0.000000
vt 0.000000 0.000000
vt 0.000000 0.000000
vt 0.000000 0.000000
vt 0.000000 0.000000
vt 0.000000 0.000000
vt 0.000000 0.000000
vt 0.000000 0.000000
vt 0.000000 0.000000
vt 0.000000 0.000000
vt 0.000000 0.000000
vt 0.000000 0.000000
vt 0.000000 0.000000
vt 0.000000 0.000000
vt 0.000000 0.000000
vt 0.000000 0.000000
vt 0.000000 0.000000
vt 0.000000 0.000000
vt 0.000000 0.000000
vt 0.000000 0.000000
vt 0.000000 0.000000
vt 0.000000 0.000000
vt 0.000000 0.000000
vt 0.000000 0.000000
vt 0.000000 0.000000
vt 0.000000 0.000000
vt 0.000000 0.000000
vt 0.000000 0.000000
vt 0.000000 0.000000
vt 0.000000 0.000000
vt 0.000000 0.000000
vt 0.000000 0.000000
vt 0.000000 0.000000
vt 0.000000 0.000000
vt 0.000000 0.000000
vt 0.000000 0.000000
vt 0.000000 0.000000
vt 0.000000 0.000000
vt 0.000000 0.000000
vt 0.000000 0.000000
vt 0.000000 0.000000
vt 0.000000 0.000000
vt 0.000000 0.000000
vt 0.000000 0.000000
vt 0.000000 0.000000
vt 0.000000 0.000000
vt 0.000000 0.000000
vt 0.000000 0.000000
vt 0.000000 0.000000
vt 0.000000 0.000000
vt 0.000000 0.000000
vt 0.000000 0.000000
vt 0.000000 0.000000
vt 0.000000 0.000000
vt 0.000000 0.000000
vt 0.000000 0.000000
vt 0.000000 0.000000
vt 0.000000 0.000000
vt 0.000000 0.000000
vt 0.000000 0.000000
vt 0.000000 0.000000
vt 0.000000 0.000000
vt 0.000000 0.000000
vt 0.000000 0.000000
vt 0.000000 0.000000
vt 0.000000 0.000000
vt 0.000000 0.000000
vt 0.000000 0.000000
vt 0.000000 0.000000
vt 0.000000 0.000000
vt 0.000000 0.000000
vt 0.000000 0.000000
vt 0.000000 0.000000
vt 0.000000 0.000000
vt 0.000000 0.000000
vt 0.000000 0.000000
vt 0.000000 0.000000
vt 0.000000 0.000000
vt 0.000000 0.000000
vt 0.000000 0.000000
vt 0.000000 0.000000
vt 0.000000 0.000000
vt 0.000000 0.000000
vt 0.000000 0.000000
vt 0.000000 0.000000
vt 0.000000 0.000000
vt 0.000000 0.000000
vt 0.000000 0.000000
vt 0.000000 0.000000
vt 0.000000 0.000000
vt 0.000000 0.000000
vt 0.000000 0.000000
vt 0.000000 0.000000
vt 0.000000 0.000000
vt 0.000000 0.000000
vt 0.000000 0.000000
vt 0.000000 0.000000
vt 0.000000 0.000000
vt 0.000000 0.000000
vt 0.000000 0.000000
vt 0.000000 0.000000
vt 0.000000 0.000000
vt 0.000000 0.000000
vt 0.000000 0.000000
vt 0.000000 0.000000
vt 0.000000 0.000000
vt 0.000000 0.000000
vt 0.000000 0.000000
vt 0.000000 0.000000
vt 0.000000 0.000000
vt 0.000000 0.000000
vt 0.000000 0.000000
vt 0.000000 0.000000
vt 0.000000 0.000000
vt 0.000000 0.000000
vt 0.000000 0.000000
vt 0.000000 0.000000
vt 0.000000 0.000000
vt 0.000000 0.000000
vt 0.000000 0.000000
vt 0.000000 0.000000
vt 0.000000 0.000000
vt 0.000000 0.000000
vt 0.000000 0.000000
vt 0.000000 0.000000
vt 0.000000 0.000000
vt 0.000000 0.000000
vt 0.000000 0.000000
vt 0.000000 0.000000
vt 0.000000 0.000000
vt 0.000000 0.000000
vt 0.000000 0.000000
vt 0.000000 0.000000
vt 0.000000 0.000000
vt 0.000000 0.000000
vt 0.000000 0.000000
vt 0.000000 0.000000
vt 0.000000 0.000000
vt 0.000000 0.000000
vt 0.000000 0.000000
vt 0.000000 0.000000
vt 0.000000 0.000000
vt 0.000000 0.000000
vt 0.000000 0.000000
vt 0.000000 0.000000
vt 0.000000 0.000000
vt 0.000000 0.000000
vt 0.000000 0.000000
vt 0.000000 0.000000
vt 0.000000 0.000000
vt 0.000000 0.000000
vt 0.000000 0.000000
vt 0.000000 0.000000
vt 0.000000 0.000000
vt 0.000000 0.000000
vt 0.000000 0.000000
vt 0.000000 0.000000
vt 0.000000 0.000000
vt 0.000000 0.000000
vt 0.000000 0.000000
vt 0.000000 0.000000
vt 0.000000 0.000000
vt 0.000000 0.000000
vt 0.000000 0.000000
vt 0.000000 0.000000
vt 0.000000 0.000000
vt 0.000000 0.000000
vt 0.000000 0.000000
vt 0.000000 0.000000
vt 0.000000 0.000000
vt 0.000000 0.000000
vt 0.000000 0.000000
vt 0.000000 0.000000
vt 0.000000 0.000000
vt 0.000000 0.000000
vt 0.000000 0.000000
vt 0.000000 0.000000
vt 0.000000 0.000000
vt 0.000000 0.000000
vt 0.000000 0.000000
vt 0.000000 0.000000
vt 0.000000 0.000000
vt 0.000000 0.000000
vt 0.000000 0.000000
vt 0.000000 0.000000
vt 0.000000 0.000000
vt 0.000000 0.000000
vt 0.000000 0.000000
vt 0.000000 0.000000
vt 0.000000 0.000000
vt 0.000000 0.000000
vt 0.000000 0.000000
vt 0.000000 0.000000
vt 0.000000 0.000000
vt 0.000000 0.000000
vt 0.000000 0.000000
vt 0.000000 0.000000
vt 0.000000 0.000000
vt 0.000000 0.000000
vt 0.000000 0.000000
vt 0.000000 0.000000
vt 0.000000 0.000000
vt 0.000000 0.000000
vt 0.000000 0.000000
vt 0.000000 0.000000
vt 0.000000 0.000000
vt 0.000000 0.000000
vt 0.000000 0.000000
vt 0.000000 0.000000
vt 0.000000 0.000000
vt 0.000000 0.000000
vt 0.000000 0.000000
vt 0.000000 0.000000
vt 0.000000 0.000000
vt 0.000000 0.000000
vt 0.000000 0.000000
vt 0.000000 0.000000
vt 0.000000 0.000000
vt 0.000000 0.000000
vt 0.000000 0.000000
vt 0.000000 0.000000
vt 0.000000 0.000000
vt 0.000000 0.000000
vt 0.000000 0.000000
vt 0.000000 0.000000
vt 0.000000 0.000000
vt 0.000000 0.000000
vt 0.000000 0.000000
vt 0.000000 0.000000
vt 0.000000 0.000000
vt 0.000000 0.000000
vt 0.000000 0.000000
vt 0.000000 0.000000
vt 0.000000 0.000000
vt 0.000000 0.000000
vt 0.000000 0.000000
vt 0.000000 0.000000
vt 0.000000 0.000000
vt 0.000000 0.000000
vt 0.000000 0.000000
vt 0.000000 0.000000
vt 0.000000 0.000000
vt 0.000000 0.000000
vt 0.000000 0.000000
vt 0.000000 0.000000
vt 0.000000 0.000000
vt 0.000000 0.000000
vt 0.000000 0.000000
vt 0.000000 0.000000
vt 0.000000 0.000000
vt 0.000000 0.000000
vt 0.000000 0.000000
vt 0.000000 0.000000
vt 0.000000 0.000000
vt 0.000000 0.000000
vt 0.000000 0.000000
vt 0.000000 0.000000
vt 0.000000 0.000000
vt 0.000000 0.000000
vt 0.000000 0.000000
vt 0.000000 0.000000
vt 0.000000 0.000000
vt 0.000000 0.000000
vt 0.000000 0.000000
vt 0.000000 0.000000
vt 0.000000 0.000000
vt 0.000000 0.000000
vt 0.000000 0.000000
vt 0.000000 0.000000
vt 0.000000 0.000000
vt 0.000000 0.000000
vt 0.000000 0.000000
vt 0.000000 0.000000
vt 0.000000 0.000000
vt 0.000000 0.000000
vt 0.000000 0.000000
vt 0.000000 0.000000
vt 0.000000 0.000000
vt 0.000000 0.000000
vt 0.000000 0.000000
vt 0.000000 0.000000
vt 0.000000 0.000000
vt 0.000000 0.000000
vt 0.000000 0.000000
vt 0.000000 0.000000
vt 0.000000 0.000000
vt 0.000000 0.000000
vt 0.000000 0.000000
vt 0.000000 0.000000
vt 0.000000 0.000000
vt 0.000000 0.000000
vt 0.000000 0.000000
vt 0.000000 0.000000
vt 0.000000 0.000000
vt 0.000000 0.000000
vt 0.000000 0.000000
vt 0.000000 0.000000
vt 0.000000 0.000000
vt 0.000000 0.000000
vt 0.000000 0.000000
vt 0.000000 0.000000
vt 0.000000 0.000000
vt 0.000000 0.000000
vt 0.000000 0.000000
vt 0.000000 0.000000
vt 0.000000 0.000000
vt 0.000000 0.000000
vt 0.000000 0.000000
vt 0.000000 0.000000
vt 0.000000 0.000000
vt 0.000000 0.000000
vt 0.000000 0.000000
vt 0.000000 0.000000
vt 0.000000 0.000000
vt 0.000000 0.000000
vt 0.000000 0.000000
vt 0.000000 0.000000
vt 0.000000 0.000000
vt 0.000000 0.000000
vt 0.000000 0.000000
vt 0.000000 0.000000
vt 0.000000 0.000000
vt 0.000000 0.000000
vt 0.000000 0.000000
vt 0.000000 0.000000
vt 0.000000 0.000000
vt 0.000000 0.000000
vt 0.000000 0.000000
vt 0.000000 0.000000
vt 0.000000 0.000000
vt 0.000000 0.000000
vt 0.000000 0.000000
vt 0.000000 0.000000
vt 0.000000 0.000000
vt 0.000000 0.000000
vt 0.000000 0.000000
vt 0.000000 0.000000
vt 0.000000 0.000000
vt 0.000000 0.000000
vt 0.000000 0.000000
vt 0.000000 0.000000
vt 0.000000 0.000000
vt 0.000000 0.000000
vt 0.000000 0.000000
vt 0.000000 0.000000
vt 0.000000 0.000000
vt 0.000000 0.000000
vt 0.000000 0.000000
vt 0.000000 0.000000
vt 0.000000 0.000000
vt 0.000000 0.000000
vt 0.000000 0.000000
vt 0.000000 0.000000
vt 0.000000 0.000000
vt 0.000000 0.000000
vt 0.000000 0.000000
vt 0.000000 0.000000
vt 0.000000 0.000000
vt 0.000000 0.000000
vt 0.000000 0.000000
vt 0.000000 0.000000
vt 0.000000 0.000000
vt 0.000000 0.000000
vt 0.000000 0.000000
vt 0.000000 0.000000
vt 0.000000 0.000000
vt 0.000000 0.000000
vt 0.000000 0.000000
vt 0.000000 0.000000
vt 0.000000 0.000000
vt 0.000000 0.000000
vt 0.000000 0.000000
vt 0.000000 0.000000
vt 0.000000 0.000000
vt 0.000000 0.000000
vt 0.000000 0.000000
vt 0.000000 0.000000
vt 0.000000 0.000000
vt 0.000000 0.000000
vt 0.000000 0.000000
vt 0.000000 0.000000
vt 0.000000 0.000000
vt 0.000000 0.000000
vt 0.000000 0.000000
vt 0.000000 0.000000
vt 0.000000 0.000000
vt 0.000000 0.000000
vt 0.000000 0.000000
vt 0.000000 0.000000
vt 0.000000 0.000000
vt 0.000000 0.000000
vt 0.000000 0.000000
vt 0.000000 0.000000
vt 0.000000 0.000000
vt 0.000000 0.000000
vt 0.000000 0.000000
vt 0.000000 0.000000
vt 0.000000 0.000000
vt 0.000000 0.000000
vt 0.000000 0.000000
vt 0.000000 0.000000
vt 0.000000 0.000000
vt 0.000000 0.000000
vt 0.000000 0.000000
vt 0.000000 0.000000
vt 0.000000 0.000000
vt 0.000000 0.000000
vt 0.000000 0.000000
vt 0.000000 0.000000
vt 0.000000 0.000000
vt 0.000000 0.000000
vt 0.000000 0.000000
vt 0.000000 0.000000
vt 0.000000 0.000000
vt 0.000000 0.000000
vt 0.000000 0.000000
vt 0.000000 0.000000
vt 0.000000 0.000000
vt 0.000000 0.000000
vt 0.000000 0.000000
vt 0.000000 0.000000
vt 0.000000 0.000000
vt 0.000000 0.000000
vt 0.000000 0.000000
vt 0.000000 0.000000
vt 0.000000 0.000000
vt 0.000000 0.000000
vt 0.000000 0.000000
vt 0.000000 0.000000
vt 0.000000 0.000000
vt 0.000000 0.000000
vt 0.000000 0.000000
vt 0.000000 0.000000
vt 0.000000 0.000000
vt 0.000000 0.000000
vt 0.000000 0.000000
vt 0.000000 0.000000
vt 0.000000 0.000000
vt 0.000000 0.000000
vt 0.000000 0.000000
vt 0.000000 0.000000
vt 0.000000 0.000000
vt 0.000000 0.000000
vt 0.000000 0.000000
vt 0.000000 0.000000
vt 0.000000 0.000000
vt 0.000000 0.000000
vt 0.000000 0.000000
vt 0.000000 0.000000
vt 0.000000 0.000000
vt 0.000000 0.000000
vt 0.000000 0.000000
vt 0.000000 0.000000
vt 0.000000 0.000000
vt 0.000000 0.000000
vt 0.000000 0.000000
vt 0.000000 0.000000
vt 0.000000 0.000000
vt 0.000000 0.000000
vt 0.000000 0.000000
vt 0.000000 0.000000
vt 0.000000 0.000000
vt 0.000000 0.000000
vt 0.000000 0.000000
vt 0.000000 0.000000
vt 0.000000 0.000000
vt 0.000000 0.000000
vt 0.000000 0.000000
vt 0.000000 0.000000
vt 0.000000 0.000000
vt 0.000000 0.000000
vt 0.000000 0.000000
vt 0.000000 0.000000
vt 0.000000 0.000000
vt 0.000000 0.000000
vt 0.000000 0.000000
vt 0.000000 0.000000
vt 0.000000 0.000000
vt 0.000000 0.000000
vt 0.000000 0.000000
vt 0.000000 0.000000
vt 0.000000 0.000000
vt 0.000000 0.000000
vt 0.000000 0.000000
vt 0.000000 0.000000
vt 0.000000 0.000000
vt 0.000000 0.000000
vt 0.000000 0.000000
vt 0.000000 0.000000
vt 0.000000 0.000000
vt 0.000000 0.000000
vt 0.000000 0.000000
vt 0.000000 0.000000
vt 0.000000 0.000000
vt 0.000000 0.000000
vt 0.000000 0.000000
vt 0.000000 0.000000
vt 0.000000 0.000000
vt 0.000000 0.000000
vt 0.000000 0.000000
vt 0.000000 0.000000
vt 0.000000 0.000000
vt 0.000000 0.000000
vt 0.000000 0.000000
vt 0.000000 0.000000
vt 0.000000 0.000000
vt 0.000000 0.000000
vt 0.000000 0.000000
vt 0.000000 0.000000
vt 0.000000 0.000000
vt 0.000000 0.000000
vt 0.000000 0.000000
vt 0.000000 0.000000
vt 0.000000 0.000000
vt 0.000000 0.000000
vt 0.000000 0.000000
vt 0.000000 0.000000
vt 0.000000 0.000000
vt 0.000000 0.000000
vt 0.000000 0.000000
vt 0.000000 0.000000
vt 0.000000 0.000000
vt 0.000000 0.000000
vt 0.000000 0.000000
vt 0.000000 0.000000
vt 0.000000 0.000000
vt 0.000000 0.000000
vt 0.000000 0.000000
vt 0.000000 0.000000
vt 0.000000 0.000000
vt 0.000000 0.000000
vt 0.000000 0.000000
vt 0.000000 0.000000
vt 0.000000 0.000000
vt 0.000000 0.000000
vt 0.000000 0.000000
vt 0.000000 0.000000
vt 0.000000 0.000000
vt 0.000000 0.000000
vt 0.000000 0.000000
vt 0.000000 0.000000
vt 0.000000 0.000000
vt 0.000000 0.000000
vt 0.000000 0.000000
vt 0.000000 0.000000
vt 0.000000 0.000000
vt 0.000000 0.000000
vt 0.000000 0.000000
vt 0.000000 0.000000
vt 0.000000 0.000000
vt 0.000000 0.000000
vt 0.000000 0.000000
vt 0.000000 0.000000
vt 0.000000 0.000000
vt 0.000000 0.000000
vt 0.000000 0.000000
vt 0.000000 0.000000
vt 0.000000 0.000000
vt 0.000000 0.000000
vt 0.000000 0.000000
vt 0.000000 0.000000
vt 0.000000 0.000000
vt 0.000000 0.000000
vt 0.000000 0.000000
vt 0.000000 0.000000
vt 0.000000 0.000000
vt 0.000000 0.000000
vt 0.000000 0.000000
vt 0.000000 0.000000
vt 0.000000 0.000000
vt 0.000000 0.000000
vt 0.162586 0.317551
vt 0.210207 0.318347
vt 0.214938 0.117731
vt 0.174008 0.117047
vt 0.648113 0.788059
vt 0.698496 0.838443
vt 0.738417 0.821907
vt 0.664649 0.748138
vt 0.698496 0.838443
vt 0.698496 0.909695
vt 0.738417 0.926231
vt 0.738417 0.821907
vt 0.576860 0.960079
vt 0.526477 0.909695
vt 0.486555 0.926231
vt 0.560324 1.000000
vt 0.576860 0.788059
vt 0.648113 0.788059
vt 0.664649 0.748138
vt 0.560324 0.748138
vt 0.698496 0.909695
vt 0.648113 0.960079
vt 0.664649 1.000000
vt 0.738417 0.926231
vt 0.526477 0.909695
vt 0.526477 0.838443
vt 0.486555 0.821907
vt 0.486555 0.926231
vt 0.648113 0.960079
vt 0.576860 0.960079
vt 0.560324 1.000000
vt 0.664649 1.000000
vt 0.526477 0.838443
vt 0.576860 0.788059
vt 0.560324 0.748138
vt 0.486555 0.821907
vt 0.493065 0.403864
vt 0.494298 0.330096
vt 0.276707 0.318347
vt 0.275360 0.398998
vt 0.967166 0.593706
vt 0.966635 0.539463
vt 0.850753 0.532782
vt 0.851203 0.578711
vt 0.798202 0.376001
vt 0.693878 0.376001
vt 0.689011 0.593706
vt 0.803069 0.593706
vt 0.493065 0.508189
vt 0.493065 0.403864
vt 0.275360 0.398998
vt 0.275360 0.513055
vt 0.578316 0.157517
vt 0.504540 0.156795
vt 0.494298 0.374461
vt 0.574956 0.375251
vt 0.682638 0.375251
vt 0.578316 0.375973
vt 0.574956 0.593706
vt 0.689011 0.592917
vt 0.494298 0.581957
vt 0.493065 0.508189
vt 0.275360 0.513055
vt 0.276707 0.593706
vt 0.682638 0.156795
vt 0.578316 0.157517
vt 0.574956 0.375251
vt 0.689011 0.374461
vt 0.578316 0.375973
vt 0.504541 0.375251
vt 0.494298 0.592917
vt 0.574956 0.593706
vt 0.230270 0.417674
vt 0.230270 0.494379
vt 0.275360 0.513055
vt 0.275360 0.398998
vt 0.176032 0.548617
vt 0.194709 0.593706
vt 0.099328 0.548617
vt 0.080651 0.593706
vt 0.045090 0.494379
vt -0.000000 0.513055
vt 0.045090 0.417674
vt -0.000000 0.398998
vt 0.099328 0.363436
vt 0.080651 0.318347
vt 0.176032 0.363436
vt 0.194709 0.318347
vt 0.738417 0.603886
vt 0.739323 0.658124
vt 0.855249 0.664003
vt 0.854481 0.618079
vt 0.968229 0.376001
vt 0.967698 0.321758
vt 0.851816 0.315077
vt 0.852266 0.361005
vt 0.967698 0.321758
vt 0.968229 0.245055
vt 0.852266 0.250132
vt 0.851816 0.315077
vt 0.966635 0.539463
vt 0.967166 0.462761
vt 0.851203 0.467837
vt 0.850753 0.532782
vt 0.739323 0.658124
vt 0.739323 0.734828
vt 0.855249 0.728950
vt 0.855249 0.664003
vt 0.532584 0.735827
vt 0.498866 0.702109
vt 0.486555 0.707209
vt 0.527485 0.748138
vt 0.613987 0.654425
vt 0.613987 0.702109
vt 0.626297 0.707209
vt 0.626297 0.649325
vt 0.532584 0.620707
vt 0.580269 0.620707
vt 0.585368 0.608396
vt 0.527485 0.608396
vt 0.857685 0.151211
vt 0.818455 0.111981
vt 0.804132 0.117914
vt 0.851752 0.165534
vt 0.613987 0.702109
vt 0.580269 0.735827
vt 0.585368 0.748138
vt 0.626297 0.707209
vt 0.952395 0.111981
vt 0.913165 0.151211
vt 0.919098 0.165534
vt 0.966718 0.117914
vt 0.498866 0.654425
vt 0.486555 0.649325
vt 0.580269 0.620707
vt 0.585368 0.608396
vt 0.272821 0.117731
vt 0.214938 0.117731
vt 0.210207 0.318347
vt 0.277552 0.318347
vt 0.277552 0.318347
vt 0.325172 0.317551
vt 0.313750 0.117047
vt 0.272821 0.117731
vt 0.325172 0.318347
vt 0.392518 0.318347
vt 0.387787 0.117731
vt 0.329904 0.117731
vt 0.052352 0.117731
vt 0.011422 0.117047
vt 0.000000 0.317551
vt 0.047620 0.318347
vt 0.110235 0.117731
vt 0.052352 0.117731
vt 0.047620 0.318347
vt 0.114966 0.318347
vt 0.151164 0.117047
vt 0.110235 0.117731
vt 0.114966 0.318347
vt 0.162586 0.317551
vt 0.392518 0.318347
vt 0.459863 0.318347
vt 0.455132 0.117731
vt 0.397249 0.117731
vt 0.913165 0.017271
vt 0.952395 0.056501
vt 0.966718 0.050569
vt 0.919098 0.002948
vt 0.818455 0.111981
vt 0.818455 0.056501
vt 0.804132 0.050569
vt 0.804132 0.117914
vt 0.498866 0.654425
vt 0.486555 0.649325
vt 0.952395 0.056501
vt 0.952395 0.111981
vt 0.966718 0.117914
vt 0.966718 0.050569
vt 0.818455 0.056501
vt 0.857685 0.017271
vt 0.851752 0.002948
vt 0.804132 0.050569
vt 0.857685 0.151211
vt 0.851752 0.165534
vt 0.532584 0.735827
vt 0.527485 0.748138
vt 0.913165 0.017271
vt 0.919098 0.002948
vt 0.494298 0.045924
vt 0.605168 0.000000
vt 0.540222 0.000000
vt 0.494298 0.110871
vt 0.651093 0.045924
vt 0.540222 0.156795
vt 0.651093 0.110871
vt 0.605168 0.156795
vt 0.739323 0.734828
vt 0.738417 0.789067
vt 0.854481 0.774874
vt 0.855249 0.728950
vt 0.626297 0.748138
vt 0.703002 0.748138
vt 0.697123 0.632213
vt 0.632176 0.632213
vt 0.172027 1.000000
vt 0.177104 0.594090
vt 0.137871 0.593706
vt 0.121639 0.999507
vt 0.364917 0.999507
vt 0.354221 0.593706
vt 0.298743 0.594090
vt 0.293666 1.000000
vt 0.770414 0.376001
vt 0.766324 0.165534
vt 0.726819 0.165534
vt 0.722729 0.376001
vt 0.722729 0.376001
vt 0.726819 0.165534
vt 0.698884 0.165068
vt 0.689011 0.375438
vt 0.819820 1.000000
vt 0.815730 0.789533
vt 0.776225 0.789533
vt 0.772135 1.000000
vt 0.016232 0.593706
vt -0.000000 0.999507
vt 0.050388 1.000000
vt 0.055465 0.594090
vt 0.748291 0.789067
vt 0.738417 0.999437
vt 0.772135 1.000000
vt 0.776225 0.789533
vt 0.807158 0.383240
vt 0.803069 0.593706
vt 0.850753 0.593706
vt 0.846664 0.383240
vt 0.843665 0.789067
vt 0.815730 0.789533
vt 0.819820 1.000000
vt 0.853538 0.999437
vt 0.420382 0.594090
vt 0.381148 0.593706
vt 0.364917 0.999507
vt 0.415304 1.000000
vt 0.293666 1.000000
vt 0.298743 0.594090
vt 0.259509 0.593706
vt 0.243278 0.999507
vt 0.420382 0.594090
vt 0.415304 1.000000
vt 0.486555 0.999507
vt 0.475860 0.593706
vt 0.804132 0.375438
vt 0.794259 0.165068
vt 0.766324 0.165534
vt 0.770414 0.376001
vt 0.847727 0.165534
vt 0.808221 0.165534
vt 0.804132 0.376001
vt 0.851816 0.376001
vt 0.232583 0.593706
vt 0.177104 0.594090
vt 0.172027 1.000000
vt 0.243278 0.999507
vt 0.121639 0.999507
vt 0.110944 0.593706
vt 0.055465 0.594090
vt 0.050388 1.000000
vt 0.784385 0.137133
vt 0.716946 0.165068
vt 0.756451 0.165068
vt 0.784385 0.097628
vt 0.689011 0.137133
vt 0.756451 0.069693
vt 0.689011 0.097628
vt 0.716946 0.069693
vn -1.0000 0.0000 0.0000
vn 0.0000 0.0000 -1.0000
vn 1.0000 0.0000 0.0000
vn 0.0000 0.0000 1.0000
vn 0.0000 -1.0000 0.0000
vn 0.0000 1.0000 0.0000
vn -0.5300 -0.8480 0.0000
vn -0.5300 0.8480 0.0000
vn 0.5300 -0.8480 0.0000
vn 0.5300 0.8480 0.0000
vn -0.9701 0.0000 0.2425
vn 0.0000 -0.9701 0.2425
vn 0.0000 0.9701 0.2425
vn 0.0000 -0.9701 -0.2425
vn -0.3620 0.0000 0.9322
vn 0.0000 -0.3620 0.9322
vn 0.3620 0.0000 0.9322
vn 0.0000 0.3620 0.9322
vn -0.1166 0.9868 -0.1122
vn -0.1160 0.9870 -0.1116
vn 0.9245 0.3740 0.0738
vn 0.9245 0.3739 0.0739
vn 0.5193 0.6963 -0.4954
vn 0.4904 0.6965 -0.5238
vn 0.5207 0.6962 -0.4940
vn 0.5488 0.6948 -0.4648
vn 0.3095 0.7749 -0.5511
vn 0.2959 0.7732 -0.5609
vn 0.3153 0.7756 -0.5468
vn 0.3285 0.7769 -0.5370
vn 0.1048 0.8123 -0.5737
vn 0.1017 0.8113 -0.5756
vn 0.1068 0.8128 -0.5726
vn 0.1098 0.8137 -0.5708
vn -0.0999 0.8141 -0.5720
vn -0.0942 0.8169 -0.5689
vn -0.1034 0.8123 -0.5739
vn -0.1084 0.8097 -0.5766
vn -0.3004 0.7794 -0.5497
vn -0.2864 0.7907 -0.5410
vn -0.3057 0.7750 -0.5530
vn -0.3169 0.7656 -0.5598
vn -0.5213 0.6981 -0.4907
vn -0.4737 0.7588 -0.4470
vn -0.5244 0.6939 -0.4935
vn -0.5555 0.6471 -0.5221
vn 0.5716 0.7690 -0.2861
vn 0.5567 0.7723 -0.3059
vn 0.5685 0.7697 -0.2903
vn 0.5834 0.7660 -0.2700
vn 0.3412 0.8830 -0.3223
vn 0.3338 0.8832 -0.3294
vn 0.3417 0.8830 -0.3218
vn 0.3490 0.8827 -0.3147
vn 0.1127 0.9349 -0.3366
vn 0.1108 0.9345 -0.3381
vn 0.1131 0.9349 -0.3362
vn 0.1150 0.9353 -0.3347
vn -0.1140 0.9339 -0.3387
vn -0.1149 0.9336 -0.3395
vn -0.1138 0.9340 -0.3385
vn -0.1129 0.9344 -0.3378
vn -0.3351 0.8829 -0.3288
vn -0.3278 0.8882 -0.3219
vn -0.3356 0.8825 -0.3293
vn -0.3421 0.8777 -0.3356
vn -0.5769 0.7594 -0.3006
vn -0.5643 0.7757 -0.2828
vn -0.5747 0.7624 -0.2975
vn -0.5851 0.7483 -0.3124
vn 0.5951 0.7995 -0.0819
vn 0.5872 0.8039 -0.0941
vn 0.5936 0.8003 -0.0843
vn 0.6012 0.7958 -0.0723
vn 0.3536 0.9299 -0.1008
vn 0.3509 0.9306 -0.1037
vn 0.3563 0.9292 -0.0978
vn 0.1174 0.9871 -0.1084
vn 0.1149 0.9872 -0.1107
vn 0.1177 0.9871 -0.1081
vn 0.1202 0.9871 -0.1058
vn -0.3527 0.9294 -0.1079
vn -0.3493 0.9312 -0.1043
vn -0.3527 0.9295 -0.1079
vn -0.3560 0.9278 -0.1114
vn -0.5932 0.7991 -0.0977
vn -0.5889 0.8030 -0.0912
vn -0.5922 0.8000 -0.0961
vn -0.5961 0.7963 -0.1021
vn 0.5854 0.8055 0.0916
vn 0.5848 0.8061 0.0905
vn 0.5853 0.8057 0.0913
vn 0.5860 0.8050 0.0925
vn 0.3568 0.9301 0.0871
vn 0.3532 0.9317 0.0841
vn 0.3577 0.9297 0.0879
vn 0.3619 0.9277 0.0914
vn 0.1109 0.9897 0.0896
vn 0.1163 0.9887 0.0940
vn 0.1086 0.9902 0.0877
vn 0.1034 0.9911 0.0836
vn -0.1251 0.9873 0.0973
vn -0.1199 0.9875 0.1021
vn -0.1264 0.9873 0.0961
vn -0.1312 0.9871 0.0918
vn -0.3465 0.9336 0.0911
vn -0.3534 0.9316 0.0847
vn -0.3459 0.9338 0.0918
vn -0.3386 0.9357 0.0985
vn -0.5891 0.8044 0.0772
vn -0.5914 0.8029 0.0740
vn -0.5894 0.8041 0.0768
vn -0.5872 0.8055 0.0798
vn 0.5486 0.8142 0.1899
vn 0.5836 0.7806 0.2238
vn 0.5271 0.8326 0.1697
vn 0.4945 0.8579 0.1396
vn 0.3857 0.8959 0.2204
vn 0.3785 0.8999 0.2164
vn 0.3904 0.8932 0.2231
vn 0.3995 0.8878 0.2282
vn 0.1122 0.9761 0.1862
vn 0.0894 0.9804 0.1754
vn 0.1485 0.9678 0.2030
vn 0.1825 0.9586 0.2185
vn -0.1553 0.9712 0.1808
vn -0.1463 0.9716 0.1857
vn -0.1711 0.9701 0.1720
vn -0.1792 0.9694 0.1675
vn -0.3649 0.9041 0.2221
vn -0.3184 0.9120 0.2585
vn -0.3924 0.8979 0.1997
vn -0.4240 0.8889 0.1729
vn -0.5618 0.7982 0.2172
vn -0.5875 0.7868 0.1891
vn -0.5587 0.7995 0.2205
vn -0.5301 0.8101 0.2501
vn 0.4614 0.8618 0.2107
vn 0.4679 0.8575 0.2136
vn 0.4367 0.8771 0.1999
vn 0.4231 0.8851 0.1939
vn 0.3949 0.8947 0.2083
vn 0.3919 0.8963 0.2076
vn 0.4039 0.8903 0.2105
vn 0.4093 0.8874 0.2119
vn 0.1339 0.9545 0.2664
vn 0.2094 0.9340 0.2896
vn -0.0898 0.9778 0.1890
vn -0.1308 0.9761 0.1734
vn -0.2917 0.9033 0.3144
vn -0.2545 0.9060 0.3382
vn -0.3725 0.8911 0.2592
vn -0.4022 0.8842 0.2375
vn -0.4674 0.8372 0.2838
vn -0.4819 0.8327 0.2726
vn -0.4375 0.8455 0.3061
vn -0.4209 0.8495 0.3182
vn -0.4899 0.8455 0.2123
vn -0.5332 0.8246 0.1889
vn -0.4040 0.8784 0.2552
vn -0.3465 0.8948 0.2814
vn -0.7028 0.4868 -0.5186
vn -0.7012 0.4226 -0.5741
vn -0.7027 0.4925 -0.5134
vn -0.6992 0.5492 -0.4576
vn -0.8210 0.1724 -0.5442
vn -0.8250 0.2104 -0.5245
vn -0.8186 0.1538 -0.5534
vn -0.8116 0.1111 -0.5735
vn -0.8363 0.2125 -0.5054
vn -0.8385 0.2286 -0.4946
vn -0.8340 0.1972 -0.5153
vn -0.8312 0.1810 -0.5257
vn -0.8632 -0.1702 -0.4752
vn -0.8751 -0.1408 -0.4630
vn -0.8520 -0.1957 -0.4855
vn -0.8394 -0.2226 -0.4959
vn -0.8646 -0.3528 -0.3576
vn -0.9110 -0.2601 -0.3200
vn -0.8075 -0.4416 -0.3910
vn -0.7346 -0.5315 -0.4218
vn -0.8381 -0.3712 -0.3997
vn -0.7328 -0.4653 -0.4964
vn -0.8628 -0.3435 -0.3710
vn -0.9001 -0.2947 -0.3207
vn -0.7685 0.5658 -0.2987
vn -0.7710 0.5536 -0.3147
vn -0.7690 0.5633 -0.3020
vn -0.7662 0.5756 -0.2854
vn -0.9004 0.2477 -0.3577
vn -0.8976 0.1949 -0.3953
vn -0.9003 0.2461 -0.3589
vn -0.8997 0.2913 -0.3249
vn -0.9533 0.0655 -0.2947
vn -0.9588 0.1498 -0.2412
vn -0.9489 0.0347 -0.3135
vn -0.9184 -0.0905 -0.3851
vn -0.9440 -0.1030 -0.3133
vn -0.9026 -0.1964 -0.3830
vn -0.9532 -0.0761 -0.2926
vn -0.9696 -0.0146 -0.2441
vn -0.7891 -0.5337 -0.3040
vn -0.8482 -0.4600 -0.2625
vn -0.7989 -0.5225 -0.2977
vn -0.7288 -0.5952 -0.3385
vn -0.8413 -0.5204 -0.1458
vn -0.8784 -0.4669 -0.1022
vn -0.8070 -0.5621 -0.1810
vn -0.7280 -0.6385 -0.2493
vn -0.8148 0.5737 -0.0828
vn -0.8105 0.5808 -0.0757
vn -0.8146 0.5741 -0.0825
vn -0.8205 0.5641 -0.0922
vn -0.9298 0.3556 -0.0945
vn -0.9346 0.3385 -0.1090
vn -0.9283 0.3606 -0.0902
vn -0.9243 0.3735 -0.0790
vn -0.9921 0.0636 -0.1083
vn -0.9920 0.0676 -0.1060
vn -0.9921 0.0635 -0.1083
vn -0.9921 0.0595 -0.1107
vn -0.9916 -0.0799 -0.1011
vn -0.9923 -0.0767 -0.0972
vn -0.9915 -0.0805 -0.1019
vn -0.9908 -0.0838 -0.1058
vn -0.9120 -0.3741 -0.1683
vn 0.7960 -0.2459 -0.5530
vn 0.3934 -0.5187 -0.7590
vn -0.9416 -0.3227 -0.0961
vn 0.7119 0.3735 -0.5947
vn 0.8411 0.4985 -0.2098
vn 0.8363 0.4917 -0.2424
vn 0.6795 0.3474 -0.6462
vn -0.7933 0.6003 0.1015
vn -0.7386 0.6479 0.1860
vn -0.7706 0.6220 0.1386
vn -0.8101 0.5819 0.0718
vn -0.9167 0.3760 0.1347
vn -0.9390 0.3337 0.0833
vn -0.9259 0.3598 0.1148
vn -0.8840 0.4244 0.1958
vn -0.9820 0.1514 0.1130
vn -0.9635 0.2128 0.1625
vn -0.9802 0.1585 0.1188
vn -0.9897 0.1155 0.0842
vn -0.9791 -0.1453 0.1421
vn -0.9802 -0.1614 0.1147
vn -0.9796 -0.1505 0.1335
vn -0.9774 -0.1318 0.1649
vn -0.9405 -0.3349 0.0569
vn -0.9285 -0.3694 0.0364
vn -0.9455 -0.3187 0.0664
vn -0.9654 -0.2342 0.1146
vn -0.8073 -0.5889 0.0372
vn -0.8077 -0.5883 0.0376
vn -0.8070 -0.5893 0.0369
vn -0.8067 -0.5898 0.0365
vn -0.7859 0.5980 0.1573
vn -0.8029 0.5786 0.1432
vn -0.7784 0.6062 0.1634
vn -0.7459 0.6390 0.1881
vn -0.9044 0.3869 0.1798
vn -0.8827 0.4256 0.1993
vn -0.9212 0.3533 0.1628
vn -0.9364 0.3193 0.1457
vn -0.9759 0.1837 0.1175
vn -0.9885 0.1155 0.0970
vn -0.9467 0.2863 0.1477
vn -0.8655 0.4605 0.1969
vn -0.9796 -0.1538 0.1292
vn -0.9817 -0.1296 0.1397
vn -0.9718 -0.2118 0.1034
vn -0.9686 -0.2294 0.0955
vn -0.9314 -0.2615 0.2532
vn -0.8780 0.1321 0.4600
vn -0.9293 -0.2792 0.2419
vn -0.8913 -0.4327 0.1355
vn -0.8849 -0.3951 0.2467
vn -0.7944 -0.5980 0.1062
vn -0.8685 -0.4471 0.2141
vn -0.8781 0.0850 0.4708
vn -0.7560 0.6085 0.2413
vn -0.6869 0.6738 0.2722
vn -0.8119 0.5442 0.2113
vn -0.8729 0.4570 0.1711
vn -0.9004 0.3002 0.3146
vn -0.8897 0.3215 0.3241
vn -0.9167 0.2654 0.2987
vn -0.9275 0.2396 0.2868
vn -0.7040 0.5189 0.4848
vn -0.2081 0.8446 0.4933
vn -0.7295 0.4893 0.4779
vn -0.9432 0.0582 0.3270
vn -0.9387 0.1339 0.3176
vn -0.9431 -0.2911 0.1602
vn -0.8614 0.3438 0.3739
vn -0.1630 0.9082 0.3855
vn -0.9482 -0.3132 0.0521
vn -0.9313 -0.3618 0.0417
vn -0.9915 0.0488 0.1202
vn -0.9686 0.2024 0.1445
vn -0.8792 -0.4677 0.0904
vn -0.9141 -0.3905 0.1096
vn -0.8114 -0.5815 0.0591
vn -0.7928 -0.6073 0.0514
vn -0.2278 -0.8344 -0.5018
vn -0.1505 -0.8312 -0.5351
vn -0.2281 -0.8344 -0.5017
vn -0.3012 -0.8319 -0.4660
vn -0.1352 -0.8204 -0.5555
vn -0.1081 -0.8155 -0.5685
vn -0.1462 -0.8222 -0.5501
vn -0.1721 -0.8259 -0.5369
vn -0.5374 -0.6428 -0.5459
vn -0.5139 -0.6259 -0.5866
vn -0.5378 -0.6430 -0.5452
vn -0.5579 -0.6568 -0.5072
vn 0.3483 -0.6675 -0.6581
vn 0.3735 -0.6461 -0.6656
vn 0.3446 -0.6706 -0.6569
vn 0.3229 -0.6881 -0.6497
vn 0.3890 -0.7609 -0.5192
vn 0.2268 -0.8738 -0.4301
vn 0.4378 -0.7165 -0.5430
vn 0.5836 -0.5446 -0.6023
vn 0.2750 -0.8786 -0.3904
vn 0.2473 -0.9030 -0.3514
vn 0.2838 -0.8701 -0.4028
vn 0.3051 -0.8483 -0.4328
vn -0.5463 -0.8143 -0.1958
vn -0.4027 -0.8638 -0.3027
vn -0.5871 -0.7933 -0.1613
vn -0.6470 -0.7551 -0.1062
vn -0.2179 -0.9399 -0.2628
vn -0.2601 -0.9355 -0.2392
vn -0.2075 -0.9406 -0.2685
vn -0.1520 -0.9424 -0.2980
vn -0.1965 -0.9661 -0.1675
vn -0.2333 -0.9613 -0.1464
vn -0.1258 -0.9702 -0.2068
vn -0.0641 -0.9687 -0.2396
vn 0.1298 -0.9745 -0.1826
vn 0.1693 -0.9653 -0.1989
vn 0.0762 -0.9841 -0.1601
vn 0.0532 -0.9872 -0.1502
vn 0.3597 -0.8894 -0.2821
vn 0.5153 -0.7567 -0.4023
vn 0.3381 -0.9029 -0.2655
vn 0.2517 -0.9472 -0.1986
vn 0.5592 -0.7936 -0.2397
vn 0.4733 -0.8697 -0.1398
vn 0.5592 -0.7936 -0.2396
vn 0.6646 -0.6430 -0.3805
vn 0.8829 -0.0675 -0.4647
vn -0.6062 -0.7944 -0.0375
vn -0.5563 -0.8275 -0.0762
vn 0.8456 0.4910 -0.2094
vn -0.3406 -0.9379 -0.0660
vn -0.2880 -0.9527 -0.0971
vn -0.3666 -0.9290 -0.0501
vn -0.3884 -0.9207 -0.0367
vn -0.1007 -0.9896 -0.1029
vn -0.0930 -0.9897 -0.1090
vn -0.1019 -0.9895 -0.1021
vn -0.1088 -0.9893 -0.0967
vn 0.1377 -0.9893 -0.0472
vn 0.1021 -0.9942 -0.0328
vn 0.1710 -0.9834 -0.0608
vn 0.2725 -0.9567 -0.1020
vn 0.3395 -0.9403 -0.0234
vn 0.3369 -0.9413 -0.0223
vn 0.3468 -0.9375 -0.0267
vn 0.3496 -0.9365 -0.0279
vn 0.5831 -0.8119 -0.0262
vn 0.5926 -0.8048 -0.0325
vn 0.5760 -0.8172 -0.0214
vn 0.5706 -0.8210 -0.0179
vn -0.6614 -0.7497 0.0205
vn -0.6143 -0.7890 0.0088
vn -0.6479 -0.7615 0.0171
vn -0.7313 -0.6809 0.0392
vn -0.2475 -0.9672 0.0573
vn -0.2329 -0.9628 0.1368
vn -0.2404 -0.9658 0.0971
vn -0.2520 -0.9672 0.0309
vn -0.1790 -0.9821 0.0586
vn -0.1174 -0.9922 0.0420
vn -0.1948 -0.9788 0.0629
vn -0.4400 -0.8887 0.1285
vn 0.0876 -0.9925 0.0856
vn -0.0711 -0.9852 0.1560
vn 0.1164 -0.9905 0.0724
vn 0.1614 -0.9855 0.0516
vn 0.4578 -0.8656 0.2027
vn 0.4436 -0.7987 0.4066
vn 0.4501 -0.8228 0.3470
vn 0.4581 -0.8721 0.1719
vn 0.4837 -0.8551 0.1865
vn 0.6095 -0.7886 0.0806
vn 0.5652 -0.8162 0.1202
vn 0.1624 -0.9051 0.3930
vn -0.8497 -0.5055 0.1499
vn -0.9697 0.0782 0.2314
vn -0.9732 -0.0715 0.2184
vn -0.7393 -0.6643 0.1098
vn -0.2976 -0.9110 0.2853
vn -0.0847 -0.9922 0.0915
vn -0.2722 -0.9258 0.2623
vn -0.6825 -0.3697 0.6305
vn -0.2941 -0.9488 0.1151
vn -0.4523 -0.8818 0.1332
vn -0.1634 -0.9816 0.0985
vn -0.1026 -0.9906 0.0903
vn 0.2681 -0.9454 0.1850
vn 0.2940 -0.9403 0.1713
vn 0.2080 -0.9540 0.2157
vn 0.1747 -0.9569 0.2320
vn 0.4169 -0.8981 0.1398
vn 0.4344 -0.8905 0.1353
vn 0.3243 -0.9319 0.1624
vn 0.2868 -0.9426 0.1708
vn 0.5042 -0.8384 0.2070
vn 0.2800 -0.9080 0.3116
vn 0.5390 -0.8210 0.1878
vn 0.6065 -0.7812 0.1479
vn -0.6847 -0.6220 0.3798
vn -0.7999 0.4152 0.4333
vn -0.8035 -0.3980 0.4426
vn -0.2673 -0.9511 0.1547
vn -0.9417 0.0501 0.3327
vn -0.5887 -0.7090 0.3883
vn -0.8301 -0.3896 0.3989
vn -0.8877 0.4001 0.2278
vn -0.2970 -0.9333 0.2020
vn -0.0935 -0.9745 0.2037
vn -0.5622 -0.8061 0.1846
vn -0.9051 -0.4096 0.1144
vn 0.2080 -0.9342 0.2897
vn 0.1936 -0.9369 0.2909
vn 0.2997 -0.9118 0.2807
vn 0.3142 -0.9074 0.2790
vn 0.3828 -0.6767 0.6289
vn -0.1786 -0.5262 0.8314
vn 0.4439 -0.6776 0.5863
vn 0.6783 -0.6379 0.3647
vn 0.8206 0.2498 0.5141
vn 0.6784 0.4779 0.5580
vn 0.7046 0.4438 0.5537
vn 0.8329 0.2225 0.5066
vn 0.7582 -0.4893 -0.4309
vn 0.7631 -0.4575 -0.4564
vn 0.7561 -0.5007 -0.4214
vn 0.7495 -0.5311 -0.3951
vn 0.7745 -0.3715 -0.5119
vn 0.7710 -0.3265 -0.5468
vn 0.7754 -0.3965 -0.4914
vn 0.7752 -0.4350 -0.4581
vn 0.8138 -0.1235 -0.5679
vn 0.8110 -0.1132 -0.5740
vn 0.8154 -0.1297 -0.5641
vn 0.8178 -0.1390 -0.5584
vn 0.8156 0.0937 -0.5709
vn 0.8179 0.0891 -0.5683
vn 0.8144 0.0963 -0.5723
vn 0.8123 0.1004 -0.5745
vn 0.7820 0.3011 -0.5456
vn 0.7953 0.2844 -0.5353
vn 0.7773 0.3069 -0.5491
vn 0.7661 0.3204 -0.5572
vn 0.7033 0.5131 -0.4920
vn 0.7504 0.4770 -0.4576
vn 0.7016 0.5143 -0.4931
vn 0.6667 0.5380 -0.5157
vn 0.7907 -0.5806 -0.1940
vn 0.8079 -0.5417 -0.2320
vn 0.7825 -0.5968 -0.1774
vn 0.7657 -0.6264 -0.1459
vn 0.8567 -0.4341 -0.2785
vn 0.8584 -0.4030 -0.3172
vn 0.8561 -0.4404 -0.2704
vn 0.8525 -0.4666 -0.2356
vn 0.9608 -0.0732 -0.2672
vn 0.9635 -0.1255 -0.2363
vn 0.9576 -0.0420 -0.2850
vn 0.9457 0.0280 -0.3237
vn 0.9570 0.0536 -0.2850
vn 0.9414 0.1008 -0.3217
vn 0.9634 0.0298 -0.2662
vn 0.9712 -0.0050 -0.2381
vn 0.8906 0.3282 -0.3146
vn 0.8920 0.3262 -0.3128
vn 0.8905 0.3285 -0.3148
vn 0.8892 0.3302 -0.3165
vn 0.7717 0.5669 -0.2883
vn 0.7887 0.5530 -0.2685
vn 0.7746 0.5646 -0.2850
vn 0.7596 0.5761 -0.3017
vn 0.7996 -0.5994 -0.0363
vn 0.8018 -0.5962 -0.0394
vn 0.7978 -0.6019 -0.0339
vn 0.7953 -0.6054 -0.0304
vn 0.9228 -0.3815 -0.0525
vn 0.9252 -0.3749 -0.0582
vn 0.9200 -0.3891 -0.0459
vn 0.9176 -0.3955 -0.0403
vn 0.9865 -0.1241 -0.1064
vn 0.9810 -0.0323 -0.1912
vn 0.9864 -0.1280 -0.1027
vn 0.9831 -0.1730 -0.0597
vn 0.9852 0.1449 -0.0915
vn 0.9950 0.0844 -0.0538
vn 0.9839 0.1511 -0.0954
vn 0.9388 0.2916 -0.1830
vn 0.9390 0.3393 -0.0553
vn 0.9383 0.3411 -0.0565
vn 0.9398 0.3375 -0.0541
vn 0.9403 0.3360 -0.0531
vn 0.8138 0.5777 -0.0624
vn 0.8084 0.5842 -0.0712
vn 0.8142 0.5773 -0.0617
vn 0.8181 0.5724 -0.0553
vn 0.8206 -0.5601 0.1136
vn 0.8025 -0.5737 0.1636
vn 0.8166 -0.5634 0.1253
vn 0.8282 -0.5531 0.0900
vn 0.9317 -0.3450 0.1136
vn 0.9452 -0.3154 0.0834
vn 0.9308 -0.3469 0.1155
vn 0.9012 -0.3987 0.1697
vn 0.9951 -0.0766 0.0629
vn 0.9961 -0.0659 0.0583
vn 0.9916 -0.1050 0.0752
vn 0.9883 -0.1270 0.0847
vn 0.9952 0.0679 0.0697
vn 0.9960 0.0457 0.0764
vn 0.9936 0.0943 0.0616
vn 0.9926 0.1061 0.0580
vn 0.7753 0.6268 0.0778
vn 0.7773 0.6220 0.0947
vn 0.7758 0.6256 0.0820
vn 0.7741 0.6294 0.0685
vn 0.8370 -0.4914 0.2405
vn 0.8778 -0.4451 0.1770
vn 0.8279 -0.5004 0.2532
vn 0.7262 -0.5783 0.3716
vn 0.9011 -0.3619 0.2387
vn 0.8625 -0.4268 0.2719
vn 0.9357 -0.2897 0.2013
vn 0.9517 -0.2486 0.1799
vn 0.9255 -0.1857 0.3300
vn 0.8967 -0.2512 0.3643
vn 0.9362 -0.1570 0.3145
vn 0.9531 -0.1030 0.2846
vn 0.9669 -0.0062 0.2548
vn 0.9710 0.0984 0.2178
vn 0.9559 -0.0856 0.2808
vn 0.8688 -0.3470 0.3532
vn 0.7864 0.5609 0.2589
vn 0.7714 0.5244 0.3603
vn 0.7850 0.5567 0.2715
vn 0.7911 0.5814 0.1899
vn 0.7000 0.6701 0.2466
vn 0.6955 0.7031 0.1480
vn 0.6997 0.6778 0.2256
vn 0.6968 0.6283 0.3459
vn 0.1433 -0.9319 0.3333
vn 0.7568 -0.5779 0.3054
vn 0.4827 -0.8065 0.3414
vn -0.6620 -0.7347 0.1482
vn 0.8992 0.0958 0.4270
vn 0.8704 0.0374 0.4910
vn 0.9195 0.1505 0.3630
vn 0.9314 0.1961 0.3066
vn 0.9094 -0.2228 0.3512
vn 0.9400 -0.1036 0.3251
vn 0.8212 -0.4227 0.3833
vn 0.6015 -0.6940 0.3957
vn 0.9040 -0.2747 0.3275
vn 0.8933 -0.3053 0.3298
vn 0.9149 -0.2401 0.3244
vn 0.9257 -0.2006 0.3204
vn 0.4739 0.8456 0.2455
vn 0.3970 0.8585 0.3247
vn 0.4271 0.8548 0.2947
vn 0.4966 0.8395 0.2203
vn 0.8207 0.5022 0.2725
vn 0.7739 0.5932 0.2217
vn 0.8794 0.3135 0.3583
vn 0.8957 0.0658 0.4398
vn 0.3340 -0.6839 -0.6486
vn 0.1321 -0.7951 -0.5919
vn 0.3970 -0.6384 -0.6594
vn 0.5878 -0.4594 -0.6659
vn 0.2271 -0.7925 -0.5660
vn 0.2230 -0.7943 -0.5650
vn 0.2318 -0.7904 -0.5671
vn 0.2359 -0.7885 -0.5680
vn 0.2268 -0.6980 -0.6792
vn 0.3892 -0.5953 -0.7029
vn 0.0899 -0.7617 -0.6416
vn -0.0391 -0.8044 -0.5927
vn -0.3395 -0.7375 -0.5838
vn -0.4433 -0.7512 -0.4890
vn -0.2157 -0.7049 -0.6756
vn -0.0609 -0.6430 -0.7634
vn -0.1487 -0.7922 -0.5918
vn -0.0939 -0.7772 -0.6222
vn -0.1972 -0.8029 -0.5626
vn -0.2344 -0.8093 -0.5386
vn -0.2475 -0.6179 -0.7463
vn 0.2253 -0.2517 -0.9412
vn -0.3082 -0.6510 -0.6937
vn -0.4659 -0.7175 -0.5178
vn 0.5907 -0.3323 -0.7353
vn 0.6040 -0.3139 -0.7325
vn 0.5945 -0.3271 -0.7345
vn 0.5805 -0.3460 -0.7371
vn 0.3156 -0.3708 -0.8734
vn 0.2645 -0.4167 -0.8697
vn 0.3172 -0.3692 -0.8735
vn 0.3674 -0.3209 -0.8729
vn -0.0289 -0.4628 -0.8860
vn -0.0826 -0.4993 -0.8624
vn -0.0141 -0.4523 -0.8917
vn 0.0402 -0.4127 -0.9099
vn -0.0976 -0.4615 -0.8817
vn -0.0563 -0.4322 -0.9000
vn -0.1087 -0.4692 -0.8764
vn -0.1459 -0.4942 -0.8570
vn -0.2750 -0.4158 -0.8668
vn -0.2693 -0.4108 -0.8710
vn -0.2753 -0.4161 -0.8666
vn -0.2804 -0.4205 -0.8628
vn -0.5790 -0.3419 -0.7401
vn -0.5390 -0.2754 -0.7960
vn -0.5693 -0.3253 -0.7550
vn -0.5994 -0.3784 -0.7053
vn 0.6090 -0.1214 -0.7838
vn 0.5977 -0.1396 -0.7895
vn 0.6050 -0.1279 -0.7859
vn 0.6165 -0.1090 -0.7797
vn 0.3801 -0.1462 -0.9133
vn 0.3746 -0.1523 -0.9146
vn 0.3795 -0.1468 -0.9134
vn 0.3853 -0.1404 -0.9120
vn 0.0931 -0.1953 -0.9763
vn 0.0394 -0.2431 -0.9692
vn 0.0952 -0.1935 -0.9765
vn 0.1487 -0.1443 -0.9783
vn -0.1763 -0.2086 -0.9619
vn -0.1571 -0.1907 -0.9690
vn -0.1768 -0.2091 -0.9618
vn -0.1947 -0.2258 -0.9545
vn -0.2933 -0.1819 -0.9385
vn -0.2909 -0.1791 -0.9398
vn -0.2931 -0.1816 -0.9387
vn -0.2954 -0.1842 -0.9374
vn -0.6145 -0.1671 -0.7710
vn -0.6236 -0.1860 -0.7592
vn -0.6181 -0.1745 -0.7665
vn -0.6092 -0.1565 -0.7774
vn 0.6135 0.0979 -0.7836
vn 0.6172 0.1046 -0.7798
vn 0.6148 0.1003 -0.7823
vn 0.6108 0.0930 -0.7863
vn 0.3844 0.1147 -0.9160
vn 0.3869 0.1176 -0.9145
vn 0.3847 0.1150 -0.9159
vn 0.3820 0.1119 -0.9174
vn 0.1476 0.1228 -0.9814
vn 0.1495 0.1247 -0.9808
vn 0.1476 0.1227 -0.9814
vn 0.1456 0.1208 -0.9819
vn -0.1499 0.0697 -0.9862
vn -0.2000 0.0185 -0.9796
vn -0.1501 0.0695 -0.9862
vn -0.0976 0.1219 -0.9877
vn -0.3656 0.0910 -0.9263
vn -0.2969 0.1701 -0.9396
vn -0.3550 0.1036 -0.9291
vn -0.4179 0.0266 -0.9081
vn -0.6423 0.2060 -0.7382
vn -0.5917 0.2863 -0.7536
vn -0.6232 0.2376 -0.7450
vn -0.6675 0.1613 -0.7269
vn 0.5854 0.3070 -0.7503
vn 0.5963 0.3251 -0.7339
vn 0.5884 0.3119 -0.7460
vn 0.5754 0.2908 -0.7644
vn 0.3640 0.3491 -0.8635
vn 0.3718 0.3571 -0.8568
vn 0.3639 0.3490 -0.8636
vn 0.3553 0.3402 -0.8706
vn 0.1361 0.3658 -0.9207
vn 0.1409 0.3699 -0.9183
vn 0.1354 0.3652 -0.9210
vn 0.1303 0.3608 -0.9235
vn -0.0973 0.3669 -0.9251
vn -0.0965 0.3676 -0.9250
vn -0.0975 0.3667 -0.9252
vn -0.0983 0.3660 -0.9254
vn -0.3713 0.3079 -0.8759
vn -0.4146 0.2602 -0.8720
vn -0.3731 0.3060 -0.8759
vn -0.3272 0.3535 -0.8763
vn -0.6390 0.2266 -0.7351
vn -0.6664 0.1792 -0.7237
vn -0.6503 0.2076 -0.7308
vn -0.6213 0.2551 -0.7408
vn 0.5259 0.5192 -0.6736
vn 0.5484 0.5421 -0.6367
vn 0.5257 0.5191 -0.6738
vn 0.4922 0.4851 -0.7228
vn 0.3234 0.5790 -0.7484
vn 0.3374 0.5876 -0.7354
vn 0.3179 0.5756 -0.7533
vn 0.3005 0.5646 -0.7687
vn 0.1163 0.6057 -0.7871
vn 0.1225 0.6090 -0.7836
vn 0.1125 0.6036 -0.7893
vn 0.1054 0.5997 -0.7932
vn -0.0948 0.6057 -0.7900
vn -0.0967 0.6046 -0.7906
vn -0.0935 0.6064 -0.7896
vn -0.0916 0.6076 -0.7889
vn -0.3048 0.5781 -0.7568
vn -0.3171 0.5690 -0.7587
vn -0.2994 0.5821 -0.7560
vn -0.2868 0.5911 -0.7539
vn -0.5476 0.4869 -0.6805
vn -0.6074 0.4168 -0.6763
vn -0.5529 0.4811 -0.6803
vn -0.4879 0.5483 -0.6792
vn 0.8343 0.3606 0.4169
vn 0.4754 0.7855 0.3962
vn 0.7333 0.5308 0.4249
vn 0.9165 0.1184 0.3820
vn 0.5935 0.7455 0.3033
vn 0.4830 0.8284 0.2836
vn 0.6270 0.7153 0.3084
vn 0.7127 0.6246 0.3193
vn -0.1006 0.9792 0.1763
vn -0.1241 0.9779 0.1681
vn 0.1332 0.9588 0.2510
vn 0.1935 0.9437 0.2681
vn -0.2325 0.9641 0.1279
vn -0.2416 0.9624 0.1243
vn -0.1413 0.9764 0.1631
vn -0.1308 0.9772 0.1670
vn -0.5628 0.7884 0.2485
vn -0.4576 0.8035 0.3808
vn -0.6661 0.7412 0.0829
vn -0.7050 0.7092 0.0049
vn -0.4743 0.7044 0.5280
vn -0.2076 0.5514 0.8079
vn -0.5211 0.7215 0.4558
vn -0.5963 0.7384 0.3147
vn 0.6254 0.7537 0.2021
vn 0.5918 0.7814 0.1977
vn 0.6350 0.7453 0.2033
vn 0.6744 0.7084 0.2080
vn 0.4621 0.8409 0.2815
vn 0.7009 0.6407 0.3132
vn 0.2650 0.9333 0.2423
vn 0.0729 0.9779 0.1960
vn 0.4116 0.8991 0.1487
vn 0.1259 0.9807 0.1491
vn 0.6614 0.7377 0.1351
vn 0.9593 0.2711 0.0787
vn -0.4388 0.8110 0.3869
vn -0.3125 0.8079 0.4995
vn -0.5457 0.7928 0.2714
vn -0.6072 0.7706 0.1935
vn -0.6926 0.6944 0.1952
vn -0.6910 0.7228 0.0043
vn -0.6936 0.6986 0.1756
vn -0.6647 0.6336 0.3959
vn -0.7598 0.6393 0.1179
vn -0.7937 0.2475 0.5557
vn -0.8055 0.5159 0.2915
vn -0.7086 0.7055 -0.0025
vn 0.8488 -0.3717 0.3760
vn 0.7923 -0.5406 0.2829
vn 0.8030 -0.5162 0.2979
vn 0.8549 -0.3417 0.3902
vn 0.9268 0.3444 0.1497
vn 0.0727 0.9785 0.1930
vn 0.7642 0.6173 0.1869
vn 0.9777 -0.2042 0.0497
vn 0.7147 0.6873 0.1299
vn 0.9966 0.0033 0.0829
vn 0.7204 0.6813 0.1297
vn 0.4492 0.8842 0.1281
vn -0.6652 0.7293 0.1600
vn -0.6533 0.7277 0.2086
vn -0.6675 0.7294 0.1499
vn -0.6775 0.7287 0.0997
vn -0.8271 0.5043 0.2480
vn -0.8463 -0.0331 0.5316
vn -0.8784 0.1863 0.4401
vn -0.7965 0.5723 0.1949
vn -0.9968 0.0791 0.0108
vn -0.9975 0.0697 0.0123
vn -0.9974 0.0708 0.0121
vn -0.9967 0.0801 0.0107
vn 0.9532 -0.1976 0.2286
vn 0.6326 0.7193 0.2871
vn 0.8035 0.5136 0.3010
vn 0.9389 -0.2702 0.2131
vn 0.9399 0.1653 0.2987
vn 0.8317 -0.5536 0.0423
vn 0.9209 -0.3695 0.1241
vn 0.3538 0.8608 0.3658
vn 0.6968 -0.7008 0.1527
vn 0.6949 -0.6912 0.1982
vn 0.6966 -0.6997 0.1585
vn 0.6971 -0.7083 0.1109
vn -0.6990 -0.6979 0.1558
vn -0.9727 -0.1824 0.1432
vn -0.6926 -0.7043 0.1555
vn -0.5206 -0.8412 0.1460
vn -0.7440 -0.5964 0.3012
vn -0.9470 0.2224 0.2318
vn -0.8889 -0.3434 0.3029
vn -0.0441 -0.9854 0.1646
vn -0.9990 0.0006 0.0448
vn -0.9878 0.1555 0.0104
vn -0.9899 0.1412 0.0136
vn -0.9987 -0.0142 0.0480
vn 0.9814 -0.0903 0.1690
vn 0.8828 0.4212 0.2078
vn 0.9271 0.3143 0.2040
vn 0.9281 -0.3487 0.1306
vn -0.7254 -0.5111 0.4611
vn 0.2779 -0.9404 0.1958
vn -0.6446 -0.6100 0.4609
vn -0.8976 0.3678 0.2427
vn 0.5548 -0.8257 0.1017
vn 0.5674 -0.8186 0.0889
vn 0.5121 -0.8469 0.1432
vn 0.4983 -0.8528 0.1561
vn -0.7477 -0.6003 0.2838
vn -0.9489 -0.1627 0.2704
vn -0.8478 -0.4460 0.2866
vn -0.3217 -0.9206 0.2214
vn -0.2571 -0.7082 0.6575
vn 0.0006 -0.8314 0.5556
vn -0.3545 -0.6401 0.6816
vn -0.6136 -0.3794 0.6925
vn -0.9909 -0.1027 0.0872
vn -0.9926 0.1103 0.0498
vn -0.9953 0.0792 0.0555
vn -0.9749 -0.1974 0.1028
vn 0.6758 -0.7268 0.1222
vn 0.7012 -0.7078 0.0851
vn 0.6289 -0.7552 0.1848
vn 0.5941 -0.7717 0.2271
vn -0.3007 -0.9156 0.2669
vn -0.9584 -0.0875 0.2714
vn -0.0355 -0.9772 0.2093
vn 0.2948 -0.9485 0.1160
vn 0.7059 -0.5758 0.4125
vn 0.7399 -0.6286 0.2397
vn 0.7061 -0.5762 0.4116
vn 0.6188 -0.4701 0.6294
vn -0.5379 -0.8147 0.2164
vn -0.3193 -0.9218 0.2195
vn -0.7022 -0.6823 0.2033
vn -0.9729 -0.1941 0.1255
vn -0.3156 -0.9382 0.1422
vn -0.2358 -0.9604 0.1486
vn -0.5321 -0.8383 0.1185
vn -0.6858 -0.7216 0.0942
vn -0.6145 -0.7837 0.0907
vn -0.7916 -0.6087 0.0528
vn -0.3885 -0.9130 0.1240
vn -0.2773 -0.9510 0.1363
vn -0.9224 0.3821 -0.0569
vn 0.0883 0.2133 -0.9730
vn -0.0883 0.2133 -0.9730
vn -0.0883 -0.2133 -0.9730
vn 0.2133 0.0883 -0.9730
vn -0.2133 0.0883 -0.9730
vn 0.0883 -0.2133 -0.9730
vn -0.2133 -0.0883 -0.9730
vn 0.2133 -0.0883 -0.9730
vn 0.9155 -0.3792 -0.1345
vn 0.9136 -0.3784 0.1486
vn -0.9155 -0.3792 -0.1345
vn 0.3792 -0.9155 -0.1345
vn -0.9155 0.3792 -0.1345
vn 0.9155 0.3792 -0.1345
vn -0.3792 -0.9155 -0.1345
vn -0.3792 0.9155 -0.1345
vn 0.3792 0.9155 -0.1345
vn 0.3784 0.9136 0.1486
vn -0.3784 -0.9136 0.1486
vn 0.3784 -0.9136 0.1486
vn 0.9136 0.3784 0.1486
vn -0.3784 0.9136 0.1486
vn -0.3821 0.9224 -0.0569
vn 0.3821 0.9224 -0.0569
vn 0.9224 0.3821 -0.0569
vn 0.9224 -0.3821 -0.0569
vn 0.3821 -0.9224 -0.0569
vn -0.3821 -0.9224 -0.0569
vn -0.9224 -0.3821 -0.0569
vn -0.9136 0.3784 0.1486
vn -0.9136 -0.3784 0.1486
vn -0.3823 -0.9229 -0.0469
vn 0.3823 -0.9229 -0.0469
vn 0.9229 -0.3823 -0.0469
vn -0.3823 0.9229 -0.0469
vn -0.9229 0.3823 -0.0469
vn 0.9229 0.3823 -0.0469
vn 0.3823 0.9229 -0.0469
vn -0.9229 -0.3823 -0.0469
usemtl Material
s off
f 2/1/1 3/2/1 1/3/1
f 4/4/2 7/5/2 3/6/2
f 8/7/3 5/8/3 7/9/3
f 6/10/4 1/11/4 5/12/4
f 7/13/5 1/14/5 3/15/5
f 4/16/6 6/17/6 8/18/6
f 10/19/1 11/20/1 9/21/1
f 12/22/2 15/23/2 11/24/2
f 16/25/3 13/26/3 15/27/3
f 14/28/4 9/29/4 13/30/4
f 15/31/5 9/32/5 11/33/5
f 12/34/6 14/35/6 16/36/6
f 18/37/1 19/38/1 17/39/1
f 20/40/2 23/41/2 19/42/2
f 24/43/3 21/44/3 23/45/3
f 22/46/4 17/47/4 21/48/4
f 23/49/5 17/50/5 19/51/5
f 20/52/6 22/53/6 24/54/6
f 28/55/4 25/56/4 26/57/4
f 40/58/3 34/59/3 37/60/3
f 32/61/6 36/62/6 39/63/6
f 28/64/1 30/65/1 25/66/1
f 40/67/2 37/68/2 38/69/2
f 26/70/7 30/71/7 29/72/7
f 32/61/8 28/73/8 27/74/8
f 38/75/9 34/76/9 33/77/9
f 36/62/10 40/78/10 39/63/10
f 38/75/5 26/70/5 29/72/5
f 42/79/1 43/80/1 41/81/1
f 44/82/2 47/83/2 43/84/2
f 48/85/3 45/86/3 47/87/3
f 46/88/4 41/89/4 45/90/4
f 47/91/5 41/92/5 43/93/5
f 44/94/6 46/95/6 48/96/6
f 54/97/3 69/98/3 50/99/3
f 69/100/5 51/101/5 68/102/5
f 53/103/5 60/104/5 51/101/5
f 52/105/6 65/106/6 54/107/6
f 66/108/3 63/109/3 64/110/3
f 50/99/3 58/111/3 54/97/3
f 49/112/1 67/113/1 68/114/1
f 66/115/4 59/116/4 63/117/4
f 56/118/6 58/119/6 57/120/6
f 52/121/1 56/122/1 49/112/1
f 49/123/2 57/124/2 50/125/2
f 54/126/4 55/127/4 52/128/4
f 61/129/11 60/130/11 59/131/11
f 64/132/12 59/133/12 60/104/12
f 65/106/13 61/134/13 66/135/13
f 62/136/1 51/137/1 60/130/1
f 68/102/14 70/138/14 69/100/14
f 49/123/2 70/139/2 67/140/2
f 72/141/1 73/142/1 71/143/1
f 74/144/2 77/145/2 73/146/2
f 78/147/3 75/148/3 77/149/3
f 76/150/4 71/151/4 75/152/4
f 77/153/5 71/154/5 73/155/5
f 74/156/6 76/157/6 78/158/6
f 81/159/2 80/160/2 79/161/2
f 84/162/4 85/163/4 83/164/4
f 81/165/6 90/166/6 82/167/6
f 80/168/5 88/169/5 79/170/5
f 82/171/3 89/172/3 80/173/3
f 79/174/1 87/175/1 81/176/1
f 83/164/15 87/177/15 88/178/15
f 84/162/16 88/178/16 89/179/16
f 86/180/17 89/179/17 90/181/17
f 85/163/18 90/181/18 87/177/18
f 2/1/1 4/182/1 3/2/1
f 4/4/2 8/183/2 7/5/2
f 8/7/3 6/184/3 5/8/3
f 6/10/4 2/185/4 1/11/4
f 7/13/5 5/186/5 1/14/5
f 4/16/6 2/187/6 6/17/6
f 10/19/1 12/188/1 11/20/1
f 12/22/2 16/189/2 15/23/2
f 16/25/3 14/190/3 13/26/3
f 14/28/4 10/191/4 9/29/4
f 15/31/5 13/192/5 9/32/5
f 12/34/6 10/193/6 14/35/6
f 18/37/1 20/194/1 19/38/1
f 20/40/2 24/195/2 23/41/2
f 24/43/3 22/196/3 21/44/3
f 22/46/4 18/197/4 17/47/4
f 23/49/5 21/198/5 17/50/5
f 20/52/6 18/199/6 22/53/6
f 26/57/4 33/200/4 36/201/4
f 33/200/4 34/202/4 36/201/4
f 34/202/4 35/203/4 36/201/4
f 36/201/4 27/204/4 26/57/4
f 27/204/4 28/55/4 26/57/4
f 40/58/3 35/205/3 34/59/3
f 32/61/6 27/74/6 36/62/6
f 28/64/1 31/206/1 30/65/1
f 38/69/2 29/207/2 32/208/2
f 29/207/2 30/209/2 32/208/2
f 30/209/2 31/210/2 32/208/2
f 32/208/2 39/211/2 38/69/2
f 39/211/2 40/67/2 38/69/2
f 26/70/7 25/212/7 30/71/7
f 32/61/8 31/213/8 28/73/8
f 38/75/9 37/214/9 34/76/9
f 36/62/10 35/215/10 40/78/10
f 38/75/5 33/77/5 26/70/5
f 42/79/1 44/216/1 43/80/1
f 44/82/2 48/217/2 47/83/2
f 48/85/3 46/218/3 45/86/3
f 46/88/4 42/219/4 41/89/4
f 47/91/5 45/220/5 41/92/5
f 44/94/6 42/221/6 46/95/6
f 53/222/3 69/98/3 54/97/3
f 69/98/3 70/223/3 50/99/3
f 69/100/5 53/103/5 51/101/5
f 53/103/5 64/132/5 60/104/5
f 52/105/6 62/224/6 65/106/6
f 64/110/3 53/222/3 54/97/3
f 54/97/3 65/225/3 64/110/3
f 65/225/3 66/108/3 64/110/3
f 50/99/3 57/226/3 58/111/3
f 68/114/1 51/137/1 52/121/1
f 52/121/1 49/112/1 68/114/1
f 66/115/4 61/227/4 59/116/4
f 56/118/6 55/228/6 58/119/6
f 52/121/1 55/229/1 56/122/1
f 49/123/2 56/230/2 57/124/2
f 54/126/4 58/231/4 55/127/4
f 61/129/11 62/136/11 60/130/11
f 64/132/12 63/232/12 59/133/12
f 65/106/13 62/224/13 61/134/13
f 62/136/1 52/121/1 51/137/1
f 68/102/14 67/233/14 70/138/14
f 49/123/2 50/125/2 70/139/2
f 72/141/1 74/234/1 73/142/1
f 74/144/2 78/235/2 77/145/2
f 78/147/3 76/236/3 75/148/3
f 76/150/4 72/237/4 71/151/4
f 77/153/5 75/238/5 71/154/5
f 74/156/6 72/239/6 76/157/6
f 81/159/2 82/240/2 80/160/2
f 84/162/4 86/180/4 85/163/4
f 81/165/6 87/241/6 90/166/6
f 80/168/5 89/242/5 88/169/5
f 82/171/3 90/243/3 89/172/3
f 79/174/1 88/244/1 87/175/1
f 83/164/15 85/163/15 87/177/15
f 84/162/16 83/164/16 88/178/16
f 86/180/17 84/162/17 89/179/17
f 85/163/18 86/180/18 90/181/18
usemtl Flame
f 151/245/19 152/246/19 153/247/19
f 151/245/20 153/247/20 154/248/20
f 611/249/21 612/250/21 613/251/21
f 611/249/22 613/251/22 614/252/22
s 1
f 91/253/23 92/254/24 93/255/25
f 91/253/23 93/255/25 94/256/26
f 95/257/27 96/258/28 97/259/29
f 95/257/27 97/259/29 98/260/30
f 99/261/31 100/262/32 101/263/33
f 99/261/31 101/263/33 102/264/34
f 103/265/35 104/266/36 105/267/37
f 103/265/35 105/267/37 106/268/38
f 107/269/39 108/270/40 109/271/41
f 107/269/39 109/271/41 110/272/42
f 111/273/43 112/274/44 113/275/45
f 111/273/43 113/275/45 114/276/46
f 115/277/47 116/278/48 117/279/49
f 115/277/47 117/279/49 118/280/50
f 119/281/51 120/282/52 121/283/53
f 119/281/51 121/283/53 122/284/54
f 123/285/55 124/286/56 125/287/57
f 123/285/55 125/287/57 126/288/58
f 127/289/59 128/290/60 129/291/61
f 127/289/59 129/291/61 130/292/62
f 131/293/63 132/294/64 133/295/65
f 131/293/63 133/295/65 134/296/66
f 135/297/67 136/298/68 137/299/69
f 135/297/67 137/299/69 138/300/70
f 139/301/71 140/302/72 141/303/73
f 139/301/71 141/303/73 142/304/74
f 143/305/75 144/306/76 145/307/75
f 143/305/75 145/307/75 146/308/77
f 147/309/78 148/310/79 149/311/80
f 147/309/78 149/311/80 150/312/81
f 155/313/82 156/314/83 157/315/84
f 155/313/82 157/315/84 158/316/85
f 159/317/86 160/318/87 161/319/88
f 159/317/86 161/319/88 162/320/89
f 163/321/90 164/322/91 165/323/92
f 163/321/90 165/323/92 166/324/93
f 167/325/94 168/326/95 169/327/96
f 167/325/94 169/327/96 170/328/97
f 171/329/98 172/330/99 173/331/100
f 171/329/98 173/331/100 174/332/101
f 175/333/102 176/334/103 177/335/104
f 175/333/102 177/335/104 178/336/105
f 179/337/106 180/338/107 181/339/108
f 179/337/106 181/339/108 182/340/109
f 183/341/110 184/342/111 185/343/112
f 183/341/110 185/343/112 186/344/113
f 187/345/114 188/346/115 189/347/116
f 187/345/114 189/347/116 190/348/117
f 191/349/118 192/350/119 193/351/120
f 191/349/118 193/351/120 194/352/121
f 195/353/122 196/354/123 197/355/124
f 195/353/122 197/355/124 198/356/125
f 199/357/126 200/358/127 201/359/128
f 199/357/126 201/359/128 202/360/129
f 203/361/130 204/362/131 205/363/132
f 203/361/130 205/363/132 206/364/133
f 207/365/134 208/366/135 209/367/136
f 207/365/134 209/367/136 210/368/137
f 211/369/138 212/370/139 213/371/140
f 211/369/138 213/371/140 214/372/141
f 215/373/142 216/374/143 217/375/144
f 215/373/142 217/375/144 218/376/145
f 219/377/146 220/378/147 221/379/148
f 219/377/146 221/379/148 222/380/149
f 223/381/150 224/382/151 225/383/152
f 223/381/150 225/383/152 226/384/153
f 227/385/154 228/386/155 229/387/156
f 227/385/154 229/387/156 230/388/157
f 231/389/158 232/390/159 233/391/160
f 231/389/158 233/391/160 234/392/161
f 235/393/162 236/394/163 237/395/164
f 235/393/162 237/395/164 238/396/165
f 239/397/166 240/398/167 241/399/168
f 239/397/166 241/399/168 242/400/169
f 243/401/170 244/402/171 245/403/172
f 243/401/170 245/403/172 246/404/173
f 247/405/174 248/406/175 249/407/176
f 247/405/174 249/407/176 250/408/177
f 251/409/178 252/410/179 253/411/180
f 251/409/178 253/411/180 254/412/181
f 255/413/182 256/414/183 257/415/184
f 255/413/182 257/415/184 258/416/185
f 259/417/186 260/418/187 261/419/188
f 259/417/186 261/419/188 262/420/189
f 263/421/190 264/422/191 265/423/192
f 263/421/190 265/423/192 266/424/193
f 267/425/194 268/426/195 269/427/196
f 267/425/194 269/427/196 270/428/197
f 271/429/198 272/430/199 273/431/200
f 271/429/198 273/431/200 274/432/201
f 275/433/202 276/434/203 277/435/204
f 275/433/202 277/435/204 278/436/205
f 279/437/206 280/438/207 281/439/208
f 279/437/206 281/439/208 282/440/209
f 283/441/210 284/442/211 285/443/212
f 283/441/210 285/443/212 286/444/213
f 287/445/214 288/446/215 289/447/216
f 287/445/214 289/447/216 290/448/217
f 291/449/218 292/450/219 293/451/220
f 291/449/218 293/451/220 294/452/221
f 295/453/222 296/454/223 297/455/224
f 295/453/222 297/455/224 298/456/225
f 299/457/226 300/458/227 301/459/228
f 299/457/226 301/459/228 302/460/229
f 303/461/230 304/462/231 305/463/232
f 303/461/230 305/463/232 306/464/233
f 307/465/234 308/466/235 309/467/236
f 307/465/234 309/467/236 310/468/237
f 311/469/238 312/470/239 313/471/240
f 311/469/238 313/471/240 314/472/241
f 315/473/242 316/474/243 317/475/244
f 315/473/242 317/475/244 318/476/245
f 319/477/246 320/478/247 321/479/248
f 319/477/246 321/479/248 322/480/249
f 323/481/250 324/482/251 325/483/252
f 323/481/250 325/483/252 326/484/253
f 327/485/254 328/486/255 329/487/256
f 327/485/254 329/487/256 330/488/257
f 331/489/258 332/490/259 333/491/260
f 331/489/258 333/491/260 334/492/261
f 335/493/262 336/494/263 337/495/264
f 335/493/262 337/495/264 338/496/265
f 339/497/266 340/498/267 341/499/268
f 339/497/266 341/499/268 342/500/269
f 343/501/270 344/502/271 345/503/272
f 343/501/270 345/503/272 346/504/273
f 347/505/274 348/506/275 349/507/276
f 347/505/274 349/507/276 350/508/277
f 351/509/278 352/510/279 353/511/280
f 351/509/278 353/511/280 354/512/281
f 355/513/282 356/514/283 357/515/284
f 355/513/282 357/515/284 358/516/285
f 359/517/286 360/518/287 361/519/288
f 359/517/286 361/519/288 362/520/289
f 363/521/290 364/522/291 365/523/292
f 363/521/290 365/523/292 366/524/293
f 367/525/294 368/526/295 369/527/296
f 367/525/294 369/527/296 370/528/297
f 371/529/298 372/530/299 373/531/300
f 371/529/298 373/531/300 374/532/301
f 375/533/302 376/534/303 377/535/304
f 375/533/302 377/535/304 378/536/305
f 379/537/306 380/538/307 381/539/308
f 379/537/306 381/539/308 382/540/309
f 383/541/310 384/542/311 385/543/312
f 383/541/310 385/543/312 386/544/313
f 387/545/314 388/546/315 389/547/316
f 387/545/314 389/547/316 390/548/317
f 391/549/318 392/550/319 393/551/320
f 391/549/318 393/551/320 394/552/321
f 395/553/322 396/554/323 397/555/324
f 395/553/322 397/555/324 398/556/325
f 399/557/326 400/558/327 401/559/328
f 399/557/326 401/559/328 402/560/329
f 403/561/330 404/562/331 405/563/332
f 403/561/330 405/563/332 406/564/333
f 407/565/334 408/566/335 409/567/336
f 407/565/334 409/567/336 410/568/337
f 411/569/338 412/570/339 413/571/340
f 411/569/338 413/571/340 414/572/341
f 415/573/342 416/574/343 417/575/344
f 415/573/342 417/575/344 418/576/345
f 419/577/346 420/578/347 421/579/348
f 419/577/346 421/579/348 422/580/349
f 423/581/350 424/582/351 425/583/352
f 423/581/350 425/583/352 426/584/353
f 427/585/354 428/586/355 429/587/356
f 427/585/354 429/587/356 430/588/357
f 431/589/358 432/590/359 433/591/360
f 431/589/358 433/591/360 434/592/361
f 435/593/362 436/594/363 437/595/364
f 435/593/362 437/595/364 438/596/365
f 439/597/366 440/598/367 441/599/368
f 439/597/366 441/599/368 442/600/369
f 443/601/370 444/602/371 445/603/372
f 443/601/370 445/603/372 446/604/373
f 447/605/374 448/606/375 449/607/376
f 447/605/374 449/607/376 450/608/377
f 451/609/378 452/610/379 453/611/380
f 451/609/378 453/611/380 454/612/381
f 455/613/382 456/614/383 457/615/384
f 455/613/382 457/615/384 458/616/385
f 459/617/386 460/618/387 461/619/388
f 459/617/386 461/619/388 462/620/389
f 463/621/390 464/622/391 465/623/392
f 463/621/390 465/623/392 466/624/393
f 467/625/394 468/626/395 469/627/396
f 467/625/394 469/627/396 470/628/397
f 471/629/398 472/630/399 473/631/400
f 471/629/398 473/631/400 474/632/401
f 475/633/402 476/634/403 477/635/404
f 475/633/402 477/635/404 478/636/405
f 479/637/406 480/638/407 481/639/408
f 479/637/406 481/639/408 482/640/409
f 483/641/410 484/642/411 485/643/412
f 483/641/410 485/643/412 486/644/413
f 487/645/414 488/646/415 489/647/416
f 487/645/414 489/647/416 490/648/417
f 491/649/418 492/650/419 493/651/420
f 491/649/418 493/651/420 494/652/421
f 495/653/422 496/654/423 497/655/424
f 495/653/422 497/655/424 498/656/425
f 499/657/426 500/658/427 501/659/428
f 499/657/426 501/659/428 502/660/429
f 503/661/430 504/662/431 505/663/432
f 503/661/430 505/663/432 506/664/433
f 507/665/434 508/666/435 509/667/436
f 507/665/434 509/667/436 510/668/437
f 511/669/438 512/670/439 513/671/440
f 511/669/438 513/671/440 514/672/441
f 515/673/442 516/674/443 517/675/444
f 515/673/442 517/675/444 518/676/445
f 519/677/446 520/678/447 521/679/448
f 519/677/446 521/679/448 522/680/449
f 523/681/450 524/682/451 525/683/452
f 523/681/450 525/683/452 526/684/453
f 527/685/454 528/686/455 529/687/456
f 527/685/454 529/687/456 530/688/457
f 531/689/458 532/690/459 533/691/460
f 531/689/458 533/691/460 534/692/461
f 535/693/462 536/694/463 537/695/464
f 535/693/462 537/695/464 538/696/465
f 539/697/466 540/698/467 541/699/468
f 539/697/466 541/699/468 542/700/469
f 543/701/470 544/702/471 545/703/472
f 543/701/470 545/703/472 546/704/473
f 547/705/474 548/706/475 549/707/476
f 547/705/474 549/707/476 550/708/477
f 551/709/478 552/710/479 553/711/480
f 551/709/478 553/711/480 554/712/481
f 555/713/482 556/714/483 557/715/484
f 555/713/482 557/715/484 558/716/485
f 559/717/486 560/718/487 561/719/488
f 559/717/486 561/719/488 562/720/489
f 563/721/490 564/722/491 565/723/492
f 563/721/490 565/723/492 566/724/493
f 567/725/494 568/726/495 569/727/496
f 567/725/494 569/727/496 570/728/497
f 571/729/498 572/730/499 573/731/500
f 571/729/498 573/731/500 574/732/501
f 575/733/502 576/734/503 577/735/504
f 575/733/502 577/735/504 578/736/505
f 579/737/506 580/738/507 581/739/508
f 579/737/506 581/739/508 582/740/509
f 583/741/510 584/742/511 585/743/512
f 583/741/510 585/743/512 586/744/513
f 587/745/514 588/746/515 589/747/516
f 587/745/514 589/747/516 590/748/517
f 591/749/518 592/750/519 593/751/520
f 591/749/518 593/751/520 594/752/521
f 595/753/522 596/754/523 597/755/524
f 595/753/522 597/755/524 598/756/525
f 599/757/526 600/758/527 601/759/528
f 599/757/526 601/759/528 602/760/529
f 603/761/530 604/762/531 605/763/532
f 603/761/530 605/763/532 606/764/533
f 607/765/534 608/766/535 609/767/536
f 607/765/534 609/767/536 610/768/537
f 615/769/538 616/770/539 617/771/540
f 615/769/538 617/771/540 618/772/541
f 619/773/542 620/774/543 621/775/544
f 619/773/542 621/775/544 622/776/545
f 623/777/546 624/778/547 625/779/548
f 623/777/546 625/779/548 626/780/549
f 627/781/550 628/782/551 629/783/552
f 627/781/550 629/783/552 630/784/553
f 631/785/554 632/786/555 633/787/556
f 631/785/554 633/787/556 634/788/557
f 635/789/558 636/790/559 637/791/560
f 635/789/558 637/791/560 638/792/561
f 639/793/562 640/794/563 641/795/564
f 639/793/562 641/795/564 642/796/565
f 643/797/566 644/798/567 645/799/568
f 643/797/566 645/799/568 646/800/569
f 647/801/570 648/802/571 649/803/572
f 647/801/570 649/803/572 650/804/573
f 651/805/574 652/806/575 653/807/576
f 651/805/574 653/807/576 654/808/577
f 655/809/578 656/810/579 657/811/580
f 655/809/578 657/811/580 658/812/581
f 659/813/582 660/814/583 661/815/584
f 659/813/582 661/815/584 662/816/585
f 663/817/586 664/818/587 665/819/588
f 663/817/586 665/819/588 666/820/589
f 667/821/590 668/822/591 669/823/592
f 667/821/590 669/823/592 670/824/593
f 671/825/594 672/826/595 673/827/596
f 671/825/594 673/827/596 674/828/597
f 675/829/598 676/830/599 677/831/600
f 675/829/598 677/831/600 678/832/601
f 679/833/602 680/834/603 681/835/604
f 679/833/602 681/835/604 682/836/605
f 683/837/606 684/838/607 685/839/608
f 683/837/606 685/839/608 686/840/609
f 687/841/610 688/842/611 689/843/612
f 687/841/610 689/843/612 690/844/613
f 691/845/614 692/846/615 693/847/616
f 691/845/614 693/847/616 694/848/617
f 695/849/618 696/850/619 697/851/620
f 695/849/618 697/851/620 698/852/621
f 699/853/622 700/854/623 701/855/624
f 699/853/622 701/855/624 702/856/625
f 703/857/626 704/858/627 705/859/628
f 703/857/626 705/859/628 706/860/629
f 707/861/630 708/862/631 709/863/632
f 707/861/630 709/863/632 710/864/633
f 711/865/634 712/866/635 713/867/636
f 711/865/634 713/867/636 714/868/637
f 715/869/638 716/870/639 717/871/640
f 715/869/638 717/871/640 718/872/641
f 719/873/642 720/874/643 721/875/644
f 719/873/642 721/875/644 722/876/645
f 723/877/646 724/878/647 725/879/648
f 723/877/646 725/879/648 726/880/649
f 727/881/650 728/882/651 729/883/652
f 727/881/650 729/883/652 730/884/653
f 731/885/654 732/886/655 733/887/656
f 731/885/654 733/887/656 734/888/657
f 735/889/658 736/890/659 737/891/660
f 735/889/658 737/891/660 738/892/661
f 739/893/662 740/894/663 741/895/664
f 739/893/662 741/895/664 742/896/665
f 743/897/666 744/898/667 745/899/668
f 743/897/666 745/899/668 746/900/669
f 747/901/670 748/902/671 749/903/672
f 747/901/670 749/903/672 750/904/673
f 751/905/674 752/906/675 753/907/676
f 751/905/674 753/907/676 754/908/677
f 755/909/678 756/910/679 757/911/680
f 755/909/678 757/911/680 758/912/681
f 759/913/682 760/914/683 761/915/684
f 759/913/682 761/915/684 762/916/685
f 763/917/686 764/918/687 765/919/688
f 763/917/686 765/919/688 766/920/689
f 767/921/690 768/922/691 769/923/692
f 767/921/690 769/923/692 770/924/693
f 771/925/694 772/926/695 773/927/696
f 771/925/694 773/927/696 774/928/697
f 775/929/698 776/930/699 777/931/700
f 775/929/698 777/931/700 778/932/701
f 779/933/702 780/934/703 781/935/704
f 779/933/702 781/935/704 782/936/705
f 783/937/706 784/938/707 785/939/708
f 783/937/706 785/939/708 786/940/709
f 787/941/710 788/942/711 789/943/712
f 787/941/710 789/943/712 790/944/713
f 791/945/714 792/946/715 793/947/716
f 791/945/714 793/947/716 794/948/717
f 795/949/718 796/950/719 797/951/720
f 795/949/718 797/951/720 798/952/721
f 799/953/722 800/954/723 801/955/724
f 799/953/722 801/955/724 802/956/725
f 803/957/726 804/958/727 805/959/728
f 803/957/726 805/959/728 806/960/729
f 807/961/730 808/962/731 809/963/732
f 807/961/730 809/963/732 810/964/733
f 811/965/734 812/966/735 813/967/736
f 811/965/734 813/967/736 814/968/737
f 815/969/738 816/970/739 817/971/740
f 815/969/738 817/971/740 818/972/741
f 819/973/742 820/974/743 821/975/744
f 819/973/742 821/975/744 822/976/745
f 823/977/746 824/978/747 825/979/748
f 823/977/746 825/979/748 826/980/749
f 827/981/750 828/982/751 829/983/752
f 827/981/750 829/983/752 830/984/753
f 831/985/754 832/986/755 833/987/756
f 831/985/754 833/987/756 834/988/757
f 835/989/758 836/990/759 837/991/760
f 835/989/758 837/991/760 838/992/761
f 839/993/762 840/994/763 841/995/764
f 839/993/762 841/995/764 842/996/765
f 843/997/766 844/998/767 845/999/768
f 843/997/766 845/999/768 846/1000/769
f 847/1001/770 848/1002/771 849/1003/772
f 847/1001/770 849/1003/772 850/1004/773
f 851/1005/774 852/1006/775 853/1007/776
f 851/1005/774 853/1007/776 854/1008/777
f 855/1009/778 856/1010/779 857/1011/780
f 855/1009/778 857/1011/780 858/1012/781
f 859/1013/782 860/1014/783 861/1015/784
f 859/1013/782 861/1015/784 862/1016/785
f 863/1017/786 864/1018/787 865/1019/788
f 863/1017/786 865/1019/788 866/1020/789
f 867/1021/790 868/1022/791 869/1023/792
f 867/1021/790 869/1023/792 870/1024/793
f 871/1025/794 872/1026/795 873/1027/796
f 871/1025/794 873/1027/796 874/1028/797
f 875/1029/798 876/1030/799 877/1031/800
f 875/1029/798 877/1031/800 878/1032/801
f 879/1033/802 880/1034/803 881/1035/804
f 879/1033/802 881/1035/804 882/1036/805
f 883/1037/806 884/1038/807 885/1039/808
f 883/1037/806 885/1039/808 886/1040/809
f 887/1041/810 888/1042/811 889/1043/812
f 887/1041/810 889/1043/812 890/1044/813
f 891/1045/814 892/1046/815 893/1047/816
f 891/1045/814 893/1047/816 894/1048/817
f 895/1049/818 896/1050/819 897/1051/820
f 895/1049/818 897/1051/820 898/1052/821
f 899/1053/822 900/1054/823 901/1055/824
f 899/1053/822 901/1055/824 902/1056/825
f 903/1057/826 904/1058/827 905/1059/828
f 903/1057/826 905/1059/828 906/1060/829
f 907/1061/830 908/1062/831 909/1063/832
f 907/1061/830 909/1063/832 910/1064/833
f 911/1065/834 912/1066/835 913/1067/836
f 911/1065/834 913/1067/836 914/1068/837
f 915/1069/838 916/1070/839 917/1071/840
f 915/1069/838 917/1071/840 918/1072/841
f 919/1073/842 920/1074/843 921/1075/844
f 919/1073/842 921/1075/844 922/1076/845
f 923/1077/846 924/1078/847 925/1079/848
f 923/1077/846 925/1079/848 926/1080/849
f 927/1081/850 928/1082/851 929/1083/852
f 927/1081/850 929/1083/852 930/1084/853
f 931/1085/854 932/1086/855 933/1087/856
f 931/1085/854 933/1087/856 934/1088/857
f 935/1089/858 936/1090/859 937/1091/860
f 935/1089/858 937/1091/860 938/1092/861
f 939/1093/862 940/1094/863 941/1095/864
f 939/1093/862 941/1095/864 942/1096/865
f 943/1097/866 944/1098/867 945/1099/868
f 943/1097/866 945/1099/868 946/1100/869
f 947/1101/870 948/1102/871 949/1103/872
f 947/1101/870 949/1103/872 950/1104/873
f 951/1105/874 952/1106/875 953/1107/876
f 951/1105/874 953/1107/876 954/1108/877
usemtl Torch__Handling_Grip
s off
f 955/1109/878 956/1110/878 957/1111/878
f 955/1109/878 957/1111/878 958/1112/878
f 959/1113/879 960/1114/879 961/1115/879
f 959/1113/879 961/1115/879 962/1116/879
f 963/1117/880 964/1118/880 965/1119/880
f 963/1117/880 965/1119/880 966/1120/880
f 967/1121/881 968/1122/881 969/1123/881
f 967/1121/881 969/1123/881 970/1124/881
f 971/1125/882 972/1126/882 973/1127/882
f 971/1125/882 973/1127/882 974/1128/882
f 975/1129/883 976/1130/883 977/1131/883
f 975/1129/883 977/1131/883 978/1132/883
f 979/1133/884 980/1134/884 981/1135/884
f 979/1133/884 981/1135/884 982/1136/884
f 983/1137/885 984/1138/885 985/1139/885
f 983/1137/885 985/1139/885 986/1140/885
f 987/1141/886 988/1142/886 989/1143/886
f 987/1141/886 989/1143/886 990/1144/886
f 991/1145/887 992/1146/887 993/1147/887
f 991/1145/887 993/1147/887 994/1148/887
f 995/1149/888 996/1150/888 997/1151/888
f 995/1149/888 997/1151/888 998/1152/888
f 999/1153/889 1000/1154/889 1001/1155/889
f 999/1153/889 1001/1155/889 1002/1156/889
f 1003/1157/890 1004/1158/890 1005/1159/890
f 1003/1157/890 1005/1159/890 1006/1160/890
f 1007/1161/891 1008/1162/891 1009/1163/891
f 1007/1161/891 1009/1163/891 1010/1164/891
f 1011/1165/892 1012/1166/892 1013/1167/892
f 1011/1165/892 1013/1167/892 1014/1168/892
f 1015/1169/893 1016/1170/893 1017/1171/893
f 1015/1169/893 1017/1171/893 1018/1172/893
f 1019/1173/894 1020/1174/894 1021/1175/894
f 1019/1173/894 1021/1175/894 1022/1176/894
f 1023/1177/895 1024/1178/895 1025/1179/895
f 1023/1177/895 1025/1179/895 1026/1180/895
f 1027/1181/4 1028/1182/4 1029/1183/4
f 1027/1181/4 1029/1183/4 1030/1184/4
f 1028/1182/4 1031/1185/4 1032/1186/4
f 1028/1182/4 1032/1186/4 1029/1183/4
f 1031/1185/4 1033/1187/4 1034/1188/4
f 1031/1185/4 1034/1188/4 1032/1186/4
f 1033/1187/4 1035/1189/4 1036/1190/4
f 1033/1187/4 1036/1190/4 1034/1188/4
f 1035/1189/4 1037/1191/4 1038/1192/4
f 1035/1189/4 1038/1192/4 1036/1190/4
f 1037/1191/4 1039/1193/4 1040/1194/4
f 1037/1191/4 1040/1194/4 1038/1192/4
f 1039/1193/4 1041/1195/4 1042/1196/4
f 1039/1193/4 1042/1196/4 1040/1194/4
f 1041/1195/4 1027/1181/4 1030/1184/4
f 1041/1195/4 1030/1184/4 1042/1196/4
f 1043/1197/896 1044/1198/896 1045/1199/896
f 1043/1197/896 1045/1199/896 1046/1200/896
f 1051/1201/897 1052/1202/897 1053/1203/897
f 1051/1201/897 1053/1203/897 1054/1204/897
f 1055/1205/898 1056/1206/898 1057/1207/898
f 1055/1205/898 1057/1207/898 1058/1208/898
f 1059/1209/899 1060/1210/899 1061/1211/899
f 1059/1209/899 1061/1211/899 1062/1212/899
f 1063/1213/900 1064/1214/900 1065/1215/900
f 1063/1213/900 1065/1215/900 1066/1216/900
f 1071/1217/2 1072/1218/2 1073/1219/2
f 1071/1217/2 1073/1219/2 1074/1220/2
f 1075/1221/2 1076/1222/2 1077/1223/2
f 1075/1221/2 1077/1223/2 1078/1224/2
f 1079/1225/2 1080/1226/2 1081/1227/2
f 1079/1225/2 1081/1227/2 1082/1228/2
f 1083/1229/4 1084/1230/4 1085/1231/4
f 1083/1229/4 1085/1231/4 1086/1232/4
f 1087/1233/2 1088/1234/2 1089/1235/2
f 1087/1233/2 1089/1235/2 1090/1236/2
f 1091/1237/4 1092/1238/4 1093/1239/4
f 1091/1237/4 1093/1239/4 1094/1240/4
f 1072/1218/2 1095/1241/2 1096/1242/2
f 1072/1218/2 1096/1242/2 1073/1219/2
f 1097/1243/2 1075/1221/2 1078/1224/2
f 1097/1243/2 1078/1224/2 1098/1244/2
f 1099/1245/901 1100/1246/901 1101/1247/901
f 1099/1245/901 1101/1247/901 1102/1248/901
f 1103/1249/902 1104/1250/902 1105/1251/902
f 1103/1249/902 1105/1251/902 1106/1252/902
f 1107/1253/903 1108/1254/903 1109/1255/903
f 1107/1253/903 1109/1255/903 1110/1256/903
f 1111/1257/904 1112/1258/904 1113/1259/904
f 1111/1257/904 1113/1259/904 1114/1260/904
f 1115/1261/905 1116/1262/905 1117/1263/905
f 1115/1261/905 1117/1263/905 1118/1264/905
f 1119/1265/906 1120/1266/906 1121/1267/906
f 1119/1265/906 1121/1267/906 1122/1268/906
f 1123/1269/907 1124/1270/907 1125/1271/907
f 1123/1269/907 1125/1271/907 1126/1272/907
f 1127/1273/4 1128/1274/4 1129/1275/4
f 1127/1273/4 1129/1275/4 1130/1276/4
f 1131/1277/4 1132/1278/4 1133/1279/4
f 1131/1277/4 1133/1279/4 1134/1280/4
f 1135/1281/2 1079/1225/2 1082/1228/2
f 1135/1281/2 1082/1228/2 1136/1282/2
f 1137/1283/4 1138/1284/4 1139/1285/4
f 1137/1283/4 1139/1285/4 1140/1286/4
f 1141/1287/4 1142/1288/4 1143/1289/4
f 1141/1287/4 1143/1289/4 1144/1290/4
f 1092/1238/4 1145/1291/4 1146/1292/4
f 1092/1238/4 1146/1292/4 1093/1239/4
f 1088/1234/2 1147/1293/2 1148/1294/2
f 1088/1234/2 1148/1294/2 1089/1235/2
f 1142/1288/4 1149/1295/4 1150/1296/4
f 1142/1288/4 1150/1296/4 1143/1289/4
f 1155/1297/4 1153/1298/4 1154/1299/4
f 1153/1298/4 1155/1297/4 1156/1300/4
f 1153/1298/4 1156/1300/4 1152/1301/4
f 1152/1301/4 1156/1300/4 1157/1302/4
f 1152/1301/4 1157/1302/4 1151/1303/4
f 1151/1303/4 1157/1302/4 1158/1304/4
s 1
f 1047/1305/908 1048/1306/908 1049/1307/908
f 1047/1305/908 1049/1307/908 1050/1308/908
f 1067/1309/909 1068/1310/909 1069/1311/909
f 1067/1309/909 1069/1311/909 1070/1312/909
usemtl Torch__Base_Wood
s off
f 1159/1313/910 1160/1314/910 1161/1315/910
f 1159/1313/910 1161/1315/910 1162/1316/910
f 1163/1317/911 1164/1318/911 1165/1319/911
f 1163/1317/911 1165/1319/911 1166/1320/911
f 1167/1321/911 1168/1322/911 1169/1323/911
f 1167/1321/911 1169/1323/911 1170/1324/911
f 1171/1325/912 1172/1326/912 1173/1327/912
f 1171/1325/912 1173/1327/912 1174/1328/912
f 1175/1329/913 1176/1330/913 1177/1331/913
f 1175/1329/913 1177/1331/913 1178/1332/913
f 1179/1333/914 1180/1334/914 1181/1335/914
f 1179/1333/914 1181/1335/914 1182/1336/914
f 1183/1337/914 1184/1338/914 1185/1339/914
f 1183/1337/914 1185/1339/914 1186/1340/914
f 1187/1341/915 1188/1342/915 1189/1343/915
f 1187/1341/915 1189/1343/915 1190/1344/915
f 1191/1345/916 1192/1346/916 1193/1347/916
f 1191/1345/916 1193/1347/916 1194/1348/916
f 1195/1349/916 1196/1350/916 1197/1351/916
f 1195/1349/916 1197/1351/916 1198/1352/916
f 1199/1353/912 1200/1354/912 1201/1355/912
f 1199/1353/912 1201/1355/912 1202/1356/912
f 1203/1357/915 1204/1358/915 1205/1359/915
f 1203/1357/915 1205/1359/915 1206/1360/915
f 1207/1361/910 1208/1362/910 1209/1363/910
f 1207/1361/910 1209/1363/910 1210/1364/910
f 1211/1365/917 1212/1366/917 1213/1367/917
f 1211/1365/917 1213/1367/917 1214/1368/917
f 1215/1369/917 1216/1370/917 1217/1371/917
f 1215/1369/917 1217/1371/917 1218/1372/917
f 1219/1373/913 1220/1374/913 1221/1375/913
f 1219/1373/913 1221/1375/913 1222/1376/913
f 1230/1377/2 1228/1378/2 1229/1379/2
f 1228/1378/2 1230/1377/2 1223/1380/2
f 1228/1378/2 1223/1380/2 1227/1381/2
f 1227/1381/2 1223/1380/2 1224/1382/2
f 1227/1381/2 1224/1382/2 1226/1383/2
f 1226/1383/2 1224/1382/2 1225/1384/2
