# Blender v2.92.0 OBJ File: 'untitled.blend'
# www.blender.org
mtllib medium.mtl
o pLay_Play
v 0.931178 0.037707 0.239195
v 0.947055 0.037707 0.256094
v 0.961863 0.037707 0.274198
v 0.975542 0.037707 0.293381
v 0.988032 0.037707 0.313518
v 0.999276 0.037707 0.334480
v 1.009212 0.037707 0.356143
v 1.017783 0.037707 0.378380
v 1.024928 0.037707 0.401064
v 1.030589 0.037707 0.424070
v 1.034706 0.037707 0.447271
v 1.037220 0.037707 0.470541
v 1.038071 0.037707 0.493753
v 1.037220 0.037707 0.516966
v 1.034706 0.037707 0.540236
v 1.030589 0.037707 0.563437
v 1.024928 0.037707 0.586443
v 1.017783 0.037707 0.609127
v 1.009212 0.037707 0.631364
v 0.999276 0.037707 0.653027
v 0.988032 0.037707 0.673989
v 0.975542 0.037707 0.694125
v 0.961863 0.037707 0.713309
v 0.947055 0.037707 0.731413
v 0.931178 0.037707 0.748312
v 0.901975 0.037707 0.748312
v 0.914764 0.037707 0.730277
v 0.926410 0.037707 0.711702
v 0.936920 0.037707 0.692576
v 0.946300 0.037707 0.672887
v 0.954554 0.037707 0.652625
v 0.961689 0.037707 0.631777
v 0.967711 0.037707 0.610332
v 0.972625 0.037707 0.588279
v 0.976437 0.037707 0.565606
v 0.979153 0.037707 0.542302
v 0.980778 0.037707 0.518355
v 0.981318 0.037707 0.493753
v 0.980778 0.037707 0.469152
v 0.979153 0.037707 0.445205
v 0.976437 0.037707 0.421901
v 0.972625 0.037707 0.399228
v 0.967711 0.037707 0.377174
v 0.961689 0.037707 0.355730
v 0.954554 0.037707 0.334882
v 0.946300 0.037707 0.314620
v 0.936920 0.037707 0.294931
v 0.926410 0.037707 0.275805
v 0.914764 0.037707 0.257230
v 0.901975 0.037707 0.239195
v 0.552095 0.037707 0.406697
v 0.558397 0.037707 0.400635
v 0.564635 0.037707 0.395121
v 0.570811 0.037707 0.390150
v 0.576930 0.037707 0.385718
v 0.582996 0.037707 0.381822
v 0.589011 0.037707 0.378458
v 0.594981 0.037707 0.375622
v 0.600909 0.037707 0.373311
v 0.606798 0.037707 0.371519
v 0.612653 0.037707 0.370244
v 0.618477 0.037707 0.369482
v 0.624275 0.037707 0.369229
v 0.632010 0.037707 0.369550
v 0.639501 0.037707 0.370507
v 0.646737 0.037707 0.372096
v 0.653702 0.037707 0.374310
v 0.660384 0.037707 0.377145
v 0.666770 0.037707 0.380593
v 0.672846 0.037707 0.384650
v 0.678599 0.037707 0.389310
v 0.684015 0.037707 0.394566
v 0.689080 0.037707 0.400414
v 0.693783 0.037707 0.406847
v 0.698108 0.037707 0.413859
v 0.703575 0.037707 0.407888
v 0.709243 0.037707 0.402136
v 0.715129 0.037707 0.396658
v 0.721250 0.037707 0.391514
v 0.727623 0.037707 0.386759
v 0.734267 0.037707 0.382453
v 0.741197 0.037707 0.378651
v 0.748432 0.037707 0.375412
v 0.755988 0.037707 0.372793
v 0.763883 0.037707 0.370851
v 0.772133 0.037707 0.369644
v 0.780757 0.037707 0.369229
v 0.792905 0.037707 0.370022
v 0.804248 0.037707 0.372356
v 0.814738 0.037707 0.376168
v 0.824326 0.037707 0.381392
v 0.832966 0.037707 0.387962
v 0.840609 0.037707 0.395814
v 0.847207 0.037707 0.404884
v 0.852713 0.037707 0.415104
v 0.857078 0.037707 0.426412
v 0.860255 0.037707 0.438741
v 0.862197 0.037707 0.452027
v 0.862855 0.037707 0.466204
v 0.862855 0.037707 0.621584
v 0.813816 0.037707 0.621584
v 0.813816 0.037707 0.468408
v 0.813345 0.037707 0.459399
v 0.811972 0.037707 0.451113
v 0.809762 0.037707 0.443561
v 0.806776 0.037707 0.436756
v 0.803079 0.037707 0.430709
v 0.798733 0.037707 0.425430
v 0.793802 0.037707 0.420932
v 0.788348 0.037707 0.417227
v 0.782436 0.037707 0.414324
v 0.776127 0.037707 0.412237
v 0.769485 0.037707 0.410976
v 0.762574 0.037707 0.410554
v 0.758470 0.037707 0.410708
v 0.754169 0.037707 0.411426
v 0.749703 0.037707 0.412671
v 0.745106 0.037707 0.414410
v 0.740409 0.037707 0.416609
v 0.735644 0.037707 0.419232
v 0.730846 0.037707 0.422245
v 0.726045 0.037707 0.425614
v 0.721276 0.037707 0.429305
v 0.716569 0.037707 0.433282
v 0.711958 0.037707 0.437512
v 0.707475 0.037707 0.441960
v 0.707475 0.037707 0.621584
v 0.658437 0.037707 0.621584
v 0.658437 0.037707 0.467857
v 0.658021 0.037707 0.458280
v 0.656814 0.037707 0.449646
v 0.654872 0.037707 0.441934
v 0.652253 0.037707 0.435124
v 0.649014 0.037707 0.429193
v 0.645213 0.037707 0.424122
v 0.640906 0.037707 0.419888
v 0.636152 0.037707 0.416472
v 0.631007 0.037707 0.413851
v 0.625530 0.037707 0.412005
v 0.619777 0.037707 0.410913
v 0.613806 0.037707 0.410554
v 0.607773 0.037707 0.410719
v 0.602041 0.037707 0.411235
v 0.596570 0.037707 0.412129
v 0.591317 0.037707 0.413431
v 0.586240 0.037707 0.415169
v 0.581298 0.037707 0.417372
v 0.576446 0.037707 0.420069
v 0.571645 0.037707 0.423288
v 0.566851 0.037707 0.427057
v 0.562023 0.037707 0.431407
v 0.557118 0.037707 0.436365
v 0.552095 0.037707 0.441960
v 0.552095 0.037707 0.621584
v 0.503057 0.037707 0.621584
v 0.503057 0.037707 0.374188
v 0.552095 0.037707 0.374188
v 0.386797 0.037707 0.590177
v 0.381535 0.037707 0.595523
v 0.375974 0.037707 0.600524
v 0.370155 0.037707 0.605157
v 0.364125 0.037707 0.609401
v 0.357926 0.037707 0.613231
v 0.351602 0.037707 0.616625
v 0.345199 0.037707 0.619560
v 0.338759 0.037707 0.622012
v 0.332326 0.037707 0.623960
v 0.325945 0.037707 0.625379
v 0.319660 0.037707 0.626248
v 0.313515 0.037707 0.626543
v 0.301302 0.037707 0.625802
v 0.289779 0.037707 0.623599
v 0.279018 0.037707 0.619965
v 0.269089 0.037707 0.614931
v 0.260063 0.037707 0.608527
v 0.252010 0.037707 0.600784
v 0.245003 0.037707 0.591732
v 0.239111 0.037707 0.581402
v 0.234404 0.037707 0.569825
v 0.230955 0.037707 0.557031
v 0.228834 0.037707 0.543051
v 0.228111 0.037707 0.527915
v 0.228111 0.037707 0.374188
v 0.277149 0.037707 0.374188
v 0.277149 0.037707 0.531221
v 0.277505 0.037707 0.539586
v 0.278570 0.037707 0.547315
v 0.280344 0.037707 0.554389
v 0.282823 0.037707 0.560791
v 0.286006 0.037707 0.566505
v 0.289891 0.037707 0.571512
v 0.294477 0.037707 0.575797
v 0.299761 0.037707 0.579341
v 0.305741 0.037707 0.582128
v 0.312416 0.037707 0.584139
v 0.319783 0.037707 0.585359
v 0.327841 0.037707 0.585769
v 0.333326 0.037707 0.585518
v 0.338751 0.037707 0.584767
v 0.344104 0.037707 0.583522
v 0.349370 0.037707 0.581790
v 0.354538 0.037707 0.579575
v 0.359592 0.037707 0.576885
v 0.364520 0.037707 0.573723
v 0.369308 0.037707 0.570097
v 0.373943 0.037707 0.566011
v 0.378412 0.037707 0.561472
v 0.382701 0.037707 0.556485
v 0.386797 0.037707 0.551057
v 0.386797 0.037707 0.374188
v 0.435835 0.037707 0.374188
v 0.435835 0.037707 0.621584
v 0.386797 0.037707 0.621584
v 0.110199 0.037707 0.621584
v 0.110199 0.037707 0.374188
v 0.159237 0.037707 0.374188
v 0.159237 0.037707 0.621584
v 0.131062 0.037707 0.328186
v 0.127282 0.037707 0.327402
v 0.123689 0.037707 0.326140
v 0.120321 0.037707 0.324435
v 0.117212 0.037707 0.322325
v 0.114400 0.037707 0.319846
v 0.111921 0.037707 0.317034
v 0.109811 0.037707 0.313926
v 0.108107 0.037707 0.310557
v 0.106844 0.037707 0.306964
v 0.106060 0.037707 0.303184
v 0.105791 0.037707 0.299253
v 0.106060 0.037707 0.295322
v 0.106844 0.037707 0.291542
v 0.108107 0.037707 0.287949
v 0.109811 0.037707 0.284580
v 0.111921 0.037707 0.281472
v 0.114400 0.037707 0.278660
v 0.117212 0.037707 0.276180
v 0.120321 0.037707 0.274071
v 0.123689 0.037707 0.272366
v 0.127282 0.037707 0.271104
v 0.131062 0.037707 0.270320
v 0.134993 0.037707 0.270050
v 0.138925 0.037707 0.270320
v 0.142705 0.037707 0.271104
v 0.146297 0.037707 0.272366
v 0.149666 0.037707 0.274071
v 0.152775 0.037707 0.276180
v 0.155587 0.037707 0.278660
v 0.158066 0.037707 0.281472
v 0.160176 0.037707 0.284580
v 0.161880 0.037707 0.287949
v 0.163142 0.037707 0.291542
v 0.163926 0.037707 0.295322
v 0.164196 0.037707 0.299253
v 0.163926 0.037707 0.303184
v 0.163142 0.037707 0.306964
v 0.161880 0.037707 0.310557
v 0.160176 0.037707 0.313926
v 0.158066 0.037707 0.317034
v 0.155587 0.037707 0.319846
v 0.152775 0.037707 0.322325
v 0.149666 0.037707 0.324435
v 0.146297 0.037707 0.326140
v 0.142705 0.037707 0.327402
v 0.138924 0.037707 0.328186
v 0.134993 0.037707 0.328456
v -0.062262 0.037707 0.621584
v -0.080136 0.037707 0.620551
v -0.096796 0.037707 0.617502
v -0.112179 0.037707 0.612510
v -0.126218 0.037707 0.605646
v -0.138850 0.037707 0.596984
v -0.150008 0.037707 0.586596
v -0.159628 0.037707 0.574555
v -0.167645 0.037707 0.560934
v -0.173993 0.037707 0.545805
v -0.178608 0.037707 0.529241
v -0.181425 0.037707 0.511316
v -0.182379 0.037707 0.492100
v -0.181329 0.037707 0.474636
v -0.178249 0.037707 0.458128
v -0.173244 0.037707 0.442683
v -0.166420 0.037707 0.428410
v -0.157882 0.037707 0.415414
v -0.147735 0.037707 0.403804
v -0.136084 0.037707 0.393686
v -0.123035 0.037707 0.385167
v -0.108692 0.037707 0.378355
v -0.093161 0.037707 0.373356
v -0.076548 0.037707 0.370279
v -0.058956 0.037707 0.369229
v -0.054844 0.037707 0.369287
v -0.050758 0.037707 0.369466
v -0.046679 0.037707 0.369771
v -0.042590 0.037707 0.370209
v -0.038469 0.037707 0.370784
v -0.034299 0.037707 0.371502
v -0.030060 0.037707 0.372370
v -0.025733 0.037707 0.373392
v -0.021299 0.037707 0.374575
v -0.016739 0.037707 0.375925
v -0.012033 0.037707 0.377447
v -0.007163 0.037707 0.379147
v -0.007163 0.037707 0.245807
v 0.041875 0.037707 0.245807
v 0.041875 0.037707 0.621584
v -0.011219 0.037707 0.421102
v -0.015142 0.037707 0.419686
v -0.018958 0.037707 0.418422
v -0.022693 0.037707 0.417308
v -0.026374 0.037707 0.416340
v -0.030029 0.037707 0.415512
v -0.033684 0.037707 0.414823
v -0.037365 0.037707 0.414268
v -0.041101 0.037707 0.413842
v -0.044916 0.037707 0.413543
v -0.048839 0.037707 0.413367
v -0.052895 0.037707 0.413308
v -0.064411 0.037707 0.414011
v -0.075226 0.037707 0.416079
v -0.085283 0.037707 0.419455
v -0.094526 0.037707 0.424083
v -0.102896 0.037707 0.429905
v -0.110336 0.037707 0.436863
v -0.116789 0.037707 0.444901
v -0.122198 0.037707 0.453960
v -0.126505 0.037707 0.463983
v -0.129652 0.037707 0.474913
v -0.131582 0.037707 0.486692
v -0.132238 0.037707 0.499263
v -0.131837 0.037707 0.510580
v -0.130588 0.037707 0.521334
v -0.128424 0.037707 0.531445
v -0.125279 0.037707 0.540833
v -0.121086 0.037707 0.549417
v -0.115777 0.037707 0.557118
v -0.109286 0.037707 0.563854
v -0.101546 0.037707 0.569546
v -0.092489 0.037707 0.574112
v -0.082049 0.037707 0.577474
v -0.070159 0.037707 0.579550
v -0.056752 0.037707 0.580259
v -0.007163 0.037707 0.580259
v -0.007163 0.037707 0.422675
v -0.236604 0.037707 0.602082
v -0.243942 0.037707 0.606391
v -0.251287 0.037707 0.610271
v -0.258701 0.037707 0.613727
v -0.266246 0.037707 0.616762
v -0.273981 0.037707 0.619380
v -0.281969 0.037707 0.621584
v -0.290271 0.037707 0.623380
v -0.298948 0.037707 0.624769
v -0.308061 0.037707 0.625757
v -0.317672 0.037707 0.626347
v -0.327841 0.037707 0.626543
v -0.346409 0.037707 0.625256
v -0.363523 0.037707 0.621533
v -0.379152 0.037707 0.615574
v -0.393266 0.037707 0.607584
v -0.405834 0.037707 0.597765
v -0.416826 0.037707 0.586320
v -0.426211 0.037707 0.573452
v -0.433958 0.037707 0.559362
v -0.440037 0.037707 0.544255
v -0.444417 0.037707 0.528333
v -0.447067 0.037707 0.511799
v -0.447957 0.037707 0.494855
v -0.446985 0.037707 0.476642
v -0.444131 0.037707 0.459531
v -0.439486 0.037707 0.443613
v -0.433142 0.037707 0.428981
v -0.425191 0.037707 0.415727
v -0.415724 0.037707 0.403942
v -0.404834 0.037707 0.393718
v -0.392613 0.037707 0.385147
v -0.379152 0.037707 0.378320
v -0.364543 0.037707 0.373331
v -0.348878 0.037707 0.370270
v -0.332249 0.037707 0.369229
v -0.316361 0.037707 0.370160
v -0.301523 0.037707 0.372958
v -0.287799 0.037707 0.377632
v -0.275252 0.037707 0.384188
v -0.263944 0.037707 0.392634
v -0.253939 0.037707 0.402977
v -0.245300 0.037707 0.415227
v -0.238090 0.037707 0.429389
v -0.232373 0.037707 0.445473
v -0.228211 0.037707 0.463485
v -0.225667 0.037707 0.483433
v -0.224805 0.037707 0.505324
v -0.398919 0.037707 0.505324
v -0.396566 0.037707 0.517089
v -0.393368 0.037707 0.527861
v -0.389328 0.037707 0.537635
v -0.384450 0.037707 0.546404
v -0.378738 0.037707 0.554163
v -0.372196 0.037707 0.560906
v -0.364827 0.037707 0.566627
v -0.356635 0.037707 0.571321
v -0.347625 0.037707 0.574982
v -0.337799 0.037707 0.577604
v -0.327163 0.037707 0.579181
v -0.315719 0.037707 0.579708
v -0.308314 0.037707 0.579481
v -0.300970 0.037707 0.578805
v -0.293679 0.037707 0.577694
v -0.286435 0.037707 0.576157
v -0.279228 0.037707 0.574208
v -0.272053 0.037707 0.571857
v -0.264900 0.037707 0.569115
v -0.257763 0.037707 0.565995
v -0.250633 0.037707 0.562507
v -0.243503 0.037707 0.558663
v -0.236366 0.037707 0.554476
v -0.229213 0.037707 0.549955
v -0.229213 0.037707 0.597340
v -0.274115 0.037707 0.463742
v -0.275741 0.037707 0.455276
v -0.278148 0.037707 0.447453
v -0.281312 0.037707 0.440307
v -0.285212 0.037707 0.433873
v -0.289822 0.037707 0.428185
v -0.295122 0.037707 0.423278
v -0.301087 0.037707 0.419186
v -0.307695 0.037707 0.415943
v -0.314923 0.037707 0.413584
v -0.322748 0.037707 0.412143
v -0.331147 0.037707 0.411655
v -0.340203 0.037707 0.412112
v -0.348636 0.037707 0.413469
v -0.356441 0.037707 0.415710
v -0.363614 0.037707 0.418818
v -0.370153 0.037707 0.422776
v -0.376053 0.037707 0.427565
v -0.381309 0.037707 0.433170
v -0.385919 0.037707 0.439572
v -0.389879 0.037707 0.446755
v -0.393184 0.037707 0.454702
v -0.395832 0.037707 0.463394
v -0.397817 0.037707 0.472816
v -0.273292 0.037707 0.472816
v -0.813817 0.037707 0.406697
v -0.807514 0.037707 0.400635
v -0.801276 0.037707 0.395121
v -0.795100 0.037707 0.390150
v -0.788981 0.037707 0.385718
v -0.782916 0.037707 0.381822
v -0.776900 0.037707 0.378458
v -0.770930 0.037707 0.375622
v -0.765003 0.037707 0.373311
v -0.759113 0.037707 0.371519
v -0.753258 0.037707 0.370244
v -0.747434 0.037707 0.369482
v -0.741636 0.037707 0.369229
v -0.733902 0.037707 0.369550
v -0.726410 0.037707 0.370507
v -0.719175 0.037707 0.372096
v -0.712209 0.037707 0.374310
v -0.705527 0.037707 0.377145
v -0.699141 0.037707 0.380593
v -0.693065 0.037707 0.384650
v -0.687313 0.037707 0.389310
v -0.681897 0.037707 0.394566
v -0.676831 0.037707 0.400414
v -0.672129 0.037707 0.406847
v -0.667803 0.037707 0.413859
v -0.662337 0.037707 0.407888
v -0.656669 0.037707 0.402136
v -0.650783 0.037707 0.396658
v -0.644662 0.037707 0.391514
v -0.638288 0.037707 0.386759
v -0.631645 0.037707 0.382453
v -0.624714 0.037707 0.378651
v -0.617479 0.037707 0.375412
v -0.609923 0.037707 0.372793
v -0.602029 0.037707 0.370851
v -0.593778 0.037707 0.369644
v -0.585155 0.037707 0.369229
v -0.573006 0.037707 0.370022
v -0.561663 0.037707 0.372356
v -0.551174 0.037707 0.376168
v -0.541585 0.037707 0.381392
v -0.532946 0.037707 0.387962
v -0.525303 0.037707 0.395814
v -0.518705 0.037707 0.404884
v -0.513199 0.037707 0.415104
v -0.508833 0.037707 0.426412
v -0.505656 0.037707 0.438741
v -0.503714 0.037707 0.452027
v -0.503057 0.037707 0.466204
v -0.503057 0.037707 0.621584
v -0.552095 0.037707 0.621584
v -0.552095 0.037707 0.468408
v -0.552567 0.037707 0.459399
v -0.553939 0.037707 0.451113
v -0.556150 0.037707 0.443561
v -0.559135 0.037707 0.436756
v -0.562833 0.037707 0.430709
v -0.567178 0.037707 0.425430
v -0.572110 0.037707 0.420932
v -0.577563 0.037707 0.417227
v -0.583476 0.037707 0.414324
v -0.589784 0.037707 0.412237
v -0.596426 0.037707 0.410976
v -0.603337 0.037707 0.410554
v -0.607441 0.037707 0.410708
v -0.611742 0.037707 0.411426
v -0.616208 0.037707 0.412671
v -0.620806 0.037707 0.414410
v -0.625503 0.037707 0.416609
v -0.630267 0.037707 0.419232
v -0.635066 0.037707 0.422245
v -0.639866 0.037707 0.425614
v -0.644636 0.037707 0.429305
v -0.649343 0.037707 0.433282
v -0.653954 0.037707 0.437512
v -0.658437 0.037707 0.441960
v -0.658437 0.037707 0.621584
v -0.707475 0.037707 0.621584
v -0.707475 0.037707 0.467857
v -0.707890 0.037707 0.458280
v -0.709097 0.037707 0.449646
v -0.711039 0.037707 0.441934
v -0.713658 0.037707 0.435124
v -0.716897 0.037707 0.429193
v -0.720699 0.037707 0.424122
v -0.725005 0.037707 0.419888
v -0.729760 0.037707 0.416472
v -0.734904 0.037707 0.413851
v -0.740381 0.037707 0.412005
v -0.746134 0.037707 0.410913
v -0.752105 0.037707 0.410554
v -0.758139 0.037707 0.410719
v -0.763870 0.037707 0.411235
v -0.769341 0.037707 0.412129
v -0.774594 0.037707 0.413431
v -0.779671 0.037707 0.415169
v -0.784614 0.037707 0.417372
v -0.789465 0.037707 0.420069
v -0.794267 0.037707 0.423288
v -0.799060 0.037707 0.427057
v -0.803888 0.037707 0.431407
v -0.808793 0.037707 0.436365
v -0.813817 0.037707 0.441960
v -0.813817 0.037707 0.621584
v -0.862855 0.037707 0.621584
v -0.862855 0.037707 0.374188
v -0.813817 0.037707 0.374188
v -0.931178 0.037707 0.748312
v -0.947055 0.037707 0.731413
v -0.961863 0.037707 0.713309
v -0.975542 0.037707 0.694125
v -0.988032 0.037707 0.673989
v -0.999276 0.037707 0.653027
v -1.009212 0.037707 0.631364
v -1.017783 0.037707 0.609127
v -1.024928 0.037707 0.586443
v -1.030589 0.037707 0.563437
v -1.034706 0.037707 0.540236
v -1.037220 0.037707 0.516966
v -1.038071 0.037707 0.493753
v -1.037220 0.037707 0.470541
v -1.034706 0.037707 0.447271
v -1.030589 0.037707 0.424070
v -1.024928 0.037707 0.401064
v -1.017783 0.037707 0.378380
v -1.009212 0.037707 0.356143
v -0.999276 0.037707 0.334480
v -0.988032 0.037707 0.313518
v -0.975542 0.037707 0.293381
v -0.961863 0.037707 0.274198
v -0.947055 0.037707 0.256094
v -0.931178 0.037707 0.239195
v -0.901975 0.037707 0.239195
v -0.914764 0.037707 0.257230
v -0.926410 0.037707 0.275805
v -0.936920 0.037707 0.294931
v -0.946300 0.037707 0.314620
v -0.954554 0.037707 0.334882
v -0.961689 0.037707 0.355730
v -0.967711 0.037707 0.377174
v -0.972625 0.037707 0.399228
v -0.976437 0.037707 0.421901
v -0.979153 0.037707 0.445205
v -0.980778 0.037707 0.469152
v -0.981318 0.037707 0.493753
v -0.980778 0.037707 0.518355
v -0.979153 0.037707 0.542302
v -0.976437 0.037707 0.565606
v -0.972625 0.037707 0.588279
v -0.967711 0.037707 0.610332
v -0.961689 0.037707 0.631777
v -0.954554 0.037707 0.652625
v -0.946300 0.037707 0.672887
v -0.936920 0.037707 0.692576
v -0.926410 0.037707 0.711702
v -0.914764 0.037707 0.730277
v -0.901975 0.037707 0.748312
v 0.209377 0.037707 0.197319
v 0.293679 0.037707 0.017696
v 0.197806 0.037707 -0.176805
v 0.253457 0.037707 -0.176805
v 0.320127 0.037707 -0.037404
v 0.384042 0.037707 -0.176805
v 0.439141 0.037707 -0.176805
v 0.263926 0.037707 0.197319
v 0.183607 0.037707 0.059770
v 0.178708 0.037707 0.062859
v 0.174226 0.037707 0.065555
v 0.170094 0.037707 0.067877
v 0.166245 0.037707 0.069847
v 0.162612 0.037707 0.071486
v 0.159128 0.037707 0.072816
v 0.155727 0.037707 0.073856
v 0.152341 0.037707 0.074629
v 0.148903 0.037707 0.075154
v 0.145347 0.037707 0.075455
v 0.141605 0.037707 0.075550
v 0.136438 0.037707 0.075388
v 0.131675 0.037707 0.074897
v 0.127305 0.037707 0.074069
v 0.123320 0.037707 0.072897
v 0.119711 0.037707 0.071373
v 0.116466 0.037707 0.069489
v 0.113578 0.037707 0.067238
v 0.111035 0.037707 0.064612
v 0.108830 0.037707 0.061603
v 0.106951 0.037707 0.058204
v 0.105390 0.037707 0.054407
v 0.104138 0.037707 0.050204
v 0.098743 0.037707 0.054291
v 0.093307 0.037707 0.058012
v 0.087832 0.037707 0.061370
v 0.082322 0.037707 0.064367
v 0.076783 0.037707 0.067003
v 0.071216 0.037707 0.069282
v 0.065626 0.037707 0.071205
v 0.060017 0.037707 0.072775
v 0.054393 0.037707 0.073992
v 0.048758 0.037707 0.074859
v 0.043115 0.037707 0.075377
v 0.037468 0.037707 0.075550
v 0.028636 0.037707 0.074968
v 0.020351 0.037707 0.073280
v 0.012656 0.037707 0.070574
v 0.005592 0.037707 0.066938
v -0.000799 0.037707 0.062461
v -0.006474 0.037707 0.057229
v -0.011392 0.037707 0.051332
v -0.015509 0.037707 0.044858
v -0.018785 0.037707 0.037893
v -0.021177 0.037707 0.030527
v -0.022644 0.037707 0.022847
v -0.023142 0.037707 0.014941
v -0.022241 0.037707 0.003373
v -0.019652 0.037707 -0.006887
v -0.015548 0.037707 -0.015958
v -0.010102 0.037707 -0.023955
v -0.003484 0.037707 -0.030996
v 0.004132 0.037707 -0.037197
v 0.012575 0.037707 -0.042675
v 0.021672 0.037707 -0.047546
v 0.031252 0.037707 -0.051927
v 0.041141 0.037707 -0.055936
v 0.051168 0.037707 -0.059688
v 0.061160 0.037707 -0.063300
v 0.104689 0.037707 -0.078728
v 0.104689 0.037707 -0.091952
v 0.104379 0.037707 -0.099290
v 0.103449 0.037707 -0.105890
v 0.101899 0.037707 -0.111770
v 0.099730 0.037707 -0.116951
v 0.096940 0.037707 -0.121450
v 0.093531 0.037707 -0.125287
v 0.089502 0.037707 -0.128481
v 0.084853 0.037707 -0.131052
v 0.079584 0.037707 -0.133018
v 0.073695 0.037707 -0.134399
v 0.067187 0.037707 -0.135213
v 0.060058 0.037707 -0.135480
v 0.053300 0.037707 -0.135215
v 0.046533 0.037707 -0.134412
v 0.039775 0.037707 -0.133061
v 0.033039 0.037707 -0.131154
v 0.026342 0.037707 -0.128681
v 0.019698 0.037707 -0.125631
v 0.013123 0.037707 -0.121997
v 0.006632 0.037707 -0.117767
v 0.000241 0.037707 -0.112933
v -0.006035 0.037707 -0.107484
v -0.012182 0.037707 -0.101412
v -0.018183 0.037707 -0.094707
v -0.018183 0.037707 -0.148153
v -0.013200 0.037707 -0.153560
v -0.007892 0.037707 -0.158487
v -0.002256 0.037707 -0.162935
v 0.003714 0.037707 -0.166907
v 0.010021 0.037707 -0.170405
v 0.016668 0.037707 -0.173430
v 0.023659 0.037707 -0.175984
v 0.030998 0.037707 -0.178070
v 0.038690 0.037707 -0.179689
v 0.046737 0.037707 -0.180843
v 0.055145 0.037707 -0.181534
v 0.063915 0.037707 -0.181764
v 0.076215 0.037707 -0.181233
v 0.087978 0.037707 -0.179626
v 0.099101 0.037707 -0.176925
v 0.109484 0.037707 -0.173111
v 0.119026 0.037707 -0.168164
v 0.127624 0.037707 -0.162066
v 0.135177 0.037707 -0.154796
v 0.141585 0.037707 -0.146337
v 0.146745 0.037707 -0.136668
v 0.150556 0.037707 -0.125772
v 0.152917 0.037707 -0.113628
v 0.153727 0.037707 -0.100217
v 0.153727 0.037707 0.027063
v 0.153796 0.037707 0.029280
v 0.154000 0.037707 0.031254
v 0.154338 0.037707 0.032994
v 0.154809 0.037707 0.034511
v 0.155409 0.037707 0.035814
v 0.156138 0.037707 0.036912
v 0.156992 0.037707 0.037814
v 0.157972 0.037707 0.038531
v 0.159073 0.037707 0.039072
v 0.160296 0.037707 0.039447
v 0.161636 0.037707 0.039665
v 0.163094 0.037707 0.039735
v 0.164435 0.037707 0.039633
v 0.165969 0.037707 0.039330
v 0.167683 0.037707 0.038831
v 0.169563 0.037707 0.038144
v 0.171596 0.037707 0.037272
v 0.173769 0.037707 0.036223
v 0.176069 0.037707 0.035001
v 0.178481 0.037707 0.033613
v 0.180993 0.037707 0.032064
v 0.183590 0.037707 0.030361
v 0.186261 0.037707 0.028508
v 0.188991 0.037707 0.026512
v 0.188991 0.037707 0.056265
v 0.094352 0.037707 -0.048139
v 0.084353 0.037707 -0.044498
v 0.074797 0.037707 -0.040753
v 0.065793 0.037707 -0.036853
v 0.057446 0.037707 -0.032746
v 0.049865 0.037707 -0.028381
v 0.043156 0.037707 -0.023706
v 0.037427 0.037707 -0.018670
v 0.032784 0.037707 -0.013220
v 0.029335 0.037707 -0.007306
v 0.027187 0.037707 -0.000875
v 0.026448 0.037707 0.006125
v 0.026752 0.037707 0.011090
v 0.027644 0.037707 0.015775
v 0.029091 0.037707 0.020149
v 0.031060 0.037707 0.024185
v 0.033518 0.037707 0.027854
v 0.036434 0.037707 0.031126
v 0.039775 0.037707 0.033974
v 0.043508 0.037707 0.036368
v 0.047601 0.037707 0.038280
v 0.052020 0.037707 0.039682
v 0.056735 0.037707 0.040544
v 0.061711 0.037707 0.040837
v 0.065545 0.037707 0.040678
v 0.069333 0.037707 0.040207
v 0.073075 0.037707 0.039434
v 0.076772 0.037707 0.038368
v 0.080422 0.037707 0.037019
v 0.084026 0.037707 0.035396
v 0.087585 0.037707 0.033510
v 0.091098 0.037707 0.031368
v 0.094564 0.037707 0.028982
v 0.097985 0.037707 0.026361
v 0.101360 0.037707 0.023514
v 0.104689 0.037707 0.020451
v 0.104689 0.037707 -0.051729
v -0.122320 0.037707 0.070591
v -0.122320 0.037707 -0.305186
v -0.073282 0.037707 -0.305186
v -0.073282 0.037707 0.070591
v -0.263612 0.037707 -0.304198
v -0.245847 0.037707 -0.301319
v -0.229893 0.037707 -0.296680
v -0.215724 0.037707 -0.290411
v -0.203315 0.037707 -0.282643
v -0.192641 0.037707 -0.273504
v -0.183677 0.037707 -0.263126
v -0.176399 0.037707 -0.251638
v -0.170782 0.037707 -0.239170
v -0.166800 0.037707 -0.225853
v -0.164430 0.037707 -0.211817
v -0.163645 0.037707 -0.197192
v -0.164476 0.037707 -0.182736
v -0.166987 0.037707 -0.168925
v -0.171204 0.037707 -0.155876
v -0.177154 0.037707 -0.143704
v -0.184865 0.037707 -0.132528
v -0.194363 0.037707 -0.122463
v -0.205674 0.037707 -0.113627
v -0.218826 0.037707 -0.106135
v -0.233845 0.037707 -0.100105
v -0.250758 0.037707 -0.095653
v -0.269592 0.037707 -0.092897
v -0.290373 0.037707 -0.091952
v -0.346575 0.037707 -0.091952
v -0.346575 0.037707 0.070591
v -0.400572 0.037707 0.070591
v -0.400572 0.037707 -0.305186
v -0.283210 0.037707 -0.305186
v -0.285414 0.037707 -0.140439
v -0.275664 0.037707 -0.140884
v -0.266550 0.037707 -0.142205
v -0.258114 0.037707 -0.144382
v -0.250396 0.037707 -0.147398
v -0.243435 0.037707 -0.151233
v -0.237271 0.037707 -0.155867
v -0.231946 0.037707 -0.161282
v -0.227499 0.037707 -0.167458
v -0.223970 0.037707 -0.174377
v -0.221400 0.037707 -0.182019
v -0.219828 0.037707 -0.190365
v -0.219295 0.037707 -0.199396
v -0.219616 0.037707 -0.206310
v -0.220624 0.037707 -0.213206
v -0.222386 0.037707 -0.219972
v -0.224968 0.037707 -0.226496
v -0.228439 0.037707 -0.232669
v -0.232863 0.037707 -0.238378
v -0.238310 0.037707 -0.243514
v -0.244845 0.037707 -0.247965
v -0.252536 0.037707 -0.251619
v -0.261449 0.037707 -0.254367
v -0.271651 0.037707 -0.256097
v -0.283210 0.037707 -0.256699
v -0.346575 0.037707 -0.256699
v -0.346575 0.037707 -0.140439
v 0.931178 -0.037707 0.239195
v 0.947055 -0.037707 0.256094
v 0.961863 -0.037707 0.274198
v 0.975542 -0.037707 0.293381
v 0.988032 -0.037707 0.313518
v 0.999276 -0.037707 0.334480
v 1.009212 -0.037707 0.356143
v 1.017783 -0.037707 0.378380
v 1.024928 -0.037707 0.401064
v 1.030589 -0.037707 0.424070
v 1.034706 -0.037707 0.447271
v 1.037220 -0.037707 0.470541
v 1.038071 -0.037707 0.493753
v 1.037220 -0.037707 0.516966
v 1.034706 -0.037707 0.540236
v 1.030589 -0.037707 0.563437
v 1.024928 -0.037707 0.586443
v 1.017783 -0.037707 0.609127
v 1.009212 -0.037707 0.631364
v 0.999276 -0.037707 0.653027
v 0.988032 -0.037707 0.673989
v 0.975542 -0.037707 0.694125
v 0.961863 -0.037707 0.713309
v 0.947055 -0.037707 0.731413
v 0.931178 -0.037707 0.748312
v 0.901975 -0.037707 0.748312
v 0.914764 -0.037707 0.730277
v 0.926410 -0.037707 0.711702
v 0.936920 -0.037707 0.692576
v 0.946300 -0.037707 0.672887
v 0.954554 -0.037707 0.652625
v 0.961689 -0.037707 0.631777
v 0.967711 -0.037707 0.610332
v 0.972625 -0.037707 0.588279
v 0.976437 -0.037707 0.565606
v 0.979153 -0.037707 0.542302
v 0.980778 -0.037707 0.518355
v 0.981318 -0.037707 0.493753
v 0.980778 -0.037707 0.469152
v 0.979153 -0.037707 0.445205
v 0.976437 -0.037707 0.421901
v 0.972625 -0.037707 0.399228
v 0.967711 -0.037707 0.377174
v 0.961689 -0.037707 0.355730
v 0.954554 -0.037707 0.334882
v 0.946300 -0.037707 0.314620
v 0.936920 -0.037707 0.294931
v 0.926410 -0.037707 0.275805
v 0.914764 -0.037707 0.257230
v 0.901975 -0.037707 0.239195
v 0.552095 -0.037707 0.406697
v 0.558397 -0.037707 0.400635
v 0.564635 -0.037707 0.395121
v 0.570811 -0.037707 0.390150
v 0.576930 -0.037707 0.385718
v 0.582996 -0.037707 0.381822
v 0.589011 -0.037707 0.378458
v 0.594981 -0.037707 0.375622
v 0.600909 -0.037707 0.373311
v 0.606798 -0.037707 0.371519
v 0.612653 -0.037707 0.370244
v 0.618477 -0.037707 0.369482
v 0.624275 -0.037707 0.369229
v 0.632010 -0.037707 0.369550
v 0.639501 -0.037707 0.370507
v 0.646737 -0.037707 0.372096
v 0.653702 -0.037707 0.374310
v 0.660384 -0.037707 0.377145
v 0.666770 -0.037707 0.380593
v 0.672846 -0.037707 0.384650
v 0.678599 -0.037707 0.389310
v 0.684015 -0.037707 0.394566
v 0.689080 -0.037707 0.400414
v 0.693783 -0.037707 0.406847
v 0.698108 -0.037707 0.413859
v 0.703575 -0.037707 0.407888
v 0.709243 -0.037707 0.402136
v 0.715129 -0.037707 0.396658
v 0.721250 -0.037707 0.391514
v 0.727623 -0.037707 0.386759
v 0.734267 -0.037707 0.382453
v 0.741197 -0.037707 0.378651
v 0.748432 -0.037707 0.375412
v 0.755988 -0.037707 0.372793
v 0.763883 -0.037707 0.370851
v 0.772133 -0.037707 0.369644
v 0.780757 -0.037707 0.369229
v 0.792905 -0.037707 0.370022
v 0.804248 -0.037707 0.372356
v 0.814738 -0.037707 0.376168
v 0.824326 -0.037707 0.381392
v 0.832966 -0.037707 0.387962
v 0.840609 -0.037707 0.395814
v 0.847207 -0.037707 0.404884
v 0.852713 -0.037707 0.415104
v 0.857078 -0.037707 0.426412
v 0.860255 -0.037707 0.438741
v 0.862197 -0.037707 0.452027
v 0.862855 -0.037707 0.466204
v 0.862855 -0.037707 0.621584
v 0.813816 -0.037707 0.621584
v 0.813816 -0.037707 0.468408
v 0.813345 -0.037707 0.459399
v 0.811972 -0.037707 0.451113
v 0.809762 -0.037707 0.443561
v 0.806776 -0.037707 0.436756
v 0.803079 -0.037707 0.430709
v 0.798733 -0.037707 0.425430
v 0.793802 -0.037707 0.420932
v 0.788348 -0.037707 0.417227
v 0.782436 -0.037707 0.414324
v 0.776127 -0.037707 0.412237
v 0.769485 -0.037707 0.410976
v 0.762574 -0.037707 0.410554
v 0.758470 -0.037707 0.410708
v 0.754169 -0.037707 0.411426
v 0.749703 -0.037707 0.412671
v 0.745106 -0.037707 0.414410
v 0.740409 -0.037707 0.416609
v 0.735644 -0.037707 0.419232
v 0.730846 -0.037707 0.422245
v 0.726045 -0.037707 0.425614
v 0.721276 -0.037707 0.429305
v 0.716569 -0.037707 0.433282
v 0.711958 -0.037707 0.437512
v 0.707475 -0.037707 0.441960
v 0.707475 -0.037707 0.621584
v 0.658437 -0.037707 0.621584
v 0.658437 -0.037707 0.467857
v 0.658021 -0.037707 0.458280
v 0.656814 -0.037707 0.449646
v 0.654872 -0.037707 0.441934
v 0.652253 -0.037707 0.435124
v 0.649014 -0.037707 0.429193
v 0.645213 -0.037707 0.424122
v 0.640906 -0.037707 0.419888
v 0.636152 -0.037707 0.416472
v 0.631007 -0.037707 0.413851
v 0.625530 -0.037707 0.412005
v 0.619777 -0.037707 0.410913
v 0.613806 -0.037707 0.410554
v 0.607773 -0.037707 0.410719
v 0.602041 -0.037707 0.411235
v 0.596570 -0.037707 0.412129
v 0.591317 -0.037707 0.413431
v 0.586240 -0.037707 0.415169
v 0.581298 -0.037707 0.417372
v 0.576446 -0.037707 0.420069
v 0.571645 -0.037707 0.423288
v 0.566851 -0.037707 0.427057
v 0.562023 -0.037707 0.431407
v 0.557118 -0.037707 0.436365
v 0.552095 -0.037707 0.441960
v 0.552095 -0.037707 0.621584
v 0.503057 -0.037707 0.621584
v 0.503057 -0.037707 0.374188
v 0.552095 -0.037707 0.374188
v 0.386797 -0.037707 0.590177
v 0.381535 -0.037707 0.595523
v 0.375974 -0.037707 0.600524
v 0.370155 -0.037707 0.605157
v 0.364125 -0.037707 0.609401
v 0.357926 -0.037707 0.613231
v 0.351602 -0.037707 0.616625
v 0.345199 -0.037707 0.619560
v 0.338759 -0.037707 0.622012
v 0.332326 -0.037707 0.623960
v 0.325945 -0.037707 0.625379
v 0.319660 -0.037707 0.626248
v 0.313515 -0.037707 0.626543
v 0.301302 -0.037707 0.625802
v 0.289779 -0.037707 0.623599
v 0.279018 -0.037707 0.619965
v 0.269089 -0.037707 0.614931
v 0.260063 -0.037707 0.608527
v 0.252010 -0.037707 0.600784
v 0.245003 -0.037707 0.591732
v 0.239111 -0.037707 0.581402
v 0.234404 -0.037707 0.569825
v 0.230955 -0.037707 0.557031
v 0.228834 -0.037707 0.543051
v 0.228111 -0.037707 0.527915
v 0.228111 -0.037707 0.374188
v 0.277149 -0.037707 0.374188
v 0.277149 -0.037707 0.531221
v 0.277505 -0.037707 0.539586
v 0.278570 -0.037707 0.547315
v 0.280344 -0.037707 0.554389
v 0.282823 -0.037707 0.560791
v 0.286006 -0.037707 0.566505
v 0.289891 -0.037707 0.571512
v 0.294477 -0.037707 0.575797
v 0.299761 -0.037707 0.579341
v 0.305741 -0.037707 0.582128
v 0.312416 -0.037707 0.584139
v 0.319783 -0.037707 0.585359
v 0.327841 -0.037707 0.585769
v 0.333326 -0.037707 0.585518
v 0.338751 -0.037707 0.584767
v 0.344104 -0.037707 0.583522
v 0.349370 -0.037707 0.581790
v 0.354538 -0.037707 0.579575
v 0.359592 -0.037707 0.576885
v 0.364520 -0.037707 0.573723
v 0.369308 -0.037707 0.570097
v 0.373943 -0.037707 0.566011
v 0.378412 -0.037707 0.561472
v 0.382701 -0.037707 0.556485
v 0.386797 -0.037707 0.551057
v 0.386797 -0.037707 0.374188
v 0.435835 -0.037707 0.374188
v 0.435835 -0.037707 0.621584
v 0.386797 -0.037707 0.621584
v 0.110199 -0.037707 0.621584
v 0.110199 -0.037707 0.374188
v 0.159237 -0.037707 0.374188
v 0.159237 -0.037707 0.621584
v 0.131062 -0.037707 0.328186
v 0.127282 -0.037707 0.327402
v 0.123689 -0.037707 0.326140
v 0.120321 -0.037707 0.324435
v 0.117212 -0.037707 0.322325
v 0.114400 -0.037707 0.319846
v 0.111921 -0.037707 0.317034
v 0.109811 -0.037707 0.313926
v 0.108107 -0.037707 0.310557
v 0.106844 -0.037707 0.306964
v 0.106060 -0.037707 0.303184
v 0.105791 -0.037707 0.299253
v 0.106060 -0.037707 0.295322
v 0.106844 -0.037707 0.291542
v 0.108107 -0.037707 0.287949
v 0.109811 -0.037707 0.284580
v 0.111921 -0.037707 0.281472
v 0.114400 -0.037707 0.278660
v 0.117212 -0.037707 0.276180
v 0.120321 -0.037707 0.274071
v 0.123689 -0.037707 0.272366
v 0.127282 -0.037707 0.271104
v 0.131062 -0.037707 0.270320
v 0.134993 -0.037707 0.270050
v 0.138925 -0.037707 0.270320
v 0.142705 -0.037707 0.271104
v 0.146297 -0.037707 0.272366
v 0.149666 -0.037707 0.274071
v 0.152775 -0.037707 0.276180
v 0.155587 -0.037707 0.278660
v 0.158066 -0.037707 0.281472
v 0.160176 -0.037707 0.284580
v 0.161880 -0.037707 0.287949
v 0.163142 -0.037707 0.291542
v 0.163926 -0.037707 0.295322
v 0.164196 -0.037707 0.299253
v 0.163926 -0.037707 0.303184
v 0.163142 -0.037707 0.306964
v 0.161880 -0.037707 0.310557
v 0.160176 -0.037707 0.313926
v 0.158066 -0.037707 0.317034
v 0.155587 -0.037707 0.319846
v 0.152775 -0.037707 0.322325
v 0.149666 -0.037707 0.324435
v 0.146297 -0.037707 0.326140
v 0.142705 -0.037707 0.327402
v 0.138924 -0.037707 0.328186
v 0.134993 -0.037707 0.328456
v -0.062262 -0.037707 0.621584
v -0.080136 -0.037707 0.620551
v -0.096796 -0.037707 0.617502
v -0.112179 -0.037707 0.612510
v -0.126218 -0.037707 0.605646
v -0.138850 -0.037707 0.596984
v -0.150008 -0.037707 0.586596
v -0.159628 -0.037707 0.574555
v -0.167645 -0.037707 0.560934
v -0.173993 -0.037707 0.545805
v -0.178608 -0.037707 0.529241
v -0.181425 -0.037707 0.511316
v -0.182379 -0.037707 0.492100
v -0.181329 -0.037707 0.474636
v -0.178249 -0.037707 0.458128
v -0.173244 -0.037707 0.442683
v -0.166420 -0.037707 0.428410
v -0.157882 -0.037707 0.415414
v -0.147735 -0.037707 0.403804
v -0.136084 -0.037707 0.393686
v -0.123035 -0.037707 0.385167
v -0.108692 -0.037707 0.378355
v -0.093161 -0.037707 0.373356
v -0.076548 -0.037707 0.370279
v -0.058956 -0.037707 0.369229
v -0.054844 -0.037707 0.369287
v -0.050758 -0.037707 0.369466
v -0.046679 -0.037707 0.369771
v -0.042590 -0.037707 0.370209
v -0.038469 -0.037707 0.370784
v -0.034299 -0.037707 0.371502
v -0.030060 -0.037707 0.372370
v -0.025733 -0.037707 0.373392
v -0.021299 -0.037707 0.374575
v -0.016739 -0.037707 0.375925
v -0.012033 -0.037707 0.377447
v -0.007163 -0.037707 0.379147
v -0.007163 -0.037707 0.245807
v 0.041875 -0.037707 0.245807
v 0.041875 -0.037707 0.621584
v -0.011219 -0.037707 0.421102
v -0.015142 -0.037707 0.419686
v -0.018958 -0.037707 0.418422
v -0.022693 -0.037707 0.417308
v -0.026374 -0.037707 0.416340
v -0.030029 -0.037707 0.415512
v -0.033684 -0.037707 0.414823
v -0.037365 -0.037707 0.414268
v -0.041101 -0.037707 0.413842
v -0.044916 -0.037707 0.413543
v -0.048839 -0.037707 0.413367
v -0.052895 -0.037707 0.413308
v -0.064411 -0.037707 0.414011
v -0.075226 -0.037707 0.416079
v -0.085283 -0.037707 0.419455
v -0.094526 -0.037707 0.424083
v -0.102896 -0.037707 0.429905
v -0.110336 -0.037707 0.436863
v -0.116789 -0.037707 0.444901
v -0.122198 -0.037707 0.453960
v -0.126505 -0.037707 0.463983
v -0.129652 -0.037707 0.474913
v -0.131582 -0.037707 0.486692
v -0.132238 -0.037707 0.499263
v -0.131837 -0.037707 0.510580
v -0.130588 -0.037707 0.521334
v -0.128424 -0.037707 0.531445
v -0.125279 -0.037707 0.540833
v -0.121086 -0.037707 0.549417
v -0.115777 -0.037707 0.557118
v -0.109286 -0.037707 0.563854
v -0.101546 -0.037707 0.569546
v -0.092489 -0.037707 0.574112
v -0.082049 -0.037707 0.577474
v -0.070159 -0.037707 0.579550
v -0.056752 -0.037707 0.580259
v -0.007163 -0.037707 0.580259
v -0.007163 -0.037707 0.422675
v -0.236604 -0.037707 0.602082
v -0.243942 -0.037707 0.606391
v -0.251287 -0.037707 0.610271
v -0.258701 -0.037707 0.613727
v -0.266246 -0.037707 0.616762
v -0.273981 -0.037707 0.619380
v -0.281969 -0.037707 0.621584
v -0.290271 -0.037707 0.623380
v -0.298948 -0.037707 0.624769
v -0.308061 -0.037707 0.625757
v -0.317672 -0.037707 0.626347
v -0.327841 -0.037707 0.626543
v -0.346409 -0.037707 0.625256
v -0.363523 -0.037707 0.621533
v -0.379152 -0.037707 0.615574
v -0.393266 -0.037707 0.607584
v -0.405834 -0.037707 0.597765
v -0.416826 -0.037707 0.586320
v -0.426211 -0.037707 0.573452
v -0.433958 -0.037707 0.559362
v -0.440037 -0.037707 0.544255
v -0.444417 -0.037707 0.528333
v -0.447067 -0.037707 0.511799
v -0.447957 -0.037707 0.494855
v -0.446985 -0.037707 0.476642
v -0.444131 -0.037707 0.459531
v -0.439486 -0.037707 0.443613
v -0.433142 -0.037707 0.428981
v -0.425191 -0.037707 0.415727
v -0.415724 -0.037707 0.403942
v -0.404834 -0.037707 0.393718
v -0.392613 -0.037707 0.385147
v -0.379152 -0.037707 0.378320
v -0.364543 -0.037707 0.373331
v -0.348878 -0.037707 0.370270
v -0.332249 -0.037707 0.369229
v -0.316361 -0.037707 0.370160
v -0.301523 -0.037707 0.372958
v -0.287799 -0.037707 0.377632
v -0.275252 -0.037707 0.384188
v -0.263944 -0.037707 0.392634
v -0.253939 -0.037707 0.402977
v -0.245300 -0.037707 0.415227
v -0.238090 -0.037707 0.429389
v -0.232373 -0.037707 0.445473
v -0.228211 -0.037707 0.463485
v -0.225667 -0.037707 0.483433
v -0.224805 -0.037707 0.505324
v -0.398919 -0.037707 0.505324
v -0.396566 -0.037707 0.517089
v -0.393368 -0.037707 0.527861
v -0.389328 -0.037707 0.537635
v -0.384450 -0.037707 0.546404
v -0.378738 -0.037707 0.554163
v -0.372196 -0.037707 0.560906
v -0.364827 -0.037707 0.566627
v -0.356635 -0.037707 0.571321
v -0.347625 -0.037707 0.574982
v -0.337799 -0.037707 0.577604
v -0.327163 -0.037707 0.579181
v -0.315719 -0.037707 0.579708
v -0.308314 -0.037707 0.579481
v -0.300970 -0.037707 0.578805
v -0.293679 -0.037707 0.577694
v -0.286435 -0.037707 0.576157
v -0.279228 -0.037707 0.574208
v -0.272053 -0.037707 0.571857
v -0.264900 -0.037707 0.569115
v -0.257763 -0.037707 0.565995
v -0.250633 -0.037707 0.562507
v -0.243503 -0.037707 0.558663
v -0.236366 -0.037707 0.554476
v -0.229213 -0.037707 0.549955
v -0.229213 -0.037707 0.597340
v -0.274115 -0.037707 0.463742
v -0.275741 -0.037707 0.455276
v -0.278148 -0.037707 0.447453
v -0.281312 -0.037707 0.440307
v -0.285212 -0.037707 0.433873
v -0.289822 -0.037707 0.428185
v -0.295122 -0.037707 0.423278
v -0.301087 -0.037707 0.419186
v -0.307695 -0.037707 0.415943
v -0.314923 -0.037707 0.413584
v -0.322748 -0.037707 0.412143
v -0.331147 -0.037707 0.411655
v -0.340203 -0.037707 0.412112
v -0.348636 -0.037707 0.413469
v -0.356441 -0.037707 0.415710
v -0.363614 -0.037707 0.418818
v -0.370153 -0.037707 0.422776
v -0.376053 -0.037707 0.427565
v -0.381309 -0.037707 0.433170
v -0.385919 -0.037707 0.439572
v -0.389879 -0.037707 0.446755
v -0.393184 -0.037707 0.454702
v -0.395832 -0.037707 0.463394
v -0.397817 -0.037707 0.472816
v -0.273292 -0.037707 0.472816
v -0.813817 -0.037707 0.406697
v -0.807514 -0.037707 0.400635
v -0.801276 -0.037707 0.395121
v -0.795100 -0.037707 0.390150
v -0.788981 -0.037707 0.385718
v -0.782916 -0.037707 0.381822
v -0.776900 -0.037707 0.378458
v -0.770930 -0.037707 0.375622
v -0.765003 -0.037707 0.373311
v -0.759113 -0.037707 0.371519
v -0.753258 -0.037707 0.370244
v -0.747434 -0.037707 0.369482
v -0.741636 -0.037707 0.369229
v -0.733902 -0.037707 0.369550
v -0.726410 -0.037707 0.370507
v -0.719175 -0.037707 0.372096
v -0.712209 -0.037707 0.374310
v -0.705527 -0.037707 0.377145
v -0.699141 -0.037707 0.380593
v -0.693065 -0.037707 0.384650
v -0.687313 -0.037707 0.389310
v -0.681897 -0.037707 0.394566
v -0.676831 -0.037707 0.400414
v -0.672129 -0.037707 0.406847
v -0.667803 -0.037707 0.413859
v -0.662337 -0.037707 0.407888
v -0.656669 -0.037707 0.402136
v -0.650783 -0.037707 0.396658
v -0.644662 -0.037707 0.391514
v -0.638288 -0.037707 0.386759
v -0.631645 -0.037707 0.382453
v -0.624714 -0.037707 0.378651
v -0.617479 -0.037707 0.375412
v -0.609923 -0.037707 0.372793
v -0.602029 -0.037707 0.370851
v -0.593778 -0.037707 0.369644
v -0.585155 -0.037707 0.369229
v -0.573006 -0.037707 0.370022
v -0.561663 -0.037707 0.372356
v -0.551174 -0.037707 0.376168
v -0.541585 -0.037707 0.381392
v -0.532946 -0.037707 0.387962
v -0.525303 -0.037707 0.395814
v -0.518705 -0.037707 0.404884
v -0.513199 -0.037707 0.415104
v -0.508833 -0.037707 0.426412
v -0.505656 -0.037707 0.438741
v -0.503714 -0.037707 0.452027
v -0.503057 -0.037707 0.466204
v -0.503057 -0.037707 0.621584
v -0.552095 -0.037707 0.621584
v -0.552095 -0.037707 0.468408
v -0.552567 -0.037707 0.459399
v -0.553939 -0.037707 0.451113
v -0.556150 -0.037707 0.443561
v -0.559135 -0.037707 0.436756
v -0.562833 -0.037707 0.430709
v -0.567178 -0.037707 0.425430
v -0.572110 -0.037707 0.420932
v -0.577563 -0.037707 0.417227
v -0.583476 -0.037707 0.414324
v -0.589784 -0.037707 0.412237
v -0.596426 -0.037707 0.410976
v -0.603337 -0.037707 0.410554
v -0.607441 -0.037707 0.410708
v -0.611742 -0.037707 0.411426
v -0.616208 -0.037707 0.412671
v -0.620806 -0.037707 0.414410
v -0.625503 -0.037707 0.416609
v -0.630267 -0.037707 0.419232
v -0.635066 -0.037707 0.422245
v -0.639866 -0.037707 0.425614
v -0.644636 -0.037707 0.429305
v -0.649343 -0.037707 0.433282
v -0.653954 -0.037707 0.437512
v -0.658437 -0.037707 0.441960
v -0.658437 -0.037707 0.621584
v -0.707475 -0.037707 0.621584
v -0.707475 -0.037707 0.467857
v -0.707890 -0.037707 0.458280
v -0.709097 -0.037707 0.449646
v -0.711039 -0.037707 0.441934
v -0.713658 -0.037707 0.435124
v -0.716897 -0.037707 0.429193
v -0.720699 -0.037707 0.424122
v -0.725005 -0.037707 0.419888
v -0.729760 -0.037707 0.416472
v -0.734904 -0.037707 0.413851
v -0.740381 -0.037707 0.412005
v -0.746134 -0.037707 0.410913
v -0.752105 -0.037707 0.410554
v -0.758139 -0.037707 0.410719
v -0.763870 -0.037707 0.411235
v -0.769341 -0.037707 0.412129
v -0.774594 -0.037707 0.413431
v -0.779671 -0.037707 0.415169
v -0.784614 -0.037707 0.417372
v -0.789465 -0.037707 0.420069
v -0.794267 -0.037707 0.423288
v -0.799060 -0.037707 0.427057
v -0.803888 -0.037707 0.431407
v -0.808793 -0.037707 0.436365
v -0.813817 -0.037707 0.441960
v -0.813817 -0.037707 0.621584
v -0.862855 -0.037707 0.621584
v -0.862855 -0.037707 0.374188
v -0.813817 -0.037707 0.374188
v -0.931178 -0.037707 0.748312
v -0.947055 -0.037707 0.731413
v -0.961863 -0.037707 0.713309
v -0.975542 -0.037707 0.694125
v -0.988032 -0.037707 0.673989
v -0.999276 -0.037707 0.653027
v -1.009212 -0.037707 0.631364
v -1.017783 -0.037707 0.609127
v -1.024928 -0.037707 0.586443
v -1.030589 -0.037707 0.563437
v -1.034706 -0.037707 0.540236
v -1.037220 -0.037707 0.516966
v -1.038071 -0.037707 0.493753
v -1.037220 -0.037707 0.470541
v -1.034706 -0.037707 0.447271
v -1.030589 -0.037707 0.424070
v -1.024928 -0.037707 0.401064
v -1.017783 -0.037707 0.378380
v -1.009212 -0.037707 0.356143
v -0.999276 -0.037707 0.334480
v -0.988032 -0.037707 0.313518
v -0.975542 -0.037707 0.293381
v -0.961863 -0.037707 0.274198
v -0.947055 -0.037707 0.256094
v -0.931178 -0.037707 0.239195
v -0.901975 -0.037707 0.239195
v -0.914764 -0.037707 0.257230
v -0.926410 -0.037707 0.275805
v -0.936920 -0.037707 0.294931
v -0.946300 -0.037707 0.314620
v -0.954554 -0.037707 0.334882
v -0.961689 -0.037707 0.355730
v -0.967711 -0.037707 0.377174
v -0.972625 -0.037707 0.399228
v -0.976437 -0.037707 0.421901
v -0.979153 -0.037707 0.445205
v -0.980778 -0.037707 0.469152
v -0.981318 -0.037707 0.493753
v -0.980778 -0.037707 0.518355
v -0.979153 -0.037707 0.542302
v -0.976437 -0.037707 0.565606
v -0.972625 -0.037707 0.588279
v -0.967711 -0.037707 0.610332
v -0.961689 -0.037707 0.631777
v -0.954554 -0.037707 0.652625
v -0.946300 -0.037707 0.672887
v -0.936920 -0.037707 0.692576
v -0.926410 -0.037707 0.711702
v -0.914764 -0.037707 0.730277
v -0.901975 -0.037707 0.748312
v 0.209377 -0.037707 0.197319
v 0.293679 -0.037707 0.017696
v 0.197806 -0.037707 -0.176805
v 0.253457 -0.037707 -0.176805
v 0.320127 -0.037707 -0.037404
v 0.384042 -0.037707 -0.176805
v 0.439141 -0.037707 -0.176805
v 0.263926 -0.037707 0.197319
v 0.183607 -0.037707 0.059770
v 0.178708 -0.037707 0.062859
v 0.174226 -0.037707 0.065555
v 0.170094 -0.037707 0.067877
v 0.166245 -0.037707 0.069847
v 0.162612 -0.037707 0.071486
v 0.159128 -0.037707 0.072816
v 0.155727 -0.037707 0.073856
v 0.152341 -0.037707 0.074629
v 0.148903 -0.037707 0.075154
v 0.145347 -0.037707 0.075455
v 0.141605 -0.037707 0.075550
v 0.136438 -0.037707 0.075388
v 0.131675 -0.037707 0.074897
v 0.127305 -0.037707 0.074069
v 0.123320 -0.037707 0.072897
v 0.119711 -0.037707 0.071373
v 0.116466 -0.037707 0.069489
v 0.113578 -0.037707 0.067238
v 0.111035 -0.037707 0.064612
v 0.108830 -0.037707 0.061603
v 0.106951 -0.037707 0.058204
v 0.105390 -0.037707 0.054407
v 0.104138 -0.037707 0.050204
v 0.098743 -0.037707 0.054291
v 0.093307 -0.037707 0.058012
v 0.087832 -0.037707 0.061370
v 0.082322 -0.037707 0.064367
v 0.076783 -0.037707 0.067003
v 0.071216 -0.037707 0.069282
v 0.065626 -0.037707 0.071205
v 0.060017 -0.037707 0.072775
v 0.054393 -0.037707 0.073992
v 0.048758 -0.037707 0.074859
v 0.043115 -0.037707 0.075377
v 0.037468 -0.037707 0.075550
v 0.028636 -0.037707 0.074968
v 0.020351 -0.037707 0.073280
v 0.012656 -0.037707 0.070574
v 0.005592 -0.037707 0.066938
v -0.000799 -0.037707 0.062461
v -0.006474 -0.037707 0.057229
v -0.011392 -0.037707 0.051332
v -0.015509 -0.037707 0.044858
v -0.018785 -0.037707 0.037893
v -0.021177 -0.037707 0.030527
v -0.022644 -0.037707 0.022847
v -0.023142 -0.037707 0.014941
v -0.022241 -0.037707 0.003373
v -0.019652 -0.037707 -0.006887
v -0.015548 -0.037707 -0.015958
v -0.010102 -0.037707 -0.023955
v -0.003484 -0.037707 -0.030996
v 0.004132 -0.037707 -0.037197
v 0.012575 -0.037707 -0.042675
v 0.021672 -0.037707 -0.047546
v 0.031252 -0.037707 -0.051927
v 0.041141 -0.037707 -0.055936
v 0.051168 -0.037707 -0.059688
v 0.061160 -0.037707 -0.063300
v 0.104689 -0.037707 -0.078728
v 0.104689 -0.037707 -0.091952
v 0.104379 -0.037707 -0.099290
v 0.103449 -0.037707 -0.105890
v 0.101899 -0.037707 -0.111770
v 0.099730 -0.037707 -0.116951
v 0.096940 -0.037707 -0.121450
v 0.093531 -0.037707 -0.125287
v 0.089502 -0.037707 -0.128481
v 0.084853 -0.037707 -0.131052
v 0.079584 -0.037707 -0.133018
v 0.073695 -0.037707 -0.134399
v 0.067187 -0.037707 -0.135213
v 0.060058 -0.037707 -0.135480
v 0.053300 -0.037707 -0.135215
v 0.046533 -0.037707 -0.134412
v 0.039775 -0.037707 -0.133061
v 0.033039 -0.037707 -0.131154
v 0.026342 -0.037707 -0.128681
v 0.019698 -0.037707 -0.125631
v 0.013123 -0.037707 -0.121997
v 0.006632 -0.037707 -0.117767
v 0.000241 -0.037707 -0.112933
v -0.006035 -0.037707 -0.107484
v -0.012182 -0.037707 -0.101412
v -0.018183 -0.037707 -0.094707
v -0.018183 -0.037707 -0.148153
v -0.013200 -0.037707 -0.153560
v -0.007892 -0.037707 -0.158487
v -0.002256 -0.037707 -0.162935
v 0.003714 -0.037707 -0.166907
v 0.010021 -0.037707 -0.170405
v 0.016668 -0.037707 -0.173430
v 0.023659 -0.037707 -0.175984
v 0.030998 -0.037707 -0.178070
v 0.038690 -0.037707 -0.179689
v 0.046737 -0.037707 -0.180843
v 0.055145 -0.037707 -0.181534
v 0.063915 -0.037707 -0.181764
v 0.076215 -0.037707 -0.181233
v 0.087978 -0.037707 -0.179626
v 0.099101 -0.037707 -0.176925
v 0.109484 -0.037707 -0.173111
v 0.119026 -0.037707 -0.168164
v 0.127624 -0.037707 -0.162066
v 0.135177 -0.037707 -0.154796
v 0.141585 -0.037707 -0.146337
v 0.146745 -0.037707 -0.136668
v 0.150556 -0.037707 -0.125772
v 0.152917 -0.037707 -0.113628
v 0.153727 -0.037707 -0.100217
v 0.153727 -0.037707 0.027063
v 0.153796 -0.037707 0.029280
v 0.154000 -0.037707 0.031254
v 0.154338 -0.037707 0.032994
v 0.154809 -0.037707 0.034511
v 0.155409 -0.037707 0.035814
v 0.156138 -0.037707 0.036912
v 0.156992 -0.037707 0.037814
v 0.157972 -0.037707 0.038531
v 0.159073 -0.037707 0.039072
v 0.160296 -0.037707 0.039447
v 0.161636 -0.037707 0.039665
v 0.163094 -0.037707 0.039735
v 0.164435 -0.037707 0.039633
v 0.165969 -0.037707 0.039330
v 0.167683 -0.037707 0.038831
v 0.169563 -0.037707 0.038144
v 0.171596 -0.037707 0.037272
v 0.173769 -0.037707 0.036223
v 0.176069 -0.037707 0.035001
v 0.178481 -0.037707 0.033613
v 0.180993 -0.037707 0.032064
v 0.183590 -0.037707 0.030361
v 0.186261 -0.037707 0.028508
v 0.188991 -0.037707 0.026512
v 0.188991 -0.037707 0.056265
v 0.094352 -0.037707 -0.048139
v 0.084353 -0.037707 -0.044498
v 0.074797 -0.037707 -0.040753
v 0.065793 -0.037707 -0.036853
v 0.057446 -0.037707 -0.032746
v 0.049865 -0.037707 -0.028381
v 0.043156 -0.037707 -0.023706
v 0.037427 -0.037707 -0.018670
v 0.032784 -0.037707 -0.013220
v 0.029335 -0.037707 -0.007306
v 0.027187 -0.037707 -0.000875
v 0.026448 -0.037707 0.006125
v 0.026752 -0.037707 0.011090
v 0.027644 -0.037707 0.015775
v 0.029091 -0.037707 0.020149
v 0.031060 -0.037707 0.024185
v 0.033518 -0.037707 0.027854
v 0.036434 -0.037707 0.031126
v 0.039775 -0.037707 0.033974
v 0.043508 -0.037707 0.036368
v 0.047601 -0.037707 0.038280
v 0.052020 -0.037707 0.039682
v 0.056735 -0.037707 0.040544
v 0.061711 -0.037707 0.040837
v 0.065545 -0.037707 0.040678
v 0.069333 -0.037707 0.040207
v 0.073075 -0.037707 0.039434
v 0.076772 -0.037707 0.038368
v 0.080422 -0.037707 0.037019
v 0.084026 -0.037707 0.035396
v 0.087585 -0.037707 0.033510
v 0.091098 -0.037707 0.031368
v 0.094564 -0.037707 0.028982
v 0.097985 -0.037707 0.026361
v 0.101360 -0.037707 0.023514
v 0.104689 -0.037707 0.020451
v 0.104689 -0.037707 -0.051729
v -0.122320 -0.037707 0.070591
v -0.122320 -0.037707 -0.305186
v -0.073282 -0.037707 -0.305186
v -0.073282 -0.037707 0.070591
v -0.263612 -0.037707 -0.304198
v -0.245847 -0.037707 -0.301319
v -0.229893 -0.037707 -0.296680
v -0.215724 -0.037707 -0.290411
v -0.203315 -0.037707 -0.282643
v -0.192641 -0.037707 -0.273504
v -0.183677 -0.037707 -0.263126
v -0.176399 -0.037707 -0.251638
v -0.170782 -0.037707 -0.239170
v -0.166800 -0.037707 -0.225853
v -0.164430 -0.037707 -0.211817
v -0.163645 -0.037707 -0.197192
v -0.164476 -0.037707 -0.182736
v -0.166987 -0.037707 -0.168925
v -0.171204 -0.037707 -0.155876
v -0.177154 -0.037707 -0.143704
v -0.184865 -0.037707 -0.132528
v -0.194363 -0.037707 -0.122463
v -0.205674 -0.037707 -0.113627
v -0.218826 -0.037707 -0.106135
v -0.233845 -0.037707 -0.100105
v -0.250758 -0.037707 -0.095653
v -0.269592 -0.037707 -0.092897
v -0.290373 -0.037707 -0.091952
v -0.346575 -0.037707 -0.091952
v -0.346575 -0.037707 0.070591
v -0.400572 -0.037707 0.070591
v -0.400572 -0.037707 -0.305186
v -0.283210 -0.037707 -0.305186
v -0.285414 -0.037707 -0.140439
v -0.275664 -0.037707 -0.140884
v -0.266550 -0.037707 -0.142205
v -0.258114 -0.037707 -0.144382
v -0.250396 -0.037707 -0.147398
v -0.243435 -0.037707 -0.151233
v -0.237271 -0.037707 -0.155867
v -0.231946 -0.037707 -0.161282
v -0.227499 -0.037707 -0.167458
v -0.223970 -0.037707 -0.174377
v -0.221400 -0.037707 -0.182019
v -0.219828 -0.037707 -0.190365
v -0.219295 -0.037707 -0.199396
v -0.219616 -0.037707 -0.206310
v -0.220624 -0.037707 -0.213206
v -0.222386 -0.037707 -0.219972
v -0.224968 -0.037707 -0.226496
v -0.228439 -0.037707 -0.232669
v -0.232863 -0.037707 -0.238378
v -0.238310 -0.037707 -0.243514
v -0.244845 -0.037707 -0.247965
v -0.252536 -0.037707 -0.251619
v -0.261449 -0.037707 -0.254367
v -0.271651 -0.037707 -0.256097
v -0.283210 -0.037707 -0.256699
v -0.346575 -0.037707 -0.256699
v -0.346575 -0.037707 -0.140439
v -0.263612 -0.037707 -0.304198
v -0.263612 0.037707 -0.304198
v -0.245847 -0.037707 -0.301319
v -0.245847 0.037707 -0.301319
v -0.229893 -0.037707 -0.296680
v -0.229893 0.037707 -0.296680
v -0.215724 -0.037707 -0.290411
v -0.215724 0.037707 -0.290411
v -0.203315 -0.037707 -0.282643
v -0.203315 0.037707 -0.282643
v -0.192641 -0.037707 -0.273504
v -0.192641 0.037707 -0.273504
v -0.183677 -0.037707 -0.263126
v -0.183677 0.037707 -0.263126
v -0.176399 -0.037707 -0.251638
v -0.176399 0.037707 -0.251638
v -0.170782 -0.037707 -0.239170
v -0.170782 0.037707 -0.239170
v -0.166800 -0.037707 -0.225853
v -0.166800 0.037707 -0.225853
v -0.164430 -0.037707 -0.211817
v -0.164430 0.037707 -0.211817
v -0.163645 -0.037707 -0.197192
v -0.163645 0.037707 -0.197192
v -0.164476 -0.037707 -0.182736
v -0.164476 0.037707 -0.182736
v -0.166987 -0.037707 -0.168925
v -0.166987 0.037707 -0.168925
v -0.171204 -0.037707 -0.155876
v -0.171204 0.037707 -0.155876
v -0.177154 -0.037707 -0.143704
v -0.177154 0.037707 -0.143704
v -0.184865 -0.037707 -0.132528
v -0.184865 0.037707 -0.132528
v -0.194363 -0.037707 -0.122463
v -0.194363 0.037707 -0.122463
v -0.205674 -0.037707 -0.113627
v -0.205674 0.037707 -0.113627
v -0.218826 -0.037707 -0.106135
v -0.218826 0.037707 -0.106135
v -0.233845 -0.037707 -0.100105
v -0.233845 0.037707 -0.100105
v -0.250758 -0.037707 -0.095653
v -0.250758 0.037707 -0.095653
v -0.269592 -0.037707 -0.092897
v -0.269592 0.037707 -0.092897
v -0.290373 -0.037707 -0.091952
v -0.290373 0.037707 -0.091952
v -0.346575 -0.037707 -0.091952
v -0.346575 0.037707 -0.091952
v -0.346575 -0.037707 0.070591
v -0.346575 0.037707 0.070591
v -0.400572 -0.037707 0.070591
v -0.400572 0.037707 0.070591
v -0.400572 -0.037707 -0.305186
v -0.400572 0.037707 -0.305186
v -0.283210 -0.037707 -0.305186
v -0.283210 0.037707 -0.305186
v -0.285414 -0.037707 -0.140439
v -0.285414 0.037707 -0.140439
v -0.275664 -0.037707 -0.140884
v -0.275664 0.037707 -0.140884
v -0.266550 -0.037707 -0.142205
v -0.266550 0.037707 -0.142205
v -0.258114 -0.037707 -0.144382
v -0.258114 0.037707 -0.144382
v -0.250396 -0.037707 -0.147398
v -0.250396 0.037707 -0.147398
v -0.243435 -0.037707 -0.151233
v -0.243435 0.037707 -0.151233
v -0.237271 -0.037707 -0.155867
v -0.237271 0.037707 -0.155867
v -0.231946 -0.037707 -0.161282
v -0.231946 0.037707 -0.161282
v -0.227499 -0.037707 -0.167458
v -0.227499 0.037707 -0.167458
v -0.223970 -0.037707 -0.174377
v -0.223970 0.037707 -0.174377
v -0.221400 -0.037707 -0.182019
v -0.221400 0.037707 -0.182019
v -0.219828 -0.037707 -0.190365
v -0.219828 0.037707 -0.190365
v -0.219295 -0.037707 -0.199396
v -0.219295 0.037707 -0.199396
v -0.219616 -0.037707 -0.206310
v -0.219616 0.037707 -0.206310
v -0.220624 -0.037707 -0.213206
v -0.220624 0.037707 -0.213206
v -0.222386 -0.037707 -0.219972
v -0.222386 0.037707 -0.219972
v -0.224968 -0.037707 -0.226496
v -0.224968 0.037707 -0.226496
v -0.228439 -0.037707 -0.232669
v -0.228439 0.037707 -0.232669
v -0.232863 -0.037707 -0.238378
v -0.232863 0.037707 -0.238378
v -0.238310 -0.037707 -0.243514
v -0.238310 0.037707 -0.243514
v -0.244845 -0.037707 -0.247965
v -0.244845 0.037707 -0.247965
v -0.252536 -0.037707 -0.251619
v -0.252536 0.037707 -0.251619
v -0.261449 -0.037707 -0.254367
v -0.261449 0.037707 -0.254367
v -0.271651 -0.037707 -0.256097
v -0.271651 0.037707 -0.256097
v -0.283210 -0.037707 -0.256699
v -0.283210 0.037707 -0.256699
v -0.346575 -0.037707 -0.256699
v -0.346575 0.037707 -0.256699
v -0.346575 -0.037707 -0.140439
v -0.346575 0.037707 -0.140439
v -0.122320 -0.037707 0.070591
v -0.122320 0.037707 0.070591
v -0.122320 -0.037707 -0.305186
v -0.122320 0.037707 -0.305186
v -0.073282 -0.037707 -0.305186
v -0.073282 0.037707 -0.305186
v -0.073282 -0.037707 0.070591
v -0.073282 0.037707 0.070591
v 0.183607 -0.037707 0.059770
v 0.183607 0.037707 0.059770
v 0.178708 -0.037707 0.062859
v 0.178708 0.037707 0.062859
v 0.174226 -0.037707 0.065555
v 0.174226 0.037707 0.065555
v 0.170094 -0.037707 0.067877
v 0.170094 0.037707 0.067877
v 0.166245 -0.037707 0.069847
v 0.166245 0.037707 0.069847
v 0.162612 -0.037707 0.071486
v 0.162612 0.037707 0.071486
v 0.159128 -0.037707 0.072816
v 0.159128 0.037707 0.072816
v 0.155727 -0.037707 0.073856
v 0.155727 0.037707 0.073856
v 0.152341 -0.037707 0.074629
v 0.152341 0.037707 0.074629
v 0.148903 -0.037707 0.075154
v 0.148903 0.037707 0.075154
v 0.145347 -0.037707 0.075455
v 0.145347 0.037707 0.075455
v 0.141605 -0.037707 0.075550
v 0.141605 0.037707 0.075550
v 0.136438 -0.037707 0.075388
v 0.136438 0.037707 0.075388
v 0.131675 -0.037707 0.074897
v 0.131675 0.037707 0.074897
v 0.127305 -0.037707 0.074069
v 0.127305 0.037707 0.074069
v 0.123320 -0.037707 0.072897
v 0.123320 0.037707 0.072897
v 0.119711 -0.037707 0.071373
v 0.119711 0.037707 0.071373
v 0.116466 -0.037707 0.069489
v 0.116466 0.037707 0.069489
v 0.113578 -0.037707 0.067238
v 0.113578 0.037707 0.067238
v 0.111035 -0.037707 0.064612
v 0.111035 0.037707 0.064612
v 0.108830 -0.037707 0.061603
v 0.108830 0.037707 0.061603
v 0.106951 -0.037707 0.058204
v 0.106951 0.037707 0.058204
v 0.105390 -0.037707 0.054407
v 0.105390 0.037707 0.054407
v 0.104138 -0.037707 0.050204
v 0.104138 0.037707 0.050204
v 0.098743 -0.037707 0.054291
v 0.098743 0.037707 0.054291
v 0.093307 -0.037707 0.058012
v 0.093307 0.037707 0.058012
v 0.087832 -0.037707 0.061370
v 0.087832 0.037707 0.061370
v 0.082322 -0.037707 0.064367
v 0.082322 0.037707 0.064367
v 0.076783 -0.037707 0.067003
v 0.076783 0.037707 0.067003
v 0.071216 -0.037707 0.069282
v 0.071216 0.037707 0.069282
v 0.065626 -0.037707 0.071205
v 0.065626 0.037707 0.071205
v 0.060017 -0.037707 0.072775
v 0.060017 0.037707 0.072775
v 0.054393 -0.037707 0.073992
v 0.054393 0.037707 0.073992
v 0.048758 -0.037707 0.074859
v 0.048758 0.037707 0.074859
v 0.043115 -0.037707 0.075377
v 0.043115 0.037707 0.075377
v 0.037468 -0.037707 0.075550
v 0.037468 0.037707 0.075550
v 0.028636 -0.037707 0.074968
v 0.028636 0.037707 0.074968
v 0.020351 -0.037707 0.073280
v 0.020351 0.037707 0.073280
v 0.012656 -0.037707 0.070574
v 0.012656 0.037707 0.070574
v 0.005592 -0.037707 0.066938
v 0.005592 0.037707 0.066938
v -0.000799 -0.037707 0.062461
v -0.000799 0.037707 0.062461
v -0.006474 -0.037707 0.057229
v -0.006474 0.037707 0.057229
v -0.011392 -0.037707 0.051332
v -0.011392 0.037707 0.051332
v -0.015509 -0.037707 0.044858
v -0.015509 0.037707 0.044858
v -0.018785 -0.037707 0.037893
v -0.018785 0.037707 0.037893
v -0.021177 -0.037707 0.030527
v -0.021177 0.037707 0.030527
v -0.022644 -0.037707 0.022847
v -0.022644 0.037707 0.022847
v -0.023142 -0.037707 0.014941
v -0.023142 0.037707 0.014941
v -0.022241 -0.037707 0.003373
v -0.022241 0.037707 0.003373
v -0.019652 -0.037707 -0.006887
v -0.019652 0.037707 -0.006887
v -0.015548 -0.037707 -0.015958
v -0.015548 0.037707 -0.015958
v -0.010102 -0.037707 -0.023955
v -0.010102 0.037707 -0.023955
v -0.003484 -0.037707 -0.030996
v -0.003484 0.037707 -0.030996
v 0.004132 -0.037707 -0.037197
v 0.004132 0.037707 -0.037197
v 0.012575 -0.037707 -0.042675
v 0.012575 0.037707 -0.042675
v 0.021672 -0.037707 -0.047546
v 0.021672 0.037707 -0.047546
v 0.031252 -0.037707 -0.051927
v 0.031252 0.037707 -0.051927
v 0.041141 -0.037707 -0.055936
v 0.041141 0.037707 -0.055936
v 0.051168 -0.037707 -0.059688
v 0.051168 0.037707 -0.059688
v 0.061160 -0.037707 -0.063300
v 0.061160 0.037707 -0.063300
v 0.104689 -0.037707 -0.078728
v 0.104689 0.037707 -0.078728
v 0.104689 -0.037707 -0.091952
v 0.104689 0.037707 -0.091952
v 0.104379 -0.037707 -0.099290
v 0.104379 0.037707 -0.099290
v 0.103449 -0.037707 -0.105890
v 0.103449 0.037707 -0.105890
v 0.101899 -0.037707 -0.111770
v 0.101899 0.037707 -0.111770
v 0.099730 -0.037707 -0.116951
v 0.099730 0.037707 -0.116951
v 0.096940 -0.037707 -0.121450
v 0.096940 0.037707 -0.121450
v 0.093531 -0.037707 -0.125287
v 0.093531 0.037707 -0.125287
v 0.089502 -0.037707 -0.128481
v 0.089502 0.037707 -0.128481
v 0.084853 -0.037707 -0.131052
v 0.084853 0.037707 -0.131052
v 0.079584 -0.037707 -0.133018
v 0.079584 0.037707 -0.133018
v 0.073695 -0.037707 -0.134399
v 0.073695 0.037707 -0.134399
v 0.067187 -0.037707 -0.135213
v 0.067187 0.037707 -0.135213
v 0.060058 -0.037707 -0.135480
v 0.060058 0.037707 -0.135480
v 0.053300 -0.037707 -0.135215
v 0.053300 0.037707 -0.135215
v 0.046533 -0.037707 -0.134412
v 0.046533 0.037707 -0.134412
v 0.039775 -0.037707 -0.133061
v 0.039775 0.037707 -0.133061
v 0.033039 -0.037707 -0.131154
v 0.033039 0.037707 -0.131154
v 0.026342 -0.037707 -0.128681
v 0.026342 0.037707 -0.128681
v 0.019698 -0.037707 -0.125631
v 0.019698 0.037707 -0.125631
v 0.013123 -0.037707 -0.121997
v 0.013123 0.037707 -0.121997
v 0.006632 -0.037707 -0.117767
v 0.006632 0.037707 -0.117767
v 0.000241 -0.037707 -0.112933
v 0.000241 0.037707 -0.112933
v -0.006035 -0.037707 -0.107484
v -0.006035 0.037707 -0.107484
v -0.012182 -0.037707 -0.101412
v -0.012182 0.037707 -0.101412
v -0.018183 -0.037707 -0.094707
v -0.018183 0.037707 -0.094707
v -0.018183 -0.037707 -0.148153
v -0.018183 0.037707 -0.148153
v -0.013200 -0.037707 -0.153560
v -0.013200 0.037707 -0.153560
v -0.007892 -0.037707 -0.158487
v -0.007892 0.037707 -0.158487
v -0.002256 -0.037707 -0.162935
v -0.002256 0.037707 -0.162935
v 0.003714 -0.037707 -0.166907
v 0.003714 0.037707 -0.166907
v 0.010021 -0.037707 -0.170405
v 0.010021 0.037707 -0.170405
v 0.016668 -0.037707 -0.173430
v 0.016668 0.037707 -0.173430
v 0.023659 -0.037707 -0.175984
v 0.023659 0.037707 -0.175984
v 0.030998 -0.037707 -0.178070
v 0.030998 0.037707 -0.178070
v 0.038690 -0.037707 -0.179689
v 0.038690 0.037707 -0.179689
v 0.046737 -0.037707 -0.180843
v 0.046737 0.037707 -0.180843
v 0.055145 -0.037707 -0.181534
v 0.055145 0.037707 -0.181534
v 0.063915 -0.037707 -0.181764
v 0.063915 0.037707 -0.181764
v 0.076215 -0.037707 -0.181233
v 0.076215 0.037707 -0.181233
v 0.087978 -0.037707 -0.179626
v 0.087978 0.037707 -0.179626
v 0.099101 -0.037707 -0.176925
v 0.099101 0.037707 -0.176925
v 0.109484 -0.037707 -0.173111
v 0.109484 0.037707 -0.173111
v 0.119026 -0.037707 -0.168164
v 0.119026 0.037707 -0.168164
v 0.127624 -0.037707 -0.162066
v 0.127624 0.037707 -0.162066
v 0.135177 -0.037707 -0.154796
v 0.135177 0.037707 -0.154796
v 0.141585 -0.037707 -0.146337
v 0.141585 0.037707 -0.146337
v 0.146745 -0.037707 -0.136668
v 0.146745 0.037707 -0.136668
v 0.150556 -0.037707 -0.125772
v 0.150556 0.037707 -0.125772
v 0.152917 -0.037707 -0.113628
v 0.152917 0.037707 -0.113628
v 0.153727 -0.037707 -0.100217
v 0.153727 0.037707 -0.100217
v 0.153727 -0.037707 0.027063
v 0.153727 0.037707 0.027063
v 0.153796 -0.037707 0.029280
v 0.153796 0.037707 0.029280
v 0.154000 -0.037707 0.031254
v 0.154000 0.037707 0.031254
v 0.154338 -0.037707 0.032994
v 0.154338 0.037707 0.032994
v 0.154809 -0.037707 0.034511
v 0.154809 0.037707 0.034511
v 0.155409 -0.037707 0.035814
v 0.155409 0.037707 0.035814
v 0.156138 -0.037707 0.036912
v 0.156138 0.037707 0.036912
v 0.156992 -0.037707 0.037814
v 0.156992 0.037707 0.037814
v 0.157972 -0.037707 0.038531
v 0.157972 0.037707 0.038531
v 0.159073 -0.037707 0.039072
v 0.159073 0.037707 0.039072
v 0.160296 -0.037707 0.039447
v 0.160296 0.037707 0.039447
v 0.161636 -0.037707 0.039665
v 0.161636 0.037707 0.039665
v 0.163094 -0.037707 0.039735
v 0.163094 0.037707 0.039735
v 0.164435 -0.037707 0.039633
v 0.164435 0.037707 0.039633
v 0.165969 -0.037707 0.039330
v 0.165969 0.037707 0.039330
v 0.167683 -0.037707 0.038831
v 0.167683 0.037707 0.038831
v 0.169563 -0.037707 0.038144
v 0.169563 0.037707 0.038144
v 0.171596 -0.037707 0.037272
v 0.171596 0.037707 0.037272
v 0.173769 -0.037707 0.036223
v 0.173769 0.037707 0.036223
v 0.176069 -0.037707 0.035001
v 0.176069 0.037707 0.035001
v 0.178481 -0.037707 0.033613
v 0.178481 0.037707 0.033613
v 0.180993 -0.037707 0.032064
v 0.180993 0.037707 0.032064
v 0.183590 -0.037707 0.030361
v 0.183590 0.037707 0.030361
v 0.186261 -0.037707 0.028508
v 0.186261 0.037707 0.028508
v 0.188991 -0.037707 0.026512
v 0.188991 0.037707 0.026512
v 0.188991 -0.037707 0.056265
v 0.188991 0.037707 0.056265
v 0.094352 -0.037707 -0.048139
v 0.094352 0.037707 -0.048139
v 0.084353 -0.037707 -0.044498
v 0.084353 0.037707 -0.044498
v 0.074797 -0.037707 -0.040753
v 0.074797 0.037707 -0.040753
v 0.065793 -0.037707 -0.036853
v 0.065793 0.037707 -0.036853
v 0.057446 -0.037707 -0.032746
v 0.057446 0.037707 -0.032746
v 0.049865 -0.037707 -0.028381
v 0.049865 0.037707 -0.028381
v 0.043156 -0.037707 -0.023706
v 0.043156 0.037707 -0.023706
v 0.037427 -0.037707 -0.018670
v 0.037427 0.037707 -0.018670
v 0.032784 -0.037707 -0.013220
v 0.032784 0.037707 -0.013220
v 0.029335 -0.037707 -0.007306
v 0.029335 0.037707 -0.007306
v 0.027187 -0.037707 -0.000875
v 0.027187 0.037707 -0.000875
v 0.026448 -0.037707 0.006125
v 0.026448 0.037707 0.006125
v 0.026752 -0.037707 0.011090
v 0.026752 0.037707 0.011090
v 0.027644 -0.037707 0.015775
v 0.027644 0.037707 0.015775
v 0.029091 -0.037707 0.020149
v 0.029091 0.037707 0.020149
v 0.031060 -0.037707 0.024185
v 0.031060 0.037707 0.024185
v 0.033518 -0.037707 0.027854
v 0.033518 0.037707 0.027854
v 0.036434 -0.037707 0.031126
v 0.036434 0.037707 0.031126
v 0.039775 -0.037707 0.033974
v 0.039775 0.037707 0.033974
v 0.043508 -0.037707 0.036368
v 0.043508 0.037707 0.036368
v 0.047601 -0.037707 0.038280
v 0.047601 0.037707 0.038280
v 0.052020 -0.037707 0.039682
v 0.052020 0.037707 0.039682
v 0.056735 -0.037707 0.040544
v 0.056735 0.037707 0.040544
v 0.061711 -0.037707 0.040837
v 0.061711 0.037707 0.040837
v 0.065545 -0.037707 0.040678
v 0.065545 0.037707 0.040678
v 0.069333 -0.037707 0.040207
v 0.069333 0.037707 0.040207
v 0.073075 -0.037707 0.039434
v 0.073075 0.037707 0.039434
v 0.076772 -0.037707 0.038368
v 0.076772 0.037707 0.038368
v 0.080422 -0.037707 0.037019
v 0.080422 0.037707 0.037019
v 0.084026 -0.037707 0.035396
v 0.084026 0.037707 0.035396
v 0.087585 -0.037707 0.033510
v 0.087585 0.037707 0.033510
v 0.091098 -0.037707 0.031368
v 0.091098 0.037707 0.031368
v 0.094564 -0.037707 0.028982
v 0.094564 0.037707 0.028982
v 0.097985 -0.037707 0.026361
v 0.097985 0.037707 0.026361
v 0.101360 -0.037707 0.023514
v 0.101360 0.037707 0.023514
v 0.104689 -0.037707 0.020451
v 0.104689 0.037707 0.020451
v 0.104689 -0.037707 -0.051729
v 0.104689 0.037707 -0.051729
v 0.209377 -0.037707 0.197319
v 0.209377 0.037707 0.197319
v 0.293679 -0.037707 0.017696
v 0.293679 0.037707 0.017696
v 0.197806 -0.037707 -0.176805
v 0.197806 0.037707 -0.176805
v 0.253457 -0.037707 -0.176805
v 0.253457 0.037707 -0.176805
v 0.320127 -0.037707 -0.037404
v 0.320127 0.037707 -0.037404
v 0.384042 -0.037707 -0.176805
v 0.384042 0.037707 -0.176805
v 0.439141 -0.037707 -0.176805
v 0.439141 0.037707 -0.176805
v 0.263926 -0.037707 0.197319
v 0.263926 0.037707 0.197319
v -0.931178 -0.037707 0.748312
v -0.931178 0.037707 0.748312
v -0.947055 -0.037707 0.731413
v -0.947055 0.037707 0.731413
v -0.961863 -0.037707 0.713309
v -0.961863 0.037707 0.713309
v -0.975542 -0.037707 0.694125
v -0.975542 0.037707 0.694125
v -0.988032 -0.037707 0.673989
v -0.988032 0.037707 0.673989
v -0.999276 -0.037707 0.653027
v -0.999276 0.037707 0.653027
v -1.009212 -0.037707 0.631364
v -1.009212 0.037707 0.631364
v -1.017783 -0.037707 0.609127
v -1.017783 0.037707 0.609127
v -1.024928 -0.037707 0.586443
v -1.024928 0.037707 0.586443
v -1.030589 -0.037707 0.563437
v -1.030589 0.037707 0.563437
v -1.034706 -0.037707 0.540236
v -1.034706 0.037707 0.540236
v -1.037220 -0.037707 0.516966
v -1.037220 0.037707 0.516966
v -1.038071 -0.037707 0.493753
v -1.038071 0.037707 0.493753
v -1.037220 -0.037707 0.470541
v -1.037220 0.037707 0.470541
v -1.034706 -0.037707 0.447271
v -1.034706 0.037707 0.447271
v -1.030589 -0.037707 0.424070
v -1.030589 0.037707 0.424070
v -1.024928 -0.037707 0.401064
v -1.024928 0.037707 0.401064
v -1.017783 -0.037707 0.378380
v -1.017783 0.037707 0.378380
v -1.009212 -0.037707 0.356143
v -1.009212 0.037707 0.356143
v -0.999276 -0.037707 0.334480
v -0.999276 0.037707 0.334480
v -0.988032 -0.037707 0.313518
v -0.988032 0.037707 0.313518
v -0.975542 -0.037707 0.293381
v -0.975542 0.037707 0.293381
v -0.961863 -0.037707 0.274198
v -0.961863 0.037707 0.274198
v -0.947055 -0.037707 0.256094
v -0.947055 0.037707 0.256094
v -0.931178 -0.037707 0.239195
v -0.931178 0.037707 0.239195
v -0.901975 -0.037707 0.239195
v -0.901975 0.037707 0.239195
v -0.914764 -0.037707 0.257230
v -0.914764 0.037707 0.257230
v -0.926410 -0.037707 0.275805
v -0.926410 0.037707 0.275805
v -0.936920 -0.037707 0.294931
v -0.936920 0.037707 0.294931
v -0.946300 -0.037707 0.314620
v -0.946300 0.037707 0.314620
v -0.954554 -0.037707 0.334882
v -0.954554 0.037707 0.334882
v -0.961689 -0.037707 0.355730
v -0.961689 0.037707 0.355730
v -0.967711 -0.037707 0.377174
v -0.967711 0.037707 0.377174
v -0.972625 -0.037707 0.399228
v -0.972625 0.037707 0.399228
v -0.976437 -0.037707 0.421901
v -0.976437 0.037707 0.421901
v -0.979153 -0.037707 0.445205
v -0.979153 0.037707 0.445205
v -0.980778 -0.037707 0.469152
v -0.980778 0.037707 0.469152
v -0.981318 -0.037707 0.493753
v -0.981318 0.037707 0.493753
v -0.980778 -0.037707 0.518355
v -0.980778 0.037707 0.518355
v -0.979153 -0.037707 0.542302
v -0.979153 0.037707 0.542302
v -0.976437 -0.037707 0.565606
v -0.976437 0.037707 0.565606
v -0.972625 -0.037707 0.588279
v -0.972625 0.037707 0.588279
v -0.967711 -0.037707 0.610332
v -0.967711 0.037707 0.610332
v -0.961689 -0.037707 0.631777
v -0.961689 0.037707 0.631777
v -0.954554 -0.037707 0.652625
v -0.954554 0.037707 0.652625
v -0.946300 -0.037707 0.672887
v -0.946300 0.037707 0.672887
v -0.936920 -0.037707 0.692576
v -0.936920 0.037707 0.692576
v -0.926410 -0.037707 0.711702
v -0.926410 0.037707 0.711702
v -0.914764 -0.037707 0.730277
v -0.914764 0.037707 0.730277
v -0.901975 -0.037707 0.748312
v -0.901975 0.037707 0.748312
v -0.813817 -0.037707 0.406697
v -0.813817 0.037707 0.406697
v -0.807514 -0.037707 0.400635
v -0.807514 0.037707 0.400635
v -0.801276 -0.037707 0.395121
v -0.801276 0.037707 0.395121
v -0.795100 -0.037707 0.390150
v -0.795100 0.037707 0.390150
v -0.788981 -0.037707 0.385718
v -0.788981 0.037707 0.385718
v -0.782916 -0.037707 0.381822
v -0.782916 0.037707 0.381822
v -0.776900 -0.037707 0.378458
v -0.776900 0.037707 0.378458
v -0.770930 -0.037707 0.375622
v -0.770930 0.037707 0.375622
v -0.765003 -0.037707 0.373311
v -0.765003 0.037707 0.373311
v -0.759113 -0.037707 0.371519
v -0.759113 0.037707 0.371519
v -0.753258 -0.037707 0.370244
v -0.753258 0.037707 0.370244
v -0.747434 -0.037707 0.369482
v -0.747434 0.037707 0.369482
v -0.741636 -0.037707 0.369229
v -0.741636 0.037707 0.369229
v -0.733902 -0.037707 0.369550
v -0.733902 0.037707 0.369550
v -0.726410 -0.037707 0.370507
v -0.726410 0.037707 0.370507
v -0.719175 -0.037707 0.372096
v -0.719175 0.037707 0.372096
v -0.712209 -0.037707 0.374310
v -0.712209 0.037707 0.374310
v -0.705527 -0.037707 0.377145
v -0.705527 0.037707 0.377145
v -0.699141 -0.037707 0.380593
v -0.699141 0.037707 0.380593
v -0.693065 -0.037707 0.384650
v -0.693065 0.037707 0.384650
v -0.687313 -0.037707 0.389310
v -0.687313 0.037707 0.389310
v -0.681897 -0.037707 0.394566
v -0.681897 0.037707 0.394566
v -0.676831 -0.037707 0.400414
v -0.676831 0.037707 0.400414
v -0.672129 -0.037707 0.406847
v -0.672129 0.037707 0.406847
v -0.667803 -0.037707 0.413859
v -0.667803 0.037707 0.413859
v -0.662337 -0.037707 0.407888
v -0.662337 0.037707 0.407888
v -0.656669 -0.037707 0.402136
v -0.656669 0.037707 0.402136
v -0.650783 -0.037707 0.396658
v -0.650783 0.037707 0.396658
v -0.644662 -0.037707 0.391514
v -0.644662 0.037707 0.391514
v -0.638288 -0.037707 0.386759
v -0.638288 0.037707 0.386759
v -0.631645 -0.037707 0.382453
v -0.631645 0.037707 0.382453
v -0.624714 -0.037707 0.378651
v -0.624714 0.037707 0.378651
v -0.617479 -0.037707 0.375412
v -0.617479 0.037707 0.375412
v -0.609923 -0.037707 0.372793
v -0.609923 0.037707 0.372793
v -0.602029 -0.037707 0.370851
v -0.602029 0.037707 0.370851
v -0.593778 -0.037707 0.369644
v -0.593778 0.037707 0.369644
v -0.585155 -0.037707 0.369229
v -0.585155 0.037707 0.369229
v -0.573006 -0.037707 0.370022
v -0.573006 0.037707 0.370022
v -0.561663 -0.037707 0.372356
v -0.561663 0.037707 0.372356
v -0.551174 -0.037707 0.376168
v -0.551174 0.037707 0.376168
v -0.541585 -0.037707 0.381392
v -0.541585 0.037707 0.381392
v -0.532946 -0.037707 0.387962
v -0.532946 0.037707 0.387962
v -0.525303 -0.037707 0.395814
v -0.525303 0.037707 0.395814
v -0.518705 -0.037707 0.404884
v -0.518705 0.037707 0.404884
v -0.513199 -0.037707 0.415104
v -0.513199 0.037707 0.415104
v -0.508833 -0.037707 0.426412
v -0.508833 0.037707 0.426412
v -0.505656 -0.037707 0.438741
v -0.505656 0.037707 0.438741
v -0.503714 -0.037707 0.452027
v -0.503714 0.037707 0.452027
v -0.503057 -0.037707 0.466204
v -0.503057 0.037707 0.466204
v -0.503057 -0.037707 0.621584
v -0.503057 0.037707 0.621584
v -0.552095 -0.037707 0.621584
v -0.552095 0.037707 0.621584
v -0.552095 -0.037707 0.468408
v -0.552095 0.037707 0.468408
v -0.552567 -0.037707 0.459399
v -0.552567 0.037707 0.459399
v -0.553939 -0.037707 0.451113
v -0.553939 0.037707 0.451113
v -0.556150 -0.037707 0.443561
v -0.556150 0.037707 0.443561
v -0.559135 -0.037707 0.436756
v -0.559135 0.037707 0.436756
v -0.562833 -0.037707 0.430709
v -0.562833 0.037707 0.430709
v -0.567178 -0.037707 0.425430
v -0.567178 0.037707 0.425430
v -0.572110 -0.037707 0.420932
v -0.572110 0.037707 0.420932
v -0.577563 -0.037707 0.417227
v -0.577563 0.037707 0.417227
v -0.583476 -0.037707 0.414324
v -0.583476 0.037707 0.414324
v -0.589784 -0.037707 0.412237
v -0.589784 0.037707 0.412237
v -0.596426 -0.037707 0.410976
v -0.596426 0.037707 0.410976
v -0.603337 -0.037707 0.410554
v -0.603337 0.037707 0.410554
v -0.607441 -0.037707 0.410708
v -0.607441 0.037707 0.410708
v -0.611742 -0.037707 0.411426
v -0.611742 0.037707 0.411426
v -0.616208 -0.037707 0.412671
v -0.616208 0.037707 0.412671
v -0.620806 -0.037707 0.414410
v -0.620806 0.037707 0.414410
v -0.625503 -0.037707 0.416609
v -0.625503 0.037707 0.416609
v -0.630267 -0.037707 0.419232
v -0.630267 0.037707 0.419232
v -0.635066 -0.037707 0.422245
v -0.635066 0.037707 0.422245
v -0.639866 -0.037707 0.425614
v -0.639866 0.037707 0.425614
v -0.644636 -0.037707 0.429305
v -0.644636 0.037707 0.429305
v -0.649343 -0.037707 0.433282
v -0.649343 0.037707 0.433282
v -0.653954 -0.037707 0.437512
v -0.653954 0.037707 0.437512
v -0.658437 -0.037707 0.441960
v -0.658437 0.037707 0.441960
v -0.658437 -0.037707 0.621584
v -0.658437 0.037707 0.621584
v -0.707475 -0.037707 0.621584
v -0.707475 0.037707 0.621584
v -0.707475 -0.037707 0.467857
v -0.707475 0.037707 0.467857
v -0.707890 -0.037707 0.458280
v -0.707890 0.037707 0.458280
v -0.709097 -0.037707 0.449646
v -0.709097 0.037707 0.449646
v -0.711039 -0.037707 0.441934
v -0.711039 0.037707 0.441934
v -0.713658 -0.037707 0.435124
v -0.713658 0.037707 0.435124
v -0.716897 -0.037707 0.429193
v -0.716897 0.037707 0.429193
v -0.720699 -0.037707 0.424122
v -0.720699 0.037707 0.424122
v -0.725005 -0.037707 0.419888
v -0.725005 0.037707 0.419888
v -0.729760 -0.037707 0.416472
v -0.729760 0.037707 0.416472
v -0.734904 -0.037707 0.413851
v -0.734904 0.037707 0.413851
v -0.740381 -0.037707 0.412005
v -0.740381 0.037707 0.412005
v -0.746134 -0.037707 0.410913
v -0.746134 0.037707 0.410913
v -0.752105 -0.037707 0.410554
v -0.752105 0.037707 0.410554
v -0.758139 -0.037707 0.410719
v -0.758139 0.037707 0.410719
v -0.763870 -0.037707 0.411235
v -0.763870 0.037707 0.411235
v -0.769341 -0.037707 0.412129
v -0.769341 0.037707 0.412129
v -0.774594 -0.037707 0.413431
v -0.774594 0.037707 0.413431
v -0.779671 -0.037707 0.415169
v -0.779671 0.037707 0.415169
v -0.784614 -0.037707 0.417372
v -0.784614 0.037707 0.417372
v -0.789465 -0.037707 0.420069
v -0.789465 0.037707 0.420069
v -0.794267 -0.037707 0.423288
v -0.794267 0.037707 0.423288
v -0.799060 -0.037707 0.427057
v -0.799060 0.037707 0.427057
v -0.803888 -0.037707 0.431407
v -0.803888 0.037707 0.431407
v -0.808793 -0.037707 0.436365
v -0.808793 0.037707 0.436365
v -0.813817 -0.037707 0.441960
v -0.813817 0.037707 0.441960
v -0.813817 -0.037707 0.621584
v -0.813817 0.037707 0.621584
v -0.862855 -0.037707 0.621584
v -0.862855 0.037707 0.621584
v -0.862855 -0.037707 0.374188
v -0.862855 0.037707 0.374188
v -0.813817 -0.037707 0.374188
v -0.813817 0.037707 0.374188
v -0.236604 -0.037707 0.602082
v -0.236604 0.037707 0.602082
v -0.243942 -0.037707 0.606391
v -0.243942 0.037707 0.606391
v -0.251287 -0.037707 0.610271
v -0.251287 0.037707 0.610271
v -0.258701 -0.037707 0.613727
v -0.258701 0.037707 0.613727
v -0.266246 -0.037707 0.616762
v -0.266246 0.037707 0.616762
v -0.273981 -0.037707 0.619380
v -0.273981 0.037707 0.619380
v -0.281969 -0.037707 0.621584
v -0.281969 0.037707 0.621584
v -0.290271 -0.037707 0.623380
v -0.290271 0.037707 0.623380
v -0.298948 -0.037707 0.624769
v -0.298948 0.037707 0.624769
v -0.308061 -0.037707 0.625757
v -0.308061 0.037707 0.625757
v -0.317672 -0.037707 0.626347
v -0.317672 0.037707 0.626347
v -0.327841 -0.037707 0.626543
v -0.327841 0.037707 0.626543
v -0.346409 -0.037707 0.625256
v -0.346409 0.037707 0.625256
v -0.363523 -0.037707 0.621533
v -0.363523 0.037707 0.621533
v -0.379152 -0.037707 0.615574
v -0.379152 0.037707 0.615574
v -0.393266 -0.037707 0.607584
v -0.393266 0.037707 0.607584
v -0.405834 -0.037707 0.597765
v -0.405834 0.037707 0.597765
v -0.416826 -0.037707 0.586320
v -0.416826 0.037707 0.586320
v -0.426211 -0.037707 0.573452
v -0.426211 0.037707 0.573452
v -0.433958 -0.037707 0.559362
v -0.433958 0.037707 0.559362
v -0.440037 -0.037707 0.544255
v -0.440037 0.037707 0.544255
v -0.444417 -0.037707 0.528333
v -0.444417 0.037707 0.528333
v -0.447067 -0.037707 0.511799
v -0.447067 0.037707 0.511799
v -0.447957 -0.037707 0.494855
v -0.447957 0.037707 0.494855
v -0.446985 -0.037707 0.476642
v -0.446985 0.037707 0.476642
v -0.444131 -0.037707 0.459531
v -0.444131 0.037707 0.459531
v -0.439486 -0.037707 0.443613
v -0.439486 0.037707 0.443613
v -0.433142 -0.037707 0.428981
v -0.433142 0.037707 0.428981
v -0.425191 -0.037707 0.415727
v -0.425191 0.037707 0.415727
v -0.415724 -0.037707 0.403942
v -0.415724 0.037707 0.403942
v -0.404834 -0.037707 0.393718
v -0.404834 0.037707 0.393718
v -0.392613 -0.037707 0.385147
v -0.392613 0.037707 0.385147
v -0.379152 -0.037707 0.378320
v -0.379152 0.037707 0.378320
v -0.364543 -0.037707 0.373331
v -0.364543 0.037707 0.373331
v -0.348878 -0.037707 0.370270
v -0.348878 0.037707 0.370270
v -0.332249 -0.037707 0.369229
v -0.332249 0.037707 0.369229
v -0.316361 -0.037707 0.370160
v -0.316361 0.037707 0.370160
v -0.301523 -0.037707 0.372958
v -0.301523 0.037707 0.372958
v -0.287799 -0.037707 0.377632
v -0.287799 0.037707 0.377632
v -0.275252 -0.037707 0.384188
v -0.275252 0.037707 0.384188
v -0.263944 -0.037707 0.392634
v -0.263944 0.037707 0.392634
v -0.253939 -0.037707 0.402977
v -0.253939 0.037707 0.402977
v -0.245300 -0.037707 0.415227
v -0.245300 0.037707 0.415227
v -0.238090 -0.037707 0.429389
v -0.238090 0.037707 0.429389
v -0.232373 -0.037707 0.445473
v -0.232373 0.037707 0.445473
v -0.228211 -0.037707 0.463485
v -0.228211 0.037707 0.463485
v -0.225667 -0.037707 0.483433
v -0.225667 0.037707 0.483433
v -0.224805 -0.037707 0.505324
v -0.224805 0.037707 0.505324
v -0.398919 -0.037707 0.505324
v -0.398919 0.037707 0.505324
v -0.396566 -0.037707 0.517089
v -0.396566 0.037707 0.517089
v -0.393368 -0.037707 0.527861
v -0.393368 0.037707 0.527861
v -0.389328 -0.037707 0.537635
v -0.389328 0.037707 0.537635
v -0.384450 -0.037707 0.546404
v -0.384450 0.037707 0.546404
v -0.378738 -0.037707 0.554163
v -0.378738 0.037707 0.554163
v -0.372196 -0.037707 0.560906
v -0.372196 0.037707 0.560906
v -0.364827 -0.037707 0.566627
v -0.364827 0.037707 0.566627
v -0.356635 -0.037707 0.571321
v -0.356635 0.037707 0.571321
v -0.347625 -0.037707 0.574982
v -0.347625 0.037707 0.574982
v -0.337799 -0.037707 0.577604
v -0.337799 0.037707 0.577604
v -0.327163 -0.037707 0.579181
v -0.327163 0.037707 0.579181
v -0.315719 -0.037707 0.579708
v -0.315719 0.037707 0.579708
v -0.308314 -0.037707 0.579481
v -0.308314 0.037707 0.579481
v -0.300970 -0.037707 0.578805
v -0.300970 0.037707 0.578805
v -0.293679 -0.037707 0.577694
v -0.293679 0.037707 0.577694
v -0.286435 -0.037707 0.576157
v -0.286435 0.037707 0.576157
v -0.279228 -0.037707 0.574208
v -0.279228 0.037707 0.574208
v -0.272053 -0.037707 0.571857
v -0.272053 0.037707 0.571857
v -0.264900 -0.037707 0.569115
v -0.264900 0.037707 0.569115
v -0.257763 -0.037707 0.565995
v -0.257763 0.037707 0.565995
v -0.250633 -0.037707 0.562507
v -0.250633 0.037707 0.562507
v -0.243503 -0.037707 0.558663
v -0.243503 0.037707 0.558663
v -0.236366 -0.037707 0.554476
v -0.236366 0.037707 0.554476
v -0.229213 -0.037707 0.549955
v -0.229213 0.037707 0.549955
v -0.229213 -0.037707 0.597340
v -0.229213 0.037707 0.597340
v -0.274115 -0.037707 0.463742
v -0.274115 0.037707 0.463742
v -0.275741 -0.037707 0.455276
v -0.275741 0.037707 0.455276
v -0.278148 -0.037707 0.447453
v -0.278148 0.037707 0.447453
v -0.281312 -0.037707 0.440307
v -0.281312 0.037707 0.440307
v -0.285212 -0.037707 0.433873
v -0.285212 0.037707 0.433873
v -0.289822 -0.037707 0.428185
v -0.289822 0.037707 0.428185
v -0.295122 -0.037707 0.423278
v -0.295122 0.037707 0.423278
v -0.301087 -0.037707 0.419186
v -0.301087 0.037707 0.419186
v -0.307695 -0.037707 0.415943
v -0.307695 0.037707 0.415943
v -0.314923 -0.037707 0.413584
v -0.314923 0.037707 0.413584
v -0.322748 -0.037707 0.412143
v -0.322748 0.037707 0.412143
v -0.331147 -0.037707 0.411655
v -0.331147 0.037707 0.411655
v -0.340203 -0.037707 0.412112
v -0.340203 0.037707 0.412112
v -0.348636 -0.037707 0.413469
v -0.348636 0.037707 0.413469
v -0.356441 -0.037707 0.415710
v -0.356441 0.037707 0.415710
v -0.363614 -0.037707 0.418818
v -0.363614 0.037707 0.418818
v -0.370153 -0.037707 0.422776
v -0.370153 0.037707 0.422776
v -0.376053 -0.037707 0.427565
v -0.376053 0.037707 0.427565
v -0.381309 -0.037707 0.433170
v -0.381309 0.037707 0.433170
v -0.385919 -0.037707 0.439572
v -0.385919 0.037707 0.439572
v -0.389879 -0.037707 0.446755
v -0.389879 0.037707 0.446755
v -0.393184 -0.037707 0.454702
v -0.393184 0.037707 0.454702
v -0.395832 -0.037707 0.463394
v -0.395832 0.037707 0.463394
v -0.397817 -0.037707 0.472816
v -0.397817 0.037707 0.472816
v -0.273292 -0.037707 0.472816
v -0.273292 0.037707 0.472816
v -0.062262 -0.037707 0.621584
v -0.062262 0.037707 0.621584
v -0.080136 -0.037707 0.620551
v -0.080136 0.037707 0.620551
v -0.096796 -0.037707 0.617502
v -0.096796 0.037707 0.617502
v -0.112179 -0.037707 0.612510
v -0.112179 0.037707 0.612510
v -0.126218 -0.037707 0.605646
v -0.126218 0.037707 0.605646
v -0.138850 -0.037707 0.596984
v -0.138850 0.037707 0.596984
v -0.150008 -0.037707 0.586596
v -0.150008 0.037707 0.586596
v -0.159628 -0.037707 0.574555
v -0.159628 0.037707 0.574555
v -0.167645 -0.037707 0.560934
v -0.167645 0.037707 0.560934
v -0.173993 -0.037707 0.545805
v -0.173993 0.037707 0.545805
v -0.178608 -0.037707 0.529241
v -0.178608 0.037707 0.529241
v -0.181425 -0.037707 0.511316
v -0.181425 0.037707 0.511316
v -0.182379 -0.037707 0.492100
v -0.182379 0.037707 0.492100
v -0.181329 -0.037707 0.474636
v -0.181329 0.037707 0.474636
v -0.178249 -0.037707 0.458128
v -0.178249 0.037707 0.458128
v -0.173244 -0.037707 0.442683
v -0.173244 0.037707 0.442683
v -0.166420 -0.037707 0.428410
v -0.166420 0.037707 0.428410
v -0.157882 -0.037707 0.415414
v -0.157882 0.037707 0.415414
v -0.147735 -0.037707 0.403804
v -0.147735 0.037707 0.403804
v -0.136084 -0.037707 0.393686
v -0.136084 0.037707 0.393686
v -0.123035 -0.037707 0.385167
v -0.123035 0.037707 0.385167
v -0.108692 -0.037707 0.378355
v -0.108692 0.037707 0.378355
v -0.093161 -0.037707 0.373356
v -0.093161 0.037707 0.373356
v -0.076548 -0.037707 0.370279
v -0.076548 0.037707 0.370279
v -0.058956 -0.037707 0.369229
v -0.058956 0.037707 0.369229
v -0.054844 -0.037707 0.369287
v -0.054844 0.037707 0.369287
v -0.050758 -0.037707 0.369466
v -0.050758 0.037707 0.369466
v -0.046679 -0.037707 0.369771
v -0.046679 0.037707 0.369771
v -0.042590 -0.037707 0.370209
v -0.042590 0.037707 0.370209
v -0.038469 -0.037707 0.370784
v -0.038469 0.037707 0.370784
v -0.034299 -0.037707 0.371502
v -0.034299 0.037707 0.371502
v -0.030060 -0.037707 0.372370
v -0.030060 0.037707 0.372370
v -0.025733 -0.037707 0.373392
v -0.025733 0.037707 0.373392
v -0.021299 -0.037707 0.374575
v -0.021299 0.037707 0.374575
v -0.016739 -0.037707 0.375925
v -0.016739 0.037707 0.375925
v -0.012033 -0.037707 0.377447
v -0.012033 0.037707 0.377447
v -0.007163 -0.037707 0.379147
v -0.007163 0.037707 0.379147
v -0.007163 -0.037707 0.245807
v -0.007163 0.037707 0.245807
v 0.041875 -0.037707 0.245807
v 0.041875 0.037707 0.245807
v 0.041875 -0.037707 0.621584
v 0.041875 0.037707 0.621584
v -0.011219 -0.037707 0.421102
v -0.011219 0.037707 0.421102
v -0.015142 -0.037707 0.419686
v -0.015142 0.037707 0.419686
v -0.018958 -0.037707 0.418422
v -0.018958 0.037707 0.418422
v -0.022693 -0.037707 0.417308
v -0.022693 0.037707 0.417308
v -0.026374 -0.037707 0.416340
v -0.026374 0.037707 0.416340
v -0.030029 -0.037707 0.415512
v -0.030029 0.037707 0.415512
v -0.033684 -0.037707 0.414823
v -0.033684 0.037707 0.414823
v -0.037365 -0.037707 0.414268
v -0.037365 0.037707 0.414268
v -0.041101 -0.037707 0.413842
v -0.041101 0.037707 0.413842
v -0.044916 -0.037707 0.413543
v -0.044916 0.037707 0.413543
v -0.048839 -0.037707 0.413367
v -0.048839 0.037707 0.413367
v -0.052895 -0.037707 0.413308
v -0.052895 0.037707 0.413308
v -0.064411 -0.037707 0.414011
v -0.064411 0.037707 0.414011
v -0.075226 -0.037707 0.416079
v -0.075226 0.037707 0.416079
v -0.085283 -0.037707 0.419455
v -0.085283 0.037707 0.419455
v -0.094526 -0.037707 0.424083
v -0.094526 0.037707 0.424083
v -0.102896 -0.037707 0.429905
v -0.102896 0.037707 0.429905
v -0.110336 -0.037707 0.436863
v -0.110336 0.037707 0.436863
v -0.116789 -0.037707 0.444901
v -0.116789 0.037707 0.444901
v -0.122198 -0.037707 0.453960
v -0.122198 0.037707 0.453960
v -0.126505 -0.037707 0.463983
v -0.126505 0.037707 0.463983
v -0.129652 -0.037707 0.474913
v -0.129652 0.037707 0.474913
v -0.131582 -0.037707 0.486692
v -0.131582 0.037707 0.486692
v -0.132238 -0.037707 0.499263
v -0.132238 0.037707 0.499263
v -0.131837 -0.037707 0.510580
v -0.131837 0.037707 0.510580
v -0.130588 -0.037707 0.521334
v -0.130588 0.037707 0.521334
v -0.128424 -0.037707 0.531445
v -0.128424 0.037707 0.531445
v -0.125279 -0.037707 0.540833
v -0.125279 0.037707 0.540833
v -0.121086 -0.037707 0.549417
v -0.121086 0.037707 0.549417
v -0.115777 -0.037707 0.557118
v -0.115777 0.037707 0.557118
v -0.109286 -0.037707 0.563854
v -0.109286 0.037707 0.563854
v -0.101546 -0.037707 0.569546
v -0.101546 0.037707 0.569546
v -0.092489 -0.037707 0.574112
v -0.092489 0.037707 0.574112
v -0.082049 -0.037707 0.577474
v -0.082049 0.037707 0.577474
v -0.070159 -0.037707 0.579550
v -0.070159 0.037707 0.579550
v -0.056752 -0.037707 0.580259
v -0.056752 0.037707 0.580259
v -0.007163 -0.037707 0.580259
v -0.007163 0.037707 0.580259
v -0.007163 -0.037707 0.422675
v -0.007163 0.037707 0.422675
v 0.110199 -0.037707 0.621584
v 0.110199 0.037707 0.621584
v 0.110199 -0.037707 0.374188
v 0.110199 0.037707 0.374188
v 0.159237 -0.037707 0.374188
v 0.159237 0.037707 0.374188
v 0.159237 -0.037707 0.621584
v 0.159237 0.037707 0.621584
v 0.131062 -0.037707 0.328186
v 0.131062 0.037707 0.328186
v 0.127282 -0.037707 0.327402
v 0.127282 0.037707 0.327402
v 0.123689 -0.037707 0.326140
v 0.123689 0.037707 0.326140
v 0.120321 -0.037707 0.324435
v 0.120321 0.037707 0.324435
v 0.117212 -0.037707 0.322325
v 0.117212 0.037707 0.322325
v 0.114400 -0.037707 0.319846
v 0.114400 0.037707 0.319846
v 0.111921 -0.037707 0.317034
v 0.111921 0.037707 0.317034
v 0.109811 -0.037707 0.313926
v 0.109811 0.037707 0.313926
v 0.108107 -0.037707 0.310557
v 0.108107 0.037707 0.310557
v 0.106844 -0.037707 0.306964
v 0.106844 0.037707 0.306964
v 0.106060 -0.037707 0.303184
v 0.106060 0.037707 0.303184
v 0.105791 -0.037707 0.299253
v 0.105791 0.037707 0.299253
v 0.106060 -0.037707 0.295322
v 0.106060 0.037707 0.295322
v 0.106844 -0.037707 0.291542
v 0.106844 0.037707 0.291542
v 0.108107 -0.037707 0.287949
v 0.108107 0.037707 0.287949
v 0.109811 -0.037707 0.284580
v 0.109811 0.037707 0.284580
v 0.111921 -0.037707 0.281472
v 0.111921 0.037707 0.281472
v 0.114400 -0.037707 0.278660
v 0.114400 0.037707 0.278660
v 0.117212 -0.037707 0.276180
v 0.117212 0.037707 0.276180
v 0.120321 -0.037707 0.274071
v 0.120321 0.037707 0.274071
v 0.123689 -0.037707 0.272366
v 0.123689 0.037707 0.272366
v 0.127282 -0.037707 0.271104
v 0.127282 0.037707 0.271104
v 0.131062 -0.037707 0.270320
v 0.131062 0.037707 0.270320
v 0.134993 -0.037707 0.270050
v 0.134993 0.037707 0.270050
v 0.138925 -0.037707 0.270320
v 0.138925 0.037707 0.270320
v 0.142705 -0.037707 0.271104
v 0.142705 0.037707 0.271104
v 0.146297 -0.037707 0.272366
v 0.146297 0.037707 0.272366
v 0.149666 -0.037707 0.274071
v 0.149666 0.037707 0.274071
v 0.152775 -0.037707 0.276180
v 0.152775 0.037707 0.276180
v 0.155587 -0.037707 0.278660
v 0.155587 0.037707 0.278660
v 0.158066 -0.037707 0.281472
v 0.158066 0.037707 0.281472
v 0.160176 -0.037707 0.284580
v 0.160176 0.037707 0.284580
v 0.161880 -0.037707 0.287949
v 0.161880 0.037707 0.287949
v 0.163142 -0.037707 0.291542
v 0.163142 0.037707 0.291542
v 0.163926 -0.037707 0.295322
v 0.163926 0.037707 0.295322
v 0.164196 -0.037707 0.299253
v 0.164196 0.037707 0.299253
v 0.163926 -0.037707 0.303184
v 0.163926 0.037707 0.303184
v 0.163142 -0.037707 0.306964
v 0.163142 0.037707 0.306964
v 0.161880 -0.037707 0.310557
v 0.161880 0.037707 0.310557
v 0.160176 -0.037707 0.313926
v 0.160176 0.037707 0.313926
v 0.158066 -0.037707 0.317034
v 0.158066 0.037707 0.317034
v 0.155587 -0.037707 0.319846
v 0.155587 0.037707 0.319846
v 0.152775 -0.037707 0.322325
v 0.152775 0.037707 0.322325
v 0.149666 -0.037707 0.324435
v 0.149666 0.037707 0.324435
v 0.146297 -0.037707 0.326140
v 0.146297 0.037707 0.326140
v 0.142705 -0.037707 0.327402
v 0.142705 0.037707 0.327402
v 0.138924 -0.037707 0.328186
v 0.138924 0.037707 0.328186
v 0.134993 -0.037707 0.328456
v 0.134993 0.037707 0.328456
v 0.386797 -0.037707 0.590177
v 0.386797 0.037707 0.590177
v 0.381535 -0.037707 0.595523
v 0.381535 0.037707 0.595523
v 0.375974 -0.037707 0.600524
v 0.375974 0.037707 0.600524
v 0.370155 -0.037707 0.605157
v 0.370155 0.037707 0.605157
v 0.364125 -0.037707 0.609401
v 0.364125 0.037707 0.609401
v 0.357926 -0.037707 0.613231
v 0.357926 0.037707 0.613231
v 0.351602 -0.037707 0.616625
v 0.351602 0.037707 0.616625
v 0.345199 -0.037707 0.619560
v 0.345199 0.037707 0.619560
v 0.338759 -0.037707 0.622012
v 0.338759 0.037707 0.622012
v 0.332326 -0.037707 0.623960
v 0.332326 0.037707 0.623960
v 0.325945 -0.037707 0.625379
v 0.325945 0.037707 0.625379
v 0.319660 -0.037707 0.626248
v 0.319660 0.037707 0.626248
v 0.313515 -0.037707 0.626543
v 0.313515 0.037707 0.626543
v 0.301302 -0.037707 0.625802
v 0.301302 0.037707 0.625802
v 0.289779 -0.037707 0.623599
v 0.289779 0.037707 0.623599
v 0.279018 -0.037707 0.619965
v 0.279018 0.037707 0.619965
v 0.269089 -0.037707 0.614931
v 0.269089 0.037707 0.614931
v 0.260063 -0.037707 0.608527
v 0.260063 0.037707 0.608527
v 0.252010 -0.037707 0.600784
v 0.252010 0.037707 0.600784
v 0.245003 -0.037707 0.591732
v 0.245003 0.037707 0.591732
v 0.239111 -0.037707 0.581402
v 0.239111 0.037707 0.581402
v 0.234404 -0.037707 0.569825
v 0.234404 0.037707 0.569825
v 0.230955 -0.037707 0.557031
v 0.230955 0.037707 0.557031
v 0.228834 -0.037707 0.543051
v 0.228834 0.037707 0.543051
v 0.228111 -0.037707 0.527915
v 0.228111 0.037707 0.527915
v 0.228111 -0.037707 0.374188
v 0.228111 0.037707 0.374188
v 0.277149 -0.037707 0.374188
v 0.277149 0.037707 0.374188
v 0.277149 -0.037707 0.531221
v 0.277149 0.037707 0.531221
v 0.277505 -0.037707 0.539586
v 0.277505 0.037707 0.539586
v 0.278570 -0.037707 0.547315
v 0.278570 0.037707 0.547315
v 0.280344 -0.037707 0.554389
v 0.280344 0.037707 0.554389
v 0.282823 -0.037707 0.560791
v 0.282823 0.037707 0.560791
v 0.286006 -0.037707 0.566505
v 0.286006 0.037707 0.566505
v 0.289891 -0.037707 0.571512
v 0.289891 0.037707 0.571512
v 0.294477 -0.037707 0.575797
v 0.294477 0.037707 0.575797
v 0.299761 -0.037707 0.579341
v 0.299761 0.037707 0.579341
v 0.305741 -0.037707 0.582128
v 0.305741 0.037707 0.582128
v 0.312416 -0.037707 0.584139
v 0.312416 0.037707 0.584139
v 0.319783 -0.037707 0.585359
v 0.319783 0.037707 0.585359
v 0.327841 -0.037707 0.585769
v 0.327841 0.037707 0.585769
v 0.333326 -0.037707 0.585518
v 0.333326 0.037707 0.585518
v 0.338751 -0.037707 0.584767
v 0.338751 0.037707 0.584767
v 0.344104 -0.037707 0.583522
v 0.344104 0.037707 0.583522
v 0.349370 -0.037707 0.581790
v 0.349370 0.037707 0.581790
v 0.354538 -0.037707 0.579575
v 0.354538 0.037707 0.579575
v 0.359592 -0.037707 0.576885
v 0.359592 0.037707 0.576885
v 0.364520 -0.037707 0.573723
v 0.364520 0.037707 0.573723
v 0.369308 -0.037707 0.570097
v 0.369308 0.037707 0.570097
v 0.373943 -0.037707 0.566011
v 0.373943 0.037707 0.566011
v 0.378412 -0.037707 0.561472
v 0.378412 0.037707 0.561472
v 0.382701 -0.037707 0.556485
v 0.382701 0.037707 0.556485
v 0.386797 -0.037707 0.551057
v 0.386797 0.037707 0.551057
v 0.386797 -0.037707 0.374188
v 0.386797 0.037707 0.374188
v 0.435835 -0.037707 0.374188
v 0.435835 0.037707 0.374188
v 0.435835 -0.037707 0.621584
v 0.435835 0.037707 0.621584
v 0.386797 -0.037707 0.621584
v 0.386797 0.037707 0.621584
v 0.552095 -0.037707 0.406697
v 0.552095 0.037707 0.406697
v 0.558397 -0.037707 0.400635
v 0.558397 0.037707 0.400635
v 0.564635 -0.037707 0.395121
v 0.564635 0.037707 0.395121
v 0.570811 -0.037707 0.390150
v 0.570811 0.037707 0.390150
v 0.576930 -0.037707 0.385718
v 0.576930 0.037707 0.385718
v 0.582996 -0.037707 0.381822
v 0.582996 0.037707 0.381822
v 0.589011 -0.037707 0.378458
v 0.589011 0.037707 0.378458
v 0.594981 -0.037707 0.375622
v 0.594981 0.037707 0.375622
v 0.600909 -0.037707 0.373311
v 0.600909 0.037707 0.373311
v 0.606798 -0.037707 0.371519
v 0.606798 0.037707 0.371519
v 0.612653 -0.037707 0.370244
v 0.612653 0.037707 0.370244
v 0.618477 -0.037707 0.369482
v 0.618477 0.037707 0.369482
v 0.624275 -0.037707 0.369229
v 0.624275 0.037707 0.369229
v 0.632010 -0.037707 0.369550
v 0.632010 0.037707 0.369550
v 0.639501 -0.037707 0.370507
v 0.639501 0.037707 0.370507
v 0.646737 -0.037707 0.372096
v 0.646737 0.037707 0.372096
v 0.653702 -0.037707 0.374310
v 0.653702 0.037707 0.374310
v 0.660384 -0.037707 0.377145
v 0.660384 0.037707 0.377145
v 0.666770 -0.037707 0.380593
v 0.666770 0.037707 0.380593
v 0.672846 -0.037707 0.384650
v 0.672846 0.037707 0.384650
v 0.678599 -0.037707 0.389310
v 0.678599 0.037707 0.389310
v 0.684015 -0.037707 0.394566
v 0.684015 0.037707 0.394566
v 0.689080 -0.037707 0.400414
v 0.689080 0.037707 0.400414
v 0.693783 -0.037707 0.406847
v 0.693783 0.037707 0.406847
v 0.698108 -0.037707 0.413859
v 0.698108 0.037707 0.413859
v 0.703575 -0.037707 0.407888
v 0.703575 0.037707 0.407888
v 0.709243 -0.037707 0.402136
v 0.709243 0.037707 0.402136
v 0.715129 -0.037707 0.396658
v 0.715129 0.037707 0.396658
v 0.721250 -0.037707 0.391514
v 0.721250 0.037707 0.391514
v 0.727623 -0.037707 0.386759
v 0.727623 0.037707 0.386759
v 0.734267 -0.037707 0.382453
v 0.734267 0.037707 0.382453
v 0.741197 -0.037707 0.378651
v 0.741197 0.037707 0.378651
v 0.748432 -0.037707 0.375412
v 0.748432 0.037707 0.375412
v 0.755988 -0.037707 0.372793
v 0.755988 0.037707 0.372793
v 0.763883 -0.037707 0.370851
v 0.763883 0.037707 0.370851
v 0.772133 -0.037707 0.369644
v 0.772133 0.037707 0.369644
v 0.780757 -0.037707 0.369229
v 0.780757 0.037707 0.369229
v 0.792905 -0.037707 0.370022
v 0.792905 0.037707 0.370022
v 0.804248 -0.037707 0.372356
v 0.804248 0.037707 0.372356
v 0.814738 -0.037707 0.376168
v 0.814738 0.037707 0.376168
v 0.824326 -0.037707 0.381392
v 0.824326 0.037707 0.381392
v 0.832966 -0.037707 0.387962
v 0.832966 0.037707 0.387962
v 0.840609 -0.037707 0.395814
v 0.840609 0.037707 0.395814
v 0.847207 -0.037707 0.404884
v 0.847207 0.037707 0.404884
v 0.852713 -0.037707 0.415104
v 0.852713 0.037707 0.415104
v 0.857078 -0.037707 0.426412
v 0.857078 0.037707 0.426412
v 0.860255 -0.037707 0.438741
v 0.860255 0.037707 0.438741
v 0.862197 -0.037707 0.452027
v 0.862197 0.037707 0.452027
v 0.862855 -0.037707 0.466204
v 0.862855 0.037707 0.466204
v 0.862855 -0.037707 0.621584
v 0.862855 0.037707 0.621584
v 0.813816 -0.037707 0.621584
v 0.813816 0.037707 0.621584
v 0.813816 -0.037707 0.468408
v 0.813816 0.037707 0.468408
v 0.813345 -0.037707 0.459399
v 0.813345 0.037707 0.459399
v 0.811972 -0.037707 0.451113
v 0.811972 0.037707 0.451113
v 0.809762 -0.037707 0.443561
v 0.809762 0.037707 0.443561
v 0.806776 -0.037707 0.436756
v 0.806776 0.037707 0.436756
v 0.803079 -0.037707 0.430709
v 0.803079 0.037707 0.430709
v 0.798733 -0.037707 0.425430
v 0.798733 0.037707 0.425430
v 0.793802 -0.037707 0.420932
v 0.793802 0.037707 0.420932
v 0.788348 -0.037707 0.417227
v 0.788348 0.037707 0.417227
v 0.782436 -0.037707 0.414324
v 0.782436 0.037707 0.414324
v 0.776127 -0.037707 0.412237
v 0.776127 0.037707 0.412237
v 0.769485 -0.037707 0.410976
v 0.769485 0.037707 0.410976
v 0.762574 -0.037707 0.410554
v 0.762574 0.037707 0.410554
v 0.758470 -0.037707 0.410708
v 0.758470 0.037707 0.410708
v 0.754169 -0.037707 0.411426
v 0.754169 0.037707 0.411426
v 0.749703 -0.037707 0.412671
v 0.749703 0.037707 0.412671
v 0.745106 -0.037707 0.414410
v 0.745106 0.037707 0.414410
v 0.740409 -0.037707 0.416609
v 0.740409 0.037707 0.416609
v 0.735644 -0.037707 0.419232
v 0.735644 0.037707 0.419232
v 0.730846 -0.037707 0.422245
v 0.730846 0.037707 0.422245
v 0.726045 -0.037707 0.425614
v 0.726045 0.037707 0.425614
v 0.721276 -0.037707 0.429305
v 0.721276 0.037707 0.429305
v 0.716569 -0.037707 0.433282
v 0.716569 0.037707 0.433282
v 0.711958 -0.037707 0.437512
v 0.711958 0.037707 0.437512
v 0.707475 -0.037707 0.441960
v 0.707475 0.037707 0.441960
v 0.707475 -0.037707 0.621584
v 0.707475 0.037707 0.621584
v 0.658437 -0.037707 0.621584
v 0.658437 0.037707 0.621584
v 0.658437 -0.037707 0.467857
v 0.658437 0.037707 0.467857
v 0.658021 -0.037707 0.458280
v 0.658021 0.037707 0.458280
v 0.656814 -0.037707 0.449646
v 0.656814 0.037707 0.449646
v 0.654872 -0.037707 0.441934
v 0.654872 0.037707 0.441934
v 0.652253 -0.037707 0.435124
v 0.652253 0.037707 0.435124
v 0.649014 -0.037707 0.429193
v 0.649014 0.037707 0.429193
v 0.645213 -0.037707 0.424122
v 0.645213 0.037707 0.424122
v 0.640906 -0.037707 0.419888
v 0.640906 0.037707 0.419888
v 0.636152 -0.037707 0.416472
v 0.636152 0.037707 0.416472
v 0.631007 -0.037707 0.413851
v 0.631007 0.037707 0.413851
v 0.625530 -0.037707 0.412005
v 0.625530 0.037707 0.412005
v 0.619777 -0.037707 0.410913
v 0.619777 0.037707 0.410913
v 0.613806 -0.037707 0.410554
v 0.613806 0.037707 0.410554
v 0.607773 -0.037707 0.410719
v 0.607773 0.037707 0.410719
v 0.602041 -0.037707 0.411235
v 0.602041 0.037707 0.411235
v 0.596570 -0.037707 0.412129
v 0.596570 0.037707 0.412129
v 0.591317 -0.037707 0.413431
v 0.591317 0.037707 0.413431
v 0.586240 -0.037707 0.415169
v 0.586240 0.037707 0.415169
v 0.581298 -0.037707 0.417372
v 0.581298 0.037707 0.417372
v 0.576446 -0.037707 0.420069
v 0.576446 0.037707 0.420069
v 0.571645 -0.037707 0.423288
v 0.571645 0.037707 0.423288
v 0.566851 -0.037707 0.427057
v 0.566851 0.037707 0.427057
v 0.562023 -0.037707 0.431407
v 0.562023 0.037707 0.431407
v 0.557118 -0.037707 0.436365
v 0.557118 0.037707 0.436365
v 0.552095 -0.037707 0.441960
v 0.552095 0.037707 0.441960
v 0.552095 -0.037707 0.621584
v 0.552095 0.037707 0.621584
v 0.503057 -0.037707 0.621584
v 0.503057 0.037707 0.621584
v 0.503057 -0.037707 0.374188
v 0.503057 0.037707 0.374188
v 0.552095 -0.037707 0.374188
v 0.552095 0.037707 0.374188
v 0.931178 -0.037707 0.239195
v 0.931178 0.037707 0.239195
v 0.947055 -0.037707 0.256094
v 0.947055 0.037707 0.256094
v 0.961863 -0.037707 0.274198
v 0.961863 0.037707 0.274198
v 0.975542 -0.037707 0.293381
v 0.975542 0.037707 0.293381
v 0.988032 -0.037707 0.313518
v 0.988032 0.037707 0.313518
v 0.999276 -0.037707 0.334480
v 0.999276 0.037707 0.334480
v 1.009212 -0.037707 0.356143
v 1.009212 0.037707 0.356143
v 1.017783 -0.037707 0.378380
v 1.017783 0.037707 0.378380
v 1.024928 -0.037707 0.401064
v 1.024928 0.037707 0.401064
v 1.030589 -0.037707 0.424070
v 1.030589 0.037707 0.424070
v 1.034706 -0.037707 0.447271
v 1.034706 0.037707 0.447271
v 1.037220 -0.037707 0.470541
v 1.037220 0.037707 0.470541
v 1.038071 -0.037707 0.493753
v 1.038071 0.037707 0.493753
v 1.037220 -0.037707 0.516966
v 1.037220 0.037707 0.516966
v 1.034706 -0.037707 0.540236
v 1.034706 0.037707 0.540236
v 1.030589 -0.037707 0.563437
v 1.030589 0.037707 0.563437
v 1.024928 -0.037707 0.586443
v 1.024928 0.037707 0.586443
v 1.017783 -0.037707 0.609127
v 1.017783 0.037707 0.609127
v 1.009212 -0.037707 0.631364
v 1.009212 0.037707 0.631364
v 0.999276 -0.037707 0.653027
v 0.999276 0.037707 0.653027
v 0.988032 -0.037707 0.673989
v 0.988032 0.037707 0.673989
v 0.975542 -0.037707 0.694125
v 0.975542 0.037707 0.694125
v 0.961863 -0.037707 0.713309
v 0.961863 0.037707 0.713309
v 0.947055 -0.037707 0.731413
v 0.947055 0.037707 0.731413
v 0.931178 -0.037707 0.748312
v 0.931178 0.037707 0.748312
v 0.901975 -0.037707 0.748312
v 0.901975 0.037707 0.748312
v 0.914764 -0.037707 0.730277
v 0.914764 0.037707 0.730277
v 0.926410 -0.037707 0.711702
v 0.926410 0.037707 0.711702
v 0.936920 -0.037707 0.692576
v 0.936920 0.037707 0.692576
v 0.946300 -0.037707 0.672887
v 0.946300 0.037707 0.672887
v 0.954554 -0.037707 0.652625
v 0.954554 0.037707 0.652625
v 0.961689 -0.037707 0.631777
v 0.961689 0.037707 0.631777
v 0.967711 -0.037707 0.610332
v 0.967711 0.037707 0.610332
v 0.972625 -0.037707 0.588279
v 0.972625 0.037707 0.588279
v 0.976437 -0.037707 0.565606
v 0.976437 0.037707 0.565606
v 0.979153 -0.037707 0.542302
v 0.979153 0.037707 0.542302
v 0.980778 -0.037707 0.518355
v 0.980778 0.037707 0.518355
v 0.981318 -0.037707 0.493753
v 0.981318 0.037707 0.493753
v 0.980778 -0.037707 0.469152
v 0.980778 0.037707 0.469152
v 0.979153 -0.037707 0.445205
v 0.979153 0.037707 0.445205
v 0.976437 -0.037707 0.421901
v 0.976437 0.037707 0.421901
v 0.972625 -0.037707 0.399228
v 0.972625 0.037707 0.399228
v 0.967711 -0.037707 0.377174
v 0.967711 0.037707 0.377174
v 0.961689 -0.037707 0.355730
v 0.961689 0.037707 0.355730
v 0.954554 -0.037707 0.334882
v 0.954554 0.037707 0.334882
v 0.946300 -0.037707 0.314620
v 0.946300 0.037707 0.314620
v 0.936920 -0.037707 0.294931
v 0.936920 0.037707 0.294931
v 0.926410 -0.037707 0.275805
v 0.926410 0.037707 0.275805
v 0.914764 -0.037707 0.257230
v 0.914764 0.037707 0.257230
v 0.901975 -0.037707 0.239195
v 0.901975 0.037707 0.239195
vt 0.979592 0.000000
vt 0.000000 0.000000
vt 1.000000 0.000000
vt 0.020408 0.000000
vt 0.040816 0.000000
vt 0.959184 0.000000
vt 0.061224 0.000000
vt 0.938776 0.000000
vt 0.081633 0.000000
vt 0.918367 0.000000
vt 0.102041 0.000000
vt 0.897959 0.000000
vt 0.122449 0.000000
vt 0.877551 0.000000
vt 0.857143 0.000000
vt 0.142857 0.000000
vt 0.836735 0.000000
vt 0.163265 0.000000
vt 0.816327 0.000000
vt 0.183673 0.000000
vt 0.795918 0.000000
vt 0.204082 0.000000
vt 0.775510 0.000000
vt 0.224490 0.000000
vt 0.755102 0.000000
vt 0.244898 0.000000
vt 0.734694 0.000000
vt 0.265306 0.000000
vt 0.285714 0.000000
vt 0.714286 0.000000
vt 0.306122 0.000000
vt 0.693878 0.000000
vt 0.326531 0.000000
vt 0.673469 0.000000
vt 0.346939 0.000000
vt 0.653061 0.000000
vt 0.367347 0.000000
vt 0.632653 0.000000
vt 0.387755 0.000000
vt 0.612245 0.000000
vt 0.591837 0.000000
vt 0.408163 0.000000
vt 0.571429 0.000000
vt 0.428571 0.000000
vt 0.551020 0.000000
vt 0.448980 0.000000
vt 0.530612 0.000000
vt 0.469388 0.000000
vt 0.510204 0.000000
vt 0.489796 0.000000
vt 0.103774 0.000000
vt 0.122642 0.000000
vt 0.113208 0.000000
vt 0.330189 0.000000
vt 0.349057 0.000000
vt 0.339623 0.000000
vt 0.094340 0.000000
vt 0.132075 0.000000
vt 0.320755 0.000000
vt 0.358491 0.000000
vt 0.084906 0.000000
vt 0.141509 0.000000
vt 0.311321 0.000000
vt 0.075472 0.000000
vt 0.150943 0.000000
vt 0.367925 0.000000
vt 0.301887 0.000000
vt 0.066038 0.000000
vt 0.981132 0.000000
vt 1.000000 0.000000
vt 0.990566 0.000000
vt 0.000000 0.000000
vt 0.160377 0.000000
vt 0.292453 0.000000
vt 0.056604 0.000000
vt 0.377358 0.000000
vt 0.169811 0.000000
vt 0.047170 0.000000
vt 0.283019 0.000000
vt 0.179245 0.000000
vt 0.386792 0.000000
vt 0.037736 0.000000
vt 0.273585 0.000000
vt 0.188679 0.000000
vt 0.028302 0.000000
vt 0.264151 0.000000
vt 0.396226 0.000000
vt 0.198113 0.000000
vt 0.018868 0.000000
vt 0.254717 0.000000
vt 0.207547 0.000000
vt 0.009434 0.000000
vt 0.405660 0.000000
vt 0.245283 0.000000
vt 0.216981 0.000000
vt 0.235849 0.000000
vt 0.594340 0.000000
vt 0.415094 0.000000
vt 0.962264 0.000000
vt 0.952830 0.000000
vt 0.943396 0.000000
vt 0.933962 0.000000
vt 0.924528 0.000000
vt 0.915094 0.000000
vt 0.905660 0.000000
vt 0.896226 0.000000
vt 0.886792 0.000000
vt 0.877358 0.000000
vt 0.867925 0.000000
vt 0.858491 0.000000
vt 0.849057 0.000000
vt 0.226415 0.000000
vt 0.603774 0.000000
vt 0.839623 0.000000
vt 0.584906 0.000000
vt 0.613208 0.000000
vt 0.830189 0.000000
vt 0.575472 0.000000
vt 0.622642 0.000000
vt 0.820755 0.000000
vt 0.566038 0.000000
vt 0.632075 0.000000
vt 0.811321 0.000000
vt 0.556604 0.000000
vt 0.641509 0.000000
vt 0.424528 0.000000
vt 0.801887 0.000000
vt 0.650943 0.000000
vt 0.547170 0.000000
vt 0.660377 0.000000
vt 0.792453 0.000000
vt 0.537736 0.000000
vt 0.669811 0.000000
vt 0.783019 0.000000
vt 0.528302 0.000000
vt 0.679245 0.000000
vt 0.433962 0.000000
vt 0.773585 0.000000
vt 0.688679 0.000000
vt 0.518868 0.000000
vt 0.698113 0.000000
vt 0.764151 0.000000
vt 0.509434 0.000000
vt 0.707547 0.000000
vt 0.443396 0.000000
vt 0.754717 0.000000
vt 0.971698 0.000000
vt 0.716981 0.000000
vt 0.500000 0.000000
vt 0.745283 0.000000
vt 0.490566 0.000000
vt 0.452830 0.000000
vt 0.735849 0.000000
vt 0.481132 0.000000
vt 0.462264 0.000000
vt 0.726415 0.000000
vt 0.471698 0.000000
vt 0.436364 0.000000
vt 0.472727 0.000000
vt 0.454545 0.000000
vt 0.490909 0.000000
vt 0.927273 0.000000
vt 0.963636 0.000000
vt 0.945455 0.000000
vt 0.981818 0.000000
vt 0.418182 0.000000
vt 0.509091 0.000000
vt 0.527273 0.000000
vt 0.400000 0.000000
vt 0.545455 0.000000
vt 0.909091 0.000000
vt 0.563636 0.000000
vt 0.890909 0.000000
vt 0.381818 0.000000
vt 0.581818 0.000000
vt 0.872727 0.000000
vt 0.854545 0.000000
vt 0.600000 0.000000
vt 0.363636 0.000000
vt 0.836364 0.000000
vt 0.618182 0.000000
vt 0.818182 0.000000
vt 0.000000 0.000000
vt 0.636364 0.000000
vt 0.800000 0.000000
vt 0.654545 0.000000
vt 0.781818 0.000000
vt 0.345455 0.000000
vt 0.763636 0.000000
vt 0.672727 0.000000
vt 0.745455 0.000000
vt 0.690909 0.000000
vt 0.727273 0.000000
vt 0.709091 0.000000
vt 0.018182 0.000000
vt 1.000000 0.000000
vt 0.327273 0.000000
vt 0.036364 0.000000
vt 0.054545 0.000000
vt 0.309091 0.000000
vt 0.072727 0.000000
vt 0.290909 0.000000
vt 0.090909 0.000000
vt 0.109091 0.000000
vt 0.272727 0.000000
vt 0.127273 0.000000
vt 0.145455 0.000000
vt 0.254545 0.000000
vt 0.163636 0.000000
vt 0.236364 0.000000
vt 0.181818 0.000000
vt 0.200000 0.000000
vt 0.218182 0.000000
vt 0.509804 0.000000
vt 0.549020 0.000000
vt 0.529412 0.000000
vt 0.490196 0.000000
vt 0.568627 0.000000
vt 0.470588 0.000000
vt 0.588235 0.000000
vt 0.450980 0.000000
vt 0.607843 0.000000
vt 0.431373 0.000000
vt 0.627451 0.000000
vt 0.411765 0.000000
vt 0.647059 0.000000
vt 0.392157 0.000000
vt 0.666667 0.000000
vt 0.372549 0.000000
vt 0.686275 0.000000
vt 0.352941 0.000000
vt 0.705882 0.000000
vt 0.333333 0.000000
vt 0.725490 0.000000
vt 0.313726 0.000000
vt 0.745098 0.000000
vt 0.294118 0.000000
vt 0.764706 0.000000
vt 0.274510 0.000000
vt 0.784314 0.000000
vt 0.254902 0.000000
vt 0.803922 0.000000
vt 0.235294 0.000000
vt 0.823529 0.000000
vt 0.215686 0.000000
vt 0.843137 0.000000
vt 0.196078 0.000000
vt 0.862745 0.000000
vt 0.176471 0.000000
vt 0.882353 0.000000
vt 0.156863 0.000000
vt 0.901961 0.000000
vt 0.137255 0.000000
vt 0.921569 0.000000
vt 0.117647 0.000000
vt 0.941176 0.000000
vt 0.098039 0.000000
vt 0.960784 0.000000
vt 0.078431 0.000000
vt 0.980392 0.000000
vt 1.000000 0.000000
vt 0.000000 0.000000
vt 0.039216 0.000000
vt 0.019608 0.000000
vt 0.058824 0.000000
vt 0.467532 0.000000
vt 0.493506 0.000000
vt 0.480519 0.000000
vt 0.506494 0.000000
vt 0.298701 0.000000
vt 0.324675 0.000000
vt 0.311688 0.000000
vt 0.337662 0.000000
vt 0.350649 0.000000
vt 0.363636 0.000000
vt 0.376623 0.000000
vt 0.285714 0.000000
vt 0.389610 0.000000
vt 0.402597 0.000000
vt 0.415584 0.000000
vt 0.272727 0.000000
vt 0.428571 0.000000
vt 0.441558 0.000000
vt 0.454545 0.000000
vt 0.259740 0.000000
vt 0.545455 0.000000
vt 0.532468 0.000000
vt 0.519481 0.000000
vt 1.000000 0.000000
vt 0.246753 0.000000
vt 0.584416 0.000000
vt 0.571429 0.000000
vt 0.558442 0.000000
vt 0.233766 0.000000
vt 0.623377 0.000000
vt 0.610390 0.000000
vt 0.597403 0.000000
vt 0.220779 0.000000
vt 0.662338 0.000000
vt 0.649351 0.000000
vt 0.636364 0.000000
vt 0.675325 0.000000
vt 0.688312 0.000000
vt 0.207792 0.000000
vt 0.701299 0.000000
vt 0.714286 0.000000
vt 0.987013 0.000000
vt 0.727273 0.000000
vt 0.194805 0.000000
vt 0.740260 0.000000
vt 0.753247 0.000000
vt 0.181818 0.000000
vt 0.766234 0.000000
vt 0.779221 0.000000
vt 0.168831 0.000000
vt 0.792208 0.000000
vt 0.155844 0.000000
vt 0.805195 0.000000
vt 0.818182 0.000000
vt 0.142857 0.000000
vt 0.831169 0.000000
vt 0.844156 0.000000
vt 0.129870 0.000000
vt 0.857143 0.000000
vt 0.116883 0.000000
vt 0.870130 0.000000
vt 0.883117 0.000000
vt 0.103896 0.000000
vt 0.896104 0.000000
vt 0.909091 0.000000
vt 0.090909 0.000000
vt 0.922078 0.000000
vt 0.935065 0.000000
vt 0.948052 0.000000
vt 0.077922 0.000000
vt 0.961039 0.000000
vt 0.974026 0.000000
vt 0.064935 0.000000
vt 0.051948 0.000000
vt 0.038961 0.000000
vt 0.025974 0.000000
vt 0.012987 0.000000
vt 0.000000 0.000000
vt 0.346939 0.000000
vt 0.367347 0.000000
vt 0.357143 0.000000
vt 0.377551 0.000000
vt 0.336735 0.000000
vt 0.387755 0.000000
vt 0.326531 0.000000
vt 0.397959 0.000000
vt 0.316327 0.000000
vt 0.408163 0.000000
vt 0.306122 0.000000
vt 0.418367 0.000000
vt 0.295918 0.000000
vt 0.428571 0.000000
vt 0.285714 0.000000
vt 0.867347 0.000000
vt 0.877551 0.000000
vt 0.857143 0.000000
vt 0.887755 0.000000
vt 0.846939 0.000000
vt 0.897959 0.000000
vt 0.836735 0.000000
vt 0.438776 0.000000
vt 0.908163 0.000000
vt 0.275510 0.000000
vt 0.826531 0.000000
vt 0.918367 0.000000
vt 0.816327 0.000000
vt 0.928571 0.000000
vt 0.806122 0.000000
vt 0.938776 0.000000
vt 0.795918 0.000000
vt 0.265306 0.000000
vt 0.448980 0.000000
vt 0.948980 0.000000
vt 0.785714 0.000000
vt 0.959184 0.000000
vt 0.775510 0.000000
vt 0.255102 0.000000
vt 0.459184 0.000000
vt 0.969388 0.000000
vt 0.765306 0.000000
vt 0.979592 0.000000
vt 0.755102 0.000000
vt 0.244898 0.000000
vt 0.989796 0.000000
vt 0.469388 0.000000
vt 1.000000 0.000000
vt 0.234694 0.000000
vt 0.479592 0.000000
vt 0.224490 0.000000
vt 0.489796 0.000000
vt 0.500000 0.000000
vt 0.214286 0.000000
vt 0.510204 0.000000
vt 0.520408 0.000000
vt 0.204082 0.000000
vt 0.530612 0.000000
vt 0.193878 0.000000
vt 0.540816 0.000000
vt 0.724490 0.000000
vt 0.744898 0.000000
vt 0.734694 0.000000
vt 0.551020 0.000000
vt 0.714286 0.000000
vt 0.704082 0.000000
vt 0.183673 0.000000
vt 0.561224 0.000000
vt 0.693878 0.000000
vt 0.683673 0.000000
vt 0.571429 0.000000
vt 0.673469 0.000000
vt 0.581633 0.000000
vt 0.663265 0.000000
vt 0.173469 0.000000
vt 0.653061 0.000000
vt 0.591837 0.000000
vt 0.642857 0.000000
vt 0.602041 0.000000
vt 0.632653 0.000000
vt 0.622449 0.000000
vt 0.612245 0.000000
vt 0.163265 0.000000
vt 0.000000 0.000000
vt 0.153061 0.000000
vt 0.010204 0.000000
vt 0.020408 0.000000
vt 0.142857 0.000000
vt 0.030612 0.000000
vt 0.040816 0.000000
vt 0.132653 0.000000
vt 0.051020 0.000000
vt 0.061224 0.000000
vt 0.122449 0.000000
vt 0.071429 0.000000
vt 0.081633 0.000000
vt 0.091837 0.000000
vt 0.112245 0.000000
vt 0.102041 0.000000
vt 0.103774 0.000000
vt 0.122642 0.000000
vt 0.113208 0.000000
vt 0.330189 0.000000
vt 0.349057 0.000000
vt 0.339623 0.000000
vt 0.094340 0.000000
vt 0.132075 0.000000
vt 0.320755 0.000000
vt 0.358491 0.000000
vt 0.084906 0.000000
vt 0.141509 0.000000
vt 0.311321 0.000000
vt 0.075472 0.000000
vt 0.150943 0.000000
vt 0.367925 0.000000
vt 0.301887 0.000000
vt 0.066038 0.000000
vt 0.981132 0.000000
vt 1.000000 0.000000
vt 0.990566 0.000000
vt 0.000000 0.000000
vt 0.160377 0.000000
vt 0.292453 0.000000
vt 0.056604 0.000000
vt 0.377358 0.000000
vt 0.169811 0.000000
vt 0.047170 0.000000
vt 0.283019 0.000000
vt 0.179245 0.000000
vt 0.386792 0.000000
vt 0.037736 0.000000
vt 0.273585 0.000000
vt 0.188679 0.000000
vt 0.028302 0.000000
vt 0.264151 0.000000
vt 0.396226 0.000000
vt 0.198113 0.000000
vt 0.018868 0.000000
vt 0.254717 0.000000
vt 0.207547 0.000000
vt 0.009434 0.000000
vt 0.405660 0.000000
vt 0.245283 0.000000
vt 0.216981 0.000000
vt 0.235849 0.000000
vt 0.594340 0.000000
vt 0.415094 0.000000
vt 0.962264 0.000000
vt 0.952830 0.000000
vt 0.943396 0.000000
vt 0.933962 0.000000
vt 0.924528 0.000000
vt 0.915094 0.000000
vt 0.905660 0.000000
vt 0.896226 0.000000
vt 0.886792 0.000000
vt 0.877358 0.000000
vt 0.867925 0.000000
vt 0.858491 0.000000
vt 0.849057 0.000000
vt 0.226415 0.000000
vt 0.603774 0.000000
vt 0.839623 0.000000
vt 0.584906 0.000000
vt 0.613208 0.000000
vt 0.830189 0.000000
vt 0.575472 0.000000
vt 0.622642 0.000000
vt 0.820755 0.000000
vt 0.566038 0.000000
vt 0.632075 0.000000
vt 0.811321 0.000000
vt 0.556604 0.000000
vt 0.641509 0.000000
vt 0.424528 0.000000
vt 0.801887 0.000000
vt 0.650943 0.000000
vt 0.547170 0.000000
vt 0.660377 0.000000
vt 0.792453 0.000000
vt 0.537736 0.000000
vt 0.669811 0.000000
vt 0.783019 0.000000
vt 0.528302 0.000000
vt 0.679245 0.000000
vt 0.433962 0.000000
vt 0.773585 0.000000
vt 0.688679 0.000000
vt 0.518868 0.000000
vt 0.698113 0.000000
vt 0.764151 0.000000
vt 0.509434 0.000000
vt 0.707547 0.000000
vt 0.443396 0.000000
vt 0.754717 0.000000
vt 0.971698 0.000000
vt 0.716981 0.000000
vt 0.500000 0.000000
vt 0.745283 0.000000
vt 0.490566 0.000000
vt 0.452830 0.000000
vt 0.735849 0.000000
vt 0.481132 0.000000
vt 0.462264 0.000000
vt 0.726415 0.000000
vt 0.471698 0.000000
vt 0.469388 0.000000
vt 0.510204 0.000000
vt 0.489796 0.000000
vt 0.530612 0.000000
vt 0.448980 0.000000
vt 0.551020 0.000000
vt 0.428571 0.000000
vt 0.571429 0.000000
vt 0.408163 0.000000
vt 0.591837 0.000000
vt 0.387755 0.000000
vt 0.612245 0.000000
vt 0.367347 0.000000
vt 0.632653 0.000000
vt 0.653061 0.000000
vt 0.346939 0.000000
vt 0.673469 0.000000
vt 0.326531 0.000000
vt 0.693878 0.000000
vt 0.306122 0.000000
vt 0.714286 0.000000
vt 0.285714 0.000000
vt 0.734694 0.000000
vt 0.265306 0.000000
vt 0.755102 0.000000
vt 0.244898 0.000000
vt 0.224490 0.000000
vt 0.775510 0.000000
vt 0.204082 0.000000
vt 0.795918 0.000000
vt 0.183673 0.000000
vt 0.816327 0.000000
vt 0.163265 0.000000
vt 0.836735 0.000000
vt 0.142857 0.000000
vt 0.857143 0.000000
vt 0.122449 0.000000
vt 0.877551 0.000000
vt 0.102041 0.000000
vt 0.897959 0.000000
vt 0.918367 0.000000
vt 0.081633 0.000000
vt 0.938776 0.000000
vt 0.061224 0.000000
vt 0.959184 0.000000
vt 0.040816 0.000000
vt 0.979592 0.000000
vt 0.020408 0.000000
vt 1.000000 0.000000
vt 0.000000 0.000000
vt 0.142857 0.000000
vt 0.428571 0.000000
vt 0.285714 0.000000
vt 0.571429 0.000000
vt 0.857143 0.000000
vt 0.714286 0.000000
vt 1.000000 0.000000
vt 0.000000 0.000000
vt 0.560694 0.000000
vt 0.572254 0.000000
vt 0.566474 0.000000
vt 0.554913 0.000000
vt 0.578035 0.000000
vt 0.549133 0.000000
vt 0.543353 0.000000
vt 0.583815 0.000000
vt 0.537572 0.000000
vt 0.589595 0.000000
vt 0.531792 0.000000
vt 0.526012 0.000000
vt 0.595376 0.000000
vt 0.520231 0.000000
vt 0.601156 0.000000
vt 0.514451 0.000000
vt 0.508671 0.000000
vt 0.606936 0.000000
vt 0.502890 0.000000
vt 0.612717 0.000000
vt 0.497110 0.000000
vt 0.491329 0.000000
vt 0.485549 0.000000
vt 0.479769 0.000000
vt 0.473988 0.000000
vt 0.468208 0.000000
vt 0.462428 0.000000
vt 0.456647 0.000000
vt 0.450867 0.000000
vt 0.445087 0.000000
vt 0.439306 0.000000
vt 0.433526 0.000000
vt 0.427746 0.000000
vt 0.421965 0.000000
vt 0.618497 0.000000
vt 0.416185 0.000000
vt 0.624277 0.000000
vt 0.410405 0.000000
vt 0.404624 0.000000
vt 0.398844 0.000000
vt 0.393064 0.000000
vt 0.387283 0.000000
vt 0.630058 0.000000
vt 0.381503 0.000000
vt 0.375723 0.000000
vt 0.369942 0.000000
vt 0.635838 0.000000
vt 0.364162 0.000000
vt 0.358382 0.000000
vt 0.641618 0.000000
vt 0.352601 0.000000
vt 0.346821 0.000000
vt 0.341040 0.000000
vt 1.000000 0.000000
vt 0.335260 0.000000
vt 0.329480 0.000000
vt 0.323699 0.000000
vt 0.317919 0.000000
vt 0.791907 0.000000
vt 0.994220 0.000000
vt 0.797688 0.000000
vt 0.312139 0.000000
vt 0.803468 0.000000
vt 0.306358 0.000000
vt 0.809249 0.000000
vt 0.300578 0.000000
vt 0.815029 0.000000
vt 0.820809 0.000000
vt 0.294798 0.000000
vt 0.826590 0.000000
vt 0.289017 0.000000
vt 0.832370 0.000000
vt 0.838150 0.000000
vt 0.283237 0.000000
vt 0.843931 0.000000
vt 0.849711 0.000000
vt 0.277457 0.000000
vt 0.855491 0.000000
vt 0.271676 0.000000
vt 0.861272 0.000000
vt 0.867052 0.000000
vt 0.265896 0.000000
vt 0.872832 0.000000
vt 0.878613 0.000000
vt 0.988439 0.000000
vt 0.260116 0.000000
vt 0.982659 0.000000
vt 0.884393 0.000000
vt 0.976879 0.000000
vt 0.774566 0.000000
vt 0.786127 0.000000
vt 0.780347 0.000000
vt 0.647399 0.000000
vt 0.890173 0.000000
vt 0.768786 0.000000
vt 0.971098 0.000000
vt 0.653179 0.000000
vt 0.763006 0.000000
vt 0.254335 0.000000
vt 0.895954 0.000000
vt 0.658960 0.000000
vt 0.965318 0.000000
vt 0.757225 0.000000
vt 0.664740 0.000000
vt 0.959538 0.000000
vt 0.751445 0.000000
vt 0.901734 0.000000
vt 0.670520 0.000000
vt 0.745665 0.000000
vt 0.953757 0.000000
vt 0.676301 0.000000
vt 0.739884 0.000000
vt 0.907514 0.000000
vt 0.682081 0.000000
vt 0.947977 0.000000
vt 0.734104 0.000000
vt 0.687861 0.000000
vt 0.248555 0.000000
vt 0.728324 0.000000
vt 0.913295 0.000000
vt 0.942197 0.000000
vt 0.693642 0.000000
vt 0.722543 0.000000
vt 0.699422 0.000000
vt 0.716763 0.000000
vt 0.936416 0.000000
vt 0.705202 0.000000
vt 0.710983 0.000000
vt 0.919075 0.000000
vt 0.930636 0.000000
vt 0.924855 0.000000
vt 0.132948 0.000000
vt 0.242775 0.000000
vt 0.138728 0.000000
vt 0.127168 0.000000
vt 0.236994 0.000000
vt 0.144509 0.000000
vt 0.121387 0.000000
vt 0.000000 0.000000
vt 0.231214 0.000000
vt 0.150289 0.000000
vt 0.115607 0.000000
vt 0.005780 0.000000
vt 0.156069 0.000000
vt 0.109827 0.000000
vt 0.225434 0.000000
vt 0.011561 0.000000
vt 0.161850 0.000000
vt 0.104046 0.000000
vt 0.017341 0.000000
vt 0.219653 0.000000
vt 0.167630 0.000000
vt 0.098266 0.000000
vt 0.023121 0.000000
vt 0.173410 0.000000
vt 0.092486 0.000000
vt 0.028902 0.000000
vt 0.213873 0.000000
vt 0.179191 0.000000
vt 0.086705 0.000000
vt 0.034682 0.000000
vt 0.184971 0.000000
vt 0.040462 0.000000
vt 0.080925 0.000000
vt 0.208092 0.000000
vt 0.046243 0.000000
vt 0.190751 0.000000
vt 0.075145 0.000000
vt 0.052023 0.000000
vt 0.196532 0.000000
vt 0.069364 0.000000
vt 0.202312 0.000000
vt 0.057803 0.000000
vt 0.063584 0.000000
vt 0.000000 0.000000
vt 0.666667 0.000000
vt 0.333333 0.000000
vt 1.000000 0.000000
vt 0.472727 0.000000
vt 0.981818 0.000000
vt 0.490909 0.000000
vt 0.509091 0.000000
vt 0.000000 0.000000
vt 0.018182 0.000000
vt 0.036364 0.000000
vt 0.054545 0.000000
vt 0.072727 0.000000
vt 0.090909 0.000000
vt 0.109091 0.000000
vt 0.963636 0.000000
vt 0.127273 0.000000
vt 1.000000 0.000000
vt 0.945455 0.000000
vt 0.927273 0.000000
vt 0.909091 0.000000
vt 0.145455 0.000000
vt 0.890909 0.000000
vt 0.872727 0.000000
vt 0.854545 0.000000
vt 0.163636 0.000000
vt 0.836364 0.000000
vt 0.818182 0.000000
vt 0.800000 0.000000
vt 0.181818 0.000000
vt 0.781818 0.000000
vt 0.763636 0.000000
vt 0.200000 0.000000
vt 0.745455 0.000000
vt 0.727273 0.000000
vt 0.218182 0.000000
vt 0.709091 0.000000
vt 0.236364 0.000000
vt 0.690909 0.000000
vt 0.672727 0.000000
vt 0.254545 0.000000
vt 0.654545 0.000000
vt 0.636364 0.000000
vt 0.272727 0.000000
vt 0.618182 0.000000
vt 0.600000 0.000000
vt 0.581818 0.000000
vt 0.563636 0.000000
vt 0.290909 0.000000
vt 0.545455 0.000000
vt 0.527273 0.000000
vt 0.436364 0.000000
vt 0.309091 0.000000
vt 0.327273 0.000000
vt 0.345455 0.000000
vt 0.363636 0.000000
vt 0.381818 0.000000
vt 0.400000 0.000000
vt 0.418182 0.000000
vt 0.454545 0.000000
vt 0.000000 0.000000
vt 0.979592 0.000000
vt 1.000000 0.000000
vt 0.020408 0.000000
vt 0.040816 0.000000
vt 0.959184 0.000000
vt 0.061224 0.000000
vt 0.938776 0.000000
vt 0.081633 0.000000
vt 0.918367 0.000000
vt 0.102041 0.000000
vt 0.897959 0.000000
vt 0.122449 0.000000
vt 0.877551 0.000000
vt 0.857143 0.000000
vt 0.142857 0.000000
vt 0.836735 0.000000
vt 0.163265 0.000000
vt 0.816327 0.000000
vt 0.183673 0.000000
vt 0.795918 0.000000
vt 0.204082 0.000000
vt 0.775510 0.000000
vt 0.224490 0.000000
vt 0.755102 0.000000
vt 0.244898 0.000000
vt 0.734694 0.000000
vt 0.265306 0.000000
vt 0.285714 0.000000
vt 0.714286 0.000000
vt 0.306122 0.000000
vt 0.693878 0.000000
vt 0.326531 0.000000
vt 0.673469 0.000000
vt 0.346939 0.000000
vt 0.653061 0.000000
vt 0.367347 0.000000
vt 0.632653 0.000000
vt 0.387755 0.000000
vt 0.612245 0.000000
vt 0.591837 0.000000
vt 0.408163 0.000000
vt 0.571429 0.000000
vt 0.428571 0.000000
vt 0.551020 0.000000
vt 0.448980 0.000000
vt 0.530612 0.000000
vt 0.469388 0.000000
vt 0.510204 0.000000
vt 0.489796 0.000000
vt 0.122642 0.000000
vt 0.103774 0.000000
vt 0.113208 0.000000
vt 0.349057 0.000000
vt 0.330189 0.000000
vt 0.339623 0.000000
vt 0.094340 0.000000
vt 0.132075 0.000000
vt 0.320755 0.000000
vt 0.358491 0.000000
vt 0.084906 0.000000
vt 0.141509 0.000000
vt 0.311321 0.000000
vt 0.075472 0.000000
vt 0.150943 0.000000
vt 0.367925 0.000000
vt 0.301887 0.000000
vt 0.066038 0.000000
vt 1.000000 0.000000
vt 0.981132 0.000000
vt 0.990566 0.000000
vt 0.000000 0.000000
vt 0.160377 0.000000
vt 0.292453 0.000000
vt 0.056604 0.000000
vt 0.377358 0.000000
vt 0.169811 0.000000
vt 0.047170 0.000000
vt 0.283019 0.000000
vt 0.179245 0.000000
vt 0.386792 0.000000
vt 0.037736 0.000000
vt 0.273585 0.000000
vt 0.188679 0.000000
vt 0.028302 0.000000
vt 0.264151 0.000000
vt 0.396226 0.000000
vt 0.198113 0.000000
vt 0.018868 0.000000
vt 0.254717 0.000000
vt 0.207547 0.000000
vt 0.009434 0.000000
vt 0.405660 0.000000
vt 0.245283 0.000000
vt 0.216981 0.000000
vt 0.235849 0.000000
vt 0.594340 0.000000
vt 0.415094 0.000000
vt 0.962264 0.000000
vt 0.952830 0.000000
vt 0.943396 0.000000
vt 0.933962 0.000000
vt 0.924528 0.000000
vt 0.915094 0.000000
vt 0.905660 0.000000
vt 0.896226 0.000000
vt 0.886792 0.000000
vt 0.877358 0.000000
vt 0.867925 0.000000
vt 0.858491 0.000000
vt 0.849057 0.000000
vt 0.226415 0.000000
vt 0.603774 0.000000
vt 0.839623 0.000000
vt 0.584906 0.000000
vt 0.613208 0.000000
vt 0.830189 0.000000
vt 0.575472 0.000000
vt 0.622642 0.000000
vt 0.820755 0.000000
vt 0.566038 0.000000
vt 0.632075 0.000000
vt 0.811321 0.000000
vt 0.556604 0.000000
vt 0.641509 0.000000
vt 0.424528 0.000000
vt 0.801887 0.000000
vt 0.650943 0.000000
vt 0.547170 0.000000
vt 0.660377 0.000000
vt 0.792453 0.000000
vt 0.537736 0.000000
vt 0.669811 0.000000
vt 0.783019 0.000000
vt 0.528302 0.000000
vt 0.679245 0.000000
vt 0.433962 0.000000
vt 0.773585 0.000000
vt 0.688679 0.000000
vt 0.518868 0.000000
vt 0.698113 0.000000
vt 0.764151 0.000000
vt 0.509434 0.000000
vt 0.707547 0.000000
vt 0.443396 0.000000
vt 0.754717 0.000000
vt 0.971698 0.000000
vt 0.716981 0.000000
vt 0.500000 0.000000
vt 0.745283 0.000000
vt 0.490566 0.000000
vt 0.452830 0.000000
vt 0.735849 0.000000
vt 0.481132 0.000000
vt 0.462264 0.000000
vt 0.726415 0.000000
vt 0.471698 0.000000
vt 0.472727 0.000000
vt 0.436364 0.000000
vt 0.454545 0.000000
vt 0.490909 0.000000
vt 0.963636 0.000000
vt 0.927273 0.000000
vt 0.945455 0.000000
vt 0.981818 0.000000
vt 0.418182 0.000000
vt 0.509091 0.000000
vt 0.527273 0.000000
vt 0.400000 0.000000
vt 0.545455 0.000000
vt 0.909091 0.000000
vt 0.563636 0.000000
vt 0.890909 0.000000
vt 0.381818 0.000000
vt 0.581818 0.000000
vt 0.872727 0.000000
vt 0.854545 0.000000
vt 0.600000 0.000000
vt 0.363636 0.000000
vt 0.836364 0.000000
vt 0.618182 0.000000
vt 0.000000 0.000000
vt 0.818182 0.000000
vt 0.636364 0.000000
vt 0.800000 0.000000
vt 0.654545 0.000000
vt 0.781818 0.000000
vt 0.345455 0.000000
vt 0.763636 0.000000
vt 0.672727 0.000000
vt 0.745455 0.000000
vt 0.690909 0.000000
vt 0.727273 0.000000
vt 0.709091 0.000000
vt 0.018182 0.000000
vt 1.000000 0.000000
vt 0.327273 0.000000
vt 0.036364 0.000000
vt 0.054545 0.000000
vt 0.309091 0.000000
vt 0.072727 0.000000
vt 0.290909 0.000000
vt 0.090909 0.000000
vt 0.109091 0.000000
vt 0.272727 0.000000
vt 0.127273 0.000000
vt 0.145455 0.000000
vt 0.254545 0.000000
vt 0.163636 0.000000
vt 0.236364 0.000000
vt 0.181818 0.000000
vt 0.200000 0.000000
vt 0.218182 0.000000
vt 0.549020 0.000000
vt 0.509804 0.000000
vt 0.529412 0.000000
vt 0.490196 0.000000
vt 0.568627 0.000000
vt 0.470588 0.000000
vt 0.588235 0.000000
vt 0.450980 0.000000
vt 0.607843 0.000000
vt 0.431373 0.000000
vt 0.627451 0.000000
vt 0.411765 0.000000
vt 0.647059 0.000000
vt 0.392157 0.000000
vt 0.666667 0.000000
vt 0.372549 0.000000
vt 0.686275 0.000000
vt 0.352941 0.000000
vt 0.705882 0.000000
vt 0.333333 0.000000
vt 0.725490 0.000000
vt 0.313726 0.000000
vt 0.745098 0.000000
vt 0.294118 0.000000
vt 0.764706 0.000000
vt 0.274510 0.000000
vt 0.784314 0.000000
vt 0.254902 0.000000
vt 0.803922 0.000000
vt 0.235294 0.000000
vt 0.823529 0.000000
vt 0.215686 0.000000
vt 0.843137 0.000000
vt 0.196078 0.000000
vt 0.862745 0.000000
vt 0.176471 0.000000
vt 0.882353 0.000000
vt 0.156863 0.000000
vt 0.901961 0.000000
vt 0.137255 0.000000
vt 0.921569 0.000000
vt 0.117647 0.000000
vt 0.941176 0.000000
vt 0.098039 0.000000
vt 0.960784 0.000000
vt 0.078431 0.000000
vt 0.980392 0.000000
vt 1.000000 0.000000
vt 0.039216 0.000000
vt 0.000000 0.000000
vt 0.019608 0.000000
vt 0.058824 0.000000
vt 0.493506 0.000000
vt 0.467532 0.000000
vt 0.480519 0.000000
vt 0.506494 0.000000
vt 0.324675 0.000000
vt 0.298701 0.000000
vt 0.311688 0.000000
vt 0.337662 0.000000
vt 0.350649 0.000000
vt 0.363636 0.000000
vt 0.376623 0.000000
vt 0.285714 0.000000
vt 0.389610 0.000000
vt 0.402597 0.000000
vt 0.415584 0.000000
vt 0.272727 0.000000
vt 0.428571 0.000000
vt 0.441558 0.000000
vt 0.454545 0.000000
vt 0.259740 0.000000
vt 0.545455 0.000000
vt 0.532468 0.000000
vt 0.519481 0.000000
vt 1.000000 0.000000
vt 0.584416 0.000000
vt 0.246753 0.000000
vt 0.571429 0.000000
vt 0.558442 0.000000
vt 0.623377 0.000000
vt 0.233766 0.000000
vt 0.610390 0.000000
vt 0.597403 0.000000
vt 0.662338 0.000000
vt 0.220779 0.000000
vt 0.649351 0.000000
vt 0.636364 0.000000
vt 0.675325 0.000000
vt 0.688312 0.000000
vt 0.207792 0.000000
vt 0.701299 0.000000
vt 0.714286 0.000000
vt 0.987013 0.000000
vt 0.727273 0.000000
vt 0.194805 0.000000
vt 0.740260 0.000000
vt 0.753247 0.000000
vt 0.181818 0.000000
vt 0.766234 0.000000
vt 0.779221 0.000000
vt 0.168831 0.000000
vt 0.792208 0.000000
vt 0.155844 0.000000
vt 0.805195 0.000000
vt 0.818182 0.000000
vt 0.142857 0.000000
vt 0.831169 0.000000
vt 0.844156 0.000000
vt 0.129870 0.000000
vt 0.857143 0.000000
vt 0.116883 0.000000
vt 0.870130 0.000000
vt 0.883117 0.000000
vt 0.103896 0.000000
vt 0.896104 0.000000
vt 0.909091 0.000000
vt 0.090909 0.000000
vt 0.922078 0.000000
vt 0.935065 0.000000
vt 0.948052 0.000000
vt 0.077922 0.000000
vt 0.961039 0.000000
vt 0.974026 0.000000
vt 0.064935 0.000000
vt 0.051948 0.000000
vt 0.038961 0.000000
vt 0.025974 0.000000
vt 0.012987 0.000000
vt 0.000000 0.000000
vt 0.367347 0.000000
vt 0.346939 0.000000
vt 0.357143 0.000000
vt 0.377551 0.000000
vt 0.336735 0.000000
vt 0.387755 0.000000
vt 0.326531 0.000000
vt 0.397959 0.000000
vt 0.316327 0.000000
vt 0.408163 0.000000
vt 0.306122 0.000000
vt 0.418367 0.000000
vt 0.295918 0.000000
vt 0.428571 0.000000
vt 0.867347 0.000000
vt 0.285714 0.000000
vt 0.877551 0.000000
vt 0.857143 0.000000
vt 0.887755 0.000000
vt 0.846939 0.000000
vt 0.897959 0.000000
vt 0.836735 0.000000
vt 0.438776 0.000000
vt 0.908163 0.000000
vt 0.275510 0.000000
vt 0.826531 0.000000
vt 0.918367 0.000000
vt 0.816327 0.000000
vt 0.928571 0.000000
vt 0.806122 0.000000
vt 0.938776 0.000000
vt 0.795918 0.000000
vt 0.265306 0.000000
vt 0.448980 0.000000
vt 0.948980 0.000000
vt 0.785714 0.000000
vt 0.959184 0.000000
vt 0.775510 0.000000
vt 0.255102 0.000000
vt 0.459184 0.000000
vt 0.969388 0.000000
vt 0.765306 0.000000
vt 0.979592 0.000000
vt 0.755102 0.000000
vt 0.244898 0.000000
vt 0.989796 0.000000
vt 0.469388 0.000000
vt 1.000000 0.000000
vt 0.234694 0.000000
vt 0.479592 0.000000
vt 0.489796 0.000000
vt 0.224490 0.000000
vt 0.500000 0.000000
vt 0.214286 0.000000
vt 0.510204 0.000000
vt 0.520408 0.000000
vt 0.204082 0.000000
vt 0.530612 0.000000
vt 0.193878 0.000000
vt 0.540816 0.000000
vt 0.744898 0.000000
vt 0.724490 0.000000
vt 0.734694 0.000000
vt 0.551020 0.000000
vt 0.714286 0.000000
vt 0.704082 0.000000
vt 0.183673 0.000000
vt 0.561224 0.000000
vt 0.693878 0.000000
vt 0.683673 0.000000
vt 0.571429 0.000000
vt 0.673469 0.000000
vt 0.581633 0.000000
vt 0.663265 0.000000
vt 0.173469 0.000000
vt 0.653061 0.000000
vt 0.591837 0.000000
vt 0.642857 0.000000
vt 0.602041 0.000000
vt 0.632653 0.000000
vt 0.622449 0.000000
vt 0.612245 0.000000
vt 0.163265 0.000000
vt 0.000000 0.000000
vt 0.153061 0.000000
vt 0.010204 0.000000
vt 0.020408 0.000000
vt 0.142857 0.000000
vt 0.030612 0.000000
vt 0.040816 0.000000
vt 0.132653 0.000000
vt 0.051020 0.000000
vt 0.061224 0.000000
vt 0.122449 0.000000
vt 0.071429 0.000000
vt 0.081633 0.000000
vt 0.091837 0.000000
vt 0.112245 0.000000
vt 0.102041 0.000000
vt 0.122642 0.000000
vt 0.103774 0.000000
vt 0.113208 0.000000
vt 0.349057 0.000000
vt 0.330189 0.000000
vt 0.339623 0.000000
vt 0.094340 0.000000
vt 0.132075 0.000000
vt 0.320755 0.000000
vt 0.358491 0.000000
vt 0.084906 0.000000
vt 0.141509 0.000000
vt 0.311321 0.000000
vt 0.075472 0.000000
vt 0.150943 0.000000
vt 0.367925 0.000000
vt 0.301887 0.000000
vt 0.066038 0.000000
vt 1.000000 0.000000
vt 0.981132 0.000000
vt 0.990566 0.000000
vt 0.000000 0.000000
vt 0.160377 0.000000
vt 0.292453 0.000000
vt 0.056604 0.000000
vt 0.377358 0.000000
vt 0.169811 0.000000
vt 0.047170 0.000000
vt 0.283019 0.000000
vt 0.179245 0.000000
vt 0.386792 0.000000
vt 0.037736 0.000000
vt 0.273585 0.000000
vt 0.188679 0.000000
vt 0.028302 0.000000
vt 0.264151 0.000000
vt 0.396226 0.000000
vt 0.198113 0.000000
vt 0.018868 0.000000
vt 0.254717 0.000000
vt 0.207547 0.000000
vt 0.009434 0.000000
vt 0.405660 0.000000
vt 0.245283 0.000000
vt 0.216981 0.000000
vt 0.235849 0.000000
vt 0.594340 0.000000
vt 0.415094 0.000000
vt 0.962264 0.000000
vt 0.952830 0.000000
vt 0.943396 0.000000
vt 0.933962 0.000000
vt 0.924528 0.000000
vt 0.915094 0.000000
vt 0.905660 0.000000
vt 0.896226 0.000000
vt 0.886792 0.000000
vt 0.877358 0.000000
vt 0.867925 0.000000
vt 0.858491 0.000000
vt 0.849057 0.000000
vt 0.226415 0.000000
vt 0.603774 0.000000
vt 0.839623 0.000000
vt 0.584906 0.000000
vt 0.613208 0.000000
vt 0.830189 0.000000
vt 0.575472 0.000000
vt 0.622642 0.000000
vt 0.820755 0.000000
vt 0.566038 0.000000
vt 0.632075 0.000000
vt 0.811321 0.000000
vt 0.556604 0.000000
vt 0.641509 0.000000
vt 0.424528 0.000000
vt 0.801887 0.000000
vt 0.650943 0.000000
vt 0.547170 0.000000
vt 0.660377 0.000000
vt 0.792453 0.000000
vt 0.537736 0.000000
vt 0.669811 0.000000
vt 0.783019 0.000000
vt 0.528302 0.000000
vt 0.679245 0.000000
vt 0.433962 0.000000
vt 0.773585 0.000000
vt 0.688679 0.000000
vt 0.518868 0.000000
vt 0.698113 0.000000
vt 0.764151 0.000000
vt 0.509434 0.000000
vt 0.707547 0.000000
vt 0.443396 0.000000
vt 0.754717 0.000000
vt 0.971698 0.000000
vt 0.716981 0.000000
vt 0.500000 0.000000
vt 0.745283 0.000000
vt 0.490566 0.000000
vt 0.452830 0.000000
vt 0.735849 0.000000
vt 0.481132 0.000000
vt 0.462264 0.000000
vt 0.726415 0.000000
vt 0.471698 0.000000
vt 0.510204 0.000000
vt 0.469388 0.000000
vt 0.489796 0.000000
vt 0.530612 0.000000
vt 0.448980 0.000000
vt 0.551020 0.000000
vt 0.428571 0.000000
vt 0.571429 0.000000
vt 0.408163 0.000000
vt 0.591837 0.000000
vt 0.387755 0.000000
vt 0.612245 0.000000
vt 0.367347 0.000000
vt 0.632653 0.000000
vt 0.653061 0.000000
vt 0.346939 0.000000
vt 0.673469 0.000000
vt 0.326531 0.000000
vt 0.693878 0.000000
vt 0.306122 0.000000
vt 0.714286 0.000000
vt 0.285714 0.000000
vt 0.734694 0.000000
vt 0.265306 0.000000
vt 0.755102 0.000000
vt 0.244898 0.000000
vt 0.224490 0.000000
vt 0.775510 0.000000
vt 0.204082 0.000000
vt 0.795918 0.000000
vt 0.183673 0.000000
vt 0.816327 0.000000
vt 0.163265 0.000000
vt 0.836735 0.000000
vt 0.142857 0.000000
vt 0.857143 0.000000
vt 0.122449 0.000000
vt 0.877551 0.000000
vt 0.102041 0.000000
vt 0.897959 0.000000
vt 0.918367 0.000000
vt 0.081633 0.000000
vt 0.938776 0.000000
vt 0.061224 0.000000
vt 0.959184 0.000000
vt 0.040816 0.000000
vt 0.979592 0.000000
vt 0.020408 0.000000
vt 1.000000 0.000000
vt 0.000000 0.000000
vt 0.428571 0.000000
vt 0.142857 0.000000
vt 0.285714 0.000000
vt 0.571429 0.000000
vt 0.857143 0.000000
vt 0.714286 0.000000
vt 1.000000 0.000000
vt 0.000000 0.000000
vt 0.572254 0.000000
vt 0.560694 0.000000
vt 0.566474 0.000000
vt 0.554913 0.000000
vt 0.578035 0.000000
vt 0.549133 0.000000
vt 0.543353 0.000000
vt 0.583815 0.000000
vt 0.537572 0.000000
vt 0.589595 0.000000
vt 0.531792 0.000000
vt 0.526012 0.000000
vt 0.595376 0.000000
vt 0.520231 0.000000
vt 0.601156 0.000000
vt 0.514451 0.000000
vt 0.508671 0.000000
vt 0.606936 0.000000
vt 0.502890 0.000000
vt 0.612717 0.000000
vt 0.497110 0.000000
vt 0.485549 0.000000
vt 0.491329 0.000000
vt 0.479769 0.000000
vt 0.473988 0.000000
vt 0.468208 0.000000
vt 0.462428 0.000000
vt 0.456647 0.000000
vt 0.450867 0.000000
vt 0.445087 0.000000
vt 0.439306 0.000000
vt 0.433526 0.000000
vt 0.427746 0.000000
vt 0.421965 0.000000
vt 0.618497 0.000000
vt 0.416185 0.000000
vt 0.624277 0.000000
vt 0.410405 0.000000
vt 0.404624 0.000000
vt 0.398844 0.000000
vt 0.393064 0.000000
vt 0.387283 0.000000
vt 0.630058 0.000000
vt 0.381503 0.000000
vt 0.375723 0.000000
vt 0.369942 0.000000
vt 0.635838 0.000000
vt 0.364162 0.000000
vt 0.358382 0.000000
vt 0.641618 0.000000
vt 0.352601 0.000000
vt 0.346821 0.000000
vt 1.000000 0.000000
vt 0.341040 0.000000
vt 0.335260 0.000000
vt 0.329480 0.000000
vt 0.323699 0.000000
vt 0.317919 0.000000
vt 0.791907 0.000000
vt 0.994220 0.000000
vt 0.797688 0.000000
vt 0.312139 0.000000
vt 0.803468 0.000000
vt 0.306358 0.000000
vt 0.809249 0.000000
vt 0.300578 0.000000
vt 0.815029 0.000000
vt 0.820809 0.000000
vt 0.294798 0.000000
vt 0.826590 0.000000
vt 0.289017 0.000000
vt 0.832370 0.000000
vt 0.838150 0.000000
vt 0.283237 0.000000
vt 0.843931 0.000000
vt 0.849711 0.000000
vt 0.277457 0.000000
vt 0.855491 0.000000
vt 0.271676 0.000000
vt 0.861272 0.000000
vt 0.867052 0.000000
vt 0.265896 0.000000
vt 0.872832 0.000000
vt 0.878613 0.000000
vt 0.988439 0.000000
vt 0.260116 0.000000
vt 0.982659 0.000000
vt 0.884393 0.000000
vt 0.976879 0.000000
vt 0.786127 0.000000
vt 0.774566 0.000000
vt 0.780347 0.000000
vt 0.647399 0.000000
vt 0.890173 0.000000
vt 0.768786 0.000000
vt 0.971098 0.000000
vt 0.653179 0.000000
vt 0.763006 0.000000
vt 0.254335 0.000000
vt 0.895954 0.000000
vt 0.658960 0.000000
vt 0.965318 0.000000
vt 0.757225 0.000000
vt 0.664740 0.000000
vt 0.959538 0.000000
vt 0.751445 0.000000
vt 0.901734 0.000000
vt 0.670520 0.000000
vt 0.745665 0.000000
vt 0.953757 0.000000
vt 0.676301 0.000000
vt 0.739884 0.000000
vt 0.907514 0.000000
vt 0.682081 0.000000
vt 0.947977 0.000000
vt 0.734104 0.000000
vt 0.687861 0.000000
vt 0.248555 0.000000
vt 0.728324 0.000000
vt 0.913295 0.000000
vt 0.942197 0.000000
vt 0.693642 0.000000
vt 0.722543 0.000000
vt 0.699422 0.000000
vt 0.716763 0.000000
vt 0.936416 0.000000
vt 0.705202 0.000000
vt 0.710983 0.000000
vt 0.919075 0.000000
vt 0.930636 0.000000
vt 0.924855 0.000000
vt 0.132948 0.000000
vt 0.242775 0.000000
vt 0.138728 0.000000
vt 0.127168 0.000000
vt 0.236994 0.000000
vt 0.144509 0.000000
vt 0.121387 0.000000
vt 0.000000 0.000000
vt 0.231214 0.000000
vt 0.150289 0.000000
vt 0.115607 0.000000
vt 0.005780 0.000000
vt 0.156069 0.000000
vt 0.109827 0.000000
vt 0.225434 0.000000
vt 0.011561 0.000000
vt 0.161850 0.000000
vt 0.104046 0.000000
vt 0.017341 0.000000
vt 0.219653 0.000000
vt 0.167630 0.000000
vt 0.098266 0.000000
vt 0.023121 0.000000
vt 0.173410 0.000000
vt 0.092486 0.000000
vt 0.028902 0.000000
vt 0.213873 0.000000
vt 0.179191 0.000000
vt 0.086705 0.000000
vt 0.034682 0.000000
vt 0.184971 0.000000
vt 0.040462 0.000000
vt 0.080925 0.000000
vt 0.208092 0.000000
vt 0.046243 0.000000
vt 0.190751 0.000000
vt 0.075145 0.000000
vt 0.052023 0.000000
vt 0.196532 0.000000
vt 0.069364 0.000000
vt 0.202312 0.000000
vt 0.057803 0.000000
vt 0.063584 0.000000
vt 0.666667 0.000000
vt 0.000000 0.000000
vt 0.333333 0.000000
vt 1.000000 0.000000
vt 0.981818 0.000000
vt 0.472727 0.000000
vt 0.490909 0.000000
vt 0.509091 0.000000
vt 0.000000 0.000000
vt 0.018182 0.000000
vt 0.036364 0.000000
vt 0.054545 0.000000
vt 0.072727 0.000000
vt 0.090909 0.000000
vt 0.109091 0.000000
vt 0.963636 0.000000
vt 0.127273 0.000000
vt 1.000000 0.000000
vt 0.945455 0.000000
vt 0.927273 0.000000
vt 0.909091 0.000000
vt 0.145455 0.000000
vt 0.890909 0.000000
vt 0.872727 0.000000
vt 0.854545 0.000000
vt 0.163636 0.000000
vt 0.836364 0.000000
vt 0.818182 0.000000
vt 0.800000 0.000000
vt 0.181818 0.000000
vt 0.781818 0.000000
vt 0.763636 0.000000
vt 0.200000 0.000000
vt 0.745455 0.000000
vt 0.727273 0.000000
vt 0.218182 0.000000
vt 0.709091 0.000000
vt 0.236364 0.000000
vt 0.690909 0.000000
vt 0.672727 0.000000
vt 0.254545 0.000000
vt 0.654545 0.000000
vt 0.636364 0.000000
vt 0.272727 0.000000
vt 0.618182 0.000000
vt 0.600000 0.000000
vt 0.581818 0.000000
vt 0.563636 0.000000
vt 0.290909 0.000000
vt 0.545455 0.000000
vt 0.527273 0.000000
vt 0.436364 0.000000
vt 0.309091 0.000000
vt 0.327273 0.000000
vt 0.345455 0.000000
vt 0.363636 0.000000
vt 0.381818 0.000000
vt 0.400000 0.000000
vt 0.418182 0.000000
vt 0.454545 0.000000
vt 0.034483 1.000000
vt 0.000000 0.000000
vt 0.000000 1.000000
vt 0.068966 1.000000
vt 0.034483 0.000000
vt 0.103448 1.000000
vt 0.068966 0.000000
vt 0.137931 1.000000
vt 0.103448 0.000000
vt 0.172414 1.000000
vt 0.137931 0.000000
vt 0.206897 1.000000
vt 0.172414 0.000000
vt 0.241379 1.000000
vt 0.206897 0.000000
vt 0.275862 1.000000
vt 0.241379 0.000000
vt 0.310345 1.000000
vt 0.275862 0.000000
vt 0.344828 1.000000
vt 0.310345 0.000000
vt 0.379310 1.000000
vt 0.344828 0.000000
vt 0.413793 1.000000
vt 0.379310 0.000000
vt 0.448276 1.000000
vt 0.413793 0.000000
vt 0.482759 1.000000
vt 0.448276 0.000000
vt 0.517241 1.000000
vt 0.482759 0.000000
vt 0.551724 1.000000
vt 0.517241 0.000000
vt 0.586207 1.000000
vt 0.551724 0.000000
vt 0.620690 1.000000
vt 0.586207 0.000000
vt 0.655172 1.000000
vt 0.620690 0.000000
vt 0.689655 1.000000
vt 0.655172 0.000000
vt 0.724138 1.000000
vt 0.689655 0.000000
vt 0.758621 1.000000
vt 0.724138 0.000000
vt 0.793103 1.000000
vt 0.758621 0.000000
vt 0.827586 1.000000
vt 0.793103 0.000000
vt 0.862069 1.000000
vt 0.827586 0.000000
vt 0.896552 1.000000
vt 0.862069 0.000000
vt 0.931035 1.000000
vt 0.896552 0.000000
vt 0.965517 1.000000
vt 0.931035 0.000000
vt 1.000000 1.000000
vt 0.965517 0.000000
vt 0.037037 1.000000
vt 0.000000 0.000000
vt 0.000000 1.000000
vt 0.074074 1.000000
vt 0.037037 0.000000
vt 0.111111 1.000000
vt 0.074074 0.000000
vt 0.148148 1.000000
vt 0.111111 0.000000
vt 0.185185 1.000000
vt 0.148148 0.000000
vt 0.222222 1.000000
vt 0.185185 0.000000
vt 0.259259 1.000000
vt 0.222222 0.000000
vt 0.296296 1.000000
vt 0.259259 0.000000
vt 0.333333 1.000000
vt 0.296296 0.000000
vt 0.370370 1.000000
vt 0.333333 0.000000
vt 0.407407 1.000000
vt 0.370370 0.000000
vt 0.444444 1.000000
vt 0.407407 0.000000
vt 0.481481 1.000000
vt 0.444444 0.000000
vt 0.518519 1.000000
vt 0.481481 0.000000
vt 0.555556 1.000000
vt 0.518519 0.000000
vt 0.592593 1.000000
vt 0.555556 0.000000
vt 0.629630 1.000000
vt 0.592593 0.000000
vt 0.666667 1.000000
vt 0.629630 0.000000
vt 0.703704 1.000000
vt 0.666667 0.000000
vt 0.740741 1.000000
vt 0.703704 0.000000
vt 0.777778 1.000000
vt 0.740741 0.000000
vt 0.814815 1.000000
vt 0.777778 0.000000
vt 0.851852 1.000000
vt 0.814815 0.000000
vt 0.888889 1.000000
vt 0.851852 0.000000
vt 0.925926 1.000000
vt 0.888889 0.000000
vt 0.962963 1.000000
vt 0.925926 0.000000
vt 1.000000 1.000000
vt 0.962963 0.000000
vt 0.250000 1.000000
vt 0.000000 0.000000
vt 0.000000 1.000000
vt 0.500000 1.000000
vt 0.250000 0.000000
vt 0.750000 1.000000
vt 0.500000 0.000000
vt 1.000000 1.000000
vt 0.750000 0.000000
vt 0.007299 1.000000
vt 0.000000 0.000000
vt 0.000000 1.000000
vt 0.014599 1.000000
vt 0.007299 0.000000
vt 0.021898 1.000000
vt 0.014599 0.000000
vt 0.029197 1.000000
vt 0.021898 0.000000
vt 0.036496 1.000000
vt 0.029197 0.000000
vt 0.043796 1.000000
vt 0.036496 0.000000
vt 0.051095 1.000000
vt 0.043796 0.000000
vt 0.058394 1.000000
vt 0.051095 0.000000
vt 0.065693 1.000000
vt 0.058394 0.000000
vt 0.072993 1.000000
vt 0.065693 0.000000
vt 0.080292 1.000000
vt 0.072993 0.000000
vt 0.087591 1.000000
vt 0.080292 0.000000
vt 0.094891 1.000000
vt 0.087591 0.000000
vt 0.102190 1.000000
vt 0.094891 0.000000
vt 0.109489 1.000000
vt 0.102190 0.000000
vt 0.116788 1.000000
vt 0.109489 0.000000
vt 0.124088 1.000000
vt 0.116788 0.000000
vt 0.131387 1.000000
vt 0.124088 0.000000
vt 0.138686 1.000000
vt 0.131387 0.000000
vt 0.145985 1.000000
vt 0.138686 0.000000
vt 0.153285 1.000000
vt 0.145985 0.000000
vt 0.160584 1.000000
vt 0.153285 0.000000
vt 0.167883 1.000000
vt 0.160584 0.000000
vt 0.175182 1.000000
vt 0.167883 0.000000
vt 0.182482 1.000000
vt 0.175182 0.000000
vt 0.189781 1.000000
vt 0.182482 0.000000
vt 0.197080 1.000000
vt 0.189781 0.000000
vt 0.204380 1.000000
vt 0.197080 0.000000
vt 0.211679 1.000000
vt 0.204380 0.000000
vt 0.218978 1.000000
vt 0.211679 0.000000
vt 0.226277 1.000000
vt 0.218978 0.000000
vt 0.233577 1.000000
vt 0.226277 0.000000
vt 0.240876 1.000000
vt 0.233577 0.000000
vt 0.248175 1.000000
vt 0.240876 0.000000
vt 0.255474 1.000000
vt 0.248175 0.000000
vt 0.262774 1.000000
vt 0.255474 0.000000
vt 0.270073 1.000000
vt 0.262774 0.000000
vt 0.277372 1.000000
vt 0.270073 0.000000
vt 0.284672 1.000000
vt 0.277372 0.000000
vt 0.291971 1.000000
vt 0.284672 0.000000
vt 0.299270 1.000000
vt 0.291971 0.000000
vt 0.306569 1.000000
vt 0.299270 0.000000
vt 0.313869 1.000000
vt 0.306569 0.000000
vt 0.321168 1.000000
vt 0.313869 0.000000
vt 0.328467 1.000000
vt 0.321168 0.000000
vt 0.335766 1.000000
vt 0.328467 0.000000
vt 0.343066 1.000000
vt 0.335766 0.000000
vt 0.350365 1.000000
vt 0.343066 0.000000
vt 0.357664 1.000000
vt 0.350365 0.000000
vt 0.364964 1.000000
vt 0.357664 0.000000
vt 0.372263 1.000000
vt 0.364964 0.000000
vt 0.379562 1.000000
vt 0.372263 0.000000
vt 0.386861 1.000000
vt 0.379562 0.000000
vt 0.394161 1.000000
vt 0.386861 0.000000
vt 0.401460 1.000000
vt 0.394161 0.000000
vt 0.408759 1.000000
vt 0.401460 0.000000
vt 0.416058 1.000000
vt 0.408759 0.000000
vt 0.423358 1.000000
vt 0.416058 0.000000
vt 0.430657 1.000000
vt 0.423358 0.000000
vt 0.437956 1.000000
vt 0.430657 0.000000
vt 0.445255 1.000000
vt 0.437956 0.000000
vt 0.452555 1.000000
vt 0.445255 0.000000
vt 0.459854 1.000000
vt 0.452555 0.000000
vt 0.467153 1.000000
vt 0.459854 0.000000
vt 0.474453 1.000000
vt 0.467153 0.000000
vt 0.481752 1.000000
vt 0.474453 0.000000
vt 0.489051 1.000000
vt 0.481752 0.000000
vt 0.496350 1.000000
vt 0.489051 0.000000
vt 0.503650 1.000000
vt 0.496350 0.000000
vt 0.510949 1.000000
vt 0.503650 0.000000
vt 0.518248 1.000000
vt 0.510949 0.000000
vt 0.525547 1.000000
vt 0.518248 0.000000
vt 0.532847 1.000000
vt 0.525547 0.000000
vt 0.540146 1.000000
vt 0.532847 0.000000
vt 0.547445 1.000000
vt 0.540146 0.000000
vt 0.554745 1.000000
vt 0.547445 0.000000
vt 0.562044 1.000000
vt 0.554745 0.000000
vt 0.569343 1.000000
vt 0.562044 0.000000
vt 0.576642 1.000000
vt 0.569343 0.000000
vt 0.583942 1.000000
vt 0.576642 0.000000
vt 0.591241 1.000000
vt 0.583942 0.000000
vt 0.598540 1.000000
vt 0.591241 0.000000
vt 0.605839 1.000000
vt 0.598540 0.000000
vt 0.613139 1.000000
vt 0.605839 0.000000
vt 0.620438 1.000000
vt 0.613139 0.000000
vt 0.627737 1.000000
vt 0.620438 0.000000
vt 0.635036 1.000000
vt 0.627737 0.000000
vt 0.642336 1.000000
vt 0.635036 0.000000
vt 0.649635 1.000000
vt 0.642336 0.000000
vt 0.656934 1.000000
vt 0.649635 0.000000
vt 0.664234 1.000000
vt 0.656934 0.000000
vt 0.671533 1.000000
vt 0.664234 0.000000
vt 0.678832 1.000000
vt 0.671533 0.000000
vt 0.686131 1.000000
vt 0.678832 0.000000
vt 0.693431 1.000000
vt 0.686131 0.000000
vt 0.700730 1.000000
vt 0.693431 0.000000
vt 0.708029 1.000000
vt 0.700730 0.000000
vt 0.715328 1.000000
vt 0.708029 0.000000
vt 0.722628 1.000000
vt 0.715328 0.000000
vt 0.729927 1.000000
vt 0.722628 0.000000
vt 0.737226 1.000000
vt 0.729927 0.000000
vt 0.744526 1.000000
vt 0.737226 0.000000
vt 0.751825 1.000000
vt 0.744526 0.000000
vt 0.759124 1.000000
vt 0.751825 0.000000
vt 0.766423 1.000000
vt 0.759124 0.000000
vt 0.773723 1.000000
vt 0.766423 0.000000
vt 0.781022 1.000000
vt 0.773723 0.000000
vt 0.788321 1.000000
vt 0.781022 0.000000
vt 0.795620 1.000000
vt 0.788321 0.000000
vt 0.802920 1.000000
vt 0.795620 0.000000
vt 0.810219 1.000000
vt 0.802920 0.000000
vt 0.817518 1.000000
vt 0.810219 0.000000
vt 0.824818 1.000000
vt 0.817518 0.000000
vt 0.832117 1.000000
vt 0.824818 0.000000
vt 0.839416 1.000000
vt 0.832117 0.000000
vt 0.846715 1.000000
vt 0.839416 0.000000
vt 0.854015 1.000000
vt 0.846715 0.000000
vt 0.861314 1.000000
vt 0.854015 0.000000
vt 0.868613 1.000000
vt 0.861314 0.000000
vt 0.875912 1.000000
vt 0.868613 0.000000
vt 0.883212 1.000000
vt 0.875912 0.000000
vt 0.890511 1.000000
vt 0.883212 0.000000
vt 0.897810 1.000000
vt 0.890511 0.000000
vt 0.905109 1.000000
vt 0.897810 0.000000
vt 0.912409 1.000000
vt 0.905109 0.000000
vt 0.919708 1.000000
vt 0.912409 0.000000
vt 0.927007 1.000000
vt 0.919708 0.000000
vt 0.934307 1.000000
vt 0.927007 0.000000
vt 0.941606 1.000000
vt 0.934307 0.000000
vt 0.948905 1.000000
vt 0.941606 0.000000
vt 0.956204 1.000000
vt 0.948905 0.000000
vt 0.963504 1.000000
vt 0.956204 0.000000
vt 0.970803 1.000000
vt 0.963504 0.000000
vt 0.978102 1.000000
vt 0.970803 0.000000
vt 0.985401 1.000000
vt 0.978102 0.000000
vt 0.992701 1.000000
vt 0.985401 0.000000
vt 1.000000 1.000000
vt 0.992701 0.000000
vt 0.027027 1.000000
vt 0.000000 0.000000
vt 0.000000 1.000000
vt 0.054054 1.000000
vt 0.027027 0.000000
vt 0.081081 1.000000
vt 0.054054 0.000000
vt 0.108108 1.000000
vt 0.081081 0.000000
vt 0.135135 1.000000
vt 0.108108 0.000000
vt 0.162162 1.000000
vt 0.135135 0.000000
vt 0.189189 1.000000
vt 0.162162 0.000000
vt 0.216216 1.000000
vt 0.189189 0.000000
vt 0.243243 1.000000
vt 0.216216 0.000000
vt 0.270270 1.000000
vt 0.243243 0.000000
vt 0.297297 1.000000
vt 0.270270 0.000000
vt 0.324324 1.000000
vt 0.297297 0.000000
vt 0.351351 1.000000
vt 0.324324 0.000000
vt 0.378378 1.000000
vt 0.351351 0.000000
vt 0.405405 1.000000
vt 0.378378 0.000000
vt 0.432432 1.000000
vt 0.405405 0.000000
vt 0.459459 1.000000
vt 0.432432 0.000000
vt 0.486486 1.000000
vt 0.459459 0.000000
vt 0.513514 1.000000
vt 0.486486 0.000000
vt 0.540541 1.000000
vt 0.513514 0.000000
vt 0.567568 1.000000
vt 0.540541 0.000000
vt 0.594595 1.000000
vt 0.567568 0.000000
vt 0.621622 1.000000
vt 0.594595 0.000000
vt 0.648649 1.000000
vt 0.621622 0.000000
vt 0.675676 1.000000
vt 0.648649 0.000000
vt 0.702703 1.000000
vt 0.675676 0.000000
vt 0.729730 1.000000
vt 0.702703 0.000000
vt 0.756757 1.000000
vt 0.729730 0.000000
vt 0.783784 1.000000
vt 0.756757 0.000000
vt 0.810811 1.000000
vt 0.783784 0.000000
vt 0.837838 1.000000
vt 0.810811 0.000000
vt 0.864865 1.000000
vt 0.837838 0.000000
vt 0.891892 1.000000
vt 0.864865 0.000000
vt 0.918919 1.000000
vt 0.891892 0.000000
vt 0.945946 1.000000
vt 0.918919 0.000000
vt 0.972973 1.000000
vt 0.945946 0.000000
vt 1.000000 1.000000
vt 0.972973 0.000000
vt 0.125000 1.000000
vt 0.000000 0.000000
vt 0.000000 1.000000
vt 0.250000 1.000000
vt 0.125000 0.000000
vt 0.375000 1.000000
vt 0.250000 0.000000
vt 0.500000 1.000000
vt 0.375000 0.000000
vt 0.625000 1.000000
vt 0.500000 0.000000
vt 0.750000 1.000000
vt 0.625000 0.000000
vt 0.875000 1.000000
vt 0.750000 0.000000
vt 1.000000 1.000000
vt 0.875000 0.000000
vt 0.020000 1.000000
vt 0.000000 0.000000
vt 0.000000 1.000000
vt 0.040000 1.000000
vt 0.020000 0.000000
vt 0.060000 1.000000
vt 0.040000 0.000000
vt 0.080000 1.000000
vt 0.060000 0.000000
vt 0.100000 1.000000
vt 0.080000 0.000000
vt 0.120000 1.000000
vt 0.100000 0.000000
vt 0.140000 1.000000
vt 0.120000 0.000000
vt 0.160000 1.000000
vt 0.140000 0.000000
vt 0.180000 1.000000
vt 0.160000 0.000000
vt 0.200000 1.000000
vt 0.180000 0.000000
vt 0.220000 1.000000
vt 0.200000 0.000000
vt 0.240000 1.000000
vt 0.220000 0.000000
vt 0.260000 1.000000
vt 0.240000 0.000000
vt 0.280000 1.000000
vt 0.260000 0.000000
vt 0.300000 1.000000
vt 0.280000 0.000000
vt 0.320000 1.000000
vt 0.300000 0.000000
vt 0.340000 1.000000
vt 0.320000 0.000000
vt 0.360000 1.000000
vt 0.340000 0.000000
vt 0.380000 1.000000
vt 0.360000 0.000000
vt 0.400000 1.000000
vt 0.380000 0.000000
vt 0.420000 1.000000
vt 0.400000 0.000000
vt 0.440000 1.000000
vt 0.420000 0.000000
vt 0.460000 1.000000
vt 0.440000 0.000000
vt 0.480000 1.000000
vt 0.460000 0.000000
vt 0.500000 1.000000
vt 0.480000 0.000000
vt 0.520000 1.000000
vt 0.500000 0.000000
vt 0.540000 1.000000
vt 0.520000 0.000000
vt 0.560000 1.000000
vt 0.540000 0.000000
vt 0.580000 1.000000
vt 0.560000 0.000000
vt 0.600000 1.000000
vt 0.580000 0.000000
vt 0.620000 1.000000
vt 0.600000 0.000000
vt 0.640000 1.000000
vt 0.620000 0.000000
vt 0.660000 1.000000
vt 0.640000 0.000000
vt 0.680000 1.000000
vt 0.660000 0.000000
vt 0.700000 1.000000
vt 0.680000 0.000000
vt 0.720000 1.000000
vt 0.700000 0.000000
vt 0.740000 1.000000
vt 0.720000 0.000000
vt 0.760000 1.000000
vt 0.740000 0.000000
vt 0.780000 1.000000
vt 0.760000 0.000000
vt 0.800000 1.000000
vt 0.780000 0.000000
vt 0.820000 1.000000
vt 0.800000 0.000000
vt 0.840000 1.000000
vt 0.820000 0.000000
vt 0.860000 1.000000
vt 0.840000 0.000000
vt 0.880000 1.000000
vt 0.860000 0.000000
vt 0.900000 1.000000
vt 0.880000 0.000000
vt 0.920000 1.000000
vt 0.900000 0.000000
vt 0.940000 1.000000
vt 0.920000 0.000000
vt 0.960000 1.000000
vt 0.940000 0.000000
vt 0.980000 1.000000
vt 0.960000 0.000000
vt 1.000000 1.000000
vt 0.980000 0.000000
vt 0.009346 1.000000
vt 0.000000 0.000000
vt 0.000000 1.000000
vt 0.018692 1.000000
vt 0.009346 0.000000
vt 0.028037 1.000000
vt 0.018692 0.000000
vt 0.037383 1.000000
vt 0.028037 0.000000
vt 0.046729 1.000000
vt 0.037383 0.000000
vt 0.056075 1.000000
vt 0.046729 0.000000
vt 0.065421 1.000000
vt 0.056075 0.000000
vt 0.074766 1.000000
vt 0.065421 0.000000
vt 0.084112 1.000000
vt 0.074766 0.000000
vt 0.093458 1.000000
vt 0.084112 0.000000
vt 0.102804 1.000000
vt 0.093458 0.000000
vt 0.112150 1.000000
vt 0.102804 0.000000
vt 0.121495 1.000000
vt 0.112150 0.000000
vt 0.130841 1.000000
vt 0.121495 0.000000
vt 0.140187 1.000000
vt 0.130841 0.000000
vt 0.149533 1.000000
vt 0.140187 0.000000
vt 0.158879 1.000000
vt 0.149533 0.000000
vt 0.168224 1.000000
vt 0.158879 0.000000
vt 0.177570 1.000000
vt 0.168224 0.000000
vt 0.186916 1.000000
vt 0.177570 0.000000
vt 0.196262 1.000000
vt 0.186916 0.000000
vt 0.205607 1.000000
vt 0.196262 0.000000
vt 0.214953 1.000000
vt 0.205607 0.000000
vt 0.224299 1.000000
vt 0.214953 0.000000
vt 0.233645 1.000000
vt 0.224299 0.000000
vt 0.242991 1.000000
vt 0.233645 0.000000
vt 0.252336 1.000000
vt 0.242991 0.000000
vt 0.261682 1.000000
vt 0.252336 0.000000
vt 0.271028 1.000000
vt 0.261682 0.000000
vt 0.280374 1.000000
vt 0.271028 0.000000
vt 0.289720 1.000000
vt 0.280374 0.000000
vt 0.299065 1.000000
vt 0.289720 0.000000
vt 0.308411 1.000000
vt 0.299065 0.000000
vt 0.317757 1.000000
vt 0.308411 0.000000
vt 0.327103 1.000000
vt 0.317757 0.000000
vt 0.336449 1.000000
vt 0.327103 0.000000
vt 0.345794 1.000000
vt 0.336449 0.000000
vt 0.355140 1.000000
vt 0.345794 0.000000
vt 0.364486 1.000000
vt 0.355140 0.000000
vt 0.373832 1.000000
vt 0.364486 0.000000
vt 0.383178 1.000000
vt 0.373832 0.000000
vt 0.392523 1.000000
vt 0.383178 0.000000
vt 0.401869 1.000000
vt 0.392523 0.000000
vt 0.411215 1.000000
vt 0.401869 0.000000
vt 0.420561 1.000000
vt 0.411215 0.000000
vt 0.429907 1.000000
vt 0.420561 0.000000
vt 0.439252 1.000000
vt 0.429907 0.000000
vt 0.448598 1.000000
vt 0.439252 0.000000
vt 0.457944 1.000000
vt 0.448598 0.000000
vt 0.467290 1.000000
vt 0.457944 0.000000
vt 0.476636 1.000000
vt 0.467290 0.000000
vt 0.485981 1.000000
vt 0.476636 0.000000
vt 0.495327 1.000000
vt 0.485981 0.000000
vt 0.504673 1.000000
vt 0.495327 0.000000
vt 0.514019 1.000000
vt 0.504673 0.000000
vt 0.523364 1.000000
vt 0.514019 0.000000
vt 0.532710 1.000000
vt 0.523364 0.000000
vt 0.542056 1.000000
vt 0.532710 0.000000
vt 0.551402 1.000000
vt 0.542056 0.000000
vt 0.560748 1.000000
vt 0.551402 0.000000
vt 0.570093 1.000000
vt 0.560748 0.000000
vt 0.579439 1.000000
vt 0.570093 0.000000
vt 0.588785 1.000000
vt 0.579439 0.000000
vt 0.598131 1.000000
vt 0.588785 0.000000
vt 0.607477 1.000000
vt 0.598131 0.000000
vt 0.616822 1.000000
vt 0.607477 0.000000
vt 0.626168 1.000000
vt 0.616822 0.000000
vt 0.635514 1.000000
vt 0.626168 0.000000
vt 0.644860 1.000000
vt 0.635514 0.000000
vt 0.654206 1.000000
vt 0.644860 0.000000
vt 0.663551 1.000000
vt 0.654206 0.000000
vt 0.672897 1.000000
vt 0.663551 0.000000
vt 0.682243 1.000000
vt 0.672897 0.000000
vt 0.691589 1.000000
vt 0.682243 0.000000
vt 0.700935 1.000000
vt 0.691589 0.000000
vt 0.710280 1.000000
vt 0.700935 0.000000
vt 0.719626 1.000000
vt 0.710280 0.000000
vt 0.728972 1.000000
vt 0.719626 0.000000
vt 0.738318 1.000000
vt 0.728972 0.000000
vt 0.747664 1.000000
vt 0.738318 0.000000
vt 0.757009 1.000000
vt 0.747664 0.000000
vt 0.766355 1.000000
vt 0.757009 0.000000
vt 0.775701 1.000000
vt 0.766355 0.000000
vt 0.785047 1.000000
vt 0.775701 0.000000
vt 0.794393 1.000000
vt 0.785047 0.000000
vt 0.803738 1.000000
vt 0.794393 0.000000
vt 0.813084 1.000000
vt 0.803738 0.000000
vt 0.822430 1.000000
vt 0.813084 0.000000
vt 0.831776 1.000000
vt 0.822430 0.000000
vt 0.841121 1.000000
vt 0.831776 0.000000
vt 0.850467 1.000000
vt 0.841121 0.000000
vt 0.859813 1.000000
vt 0.850467 0.000000
vt 0.869159 1.000000
vt 0.859813 0.000000
vt 0.878505 1.000000
vt 0.869159 0.000000
vt 0.887850 1.000000
vt 0.878505 0.000000
vt 0.897196 1.000000
vt 0.887850 0.000000
vt 0.906542 1.000000
vt 0.897196 0.000000
vt 0.915888 1.000000
vt 0.906542 0.000000
vt 0.925234 1.000000
vt 0.915888 0.000000
vt 0.934579 1.000000
vt 0.925234 0.000000
vt 0.943925 1.000000
vt 0.934579 0.000000
vt 0.953271 1.000000
vt 0.943925 0.000000
vt 0.962617 1.000000
vt 0.953271 0.000000
vt 0.971963 1.000000
vt 0.962617 0.000000
vt 0.981308 1.000000
vt 0.971963 0.000000
vt 0.990654 1.000000
vt 0.981308 0.000000
vt 1.000000 1.000000
vt 0.990654 0.000000
vt 0.013514 1.000000
vt 0.000000 0.000000
vt 0.000000 1.000000
vt 0.027027 1.000000
vt 0.013514 0.000000
vt 0.040541 1.000000
vt 0.027027 0.000000
vt 0.054054 1.000000
vt 0.040541 0.000000
vt 0.067568 1.000000
vt 0.054054 0.000000
vt 0.081081 1.000000
vt 0.067568 0.000000
vt 0.094595 1.000000
vt 0.081081 0.000000
vt 0.108108 1.000000
vt 0.094595 0.000000
vt 0.121622 1.000000
vt 0.108108 0.000000
vt 0.135135 1.000000
vt 0.121622 0.000000
vt 0.148649 1.000000
vt 0.135135 0.000000
vt 0.162162 1.000000
vt 0.148649 0.000000
vt 0.175676 1.000000
vt 0.162162 0.000000
vt 0.189189 1.000000
vt 0.175676 0.000000
vt 0.202703 1.000000
vt 0.189189 0.000000
vt 0.216216 1.000000
vt 0.202703 0.000000
vt 0.229730 1.000000
vt 0.216216 0.000000
vt 0.243243 1.000000
vt 0.229730 0.000000
vt 0.256757 1.000000
vt 0.243243 0.000000
vt 0.270270 1.000000
vt 0.256757 0.000000
vt 0.283784 1.000000
vt 0.270270 0.000000
vt 0.297297 1.000000
vt 0.283784 0.000000
vt 0.310811 1.000000
vt 0.297297 0.000000
vt 0.324324 1.000000
vt 0.310811 0.000000
vt 0.337838 1.000000
vt 0.324324 0.000000
vt 0.351351 1.000000
vt 0.337838 0.000000
vt 0.364865 1.000000
vt 0.351351 0.000000
vt 0.378378 1.000000
vt 0.364865 0.000000
vt 0.391892 1.000000
vt 0.378378 0.000000
vt 0.405405 1.000000
vt 0.391892 0.000000
vt 0.418919 1.000000
vt 0.405405 0.000000
vt 0.432432 1.000000
vt 0.418919 0.000000
vt 0.445946 1.000000
vt 0.432432 0.000000
vt 0.459459 1.000000
vt 0.445946 0.000000
vt 0.472973 1.000000
vt 0.459459 0.000000
vt 0.486486 1.000000
vt 0.472973 0.000000
vt 0.500000 1.000000
vt 0.486486 0.000000
vt 0.513514 1.000000
vt 0.500000 0.000000
vt 0.527027 1.000000
vt 0.513514 0.000000
vt 0.540541 1.000000
vt 0.527027 0.000000
vt 0.554054 1.000000
vt 0.540541 0.000000
vt 0.567568 1.000000
vt 0.554054 0.000000
vt 0.581081 1.000000
vt 0.567568 0.000000
vt 0.594595 1.000000
vt 0.581081 0.000000
vt 0.608108 1.000000
vt 0.594595 0.000000
vt 0.621622 1.000000
vt 0.608108 0.000000
vt 0.635135 1.000000
vt 0.621622 0.000000
vt 0.648649 1.000000
vt 0.635135 0.000000
vt 0.662162 1.000000
vt 0.648649 0.000000
vt 0.675676 1.000000
vt 0.662162 0.000000
vt 0.689189 1.000000
vt 0.675676 0.000000
vt 0.702703 1.000000
vt 0.689189 0.000000
vt 0.716216 1.000000
vt 0.702703 0.000000
vt 0.729730 1.000000
vt 0.716216 0.000000
vt 0.743243 1.000000
vt 0.729730 0.000000
vt 0.756757 1.000000
vt 0.743243 0.000000
vt 0.770270 1.000000
vt 0.756757 0.000000
vt 0.783784 1.000000
vt 0.770270 0.000000
vt 0.797297 1.000000
vt 0.783784 0.000000
vt 0.810811 1.000000
vt 0.797297 0.000000
vt 0.824324 1.000000
vt 0.810811 0.000000
vt 0.837838 1.000000
vt 0.824324 0.000000
vt 0.851351 1.000000
vt 0.837838 0.000000
vt 0.864865 1.000000
vt 0.851351 0.000000
vt 0.878378 1.000000
vt 0.864865 0.000000
vt 0.891892 1.000000
vt 0.878378 0.000000
vt 0.905405 1.000000
vt 0.891892 0.000000
vt 0.918919 1.000000
vt 0.905405 0.000000
vt 0.932432 1.000000
vt 0.918919 0.000000
vt 0.945946 1.000000
vt 0.932432 0.000000
vt 0.959459 1.000000
vt 0.945946 0.000000
vt 0.972973 1.000000
vt 0.959459 0.000000
vt 0.986486 1.000000
vt 0.972973 0.000000
vt 1.000000 1.000000
vt 0.986486 0.000000
vt 0.040000 1.000000
vt 0.000000 0.000000
vt 0.000000 1.000000
vt 0.080000 1.000000
vt 0.040000 0.000000
vt 0.120000 1.000000
vt 0.080000 0.000000
vt 0.160000 1.000000
vt 0.120000 0.000000
vt 0.200000 1.000000
vt 0.160000 0.000000
vt 0.240000 1.000000
vt 0.200000 0.000000
vt 0.280000 1.000000
vt 0.240000 0.000000
vt 0.320000 1.000000
vt 0.280000 0.000000
vt 0.360000 1.000000
vt 0.320000 0.000000
vt 0.400000 1.000000
vt 0.360000 0.000000
vt 0.440000 1.000000
vt 0.400000 0.000000
vt 0.480000 1.000000
vt 0.440000 0.000000
vt 0.520000 1.000000
vt 0.480000 0.000000
vt 0.560000 1.000000
vt 0.520000 0.000000
vt 0.600000 1.000000
vt 0.560000 0.000000
vt 0.640000 1.000000
vt 0.600000 0.000000
vt 0.680000 1.000000
vt 0.640000 0.000000
vt 0.720000 1.000000
vt 0.680000 0.000000
vt 0.760000 1.000000
vt 0.720000 0.000000
vt 0.800000 1.000000
vt 0.760000 0.000000
vt 0.840000 1.000000
vt 0.800000 0.000000
vt 0.880000 1.000000
vt 0.840000 0.000000
vt 0.920000 1.000000
vt 0.880000 0.000000
vt 0.960000 1.000000
vt 0.920000 0.000000
vt 1.000000 1.000000
vt 0.960000 0.000000
vt 0.025000 1.000000
vt 0.000000 0.000000
vt 0.000000 1.000000
vt 0.050000 1.000000
vt 0.025000 0.000000
vt 0.075000 1.000000
vt 0.050000 0.000000
vt 0.100000 1.000000
vt 0.075000 0.000000
vt 0.125000 1.000000
vt 0.100000 0.000000
vt 0.150000 1.000000
vt 0.125000 0.000000
vt 0.175000 1.000000
vt 0.150000 0.000000
vt 0.200000 1.000000
vt 0.175000 0.000000
vt 0.225000 1.000000
vt 0.200000 0.000000
vt 0.250000 1.000000
vt 0.225000 0.000000
vt 0.275000 1.000000
vt 0.250000 0.000000
vt 0.300000 1.000000
vt 0.275000 0.000000
vt 0.325000 1.000000
vt 0.300000 0.000000
vt 0.350000 1.000000
vt 0.325000 0.000000
vt 0.375000 1.000000
vt 0.350000 0.000000
vt 0.400000 1.000000
vt 0.375000 0.000000
vt 0.425000 1.000000
vt 0.400000 0.000000
vt 0.450000 1.000000
vt 0.425000 0.000000
vt 0.475000 1.000000
vt 0.450000 0.000000
vt 0.500000 1.000000
vt 0.475000 0.000000
vt 0.525000 1.000000
vt 0.500000 0.000000
vt 0.550000 1.000000
vt 0.525000 0.000000
vt 0.575000 1.000000
vt 0.550000 0.000000
vt 0.600000 1.000000
vt 0.575000 0.000000
vt 0.625000 1.000000
vt 0.600000 0.000000
vt 0.650000 1.000000
vt 0.625000 0.000000
vt 0.675000 1.000000
vt 0.650000 0.000000
vt 0.700000 1.000000
vt 0.675000 0.000000
vt 0.725000 1.000000
vt 0.700000 0.000000
vt 0.750000 1.000000
vt 0.725000 0.000000
vt 0.775000 1.000000
vt 0.750000 0.000000
vt 0.800000 1.000000
vt 0.775000 0.000000
vt 0.825000 1.000000
vt 0.800000 0.000000
vt 0.850000 1.000000
vt 0.825000 0.000000
vt 0.875000 1.000000
vt 0.850000 0.000000
vt 0.900000 1.000000
vt 0.875000 0.000000
vt 0.925000 1.000000
vt 0.900000 0.000000
vt 0.950000 1.000000
vt 0.925000 0.000000
vt 0.975000 1.000000
vt 0.950000 0.000000
vt 1.000000 1.000000
vt 0.975000 0.000000
vt 0.026316 1.000000
vt 0.000000 0.000000
vt 0.000000 1.000000
vt 0.052632 1.000000
vt 0.026316 0.000000
vt 0.078947 1.000000
vt 0.052632 0.000000
vt 0.105263 1.000000
vt 0.078947 0.000000
vt 0.131579 1.000000
vt 0.105263 0.000000
vt 0.157895 1.000000
vt 0.131579 0.000000
vt 0.184211 1.000000
vt 0.157895 0.000000
vt 0.210526 1.000000
vt 0.184211 0.000000
vt 0.236842 1.000000
vt 0.210526 0.000000
vt 0.263158 1.000000
vt 0.236842 0.000000
vt 0.289474 1.000000
vt 0.263158 0.000000
vt 0.315789 1.000000
vt 0.289474 0.000000
vt 0.342105 1.000000
vt 0.315789 0.000000
vt 0.368421 1.000000
vt 0.342105 0.000000
vt 0.394737 1.000000
vt 0.368421 0.000000
vt 0.421053 1.000000
vt 0.394737 0.000000
vt 0.447368 1.000000
vt 0.421053 0.000000
vt 0.473684 1.000000
vt 0.447368 0.000000
vt 0.500000 1.000000
vt 0.473684 0.000000
vt 0.526316 1.000000
vt 0.500000 0.000000
vt 0.552632 1.000000
vt 0.526316 0.000000
vt 0.578947 1.000000
vt 0.552632 0.000000
vt 0.605263 1.000000
vt 0.578947 0.000000
vt 0.631579 1.000000
vt 0.605263 0.000000
vt 0.657895 1.000000
vt 0.631579 0.000000
vt 0.684211 1.000000
vt 0.657895 0.000000
vt 0.710526 1.000000
vt 0.684211 0.000000
vt 0.736842 1.000000
vt 0.710526 0.000000
vt 0.763158 1.000000
vt 0.736842 0.000000
vt 0.789474 1.000000
vt 0.763158 0.000000
vt 0.815789 1.000000
vt 0.789474 0.000000
vt 0.842105 1.000000
vt 0.815789 0.000000
vt 0.868421 1.000000
vt 0.842105 0.000000
vt 0.894737 1.000000
vt 0.868421 0.000000
vt 0.921053 1.000000
vt 0.894737 0.000000
vt 0.947368 1.000000
vt 0.921053 0.000000
vt 0.973684 1.000000
vt 0.947368 0.000000
vt 1.000000 1.000000
vt 0.973684 0.000000
vt 0.250000 1.000000
vt 0.000000 0.000000
vt 0.000000 1.000000
vt 0.500000 1.000000
vt 0.250000 0.000000
vt 0.750000 1.000000
vt 0.500000 0.000000
vt 1.000000 1.000000
vt 0.750000 0.000000
vt 0.020833 1.000000
vt 0.000000 0.000000
vt 0.000000 1.000000
vt 0.041667 1.000000
vt 0.020833 0.000000
vt 0.062500 1.000000
vt 0.041667 0.000000
vt 0.083333 1.000000
vt 0.062500 0.000000
vt 0.104167 1.000000
vt 0.083333 0.000000
vt 0.125000 1.000000
vt 0.104167 0.000000
vt 0.145833 1.000000
vt 0.125000 0.000000
vt 0.166667 1.000000
vt 0.145833 0.000000
vt 0.187500 1.000000
vt 0.166667 0.000000
vt 0.208333 1.000000
vt 0.187500 0.000000
vt 0.229167 1.000000
vt 0.208333 0.000000
vt 0.250000 1.000000
vt 0.229167 0.000000
vt 0.270833 1.000000
vt 0.250000 0.000000
vt 0.291667 1.000000
vt 0.270833 0.000000
vt 0.312500 1.000000
vt 0.291667 0.000000
vt 0.333333 1.000000
vt 0.312500 0.000000
vt 0.354167 1.000000
vt 0.333333 0.000000
vt 0.375000 1.000000
vt 0.354167 0.000000
vt 0.395833 1.000000
vt 0.375000 0.000000
vt 0.416667 1.000000
vt 0.395833 0.000000
vt 0.437500 1.000000
vt 0.416667 0.000000
vt 0.458333 1.000000
vt 0.437500 0.000000
vt 0.479167 1.000000
vt 0.458333 0.000000
vt 0.500000 1.000000
vt 0.479167 0.000000
vt 0.520833 1.000000
vt 0.500000 0.000000
vt 0.541667 1.000000
vt 0.520833 0.000000
vt 0.562500 1.000000
vt 0.541667 0.000000
vt 0.583333 1.000000
vt 0.562500 0.000000
vt 0.604167 1.000000
vt 0.583333 0.000000
vt 0.625000 1.000000
vt 0.604167 0.000000
vt 0.645833 1.000000
vt 0.625000 0.000000
vt 0.666667 1.000000
vt 0.645833 0.000000
vt 0.687500 1.000000
vt 0.666667 0.000000
vt 0.708333 1.000000
vt 0.687500 0.000000
vt 0.729167 1.000000
vt 0.708333 0.000000
vt 0.750000 1.000000
vt 0.729167 0.000000
vt 0.770833 1.000000
vt 0.750000 0.000000
vt 0.791667 1.000000
vt 0.770833 0.000000
vt 0.812500 1.000000
vt 0.791667 0.000000
vt 0.833333 1.000000
vt 0.812500 0.000000
vt 0.854167 1.000000
vt 0.833333 0.000000
vt 0.875000 1.000000
vt 0.854167 0.000000
vt 0.895833 1.000000
vt 0.875000 0.000000
vt 0.916667 1.000000
vt 0.895833 0.000000
vt 0.937500 1.000000
vt 0.916667 0.000000
vt 0.958333 1.000000
vt 0.937500 0.000000
vt 0.979167 1.000000
vt 0.958333 0.000000
vt 1.000000 1.000000
vt 0.979167 0.000000
vt 0.017857 1.000000
vt 0.000000 0.000000
vt 0.000000 1.000000
vt 0.035714 1.000000
vt 0.017857 0.000000
vt 0.053571 1.000000
vt 0.035714 0.000000
vt 0.071429 1.000000
vt 0.053571 0.000000
vt 0.089286 1.000000
vt 0.071429 0.000000
vt 0.107143 1.000000
vt 0.089286 0.000000
vt 0.125000 1.000000
vt 0.107143 0.000000
vt 0.142857 1.000000
vt 0.125000 0.000000
vt 0.160714 1.000000
vt 0.142857 0.000000
vt 0.178571 1.000000
vt 0.160714 0.000000
vt 0.196429 1.000000
vt 0.178571 0.000000
vt 0.214286 1.000000
vt 0.196429 0.000000
vt 0.232143 1.000000
vt 0.214286 0.000000
vt 0.250000 1.000000
vt 0.232143 0.000000
vt 0.267857 1.000000
vt 0.250000 0.000000
vt 0.285714 1.000000
vt 0.267857 0.000000
vt 0.303571 1.000000
vt 0.285714 0.000000
vt 0.321429 1.000000
vt 0.303571 0.000000
vt 0.339286 1.000000
vt 0.321429 0.000000
vt 0.357143 1.000000
vt 0.339286 0.000000
vt 0.375000 1.000000
vt 0.357143 0.000000
vt 0.392857 1.000000
vt 0.375000 0.000000
vt 0.410714 1.000000
vt 0.392857 0.000000
vt 0.428571 1.000000
vt 0.410714 0.000000
vt 0.446429 1.000000
vt 0.428571 0.000000
vt 0.464286 1.000000
vt 0.446429 0.000000
vt 0.482143 1.000000
vt 0.464286 0.000000
vt 0.500000 1.000000
vt 0.482143 0.000000
vt 0.517857 1.000000
vt 0.500000 0.000000
vt 0.535714 1.000000
vt 0.517857 0.000000
vt 0.553571 1.000000
vt 0.535714 0.000000
vt 0.571429 1.000000
vt 0.553571 0.000000
vt 0.589286 1.000000
vt 0.571429 0.000000
vt 0.607143 1.000000
vt 0.589286 0.000000
vt 0.625000 1.000000
vt 0.607143 0.000000
vt 0.642857 1.000000
vt 0.625000 0.000000
vt 0.660714 1.000000
vt 0.642857 0.000000
vt 0.678571 1.000000
vt 0.660714 0.000000
vt 0.696429 1.000000
vt 0.678571 0.000000
vt 0.714286 1.000000
vt 0.696429 0.000000
vt 0.732143 1.000000
vt 0.714286 0.000000
vt 0.750000 1.000000
vt 0.732143 0.000000
vt 0.767857 1.000000
vt 0.750000 0.000000
vt 0.785714 1.000000
vt 0.767857 0.000000
vt 0.803571 1.000000
vt 0.785714 0.000000
vt 0.821429 1.000000
vt 0.803571 0.000000
vt 0.839286 1.000000
vt 0.821429 0.000000
vt 0.857143 1.000000
vt 0.839286 0.000000
vt 0.875000 1.000000
vt 0.857143 0.000000
vt 0.892857 1.000000
vt 0.875000 0.000000
vt 0.910714 1.000000
vt 0.892857 0.000000
vt 0.928571 1.000000
vt 0.910714 0.000000
vt 0.946429 1.000000
vt 0.928571 0.000000
vt 0.964286 1.000000
vt 0.946429 0.000000
vt 0.982143 1.000000
vt 0.964286 0.000000
vt 1.000000 1.000000
vt 0.982143 0.000000
vt 0.009346 1.000000
vt 0.000000 0.000000
vt 0.000000 1.000000
vt 0.018692 1.000000
vt 0.009346 0.000000
vt 0.028037 1.000000
vt 0.018692 0.000000
vt 0.037383 1.000000
vt 0.028037 0.000000
vt 0.046729 1.000000
vt 0.037383 0.000000
vt 0.056075 1.000000
vt 0.046729 0.000000
vt 0.065421 1.000000
vt 0.056075 0.000000
vt 0.074766 1.000000
vt 0.065421 0.000000
vt 0.084112 1.000000
vt 0.074766 0.000000
vt 0.093458 1.000000
vt 0.084112 0.000000
vt 0.102804 1.000000
vt 0.093458 0.000000
vt 0.112150 1.000000
vt 0.102804 0.000000
vt 0.121495 1.000000
vt 0.112150 0.000000
vt 0.130841 1.000000
vt 0.121495 0.000000
vt 0.140187 1.000000
vt 0.130841 0.000000
vt 0.149533 1.000000
vt 0.140187 0.000000
vt 0.158879 1.000000
vt 0.149533 0.000000
vt 0.168224 1.000000
vt 0.158879 0.000000
vt 0.177570 1.000000
vt 0.168224 0.000000
vt 0.186916 1.000000
vt 0.177570 0.000000
vt 0.196262 1.000000
vt 0.186916 0.000000
vt 0.205607 1.000000
vt 0.196262 0.000000
vt 0.214953 1.000000
vt 0.205607 0.000000
vt 0.224299 1.000000
vt 0.214953 0.000000
vt 0.233645 1.000000
vt 0.224299 0.000000
vt 0.242991 1.000000
vt 0.233645 0.000000
vt 0.252336 1.000000
vt 0.242991 0.000000
vt 0.261682 1.000000
vt 0.252336 0.000000
vt 0.271028 1.000000
vt 0.261682 0.000000
vt 0.280374 1.000000
vt 0.271028 0.000000
vt 0.289720 1.000000
vt 0.280374 0.000000
vt 0.299065 1.000000
vt 0.289720 0.000000
vt 0.308411 1.000000
vt 0.299065 0.000000
vt 0.317757 1.000000
vt 0.308411 0.000000
vt 0.327103 1.000000
vt 0.317757 0.000000
vt 0.336449 1.000000
vt 0.327103 0.000000
vt 0.345794 1.000000
vt 0.336449 0.000000
vt 0.355140 1.000000
vt 0.345794 0.000000
vt 0.364486 1.000000
vt 0.355140 0.000000
vt 0.373832 1.000000
vt 0.364486 0.000000
vt 0.383178 1.000000
vt 0.373832 0.000000
vt 0.392523 1.000000
vt 0.383178 0.000000
vt 0.401869 1.000000
vt 0.392523 0.000000
vt 0.411215 1.000000
vt 0.401869 0.000000
vt 0.420561 1.000000
vt 0.411215 0.000000
vt 0.429907 1.000000
vt 0.420561 0.000000
vt 0.439252 1.000000
vt 0.429907 0.000000
vt 0.448598 1.000000
vt 0.439252 0.000000
vt 0.457944 1.000000
vt 0.448598 0.000000
vt 0.467290 1.000000
vt 0.457944 0.000000
vt 0.476636 1.000000
vt 0.467290 0.000000
vt 0.485981 1.000000
vt 0.476636 0.000000
vt 0.495327 1.000000
vt 0.485981 0.000000
vt 0.504673 1.000000
vt 0.495327 0.000000
vt 0.514019 1.000000
vt 0.504673 0.000000
vt 0.523364 1.000000
vt 0.514019 0.000000
vt 0.532710 1.000000
vt 0.523364 0.000000
vt 0.542056 1.000000
vt 0.532710 0.000000
vt 0.551402 1.000000
vt 0.542056 0.000000
vt 0.560748 1.000000
vt 0.551402 0.000000
vt 0.570093 1.000000
vt 0.560748 0.000000
vt 0.579439 1.000000
vt 0.570093 0.000000
vt 0.588785 1.000000
vt 0.579439 0.000000
vt 0.598131 1.000000
vt 0.588785 0.000000
vt 0.607477 1.000000
vt 0.598131 0.000000
vt 0.616822 1.000000
vt 0.607477 0.000000
vt 0.626168 1.000000
vt 0.616822 0.000000
vt 0.635514 1.000000
vt 0.626168 0.000000
vt 0.644860 1.000000
vt 0.635514 0.000000
vt 0.654206 1.000000
vt 0.644860 0.000000
vt 0.663551 1.000000
vt 0.654206 0.000000
vt 0.672897 1.000000
vt 0.663551 0.000000
vt 0.682243 1.000000
vt 0.672897 0.000000
vt 0.691589 1.000000
vt 0.682243 0.000000
vt 0.700935 1.000000
vt 0.691589 0.000000
vt 0.710280 1.000000
vt 0.700935 0.000000
vt 0.719626 1.000000
vt 0.710280 0.000000
vt 0.728972 1.000000
vt 0.719626 0.000000
vt 0.738318 1.000000
vt 0.728972 0.000000
vt 0.747664 1.000000
vt 0.738318 0.000000
vt 0.757009 1.000000
vt 0.747664 0.000000
vt 0.766355 1.000000
vt 0.757009 0.000000
vt 0.775701 1.000000
vt 0.766355 0.000000
vt 0.785047 1.000000
vt 0.775701 0.000000
vt 0.794393 1.000000
vt 0.785047 0.000000
vt 0.803738 1.000000
vt 0.794393 0.000000
vt 0.813084 1.000000
vt 0.803738 0.000000
vt 0.822430 1.000000
vt 0.813084 0.000000
vt 0.831776 1.000000
vt 0.822430 0.000000
vt 0.841121 1.000000
vt 0.831776 0.000000
vt 0.850467 1.000000
vt 0.841121 0.000000
vt 0.859813 1.000000
vt 0.850467 0.000000
vt 0.869159 1.000000
vt 0.859813 0.000000
vt 0.878505 1.000000
vt 0.869159 0.000000
vt 0.887850 1.000000
vt 0.878505 0.000000
vt 0.897196 1.000000
vt 0.887850 0.000000
vt 0.906542 1.000000
vt 0.897196 0.000000
vt 0.915888 1.000000
vt 0.906542 0.000000
vt 0.925234 1.000000
vt 0.915888 0.000000
vt 0.934579 1.000000
vt 0.925234 0.000000
vt 0.943925 1.000000
vt 0.934579 0.000000
vt 0.953271 1.000000
vt 0.943925 0.000000
vt 0.962617 1.000000
vt 0.953271 0.000000
vt 0.971963 1.000000
vt 0.962617 0.000000
vt 0.981308 1.000000
vt 0.971963 0.000000
vt 0.990654 1.000000
vt 0.981308 0.000000
vt 1.000000 1.000000
vt 0.990654 0.000000
vt 0.020000 1.000000
vt 0.000000 0.000000
vt 0.000000 1.000000
vt 0.040000 1.000000
vt 0.020000 0.000000
vt 0.060000 1.000000
vt 0.040000 0.000000
vt 0.080000 1.000000
vt 0.060000 0.000000
vt 0.100000 1.000000
vt 0.080000 0.000000
vt 0.120000 1.000000
vt 0.100000 0.000000
vt 0.140000 1.000000
vt 0.120000 0.000000
vt 0.160000 1.000000
vt 0.140000 0.000000
vt 0.180000 1.000000
vt 0.160000 0.000000
vt 0.200000 1.000000
vt 0.180000 0.000000
vt 0.220000 1.000000
vt 0.200000 0.000000
vt 0.240000 1.000000
vt 0.220000 0.000000
vt 0.260000 1.000000
vt 0.240000 0.000000
vt 0.280000 1.000000
vt 0.260000 0.000000
vt 0.300000 1.000000
vt 0.280000 0.000000
vt 0.320000 1.000000
vt 0.300000 0.000000
vt 0.340000 1.000000
vt 0.320000 0.000000
vt 0.360000 1.000000
vt 0.340000 0.000000
vt 0.380000 1.000000
vt 0.360000 0.000000
vt 0.400000 1.000000
vt 0.380000 0.000000
vt 0.420000 1.000000
vt 0.400000 0.000000
vt 0.440000 1.000000
vt 0.420000 0.000000
vt 0.460000 1.000000
vt 0.440000 0.000000
vt 0.480000 1.000000
vt 0.460000 0.000000
vt 0.500000 1.000000
vt 0.480000 0.000000
vt 0.520000 1.000000
vt 0.500000 0.000000
vt 0.540000 1.000000
vt 0.520000 0.000000
vt 0.560000 1.000000
vt 0.540000 0.000000
vt 0.580000 1.000000
vt 0.560000 0.000000
vt 0.600000 1.000000
vt 0.580000 0.000000
vt 0.620000 1.000000
vt 0.600000 0.000000
vt 0.640000 1.000000
vt 0.620000 0.000000
vt 0.660000 1.000000
vt 0.640000 0.000000
vt 0.680000 1.000000
vt 0.660000 0.000000
vt 0.700000 1.000000
vt 0.680000 0.000000
vt 0.720000 1.000000
vt 0.700000 0.000000
vt 0.740000 1.000000
vt 0.720000 0.000000
vt 0.760000 1.000000
vt 0.740000 0.000000
vt 0.780000 1.000000
vt 0.760000 0.000000
vt 0.800000 1.000000
vt 0.780000 0.000000
vt 0.820000 1.000000
vt 0.800000 0.000000
vt 0.840000 1.000000
vt 0.820000 0.000000
vt 0.860000 1.000000
vt 0.840000 0.000000
vt 0.880000 1.000000
vt 0.860000 0.000000
vt 0.900000 1.000000
vt 0.880000 0.000000
vt 0.920000 1.000000
vt 0.900000 0.000000
vt 0.940000 1.000000
vt 0.920000 0.000000
vt 0.960000 1.000000
vt 0.940000 0.000000
vt 0.980000 1.000000
vt 0.960000 0.000000
vt 1.000000 1.000000
vt 0.980000 0.000000
vt 1.000000 0.000000
vt 1.000000 0.000000
vt 1.000000 0.000000
vt 1.000000 0.000000
vt 1.000000 0.000000
vt 1.000000 0.000000
vt 1.000000 0.000000
vt 1.000000 0.000000
vt 1.000000 0.000000
vt 1.000000 0.000000
vt 1.000000 0.000000
vt 1.000000 0.000000
vt 1.000000 0.000000
vt 1.000000 0.000000
vt 1.000000 0.000000
vt 1.000000 0.000000
vt 1.000000 0.000000
vn 0.0000 1.0000 0.0000
vn 0.0000 1.0000 -0.0001
vn 0.0000 1.0000 0.0001
vn 0.0000 -1.0000 -0.0000
vn 0.0000 -1.0000 -0.0001
vn 0.0000 -1.0000 0.0001
vn 0.2200 0.0000 -0.9755
vn 0.1053 0.0000 -0.9944
vn 0.3426 0.0000 -0.9395
vn 0.4688 0.0000 -0.8833
vn 0.5921 0.0000 -0.8058
vn 0.7056 0.0000 -0.7086
vn 0.8029 0.0000 -0.5960
vn 0.8804 0.0000 -0.4742
vn 0.9369 0.0000 -0.3494
vn 0.9739 0.0000 -0.2269
vn 0.9939 0.0000 -0.1102
vn 1.0000 0.0000 0.0019
vn 0.9930 0.0000 0.1183
vn 0.9698 0.0000 0.2437
vn 0.9273 0.0000 0.3743
vn 0.8631 0.0000 0.5049
vn 0.7775 0.0000 0.6289
vn 0.6734 0.0000 0.7393
vn 0.5567 0.0000 0.8307
vn 0.4348 0.0000 0.9005
vn 0.3142 0.0000 0.9493
vn 0.2000 0.0000 0.9798
vn 0.0952 0.0000 0.9955
vn 0.0227 0.0000 0.9997
vn 0.7071 0.0000 0.7071
vn -0.7071 0.0000 0.7071
vn -0.7071 0.0000 -0.7071
vn 0.0252 0.0000 -0.9997
vn -0.0946 0.0000 -0.9955
vn -0.0228 0.0000 -0.9997
vn -0.1970 0.0000 -0.9804
vn -0.3075 0.0000 -0.9515
vn -0.4241 0.0000 -0.9056
vn -0.5431 0.0000 -0.8397
vn -0.6588 0.0000 -0.7523
vn -0.7645 0.0000 -0.6446
vn -0.8536 0.0000 -0.5208
vn -0.9218 0.0000 -0.3876
vn -0.9676 0.0000 -0.2525
vn -0.9925 0.0000 -0.1222
vn -1.0000 0.0000 -0.0063
vn -0.9954 0.0000 0.0956
vn -0.9801 0.0000 0.1986
vn -0.9505 0.0000 0.3106
vn -0.9028 0.0000 0.4300
vn -0.8333 0.0000 0.5528
vn -0.7404 0.0000 0.6721
vn -0.6264 0.0000 0.7795
vn -0.4975 0.0000 0.8674
vn -0.3629 0.0000 0.9318
vn -0.2314 0.0000 0.9728
vn -0.1097 0.0000 0.9940
vn -0.0260 0.0000 0.9996
vn 0.7071 0.0000 -0.7071
vn 0.5244 0.0000 0.8515
vn 0.5395 0.0000 0.8420
vn 0.5027 0.0000 0.8645
vn 0.4729 0.0000 0.8811
vn 0.5027 0.0000 0.8644
vn 0.4336 0.0000 0.9011
vn 0.3841 0.0000 0.9233
vn 0.3247 0.0000 0.9458
vn 0.2576 0.0000 0.9662
vn 0.1869 0.0000 0.9824
vn 0.1177 0.0000 0.9930
vn 0.0548 0.0000 0.9985
vn -0.0029 0.0000 1.0000
vn -0.0670 0.0000 0.9977
vn -0.1444 0.0000 0.9895
vn -0.2344 0.0000 0.9721
vn -0.3361 0.0000 0.9418
vn -0.4464 0.0000 0.8948
vn -0.5597 0.0000 0.8287
vn -0.6682 0.0000 0.7439
vn -0.7643 0.0000 0.6449
vn -0.8426 0.0000 0.5385
vn -0.9015 0.0000 0.4326
vn -0.9428 0.0000 0.3334
vn -0.3111 0.0000 0.9503
vn 0.5845 0.0000 0.8114
vn 0.5440 0.0000 0.8391
vn 0.5005 0.0000 0.8657
vn 0.4539 0.0000 0.8910
vn 0.4045 0.0000 0.9145
vn 0.3522 0.0000 0.9359
vn 0.2975 0.0000 0.9547
vn 0.2405 0.0000 0.9706
vn 0.1819 0.0000 0.9833
vn 0.1218 0.0000 0.9925
vn 0.0611 0.0000 0.9981
vn -0.0176 0.0000 0.9998
vn -0.1330 0.0000 0.9911
vn -0.2663 0.0000 0.9639
vn -0.3956 0.0000 0.9184
vn -0.5169 0.0000 0.8560
vn -0.6272 0.0000 0.7789
vn -0.7244 0.0000 0.6893
vn -0.8076 0.0000 0.5897
vn -0.8761 0.0000 0.4821
vn -0.9298 0.0000 0.3680
vn -0.9686 0.0000 0.2487
vn -0.9921 0.0000 0.1254
vn -1.0000 0.0000 -0.0074
vn -0.9868 0.0000 -0.1617
vn -0.9441 0.0000 -0.3297
vn -0.8721 0.0000 -0.4894
vn -0.7800 0.0000 -0.6258
vn -0.6815 0.0000 -0.7318
vn -0.5887 0.0000 -0.8083
vn -0.5086 0.0000 -0.8610
vn -0.4442 0.0000 -0.8959
vn -0.3959 0.0000 -0.9183
vn -0.3631 0.0000 -0.9317
vn -0.3452 0.0000 -0.9385
vn -0.3370 0.0000 -0.9415
vn -0.8167 0.0000 -0.5770
vn -0.9998 0.0000 0.0211
vn -0.9958 0.0000 0.0909
vn -0.9803 0.0000 0.1975
vn -0.9470 0.0000 0.3213
vn -0.8889 0.0000 0.4580
vn -0.8017 0.0000 0.5977
vn -0.6870 0.0000 0.7266
vn -0.5545 0.0000 0.8322
vn -0.4179 0.0000 0.9085
vn -0.2895 0.0000 0.9572
vn -0.1764 0.0000 0.9843
vn -0.0809 0.0000 0.9967
vn -0.1765 0.0000 0.9843
vn 0.0009 0.0000 1.0000
vn 0.0786 0.0000 0.9969
vn 0.1570 0.0000 0.9876
vn 0.2344 0.0000 0.9721
vn 0.3096 0.0000 0.9508
vn 0.3821 0.0000 0.9241
vn 0.3097 0.0000 0.9508
vn 0.4508 0.0000 0.8926
vn 0.5152 0.0000 0.8571
vn 0.5749 0.0000 0.8182
vn 0.6297 0.0000 0.7768
vn 0.6795 0.0000 0.7336
vn 0.7243 0.0000 0.6894
vn -0.3569 0.0000 0.9341
vn -0.9315 0.0000 -0.3637
vn -0.7084 0.0000 -0.7058
vn -0.6504 0.0000 -0.7595
vn -0.5872 0.0000 -0.8094
vn -0.5199 0.0000 -0.8542
vn -0.4500 0.0000 -0.8930
vn -0.3789 0.0000 -0.9254
vn -0.3085 0.0000 -0.9512
vn -0.2398 0.0000 -0.9708
vn -0.1740 0.0000 -0.9847
vn -0.1120 0.0000 -0.9937
vn -0.0540 0.0000 -0.9985
vn 0.0085 0.0000 -0.9999
vn 0.0893 0.0000 -0.9960
vn 0.1859 0.0000 -0.9825
vn 0.2908 0.0000 -0.9568
vn 0.4033 0.0000 -0.9150
vn 0.5206 0.0000 -0.8538
vn 0.6377 0.0000 -0.7702
vn 0.7476 0.0000 -0.6642
vn 0.8423 0.0000 -0.5390
vn 0.9158 0.0000 -0.4017
vn 0.9653 0.0000 -0.2612
vn 0.9920 0.0000 -0.1258
vn 0.9995 0.0000 -0.0301
vn 0.9999 0.0000 -0.0154
vn 0.9977 0.0000 -0.0670
vn 0.9891 0.0000 -0.1470
vn 0.9698 0.0000 -0.2438
vn 0.9337 0.0000 -0.3581
vn 0.8733 0.0000 -0.4872
vn 0.7825 0.0000 -0.6226
vn 0.6611 0.0000 -0.7502
vn 0.5178 0.0000 -0.8555
vn 0.3681 0.0000 -0.9297
vn 0.2272 0.0000 -0.9738
vn 0.1045 0.0000 -0.9945
vn -0.0139 0.0000 -0.9999
vn -0.1352 0.0000 -0.9908
vn -0.2368 0.0000 -0.9716
vn -0.3115 0.0000 -0.9502
vn -0.3688 0.0000 -0.9295
vn -0.4145 0.0000 -0.9100
vn -0.4521 0.0000 -0.8920
vn -0.4840 0.0000 -0.8750
vn -0.5118 0.0000 -0.8591
vn -0.5367 0.0000 -0.8438
vn -0.5119 0.0000 -0.8591
vn -0.5593 0.0000 -0.8290
vn -0.5802 0.0000 -0.8144
vn 0.4526 0.0000 -0.8917
vn 0.8791 0.0000 0.4766
vn 0.3536 0.0000 0.9354
vn 0.3352 0.0000 0.9421
vn 0.3812 0.0000 0.9245
vn 0.4196 0.0000 0.9077
vn 0.4704 0.0000 0.8824
vn 0.5358 0.0000 0.8443
vn 0.6169 0.0000 0.7870
vn 0.7125 0.0000 0.7016
vn 0.8158 0.0000 0.5784
vn 0.9110 0.0000 0.4124
vn 0.9772 0.0000 0.2122
vn 0.9998 0.0000 0.0220
vn 0.9922 0.0000 -0.1244
vn 0.9680 0.0000 -0.2510
vn 0.9262 0.0000 -0.3771
vn 0.8667 0.0000 -0.4988
vn 0.7905 0.0000 -0.6124
vn 0.6993 0.0000 -0.7148
vn 0.5957 0.0000 -0.8032
vn 0.4827 0.0000 -0.8758
vn 0.3635 0.0000 -0.9315
vn 0.2415 0.0000 -0.9704
vn 0.1196 0.0000 -0.9928
vn 0.0087 0.0000 -0.9999
vn -0.0825 0.0000 -0.9966
vn -0.1630 0.0000 -0.9866
vn -0.2399 0.0000 -0.9708
vn -0.3121 0.0000 -0.9500
vn -0.3788 0.0000 -0.9254
vn -0.4397 0.0000 -0.8981
vn -0.4947 0.0000 -0.8690
vn -0.5439 0.0000 -0.8391
vn -0.5878 0.0000 -0.8090
vn -0.6267 0.0000 -0.7792
vn -0.6611 0.0000 -0.7503
vn -0.9157 0.0000 -0.4018
vn -0.5796 0.0000 0.8149
vn -0.9999 0.0000 0.0096
vn -0.8441 0.0000 0.5362
vn -0.8491 0.0000 -0.5281
vn 0.5332 0.0000 -0.8460
vn -0.0081 0.0000 -0.9999
vn -0.5400 0.0000 -0.8416
vn 0.8438 0.0000 -0.5366
vn 0.5366 0.0000 0.8438
vn -0.7519 0.0000 0.6593
vn -0.3970 0.0000 0.9178
vn -0.7945 0.0000 0.6072
vn -0.8324 0.0000 0.5541
vn -0.8659 0.0000 0.5001
vn -0.8955 0.0000 0.4450
vn -0.9214 0.0000 0.3885
vn -0.9439 0.0000 0.3302
vn -0.9629 0.0000 0.2698
vn -0.9783 0.0000 0.2069
vn -0.9900 0.0000 0.1411
vn -0.9974 0.0000 0.0721
vn -1.0000 0.0000 0.0000
vn -0.9974 0.0000 -0.0721
vn -0.9900 0.0000 -0.1411
vn -0.9783 0.0000 -0.2069
vn -0.9629 0.0000 -0.2698
vn -0.9439 0.0000 -0.3302
vn -0.9214 0.0000 -0.3885
vn -0.8955 0.0000 -0.4450
vn -0.8659 0.0000 -0.5001
vn -0.8324 0.0000 -0.5541
vn -0.7945 0.0000 -0.6072
vn -0.7519 0.0000 -0.6593
vn -0.3970 0.0000 -0.9178
vn 0.8884 0.0000 -0.4591
vn 0.8318 0.0000 0.5550
vn 0.8621 0.0000 0.5066
vn 0.8900 0.0000 0.4560
vn 0.9148 0.0000 0.4038
vn 0.9365 0.0000 0.3507
vn 0.9548 0.0000 0.2972
vn 0.9698 0.0000 0.2440
vn 0.9814 0.0000 0.1917
vn 0.9900 0.0000 0.1408
vn 0.9958 0.0000 0.0917
vn 0.9990 0.0000 0.0448
vn 1.0000 0.0000 0.0000
vn 0.9990 0.0000 -0.0448
vn 0.9958 0.0000 -0.0917
vn 0.9900 0.0000 -0.1408
vn 0.9814 0.0000 -0.1917
vn 0.9698 0.0000 -0.2440
vn 0.9548 0.0000 -0.2972
vn 0.9365 0.0000 -0.3507
vn 0.9148 0.0000 -0.4038
vn 0.8900 0.0000 -0.4560
vn 0.8621 0.0000 -0.5066
vn 0.8318 0.0000 -0.5550
vn 0.8884 0.0000 0.4591
vn -0.6779 0.0000 -0.7351
vn 0.3916 0.0000 -0.9201
vn -0.6448 0.0000 -0.7643
vn -0.6070 0.0000 -0.7947
vn -0.5637 0.0000 -0.8260
vn -0.5145 0.0000 -0.8575
vn -0.4588 0.0000 -0.8885
vn -0.3965 0.0000 -0.9180
vn -0.3274 0.0000 -0.9449
vn -0.2521 0.0000 -0.9677
vn -0.1714 0.0000 -0.9852
vn -0.0868 0.0000 -0.9962
vn -0.0011 0.0000 -1.0000
vn 0.0842 0.0000 -0.9964
vn 0.1708 0.0000 -0.9853
vn 0.2590 0.0000 -0.9658
vn 0.3471 0.0000 -0.9378
vn 0.4333 0.0000 -0.9012
vn 0.5158 0.0000 -0.8567
vn 0.5930 0.0000 -0.8052
vn 0.6636 0.0000 -0.7481
vn 0.7268 0.0000 -0.6868
vn 0.7822 0.0000 -0.6230
vn 0.8299 0.0000 -0.5579
vn 0.0942 0.0000 -0.9955
vn -0.7251 0.0000 -0.6887
vn -0.6970 0.0000 -0.7171
vn -0.6625 0.0000 -0.7490
vn -0.6209 0.0000 -0.7839
vn -0.5712 0.0000 -0.8208
vn -0.5128 0.0000 -0.8585
vn -0.4451 0.0000 -0.8954
vn -0.3684 0.0000 -0.9297
vn -0.2835 0.0000 -0.9590
vn -0.1920 0.0000 -0.9814
vn -0.0965 0.0000 -0.9953
vn 0.1337 0.0000 -0.9910
vn 0.2723 0.0000 -0.9622
vn 0.4111 0.0000 -0.9116
vn 0.5434 0.0000 -0.8394
vn 0.6628 0.0000 -0.7488
vn 0.7645 0.0000 -0.6445
vn 0.8464 0.0000 -0.5325
vn 0.9084 0.0000 -0.4180
vn 0.9522 0.0000 -0.3054
vn 0.9803 0.0000 -0.1974
vn 0.9954 0.0000 -0.0956
vn 0.9997 0.0000 -0.0232
vn -0.9996 0.0000 0.0261
vn -0.9941 0.0000 0.1080
vn -0.9749 0.0000 0.2226
vn -0.9397 0.0000 0.3421
vn -0.8865 0.0000 0.4627
vn -0.8146 0.0000 0.5800
vn -0.7248 0.0000 0.6890
vn -0.6195 0.0000 0.7849
vn -0.5026 0.0000 0.8645
vn -0.3782 0.0000 0.9257
vn -0.2508 0.0000 0.9680
vn -0.1240 0.0000 0.9923
vn -0.0117 0.0000 0.9999
vn -0.1240 0.0000 0.9922
vn 0.1013 0.0000 0.9948
vn 0.2169 0.0000 0.9762
vn 0.3115 0.0000 0.9502
vn 0.3891 0.0000 0.9212
vn 0.4533 0.0000 0.8913
vn 0.5072 0.0000 0.8618
vn 0.5533 0.0000 0.8330
vn 0.5933 0.0000 0.8049
vn 0.5533 0.0000 0.8329
vn 0.6288 0.0000 0.7775
vn 0.6608 0.0000 0.7505
vn 0.6903 0.0000 0.7235
vn 0.9231 0.0000 0.3845
vn -0.9998 0.0000 0.0216
vn -0.9958 0.0000 0.0910
vn -0.9814 0.0000 0.1916
vn -0.9532 0.0000 0.3021
vn -0.9075 0.0000 0.4201
vn -0.8410 0.0000 0.5409
vn -0.7527 0.0000 0.6583
vn -0.6442 0.0000 0.7648
vn -0.5202 0.0000 0.8540
vn -0.3876 0.0000 0.9218
vn -0.2535 0.0000 0.9673
vn -0.1235 0.0000 0.9923
vn -0.0163 0.0000 0.9998
vn 0.0585 0.0000 0.9983
vn 0.1256 0.0000 0.9921
vn 0.2011 0.0000 0.9796
vn 0.2825 0.0000 0.9593
vn 0.3658 0.0000 0.9307
vn 0.4469 0.0000 0.8946
vn 0.3659 0.0000 0.9307
vn 0.5218 0.0000 0.8531
vn 0.5879 0.0000 0.8089
vn 0.6441 0.0000 0.7649
vn 0.6904 0.0000 0.7234
vn 0.7277 0.0000 0.6858
vn 0.9338 0.0000 0.3577
vn 0.4869 0.0000 0.8734
vn 0.5233 0.0000 0.8521
vn 0.5232 0.0000 0.8521
vn 0.4449 0.0000 0.8955
vn 0.3980 0.0000 0.9174
vn 0.3470 0.0000 0.9378
vn 0.2934 0.0000 0.9560
vn 0.2388 0.0000 0.9711
vn 0.1848 0.0000 0.9828
vn 0.1330 0.0000 0.9911
vn 0.0845 0.0000 0.9964
vn 0.0403 0.0000 0.9992
vn -0.0249 0.0000 0.9997
vn -0.1412 0.0000 0.9900
vn -0.2852 0.0000 0.9584
vn -0.4256 0.0000 0.9049
vn -0.5557 0.0000 0.8314
vn -0.6701 0.0000 0.7422
vn -0.7664 0.0000 0.6424
vn -0.8438 0.0000 0.5366
vn -0.9036 0.0000 0.4283
vn -0.9475 0.0000 0.3198
vn -0.9772 0.0000 0.2120
vn -0.9944 0.0000 0.1055
vn -1.0000 0.0000 -0.0004
vn -0.9940 0.0000 -0.1091
vn -0.9749 0.0000 -0.2227
vn -0.9405 0.0000 -0.3396
vn -0.8894 0.0000 -0.4571
vn -0.8205 0.0000 -0.5716
vn -0.7338 0.0000 -0.6793
vn -0.6309 0.0000 -0.7758
vn -0.5145 0.0000 -0.8574
vn -0.3887 0.0000 -0.9214
vn -0.2581 0.0000 -0.9661
vn -0.1274 0.0000 -0.9919
vn -0.0020 0.0000 -1.0000
vn 0.1222 0.0000 -0.9925
vn 0.2545 0.0000 -0.9671
vn 0.3938 0.0000 -0.9192
vn 0.5324 0.0000 -0.8464
vn 0.6607 0.0000 -0.7506
vn 0.7703 0.0000 -0.6377
vn 0.8564 0.0000 -0.5163
vn 0.9186 0.0000 -0.3951
vn 0.9598 0.0000 -0.2805
vn 0.9844 0.0000 -0.1760
vn 0.9965 0.0000 -0.0830
vn 0.7209 0.0000 0.6930
vn 0.7733 0.0000 0.6340
vn 0.9706 0.0000 -0.2406
vn 0.9427 0.0000 -0.3338
vn 0.9005 0.0000 -0.4348
vn 0.8413 0.0000 -0.5406
vn 0.7632 0.0000 -0.6461
vn 0.6671 0.0000 -0.7449
vn 0.5566 0.0000 -0.8308
vn 0.4378 0.0000 -0.8991
vn 0.3177 0.0000 -0.9481
vn 0.2026 0.0000 -0.9792
vn 0.0965 0.0000 -0.9953
vn 0.0076 0.0000 -1.0000
vn -0.0612 0.0000 -0.9981
vn -0.1212 0.0000 -0.9926
vn -0.1791 0.0000 -0.9838
vn -0.2344 0.0000 -0.9721
vn -0.2864 0.0000 -0.9581
vn -0.3347 0.0000 -0.9423
vn -0.3793 0.0000 -0.9252
vn -0.4201 0.0000 -0.9075
vn -0.4570 0.0000 -0.8894
vn -0.4904 0.0000 -0.8715
vn -0.5202 0.0000 -0.8540
vn 0.4825 0.0000 -0.8759
vn 0.8775 0.0000 0.4796
vn 0.4826 0.0000 -0.8759
vn -0.9703 0.0000 0.2417
vn -0.9902 0.0000 0.1396
vn -0.9367 0.0000 0.3501
vn -0.8866 0.0000 0.4625
vn -0.8179 0.0000 0.5753
vn -0.7300 0.0000 0.6835
vn -0.6242 0.0000 0.7812
vn -0.5044 0.0000 0.8634
vn -0.3763 0.0000 0.9265
vn -0.2462 0.0000 0.9692
vn -0.1197 0.0000 0.9928
vn -0.0038 0.0000 1.0000
vn -0.1198 0.0000 0.9928
vn 0.1048 0.0000 0.9945
vn 0.2178 0.0000 0.9760
vn 0.3374 0.0000 0.9413
vn 0.4587 0.0000 0.8886
vn 0.3375 0.0000 0.9413
vn 0.5754 0.0000 0.8179
vn 0.6814 0.0000 0.7319
vn 0.7721 0.0000 0.6355
vn 0.8451 0.0000 0.5345
vn 0.9009 0.0000 0.4340
vn 0.9411 0.0000 0.3381
vn 0.9685 0.0000 0.2490
vn 0.7766 0.0000 -0.6300
vn -0.7383 0.0000 -0.6744
vn -0.1191 0.0000 0.9929
vn -0.0288 0.0000 0.9996
vn -0.2449 0.0000 0.9695
vn -0.3749 0.0000 0.9271
vn -0.5037 0.0000 0.8639
vn -0.6252 0.0000 0.7804
vn -0.7333 0.0000 0.6799
vn -0.8236 0.0000 0.5671
vn -0.8940 0.0000 0.4481
vn -0.9445 0.0000 0.3283
vn -0.9772 0.0000 0.2122
vn -0.9947 0.0000 0.1025
vn -1.0000 0.0000 -0.0052
vn -0.9925 0.0000 -0.1219
vn -0.9692 0.0000 -0.2463
vn -0.9288 0.0000 -0.3706
vn -0.8710 0.0000 -0.4913
vn -0.7962 0.0000 -0.6050
vn -0.7060 0.0000 -0.7082
vn -0.6026 0.0000 -0.7981
vn -0.4889 0.0000 -0.8723
vn -0.3685 0.0000 -0.9296
vn -0.2448 0.0000 -0.9696
vn -0.1211 0.0000 -0.9926
vn -0.0227 0.0000 -0.9997
vn 0.0290 0.0000 -0.9996
vn 0.0592 0.0000 -0.9982
vn 0.0905 0.0000 -0.9959
vn 0.1540 0.0000 -0.9881
vn 0.1852 0.0000 -0.9827
vn 0.2152 0.0000 -0.9765
vn 0.2439 0.0000 -0.9698
vn 0.2153 0.0000 -0.9765
vn 0.2708 0.0000 -0.9626
vn 0.2958 0.0000 -0.9552
vn 0.3186 0.0000 -0.9478
vn -0.5790 0.0000 -0.8153
vn -0.3270 0.0000 0.9450
vn -0.3506 0.0000 0.9365
vn -0.3001 0.0000 0.9539
vn -0.2701 0.0000 0.9628
vn -0.2376 0.0000 0.9713
vn -0.2031 0.0000 0.9792
vn -0.1673 0.0000 0.9859
vn -0.1312 0.0000 0.9913
vn -0.0956 0.0000 0.9954
vn -0.0616 0.0000 0.9981
vn -0.0296 0.0000 0.9995
vn 0.0233 0.0000 0.9997
vn 0.1246 0.0000 0.9922
vn 0.2536 0.0000 0.9673
vn 0.3839 0.0000 0.9233
vn 0.5107 0.0000 0.8598
vn 0.6287 0.0000 0.7777
vn 0.7332 0.0000 0.6799
vn 0.8211 0.0000 0.5707
vn 0.8906 0.0000 0.4547
vn 0.9417 0.0000 0.3364
vn 0.9756 0.0000 0.2196
vn 0.9942 0.0000 0.1071
vn 0.9999 0.0000 0.0083
vn 0.9971 0.0000 -0.0754
vn 0.9867 0.0000 -0.1625
vn 0.9645 0.0000 -0.2638
vn 0.9254 0.0000 -0.3791
vn 0.8633 0.0000 -0.5047
vn 0.7743 0.0000 -0.6328
vn 0.6586 0.0000 -0.7525
vn 0.5231 0.0000 -0.8522
vn 0.3795 0.0000 -0.9252
vn 0.2398 0.0000 -0.9708
vn 0.1126 0.0000 -0.9936
vn 0.0264 0.0000 -0.9996
vn -0.8251 0.0000 0.5650
vn -0.2679 0.0000 0.9634
vn -0.1361 0.0000 0.9907
vn -0.3923 0.0000 0.9198
vn -0.5076 0.0000 0.8616
vn -0.6127 0.0000 0.7903
vn -0.5075 0.0000 0.8616
vn -0.7903 0.0000 0.6127
vn -0.8616 0.0000 0.5075
vn -0.9198 0.0000 0.3923
vn -0.9634 0.0000 0.2679
vn -0.9907 0.0000 0.1361
vn -0.9907 0.0000 -0.1361
vn -0.9634 0.0000 -0.2679
vn -0.9198 0.0000 -0.3923
vn -0.8616 0.0000 -0.5075
vn -0.7903 0.0000 -0.6127
vn -0.8616 0.0000 -0.5076
vn -0.6127 0.0000 -0.7903
vn -0.5075 0.0000 -0.8616
vn -0.3923 0.0000 -0.9198
vn -0.5076 0.0000 -0.8616
vn -0.2679 0.0000 -0.9634
vn -0.1360 0.0000 -0.9907
vn 0.0000 0.0000 -1.0000
vn 0.1360 0.0000 -0.9907
vn 0.2679 0.0000 -0.9634
vn 0.3923 0.0000 -0.9198
vn 0.5076 0.0000 -0.8616
vn 0.6127 0.0000 -0.7903
vn 0.7903 0.0000 -0.6127
vn 0.8616 0.0000 -0.5075
vn 0.9198 0.0000 -0.3923
vn 0.9634 0.0000 -0.2679
vn 0.9907 0.0000 -0.1361
vn 0.9907 0.0000 0.1361
vn 0.9634 0.0000 0.2679
vn 0.9198 0.0000 0.3923
vn 0.8616 0.0000 0.5075
vn 0.7903 0.0000 0.6127
vn 0.6127 0.0000 0.7903
vn 0.5075 0.0000 0.8616
vn 0.3923 0.0000 0.9198
vn 0.5076 0.0000 0.8616
vn 0.2679 0.0000 0.9634
vn 0.1360 0.0000 0.9907
vn 0.0000 0.0000 1.0000
vn 0.6909 0.0000 0.7229
vn -0.3790 0.0000 0.9254
vn 0.6461 0.0000 0.7632
vn 0.5995 0.0000 0.8004
vn 0.5508 0.0000 0.8346
vn 0.4995 0.0000 0.8663
vn 0.4450 0.0000 0.8955
vn 0.3865 0.0000 0.9223
vn 0.3230 0.0000 0.9464
vn 0.1772 0.0000 0.9842
vn 0.0925 0.0000 0.9957
vn -0.0063 0.0000 1.0000
vn -0.1244 0.0000 0.9922
vn -0.2544 0.0000 0.9671
vn -0.3870 0.0000 0.9220
vn -0.5168 0.0000 0.8561
vn -0.6377 0.0000 0.7703
vn -0.7439 0.0000 0.6683
vn -0.8317 0.0000 0.5552
vn -0.8995 0.0000 0.4370
vn -0.9477 0.0000 0.3190
vn -0.9786 0.0000 0.2055
vn -0.9951 0.0000 0.0990
vn -0.9997 0.0000 0.0238
vn 0.9998 0.0000 -0.0212
vn 0.9960 0.0000 -0.0896
vn 0.9817 0.0000 -0.1901
vn 0.9531 0.0000 -0.3027
vn 0.9052 0.0000 -0.4249
vn 0.8342 0.0000 -0.5514
vn 0.7387 0.0000 -0.6740
vn 0.6219 0.0000 -0.7831
vn 0.4912 0.0000 -0.8711
vn 0.3564 0.0000 -0.9343
vn 0.2264 0.0000 -0.9740
vn 0.1072 0.0000 -0.9942
vn 0.0025 0.0000 -1.0000
vn -0.0916 0.0000 -0.9958
vn -0.1820 0.0000 -0.9833
vn -0.0915 0.0000 -0.9958
vn -0.2697 0.0000 -0.9629
vn -0.3535 0.0000 -0.9354
vn -0.4323 0.0000 -0.9017
vn -0.5054 0.0000 -0.8629
vn -0.5723 0.0000 -0.8200
vn -0.6329 0.0000 -0.7742
vn -0.6873 0.0000 -0.7263
vn -0.7358 0.0000 -0.6772
vn -0.7786 0.0000 -0.6275
vn -0.9482 0.0000 -0.3176
vn -0.8411 0.0000 0.5409
vn 0.7519 0.0000 -0.6593
vn 0.3970 0.0000 -0.9178
vn 0.7945 0.0000 -0.6072
vn 0.8324 0.0000 -0.5541
vn 0.8659 0.0000 -0.5001
vn 0.8955 0.0000 -0.4450
vn 0.9214 0.0000 -0.3885
vn 0.9439 0.0000 -0.3302
vn 0.9629 0.0000 -0.2698
vn 0.9783 0.0000 -0.2069
vn 0.9900 0.0000 -0.1411
vn 0.9974 0.0000 -0.0721
vn 0.9974 0.0000 0.0721
vn 0.9900 0.0000 0.1411
vn 0.9783 0.0000 0.2069
vn 0.9629 0.0000 0.2698
vn 0.9439 0.0000 0.3302
vn 0.9214 0.0000 0.3884
vn 0.8955 0.0000 0.4450
vn 0.9214 0.0000 0.3885
vn 0.8659 0.0000 0.5001
vn 0.8324 0.0000 0.5541
vn 0.7945 0.0000 0.6072
vn 0.7519 0.0000 0.6593
vn 0.3970 0.0000 0.9178
vn -0.8884 0.0000 0.4591
vn -0.8318 0.0000 -0.5550
vn -0.8621 0.0000 -0.5066
vn -0.8900 0.0000 -0.4560
vn -0.9148 0.0000 -0.4038
vn -0.9365 0.0000 -0.3507
vn -0.9548 0.0000 -0.2972
vn -0.9698 0.0000 -0.2440
vn -0.9814 0.0000 -0.1917
vn -0.9900 0.0000 -0.1408
vn -0.9958 0.0000 -0.0917
vn -0.9990 0.0000 -0.0448
vn -0.9990 0.0000 0.0448
vn -0.9958 0.0000 0.0917
vn -0.9900 0.0000 0.1408
vn -0.9814 0.0000 0.1917
vn -0.9698 0.0000 0.2440
vn -0.9548 0.0000 0.2972
vn -0.9365 0.0000 0.3507
vn -0.9148 0.0000 0.4038
vn -0.8900 0.0000 0.4560
vn -0.8621 0.0000 0.5066
vn -0.8318 0.0000 0.5550
vn -0.8884 0.0000 -0.4591
usemtl Material.002
s off
f 49/1/1 1/2/1 50/3/1
f 49/1/1 2/4/1 1/2/1
f 49/1/1 3/5/1 2/4/1
f 48/6/1 3/5/1 49/1/1
f 48/6/1 4/7/1 3/5/1
f 47/8/1 4/7/1 48/6/1
f 47/8/1 5/9/1 4/7/1
f 46/10/1 5/9/1 47/8/1
f 46/10/1 6/11/1 5/9/1
f 45/12/1 6/11/1 46/10/1
f 45/12/1 7/13/1 6/11/1
f 44/14/1 7/13/1 45/12/1
f 43/15/1 7/13/1 44/14/1
f 43/15/1 8/16/1 7/13/1
f 42/17/1 8/16/1 43/15/1
f 42/17/1 9/18/1 8/16/1
f 41/19/1 9/18/1 42/17/1
f 41/19/1 10/20/1 9/18/1
f 40/21/1 10/20/1 41/19/1
f 40/21/1 11/22/1 10/20/1
f 39/23/1 11/22/1 40/21/1
f 39/23/1 12/24/1 11/22/1
f 38/25/1 12/24/1 39/23/1
f 38/25/1 13/26/1 12/24/1
f 37/27/1 13/26/1 38/25/1
f 37/27/1 14/28/1 13/26/1
f 37/27/1 15/29/1 14/28/1
f 36/30/1 15/29/1 37/27/1
f 36/30/1 16/31/1 15/29/1
f 35/32/1 16/31/1 36/30/1
f 35/32/1 17/33/1 16/31/1
f 34/34/1 17/33/1 35/32/1
f 34/34/1 18/35/1 17/33/1
f 33/36/1 18/35/1 34/34/1
f 33/36/1 19/37/1 18/35/1
f 32/38/1 19/37/1 33/36/1
f 32/38/1 20/39/1 19/37/1
f 31/40/1 20/39/1 32/38/1
f 30/41/1 20/39/1 31/40/1
f 30/41/1 21/42/1 20/39/1
f 29/43/1 21/42/1 30/41/1
f 29/43/1 22/44/1 21/42/1
f 28/45/1 22/44/1 29/43/1
f 28/45/1 23/46/1 22/44/1
f 27/47/1 23/46/1 28/45/1
f 27/47/1 24/48/1 23/46/1
f 26/49/1 24/48/1 27/47/1
f 26/49/1 25/50/1 24/48/1
f 62/51/1 64/52/1 63/53/1
f 86/54/1 88/55/1 87/56/1
f 61/57/1 64/52/1 62/51/1
f 61/57/1 65/58/1 64/52/1
f 85/59/1 88/55/1 86/54/1
f 85/59/1 89/60/1 88/55/1
f 60/61/1 65/58/1 61/57/1
f 60/61/1 66/62/1 65/58/1
f 84/63/1 89/60/1 85/59/1
f 59/64/1 66/62/1 60/61/1
f 59/64/1 67/65/1 66/62/1
f 84/63/1 90/66/1 89/60/1
f 83/67/1 90/66/1 84/63/1
f 58/68/1 67/65/1 59/64/1
f 155/69/1 157/70/1 156/71/1
f 155/69/1 51/72/1 157/70/1
f 58/68/1 68/73/1 67/65/1
f 82/74/1 90/66/1 83/67/1
f 57/75/1 68/73/1 58/68/1
f 82/74/1 91/76/1 90/66/1
f 57/75/1 69/77/1 68/73/1
f 56/78/1 69/77/1 57/75/1
f 81/79/1 91/76/1 82/74/1
f 56/78/1 70/80/1 69/77/1
f 81/79/1 92/81/1 91/76/1
f 55/82/1 70/80/1 56/78/1
f 80/83/1 92/81/1 81/79/1
f 55/82/1 71/84/1 70/80/1
f 54/85/1 71/84/1 55/82/1
f 79/86/1 92/81/1 80/83/1
f 79/86/1 93/87/1 92/81/1
f 54/85/1 72/88/1 71/84/1
f 53/89/1 72/88/1 54/85/1
f 78/90/1 93/87/1 79/86/1
f 53/89/1 73/91/1 72/88/1
f 52/92/1 73/91/1 53/89/1
f 78/90/1 94/93/1 93/87/1
f 77/94/1 94/93/1 78/90/1
f 52/92/1 74/95/1 73/91/1
f 51/72/1 74/95/1 52/92/1
f 76/96/1 94/93/1 77/94/1
f 76/96/1 114/97/1 94/93/1
f 114/97/1 95/98/1 94/93/1
f 155/69/1 153/99/1 51/72/1
f 153/99/1 152/100/1 51/72/1
f 152/100/1 151/101/1 51/72/1
f 151/101/1 150/102/1 51/72/1
f 150/102/1 149/103/1 51/72/1
f 149/103/1 148/104/1 51/72/1
f 148/104/1 147/105/1 51/72/1
f 147/105/1 146/106/1 51/72/1
f 146/106/1 145/107/1 51/72/1
f 145/107/1 144/108/1 51/72/1
f 144/108/1 143/109/1 51/72/1
f 143/109/1 142/110/1 51/72/1
f 142/110/1 74/95/1 51/72/1
f 142/110/2 141/111/2 74/95/2
f 141/111/1 75/112/1 74/95/1
f 75/112/1 115/113/1 76/96/1
f 115/113/1 114/97/1 76/96/1
f 140/114/1 75/112/1 141/111/1
f 113/115/2 95/98/2 114/97/2
f 75/112/1 116/116/1 115/113/1
f 139/117/1 75/112/1 140/114/1
f 112/118/1 95/98/1 113/115/1
f 75/112/1 117/119/1 116/116/1
f 138/120/1 75/112/1 139/117/1
f 111/121/1 95/98/1 112/118/1
f 75/112/1 118/122/1 117/119/1
f 137/123/1 75/112/1 138/120/1
f 137/123/1 118/122/1 75/112/1
f 110/124/1 95/98/1 111/121/1
f 137/123/1 119/125/1 118/122/1
f 110/124/1 96/126/1 95/98/1
f 136/127/1 119/125/1 137/123/1
f 136/127/1 120/128/1 119/125/1
f 109/129/1 96/126/1 110/124/1
f 136/127/1 121/130/1 120/128/1
f 135/131/1 121/130/1 136/127/1
f 108/132/1 96/126/1 109/129/1
f 135/131/1 122/133/1 121/130/1
f 134/134/1 122/133/1 135/131/1
f 107/135/1 96/126/1 108/132/1
f 134/134/1 123/136/1 122/133/1
f 107/135/1 97/137/1 96/126/1
f 133/138/1 123/136/1 134/134/1
f 133/138/1 124/139/1 123/136/1
f 106/140/1 97/137/1 107/135/1
f 133/138/1 125/141/1 124/139/1
f 132/142/1 125/141/1 133/138/1
f 105/143/1 97/137/1 106/140/1
f 132/142/1 126/144/1 125/141/1
f 105/143/1 98/145/1 97/137/1
f 131/146/1 126/144/1 132/142/1
f 155/69/1 154/147/1 153/99/1
f 131/146/1 127/148/1 126/144/1
f 104/149/1 98/145/1 105/143/1
f 130/150/1 127/148/1 131/146/1
f 103/151/1 98/145/1 104/149/1
f 103/151/1 99/152/1 98/145/1
f 129/153/1 127/148/1 130/150/1
f 102/154/1 99/152/1 103/151/1
f 102/154/1 100/155/1 99/152/1
f 128/156/1 127/148/1 129/153/1
f 101/157/1 100/155/1 102/154/1
f 182/158/1 184/159/1 183/160/1
f 182/158/1 185/161/1 184/159/1
f 209/162/1 211/163/1 210/164/1
f 209/162/1 212/165/1 211/163/1
f 181/166/1 185/161/1 182/158/1
f 181/166/1 186/167/1 185/161/1
f 181/166/1 187/168/1 186/167/1
f 180/169/1 187/168/1 181/166/1
f 180/169/1 188/170/1 187/168/1
f 208/171/1 212/165/1 209/162/1
f 180/169/1 189/172/1 188/170/1
f 207/173/1 212/165/1 208/171/1
f 179/174/1 189/172/1 180/169/1
f 179/174/1 190/175/1 189/172/1
f 206/176/1 212/165/1 207/173/1
f 205/177/1 212/165/1 206/176/1
f 179/174/1 191/178/1 190/175/1
f 178/179/1 191/178/1 179/174/1
f 204/180/1 212/165/1 205/177/1
f 178/179/1 192/181/1 191/178/1
f 203/182/1 158/183/1 204/180/1
f 158/183/1 212/165/1 204/180/1
f 178/179/1 193/184/1 192/181/1
f 202/185/1 158/183/1 203/182/1
f 178/179/1 194/186/1 193/184/1
f 201/187/1 158/183/1 202/185/1
f 177/188/1 194/186/1 178/179/1
f 200/189/1 158/183/1 201/187/1
f 177/188/1 195/190/1 194/186/1
f 199/191/1 158/183/1 200/189/1
f 177/188/1 196/192/1 195/190/1
f 198/193/1 158/183/1 199/191/1
f 177/188/1 197/194/1 196/192/1
f 197/194/1 158/183/1 198/193/1
f 177/188/1 158/183/1 197/194/1
f 177/188/1 159/195/1 158/183/1
f 213/196/1 212/165/1 158/183/1
f 176/197/1 159/195/1 177/188/1
f 176/197/1 160/198/1 159/195/1
f 176/197/1 161/199/1 160/198/1
f 175/200/1 161/199/1 176/197/1
f 175/200/1 162/201/1 161/199/1
f 174/202/1 162/201/1 175/200/1
f 174/202/1 163/203/1 162/201/1
f 174/202/1 164/204/1 163/203/1
f 173/205/1 164/204/1 174/202/1
f 173/205/1 165/206/1 164/204/1
f 173/205/1 166/207/1 165/206/1
f 172/208/1 166/207/1 173/205/1
f 172/208/1 167/209/1 166/207/1
f 171/210/1 167/209/1 172/208/1
f 171/210/1 168/211/1 167/209/1
f 171/210/1 169/212/1 168/211/1
f 170/213/1 169/212/1 171/210/1
f 240/214/1 242/215/1 241/216/1
f 239/217/1 242/215/1 240/214/1
f 239/217/1 243/218/1 242/215/1
f 238/219/1 243/218/1 239/217/1
f 238/219/1 244/220/1 243/218/1
f 237/221/1 244/220/1 238/219/1
f 237/221/1 245/222/1 244/220/1
f 236/223/1 245/222/1 237/221/1
f 236/223/1 246/224/1 245/222/1
f 235/225/1 246/224/1 236/223/1
f 235/225/1 247/226/1 246/224/1
f 234/227/1 247/226/1 235/225/1
f 234/227/1 248/228/1 247/226/1
f 233/229/1 248/228/1 234/227/1
f 233/229/1 249/230/1 248/228/1
f 232/231/1 249/230/1 233/229/1
f 232/231/1 250/232/1 249/230/1
f 231/233/1 250/232/1 232/231/1
f 231/233/1 251/234/1 250/232/1
f 230/235/1 251/234/1 231/233/1
f 230/235/1 252/236/1 251/234/1
f 229/237/1 252/236/1 230/235/1
f 229/237/1 253/238/1 252/236/1
f 228/239/1 253/238/1 229/237/1
f 228/239/1 254/240/1 253/238/1
f 227/241/1 254/240/1 228/239/1
f 227/241/1 255/242/1 254/240/1
f 226/243/1 255/242/1 227/241/1
f 226/243/1 256/244/1 255/242/1
f 225/245/1 256/244/1 226/243/1
f 225/245/1 257/246/1 256/244/1
f 224/247/1 257/246/1 225/245/1
f 224/247/1 258/248/1 257/246/1
f 223/249/1 258/248/1 224/247/1
f 223/249/1 259/250/1 258/248/1
f 222/251/1 259/250/1 223/249/1
f 222/251/1 260/252/1 259/250/1
f 221/253/1 260/252/1 222/251/1
f 221/253/1 261/254/1 260/252/1
f 220/255/1 261/254/1 221/253/1
f 220/255/1 262/256/1 261/254/1
f 219/257/1 262/256/1 220/255/1
f 219/257/1 263/258/1 262/256/1
f 218/259/1 263/258/1 219/257/1
f 218/259/1 264/260/1 263/258/1
f 265/261/1 264/260/1 218/259/1
f 214/262/1 216/263/1 215/264/1
f 214/262/1 217/265/1 216/263/1
f 302/266/1 304/267/1 303/268/1
f 302/266/1 305/269/1 304/267/1
f 289/270/1 291/271/1 290/272/1
f 289/270/1 292/273/1 291/271/1
f 289/270/1 293/274/1 292/273/1
f 289/270/1 294/275/1 293/274/1
f 289/270/1 295/276/1 294/275/1
f 288/277/1 295/276/1 289/270/1
f 288/277/1 296/278/1 295/276/1
f 288/277/1 297/279/1 296/278/1
f 288/277/1 298/280/1 297/279/1
f 287/281/1 298/280/1 288/277/1
f 287/281/1 299/282/1 298/280/1
f 287/281/1 300/283/1 299/282/1
f 287/281/1 301/284/1 300/283/1
f 287/281/1 302/266/1 301/284/1
f 286/285/1 302/266/1 287/281/1
f 286/285/1 308/286/1 302/266/1
f 308/286/1 307/287/1 302/266/1
f 307/287/1 306/288/1 302/266/1
f 306/288/1 343/289/1 302/266/1
f 343/289/1 305/269/1 302/266/1
f 285/290/1 311/291/1 286/285/1
f 311/291/1 310/292/1 286/285/1
f 310/292/1 309/293/1 286/285/1
f 309/293/1 308/286/1 286/285/1
f 284/294/1 314/295/1 285/290/1
f 314/295/1 313/296/1 285/290/1
f 313/296/1 312/297/1 285/290/1
f 312/297/1 311/291/1 285/290/1
f 283/298/1 317/299/1 284/294/1
f 317/299/1 316/300/1 284/294/1
f 316/300/1 315/301/1 284/294/1
f 315/301/1 314/295/1 284/294/1
f 283/298/1 318/302/1 317/299/1
f 283/298/1 319/303/1 318/302/1
f 282/304/1 319/303/1 283/298/1
f 282/304/1 320/305/1 319/303/1
f 282/304/1 321/306/1 320/305/1
f 342/307/1 305/269/1 343/289/1
f 282/304/1 322/308/1 321/306/1
f 281/309/1 322/308/1 282/304/1
f 281/309/1 323/310/1 322/308/1
f 281/309/1 324/311/1 323/310/1
f 280/312/1 324/311/1 281/309/1
f 280/312/1 325/313/1 324/311/1
f 280/312/1 326/314/1 325/313/1
f 279/315/1 326/314/1 280/312/1
f 279/315/1 327/316/1 326/314/1
f 278/317/1 327/316/1 279/315/1
f 278/317/1 328/318/1 327/316/1
f 278/317/1 329/319/1 328/318/1
f 277/320/1 329/319/1 278/317/1
f 277/320/1 330/321/1 329/319/1
f 277/320/1 331/322/1 330/321/1
f 276/323/1 331/322/1 277/320/1
f 276/323/1 332/324/1 331/322/1
f 275/325/1 332/324/1 276/323/1
f 275/325/1 333/326/1 332/324/1
f 275/325/1 334/327/1 333/326/1
f 274/328/1 334/327/1 275/325/1
f 274/328/1 335/329/1 334/327/1
f 274/328/1 336/330/1 335/329/1
f 273/331/1 336/330/1 274/328/1
f 273/331/1 337/332/1 336/330/1
f 273/331/1 338/333/1 337/332/1
f 273/331/1 339/334/1 338/333/1
f 272/335/1 339/334/1 273/331/1
f 272/335/1 340/336/1 339/334/1
f 272/335/1 341/337/1 340/336/1
f 272/335/1 342/307/1 341/337/1
f 272/335/1 305/269/1 342/307/1
f 271/338/1 305/269/1 272/335/1
f 270/339/1 305/269/1 271/338/1
f 269/340/1 305/269/1 270/339/1
f 268/341/1 305/269/1 269/340/1
f 267/342/1 305/269/1 268/341/1
f 266/343/1 305/269/1 267/342/1
f 378/344/1 380/345/1 379/346/1
f 378/344/1 381/347/1 380/345/1
f 377/348/1 381/347/1 378/344/1
f 377/348/1 382/349/1 381/347/1
f 376/350/1 382/349/1 377/348/1
f 376/350/1 383/351/1 382/349/1
f 375/352/1 383/351/1 376/350/1
f 375/352/1 384/353/1 383/351/1
f 374/354/1 384/353/1 375/352/1
f 374/354/1 385/355/1 384/353/1
f 373/356/1 385/355/1 374/354/1
f 373/356/1 386/357/1 385/355/1
f 372/358/1 429/359/1 373/356/1
f 429/359/1 386/357/1 373/356/1
f 372/358/1 430/360/1 429/359/1
f 428/361/1 386/357/1 429/359/1
f 372/358/1 431/362/1 430/360/1
f 427/363/1 386/357/1 428/361/1
f 372/358/1 432/364/1 431/362/1
f 426/365/1 386/357/1 427/363/1
f 426/365/1 387/366/1 386/357/1
f 372/358/1 433/367/1 432/364/1
f 371/368/1 433/367/1 372/358/1
f 425/369/1 387/366/1 426/365/1
f 371/368/1 434/370/1 433/367/1
f 424/371/1 387/366/1 425/369/1
f 371/368/1 435/372/1 434/370/1
f 423/373/1 387/366/1 424/371/1
f 371/368/1 436/374/1 435/372/1
f 422/375/1 387/366/1 423/373/1
f 370/376/1 436/374/1 371/368/1
f 422/375/1 388/377/1 387/366/1
f 370/376/1 437/378/1 436/374/1
f 421/379/1 388/377/1 422/375/1
f 370/376/1 438/380/1 437/378/1
f 420/381/1 388/377/1 421/379/1
f 369/382/1 438/380/1 370/376/1
f 420/381/1 389/383/1 388/377/1
f 369/382/1 439/384/1 438/380/1
f 419/385/1 389/383/1 420/381/1
f 369/382/1 440/386/1 439/384/1
f 418/387/1 389/383/1 419/385/1
f 368/388/1 440/386/1 369/382/1
f 368/388/1 441/389/1 440/386/1
f 418/387/1 390/390/1 389/383/1
f 442/391/1 390/390/1 418/387/1
f 368/388/1 442/391/1 441/389/1
f 368/388/1 390/390/1 442/391/1
f 367/392/1 390/390/1 368/388/1
f 367/392/1 391/393/1 390/390/1
f 366/394/1 392/395/1 367/392/1
f 392/395/1 391/393/1 367/392/1
f 366/394/1 393/396/1 392/395/1
f 365/397/1 393/396/1 366/394/1
f 365/397/1 394/398/1 393/396/1
f 365/397/1 395/399/1 394/398/1
f 364/400/1 395/399/1 365/397/1
f 364/400/1 396/401/1 395/399/1
f 363/402/1 396/401/1 364/400/1
f 363/402/1 397/403/1 396/401/1
f 415/404/1 417/405/1 416/406/1
f 363/402/1 398/407/1 397/403/1
f 414/408/1 417/405/1 415/404/1
f 413/409/1 417/405/1 414/408/1
f 362/410/1 398/407/1 363/402/1
f 362/410/1 399/411/1 398/407/1
f 412/412/1 417/405/1 413/409/1
f 411/413/1 417/405/1 412/412/1
f 362/410/1 400/414/1 399/411/1
f 410/415/1 417/405/1 411/413/1
f 362/410/1 401/416/1 400/414/1
f 409/417/1 417/405/1 410/415/1
f 361/418/1 401/416/1 362/410/1
f 408/419/1 417/405/1 409/417/1
f 361/418/1 402/420/1 401/416/1
f 407/421/1 417/405/1 408/419/1
f 361/418/1 403/422/1 402/420/1
f 406/423/1 417/405/1 407/421/1
f 405/424/1 417/405/1 406/423/1
f 361/418/1 404/425/1 403/422/1
f 404/425/1 417/405/1 405/424/1
f 361/418/1 417/405/1 404/425/1
f 360/426/1 417/405/1 361/418/1
f 360/426/1 344/427/1 417/405/1
f 359/428/1 344/427/1 360/426/1
f 359/428/1 345/429/1 344/427/1
f 359/428/1 346/430/1 345/429/1
f 358/431/1 346/430/1 359/428/1
f 358/431/1 347/432/1 346/430/1
f 358/431/1 348/433/1 347/432/1
f 357/434/1 348/433/1 358/431/1
f 357/434/1 349/435/1 348/433/1
f 357/434/1 350/436/1 349/435/1
f 356/437/1 350/436/1 357/434/1
f 356/437/1 351/438/1 350/436/1
f 356/437/1 352/439/1 351/438/1
f 356/437/1 353/440/1 352/439/1
f 355/441/1 353/440/1 356/437/1
f 355/441/1 354/442/1 353/440/1
f 454/443/1 456/444/1 455/445/1
f 478/446/1 480/447/1 479/448/1
f 453/449/1 456/444/1 454/443/1
f 453/449/1 457/450/1 456/444/1
f 477/451/1 480/447/1 478/446/1
f 477/451/1 481/452/1 480/447/1
f 452/453/1 457/450/1 453/449/1
f 452/453/1 458/454/1 457/450/1
f 476/455/1 481/452/1 477/451/1
f 451/456/1 458/454/1 452/453/1
f 451/456/1 459/457/1 458/454/1
f 476/455/1 482/458/1 481/452/1
f 475/459/1 482/458/1 476/455/1
f 450/460/1 459/457/1 451/456/1
f 547/461/1 549/462/1 548/463/1
f 547/461/1 443/464/1 549/462/1
f 450/460/1 460/465/1 459/457/1
f 474/466/1 482/458/1 475/459/1
f 449/467/1 460/465/1 450/460/1
f 474/466/1 483/468/1 482/458/1
f 449/467/1 461/469/1 460/465/1
f 448/470/1 461/469/1 449/467/1
f 473/471/1 483/468/1 474/466/1
f 448/470/1 462/472/1 461/469/1
f 473/471/1 484/473/1 483/468/1
f 447/474/1 462/472/1 448/470/1
f 472/475/1 484/473/1 473/471/1
f 447/474/1 463/476/1 462/472/1
f 446/477/1 463/476/1 447/474/1
f 471/478/1 484/473/1 472/475/1
f 471/478/1 485/479/1 484/473/1
f 446/477/1 464/480/1 463/476/1
f 445/481/1 464/480/1 446/477/1
f 470/482/1 485/479/1 471/478/1
f 445/481/1 465/483/1 464/480/1
f 444/484/1 465/483/1 445/481/1
f 470/482/1 486/485/1 485/479/1
f 469/486/1 486/485/1 470/482/1
f 444/484/1 466/487/1 465/483/1
f 443/464/1 466/487/1 444/484/1
f 468/488/1 486/485/1 469/486/1
f 468/488/1 506/489/1 486/485/1
f 506/489/1 487/490/1 486/485/1
f 547/461/1 545/491/1 443/464/1
f 545/491/1 544/492/1 443/464/1
f 544/492/1 543/493/1 443/464/1
f 543/493/1 542/494/1 443/464/1
f 542/494/1 541/495/1 443/464/1
f 541/495/1 540/496/1 443/464/1
f 540/496/1 539/497/1 443/464/1
f 539/497/1 538/498/1 443/464/1
f 538/498/1 537/499/1 443/464/1
f 537/499/1 536/500/1 443/464/1
f 536/500/1 535/501/1 443/464/1
f 535/501/1 534/502/1 443/464/1
f 534/502/1 466/487/1 443/464/1
f 534/502/1 533/503/1 466/487/1
f 533/503/1 467/504/1 466/487/1
f 467/504/1 507/505/1 468/488/1
f 507/505/1 506/489/1 468/488/1
f 532/506/1 467/504/1 533/503/1
f 505/507/2 487/490/2 506/489/2
f 467/504/1 508/508/1 507/505/1
f 531/509/1 467/504/1 532/506/1
f 504/510/1 487/490/1 505/507/1
f 467/504/1 509/511/1 508/508/1
f 530/512/1 467/504/1 531/509/1
f 503/513/1 487/490/1 504/510/1
f 467/504/1 510/514/1 509/511/1
f 529/515/1 467/504/1 530/512/1
f 529/515/1 510/514/1 467/504/1
f 502/516/1 487/490/1 503/513/1
f 529/515/1 511/517/1 510/514/1
f 502/516/1 488/518/1 487/490/1
f 528/519/1 511/517/1 529/515/1
f 528/519/1 512/520/1 511/517/1
f 501/521/1 488/518/1 502/516/1
f 528/519/1 513/522/1 512/520/1
f 527/523/1 513/522/1 528/519/1
f 500/524/1 488/518/1 501/521/1
f 527/523/1 514/525/1 513/522/1
f 526/526/1 514/525/1 527/523/1
f 499/527/1 488/518/1 500/524/1
f 526/526/1 515/528/1 514/525/1
f 499/527/1 489/529/1 488/518/1
f 525/530/1 515/528/1 526/526/1
f 525/530/1 516/531/1 515/528/1
f 498/532/1 489/529/1 499/527/1
f 525/530/1 517/533/1 516/531/1
f 524/534/1 517/533/1 525/530/1
f 497/535/1 489/529/1 498/532/1
f 524/534/1 518/536/1 517/533/1
f 497/535/1 490/537/1 489/529/1
f 523/538/1 518/536/1 524/534/1
f 547/461/1 546/539/1 545/491/1
f 523/538/1 519/540/1 518/536/1
f 496/541/1 490/537/1 497/535/1
f 522/542/1 519/540/1 523/538/1
f 495/543/1 490/537/1 496/541/1
f 495/543/1 491/544/1 490/537/1
f 521/545/1 519/540/1 522/542/1
f 494/546/1 491/544/1 495/543/1
f 494/546/1 492/547/1 491/544/1
f 520/548/1 519/540/1 521/545/1
f 493/549/1 492/547/1 494/546/1
f 573/550/1 575/551/1 574/552/1
f 573/550/1 576/553/1 575/551/1
f 572/554/1 576/553/1 573/550/1
f 572/554/1 577/555/1 576/553/1
f 571/556/1 577/555/1 572/554/1
f 571/556/1 578/557/1 577/555/1
f 570/558/1 578/557/1 571/556/1
f 570/558/1 579/559/1 578/557/1
f 569/560/1 579/559/1 570/558/1
f 569/560/1 580/561/1 579/559/1
f 568/562/1 580/561/1 569/560/1
f 568/562/1 581/563/1 580/561/1
f 568/562/1 582/564/1 581/563/1
f 567/565/1 582/564/1 568/562/1
f 567/565/1 583/566/1 582/564/1
f 566/567/1 583/566/1 567/565/1
f 566/567/1 584/568/1 583/566/1
f 565/569/1 584/568/1 566/567/1
f 565/569/1 585/570/1 584/568/1
f 564/571/1 585/570/1 565/569/1
f 564/571/1 586/572/1 585/570/1
f 563/573/1 586/572/1 564/571/1
f 563/573/1 587/574/1 586/572/1
f 562/575/1 587/574/1 563/573/1
f 561/576/1 587/574/1 562/575/1
f 561/576/1 588/577/1 587/574/1
f 560/578/1 588/577/1 561/576/1
f 560/578/1 589/579/1 588/577/1
f 559/580/1 589/579/1 560/578/1
f 559/580/1 590/581/1 589/579/1
f 558/582/1 590/581/1 559/580/1
f 558/582/1 591/583/1 590/581/1
f 557/584/1 591/583/1 558/582/1
f 557/584/1 592/585/1 591/583/1
f 556/586/1 592/585/1 557/584/1
f 556/586/1 593/587/1 592/585/1
f 555/588/1 593/587/1 556/586/1
f 555/588/1 594/589/1 593/587/1
f 555/588/1 595/590/1 594/589/1
f 554/591/1 595/590/1 555/588/1
f 554/591/1 596/592/1 595/590/1
f 553/593/1 596/592/1 554/591/1
f 553/593/1 597/594/1 596/592/1
f 552/595/1 597/594/1 553/593/1
f 552/595/1 598/596/1 597/594/1
f 551/597/1 598/596/1 552/595/1
f 551/597/1 599/598/1 598/596/1
f 550/599/1 599/598/1 551/597/1
f 601/600/1 603/601/1 602/602/1
f 601/600/1 604/603/1 603/601/1
f 604/603/1 606/604/1 605/605/1
f 604/603/1 607/606/1 606/604/1
f 601/600/1 607/606/1 604/603/1
f 600/607/1 607/606/1 601/600/1
f 705/608/1 707/609/1 706/610/1
f 704/611/1 707/609/1 705/608/1
f 704/611/1 708/612/1 707/609/1
f 703/613/1 708/612/1 704/611/1
f 702/614/1 708/612/1 703/613/1
f 702/614/1 709/615/1 708/612/1
f 701/616/1 709/615/1 702/614/1
f 701/616/1 710/617/1 709/615/1
f 700/618/1 710/617/1 701/616/1
f 699/619/1 710/617/1 700/618/1
f 699/619/1 711/620/1 710/617/1
f 698/621/1 711/620/1 699/619/1
f 698/621/1 712/622/1 711/620/1
f 697/623/1 712/622/1 698/621/1
f 696/624/1 712/622/1 697/623/1
f 696/624/1 713/625/1 712/622/1
f 695/626/1 713/625/1 696/624/1
f 695/626/1 714/627/1 713/625/1
f 694/628/1 714/627/1 695/626/1
f 693/629/1 692/630/1 694/628/1
f 692/630/1 691/631/1 694/628/1
f 691/631/1 690/632/1 694/628/1
f 690/632/1 689/633/1 694/628/1
f 689/633/1 688/634/1 694/628/1
f 688/634/1 687/635/1 694/628/1
f 687/635/1 686/636/1 694/628/1
f 686/636/1 685/637/1 694/628/1
f 685/637/1 684/638/1 694/628/1
f 684/638/1 683/639/1 694/628/1
f 683/639/1 714/627/1 694/628/1
f 683/639/1 682/640/1 714/627/1
f 682/640/1 681/641/1 714/627/1
f 681/641/1 715/642/1 714/627/1
f 681/641/1 680/643/1 715/642/1
f 680/643/1 716/644/1 715/642/1
f 679/645/3 716/644/3 680/643/3
f 678/646/1 716/644/1 679/645/1
f 677/647/1 716/644/1 678/646/1
f 676/648/1 716/644/1 677/647/1
f 675/649/1 716/644/1 676/648/1
f 675/649/1 717/650/1 716/644/1
f 674/651/1 717/650/1 675/649/1
f 673/652/1 717/650/1 674/651/1
f 672/653/1 717/650/1 673/652/1
f 672/653/1 718/654/1 717/650/1
f 671/655/1 718/654/1 672/653/1
f 670/656/1 718/654/1 671/655/1
f 670/656/1 719/657/1 718/654/1
f 669/658/1 719/657/1 670/656/1
f 668/659/1 719/657/1 669/658/1
f 667/660/1 781/661/1 668/659/1
f 781/661/1 719/657/1 668/659/1
f 666/662/1 781/661/1 667/660/1
f 665/663/1 781/661/1 666/662/1
f 664/664/1 781/661/1 665/663/1
f 663/665/1 781/661/1 664/664/1
f 663/665/1 745/666/1 781/661/1
f 780/667/1 719/657/1 781/661/1
f 663/665/1 746/668/1 745/666/1
f 662/669/1 746/668/1 663/665/1
f 662/669/1 747/670/1 746/668/1
f 661/671/1 747/670/1 662/669/1
f 661/671/1 748/672/1 747/670/1
f 660/673/1 748/672/1 661/671/1
f 660/673/1 749/674/1 748/672/1
f 660/673/1 750/675/1 749/674/1
f 659/676/1 750/675/1 660/673/1
f 659/676/1 751/677/1 750/675/1
f 658/678/1 751/677/1 659/676/1
f 658/678/1 752/679/1 751/677/1
f 658/678/1 753/680/1 752/679/1
f 657/681/1 753/680/1 658/678/1
f 657/681/1 754/682/1 753/680/1
f 657/681/1 755/683/1 754/682/1
f 656/684/1 755/683/1 657/681/1
f 656/684/1 756/685/1 755/683/1
f 655/686/1 756/685/1 656/684/1
f 655/686/1 757/687/1 756/685/1
f 655/686/1 758/688/1 757/687/1
f 654/689/1 758/688/1 655/686/1
f 654/689/1 759/690/1 758/688/1
f 654/689/1 760/691/1 759/690/1
f 779/692/1 719/657/1 780/667/1
f 653/693/1 760/691/1 654/689/1
f 778/694/1 719/657/1 779/692/1
f 653/693/1 761/695/1 760/691/1
f 777/696/1 719/657/1 778/694/1
f 742/697/1 744/698/1 743/699/1
f 777/696/1 720/700/1 719/657/1
f 653/693/1 762/701/1 761/695/1
f 741/702/1 744/698/1 742/697/1
f 776/703/1 720/700/1 777/696/1
f 776/703/1 721/704/1 720/700/1
f 740/705/1 744/698/1 741/702/1
f 652/706/1 762/701/1 653/693/1
f 652/706/1 763/707/1 762/701/1
f 776/703/1 722/708/1 721/704/1
f 775/709/1 722/708/1 776/703/1
f 739/710/1 744/698/1 740/705/1
f 775/709/1 723/711/1 722/708/1
f 774/712/1 723/711/1 775/709/1
f 738/713/1 744/698/1 739/710/1
f 652/706/1 764/714/1 763/707/1
f 774/712/1 724/715/1 723/711/1
f 737/716/1 744/698/1 738/713/1
f 773/717/1 724/715/1 774/712/1
f 773/717/1 725/718/1 724/715/1
f 736/719/1 744/698/1 737/716/1
f 652/706/1 765/720/1 764/714/1
f 773/717/1 726/721/1 725/718/1
f 772/722/1 726/721/1 773/717/1
f 735/723/1 744/698/1 736/719/1
f 772/722/1 727/724/1 726/721/1
f 651/725/1 765/720/1 652/706/1
f 734/726/1 744/698/1 735/723/1
f 651/725/1 766/727/1 765/720/1
f 771/728/1 727/724/1 772/722/1
f 771/728/1 728/729/1 727/724/1
f 733/730/1 744/698/1 734/726/1
f 771/728/1 729/731/1 728/729/1
f 732/732/1 744/698/1 733/730/1
f 770/733/1 729/731/1 771/728/1
f 770/733/1 730/734/1 729/731/1
f 731/735/1 744/698/1 732/732/1
f 770/733/1 731/735/1 730/734/1
f 651/725/1 767/736/1 766/727/1
f 770/733/1 744/698/1 731/735/1
f 769/737/1 744/698/1 770/733/1
f 651/725/1 768/738/1 767/736/1
f 768/738/1 744/698/1 769/737/1
f 651/725/1 631/739/1 768/738/1
f 631/739/1 744/698/1 768/738/1
f 650/740/1 631/739/1 651/725/1
f 650/740/1 632/741/1 631/739/1
f 630/742/1 744/698/1 631/739/1
f 649/743/1 632/741/1 650/740/1
f 649/743/1 633/744/1 632/741/1
f 629/745/1 744/698/1 630/742/1
f 629/745/1 608/746/1 744/698/1
f 648/747/1 633/744/1 649/743/1
f 648/747/1 634/748/1 633/744/1
f 628/749/1 608/746/1 629/745/1
f 628/749/1 609/750/1 608/746/1
f 648/747/1 635/751/1 634/748/1
f 627/752/1 609/750/1 628/749/1
f 647/753/1 635/751/1 648/747/1
f 627/752/1 610/754/1 609/750/1
f 647/753/1 636/755/1 635/751/1
f 626/756/1 610/754/1 627/752/1
f 626/756/1 611/757/1 610/754/1
f 646/758/1 636/755/1 647/753/1
f 646/758/1 637/759/1 636/755/1
f 625/760/1 611/757/1 626/756/1
f 625/760/1 612/761/1 611/757/1
f 646/758/1 638/762/1 637/759/1
f 624/763/1 612/761/1 625/760/1
f 624/763/1 613/764/1 612/761/1
f 645/765/1 638/762/1 646/758/1
f 645/765/1 639/766/1 638/762/1
f 623/767/1 613/764/1 624/763/1
f 623/767/1 614/768/1 613/764/1
f 645/765/1 640/769/1 639/766/1
f 623/767/1 615/770/1 614/768/1
f 622/771/1 615/770/1 623/767/1
f 644/772/1 640/769/1 645/765/1
f 622/771/1 616/773/1 615/770/1
f 644/772/1 641/774/1 640/769/1
f 621/775/1 616/773/1 622/771/1
f 621/775/1 617/776/1 616/773/1
f 644/772/1 642/777/1 641/774/1
f 620/778/1 617/776/1 621/775/1
f 643/779/1 642/777/1 644/772/1
f 620/778/1 618/780/1 617/776/1
f 619/781/1 618/780/1 620/778/1
f 782/782/1 784/783/1 783/784/1
f 782/782/1 785/785/1 784/783/1
f 812/786/1 840/787/1 813/788/1
f 840/787/1 814/789/1 813/788/1
f 840/787/1 786/790/1 814/789/1
f 840/787/1 787/791/1 786/790/1
f 840/787/1 788/792/1 787/791/1
f 840/787/1 789/793/1 788/792/1
f 840/787/1 790/794/1 789/793/1
f 840/787/1 791/795/1 790/794/1
f 840/787/1 792/796/1 791/795/1
f 840/787/1 839/797/1 792/796/1
f 839/797/1 793/798/1 792/796/1
f 812/786/1 841/799/1 840/787/1
f 838/800/1 793/798/1 839/797/1
f 837/801/1 793/798/1 838/800/1
f 836/802/1 793/798/1 837/801/1
f 836/802/1 794/803/1 793/798/1
f 835/804/1 794/803/1 836/802/1
f 834/805/1 794/803/1 835/804/1
f 833/806/1 794/803/1 834/805/1
f 833/806/1 795/807/1 794/803/1
f 832/808/1 795/807/1 833/806/1
f 831/809/1 795/807/1 832/808/1
f 830/810/1 795/807/1 831/809/1
f 830/810/1 796/811/1 795/807/1
f 829/812/1 796/811/1 830/810/1
f 828/813/1 796/811/1 829/812/1
f 828/813/1 797/814/1 796/811/1
f 827/815/1 797/814/1 828/813/1
f 826/816/1 797/814/1 827/815/1
f 826/816/1 798/817/1 797/814/1
f 825/818/1 798/817/1 826/816/1
f 825/818/1 799/819/1 798/817/1
f 824/820/1 799/819/1 825/818/1
f 823/821/1 799/819/1 824/820/1
f 823/821/1 800/822/1 799/819/1
f 822/823/1 800/822/1 823/821/1
f 821/824/1 800/822/1 822/823/1
f 821/824/1 801/825/1 800/822/1
f 820/826/1 801/825/1 821/824/1
f 819/827/1 801/825/1 820/826/1
f 818/828/1 801/825/1 819/827/1
f 817/829/1 801/825/1 818/828/1
f 817/829/1 802/830/1 801/825/1
f 816/831/1 802/830/1 817/829/1
f 815/832/1 802/830/1 816/831/1
f 812/786/1 810/833/1 841/799/1
f 810/833/1 815/832/1 841/799/1
f 810/833/1 802/830/1 815/832/1
f 810/833/1 803/834/1 802/830/1
f 810/833/1 804/835/1 803/834/1
f 810/833/1 805/836/1 804/835/1
f 810/833/1 806/837/1 805/836/1
f 810/833/1 807/838/1 806/837/1
f 810/833/1 808/839/1 807/838/1
f 810/833/1 809/840/1 808/839/1
f 812/786/1 811/841/1 810/833/1
f 842/842/4 890/843/4 891/844/4
f 843/845/4 890/843/4 842/842/4
f 844/846/4 890/843/4 843/845/4
f 844/846/4 889/847/4 890/843/4
f 845/848/4 889/847/4 844/846/4
f 845/848/4 888/849/4 889/847/4
f 846/850/4 888/849/4 845/848/4
f 846/850/4 887/851/4 888/849/4
f 847/852/4 887/851/4 846/850/4
f 847/852/4 886/853/4 887/851/4
f 848/854/4 886/853/4 847/852/4
f 848/854/4 885/855/4 886/853/4
f 848/854/4 884/856/4 885/855/4
f 849/857/4 884/856/4 848/854/4
f 849/857/4 883/858/4 884/856/4
f 850/859/4 883/858/4 849/857/4
f 850/859/4 882/860/4 883/858/4
f 851/861/4 882/860/4 850/859/4
f 851/861/4 881/862/4 882/860/4
f 852/863/4 881/862/4 851/861/4
f 852/863/4 880/864/4 881/862/4
f 853/865/4 880/864/4 852/863/4
f 853/865/4 879/866/4 880/864/4
f 854/867/4 879/866/4 853/865/4
f 854/867/4 878/868/4 879/866/4
f 855/869/4 878/868/4 854/867/4
f 856/870/4 878/868/4 855/869/4
f 856/870/4 877/871/4 878/868/4
f 857/872/4 877/871/4 856/870/4
f 857/872/4 876/873/4 877/871/4
f 858/874/4 876/873/4 857/872/4
f 858/874/4 875/875/4 876/873/4
f 859/876/4 875/875/4 858/874/4
f 859/876/4 874/877/4 875/875/4
f 860/878/4 874/877/4 859/876/4
f 860/878/4 873/879/4 874/877/4
f 861/880/4 873/879/4 860/878/4
f 861/880/4 872/881/4 873/879/4
f 861/880/4 871/882/4 872/881/4
f 862/883/4 871/882/4 861/880/4
f 862/883/4 870/884/4 871/882/4
f 863/885/4 870/884/4 862/883/4
f 863/885/4 869/886/4 870/884/4
f 864/887/4 869/886/4 863/885/4
f 864/887/4 868/888/4 869/886/4
f 865/889/4 868/888/4 864/887/4
f 865/889/4 867/890/4 868/888/4
f 866/891/4 867/890/4 865/889/4
f 905/892/4 903/893/4 904/894/4
f 929/895/4 927/896/4 928/897/4
f 905/892/4 902/898/4 903/893/4
f 906/899/4 902/898/4 905/892/4
f 929/895/4 926/900/4 927/896/4
f 930/901/4 926/900/4 929/895/4
f 906/899/4 901/902/4 902/898/4
f 907/903/4 901/902/4 906/899/4
f 930/901/4 925/904/4 926/900/4
f 907/903/4 900/905/4 901/902/4
f 908/906/4 900/905/4 907/903/4
f 931/907/4 925/904/4 930/901/4
f 931/907/4 924/908/4 925/904/4
f 908/906/4 899/909/4 900/905/4
f 998/910/4 996/911/4 997/912/4
f 892/913/4 996/911/4 998/910/4
f 909/914/4 899/909/4 908/906/4
f 931/907/4 923/915/4 924/908/4
f 909/914/4 898/916/4 899/909/4
f 932/917/4 923/915/4 931/907/4
f 910/918/4 898/916/4 909/914/4
f 910/918/4 897/919/4 898/916/4
f 932/917/4 922/920/4 923/915/4
f 911/921/4 897/919/4 910/918/4
f 933/922/4 922/920/4 932/917/4
f 911/921/4 896/923/4 897/919/4
f 933/922/4 921/924/4 922/920/4
f 912/925/4 896/923/4 911/921/4
f 912/925/4 895/926/4 896/923/4
f 933/922/4 920/927/4 921/924/4
f 934/928/4 920/927/4 933/922/4
f 913/929/4 895/926/4 912/925/4
f 913/929/4 894/930/4 895/926/4
f 934/928/4 919/931/4 920/927/4
f 914/932/4 894/930/4 913/929/4
f 914/932/4 893/933/4 894/930/4
f 935/934/4 919/931/4 934/928/4
f 935/934/4 918/935/4 919/931/4
f 915/936/4 893/933/4 914/932/4
f 915/936/4 892/913/4 893/933/4
f 935/934/4 917/937/4 918/935/4
f 955/938/4 917/937/4 935/934/4
f 936/939/4 955/938/4 935/934/4
f 994/940/4 996/911/4 892/913/4
f 993/941/4 994/940/4 892/913/4
f 992/942/4 993/941/4 892/913/4
f 991/943/4 992/942/4 892/913/4
f 990/944/4 991/943/4 892/913/4
f 989/945/4 990/944/4 892/913/4
f 988/946/4 989/945/4 892/913/4
f 987/947/4 988/946/4 892/913/4
f 986/948/4 987/947/4 892/913/4
f 985/949/4 986/948/4 892/913/4
f 984/950/4 985/949/4 892/913/4
f 983/951/4 984/950/4 892/913/4
f 915/936/4 983/951/4 892/913/4
f 982/952/5 983/951/5 915/936/5
f 916/953/4 982/952/4 915/936/4
f 956/954/4 916/953/4 917/937/4
f 955/938/4 956/954/4 917/937/4
f 916/953/4 981/955/4 982/952/4
f 936/939/4 954/956/4 955/938/4
f 957/957/4 916/953/4 956/954/4
f 916/953/4 980/958/4 981/955/4
f 936/939/4 953/959/4 954/956/4
f 958/960/4 916/953/4 957/957/4
f 916/953/4 979/961/4 980/958/4
f 936/939/4 952/962/4 953/959/4
f 959/963/4 916/953/4 958/960/4
f 916/953/4 978/964/4 979/961/4
f 959/963/4 978/964/4 916/953/4
f 936/939/4 951/965/4 952/962/4
f 960/966/4 978/964/4 959/963/4
f 937/967/4 951/965/4 936/939/4
f 960/966/4 977/968/4 978/964/4
f 961/969/4 977/968/4 960/966/4
f 937/967/4 950/970/4 951/965/4
f 962/971/4 977/968/4 961/969/4
f 962/971/4 976/972/4 977/968/4
f 937/967/4 949/973/4 950/970/4
f 963/974/4 976/972/4 962/971/4
f 963/974/4 975/975/4 976/972/4
f 937/967/4 948/976/4 949/973/4
f 964/977/4 975/975/4 963/974/4
f 938/978/4 948/976/4 937/967/4
f 964/977/4 974/979/4 975/975/4
f 965/980/4 974/979/4 964/977/4
f 938/978/4 947/981/4 948/976/4
f 966/982/4 974/979/4 965/980/4
f 966/982/4 973/983/4 974/979/4
f 938/978/4 946/984/4 947/981/4
f 967/985/4 973/983/4 966/982/4
f 939/986/4 946/984/4 938/978/4
f 967/985/4 972/987/4 973/983/4
f 995/988/4 996/911/4 994/940/4
f 968/989/4 972/987/4 967/985/4
f 939/986/4 945/990/4 946/984/4
f 968/989/4 971/991/4 972/987/4
f 939/986/4 944/992/4 945/990/4
f 940/993/4 944/992/4 939/986/4
f 968/989/4 970/994/4 971/991/4
f 940/993/4 943/995/4 944/992/4
f 941/996/4 943/995/4 940/993/4
f 968/989/4 969/997/4 970/994/4
f 941/996/4 942/998/4 943/995/4
f 1025/999/4 1023/1000/4 1024/1001/4
f 1026/1002/4 1023/1000/4 1025/999/4
f 1052/1003/4 1050/1004/4 1051/1005/4
f 1053/1006/4 1050/1004/4 1052/1003/4
f 1026/1002/4 1022/1007/4 1023/1000/4
f 1027/1008/4 1022/1007/4 1026/1002/4
f 1028/1009/4 1022/1007/4 1027/1008/4
f 1028/1009/4 1021/1010/4 1022/1007/4
f 1029/1011/4 1021/1010/4 1028/1009/4
f 1053/1006/4 1049/1012/4 1050/1004/4
f 1030/1013/4 1021/1010/4 1029/1011/4
f 1053/1006/4 1048/1014/4 1049/1012/4
f 1030/1013/4 1020/1015/4 1021/1010/4
f 1031/1016/4 1020/1015/4 1030/1013/4
f 1053/1006/4 1047/1017/4 1048/1014/4
f 1053/1006/4 1046/1018/4 1047/1017/4
f 1032/1019/4 1020/1015/4 1031/1016/4
f 1032/1019/4 1019/1020/4 1020/1015/4
f 1053/1006/4 1045/1021/4 1046/1018/4
f 1033/1022/4 1019/1020/4 1032/1019/4
f 999/1023/4 1044/1024/4 1045/1021/4
f 1053/1006/4 999/1023/4 1045/1021/4
f 1034/1025/4 1019/1020/4 1033/1022/4
f 999/1023/4 1043/1026/4 1044/1024/4
f 1035/1027/4 1019/1020/4 1034/1025/4
f 999/1023/4 1042/1028/4 1043/1026/4
f 1035/1027/4 1018/1029/4 1019/1020/4
f 999/1023/4 1041/1030/4 1042/1028/4
f 1036/1031/4 1018/1029/4 1035/1027/4
f 999/1023/4 1040/1032/4 1041/1030/4
f 1037/1033/4 1018/1029/4 1036/1031/4
f 999/1023/4 1039/1034/4 1040/1032/4
f 1038/1035/4 1018/1029/4 1037/1033/4
f 999/1023/4 1038/1035/4 1039/1034/4
f 999/1023/4 1018/1029/4 1038/1035/4
f 1000/1036/4 1018/1029/4 999/1023/4
f 1053/1006/4 1054/1037/4 999/1023/4
f 1000/1036/4 1017/1038/4 1018/1029/4
f 1001/1039/4 1017/1038/4 1000/1036/4
f 1002/1040/4 1017/1038/4 1001/1039/4
f 1002/1040/4 1016/1041/4 1017/1038/4
f 1003/1042/4 1016/1041/4 1002/1040/4
f 1003/1042/4 1015/1043/4 1016/1041/4
f 1004/1044/4 1015/1043/4 1003/1042/4
f 1005/1045/4 1015/1043/4 1004/1044/4
f 1005/1045/4 1014/1046/4 1015/1043/4
f 1006/1047/4 1014/1046/4 1005/1045/4
f 1007/1048/4 1014/1046/4 1006/1047/4
f 1007/1048/4 1013/1049/4 1014/1046/4
f 1008/1050/4 1013/1049/4 1007/1048/4
f 1008/1050/4 1012/1051/4 1013/1049/4
f 1009/1052/4 1012/1051/4 1008/1050/4
f 1010/1053/4 1012/1051/4 1009/1052/4
f 1010/1053/4 1011/1054/4 1012/1051/4
f 1083/1055/4 1081/1056/4 1082/1057/4
f 1083/1055/4 1080/1058/4 1081/1056/4
f 1084/1059/4 1080/1058/4 1083/1055/4
f 1084/1059/4 1079/1060/4 1080/1058/4
f 1085/1061/4 1079/1060/4 1084/1059/4
f 1085/1061/4 1078/1062/4 1079/1060/4
f 1086/1063/4 1078/1062/4 1085/1061/4
f 1086/1063/4 1077/1064/4 1078/1062/4
f 1087/1065/4 1077/1064/4 1086/1063/4
f 1087/1065/4 1076/1066/4 1077/1064/4
f 1088/1067/4 1076/1066/4 1087/1065/4
f 1088/1067/4 1075/1068/4 1076/1066/4
f 1089/1069/4 1075/1068/4 1088/1067/4
f 1089/1069/4 1074/1070/4 1075/1068/4
f 1090/1071/4 1074/1070/4 1089/1069/4
f 1090/1071/4 1073/1072/4 1074/1070/4
f 1091/1073/4 1073/1072/4 1090/1071/4
f 1091/1073/4 1072/1074/4 1073/1072/4
f 1092/1075/4 1072/1074/4 1091/1073/4
f 1092/1075/4 1071/1076/4 1072/1074/4
f 1093/1077/4 1071/1076/4 1092/1075/4
f 1093/1077/4 1070/1078/4 1071/1076/4
f 1094/1079/4 1070/1078/4 1093/1077/4
f 1094/1079/4 1069/1080/4 1070/1078/4
f 1095/1081/4 1069/1080/4 1094/1079/4
f 1095/1081/4 1068/1082/4 1069/1080/4
f 1096/1083/4 1068/1082/4 1095/1081/4
f 1096/1083/4 1067/1084/4 1068/1082/4
f 1097/1085/4 1067/1084/4 1096/1083/4
f 1097/1085/4 1066/1086/4 1067/1084/4
f 1098/1087/4 1066/1086/4 1097/1085/4
f 1098/1087/4 1065/1088/4 1066/1086/4
f 1099/1089/4 1065/1088/4 1098/1087/4
f 1099/1089/4 1064/1090/4 1065/1088/4
f 1100/1091/4 1064/1090/4 1099/1089/4
f 1100/1091/4 1063/1092/4 1064/1090/4
f 1101/1093/4 1063/1092/4 1100/1091/4
f 1101/1093/4 1062/1094/4 1063/1092/4
f 1102/1095/4 1062/1094/4 1101/1093/4
f 1102/1095/4 1061/1096/4 1062/1094/4
f 1103/1097/4 1061/1096/4 1102/1095/4
f 1103/1097/4 1060/1098/4 1061/1096/4
f 1104/1099/4 1060/1098/4 1103/1097/4
f 1104/1099/4 1059/1100/4 1060/1098/4
f 1105/1101/4 1059/1100/4 1104/1099/4
f 1105/1101/4 1106/1102/4 1059/1100/4
f 1057/1103/4 1055/1104/4 1056/1105/4
f 1058/1106/4 1055/1104/4 1057/1103/4
f 1145/1107/4 1143/1108/4 1144/1109/4
f 1146/1110/4 1143/1108/4 1145/1107/4
f 1132/1111/4 1130/1112/4 1131/1113/4
f 1133/1114/4 1130/1112/4 1132/1111/4
f 1134/1115/4 1130/1112/4 1133/1114/4
f 1135/1116/4 1130/1112/4 1134/1115/4
f 1136/1117/4 1130/1112/4 1135/1116/4
f 1136/1117/4 1129/1118/4 1130/1112/4
f 1137/1119/4 1129/1118/4 1136/1117/4
f 1138/1120/4 1129/1118/4 1137/1119/4
f 1139/1121/4 1129/1118/4 1138/1120/4
f 1139/1121/4 1128/1122/4 1129/1118/4
f 1140/1123/4 1128/1122/4 1139/1121/4
f 1141/1124/4 1128/1122/4 1140/1123/4
f 1142/1125/4 1128/1122/4 1141/1124/4
f 1143/1108/4 1128/1122/4 1142/1125/4
f 1143/1108/4 1127/1126/4 1128/1122/4
f 1149/1127/4 1127/1126/4 1143/1108/4
f 1148/1128/4 1149/1127/4 1143/1108/4
f 1147/1129/4 1148/1128/4 1143/1108/4
f 1184/1130/4 1147/1129/4 1143/1108/4
f 1146/1110/4 1184/1130/4 1143/1108/4
f 1152/1131/4 1126/1132/4 1127/1126/4
f 1151/1133/4 1152/1131/4 1127/1126/4
f 1150/1134/4 1151/1133/4 1127/1126/4
f 1149/1127/6 1150/1134/6 1127/1126/6
f 1155/1135/4 1125/1136/4 1126/1132/4
f 1154/1137/4 1155/1135/4 1126/1132/4
f 1153/1138/4 1154/1137/4 1126/1132/4
f 1152/1131/4 1153/1138/4 1126/1132/4
f 1158/1139/4 1124/1140/4 1125/1136/4
f 1157/1141/4 1158/1139/4 1125/1136/4
f 1156/1142/4 1157/1141/4 1125/1136/4
f 1155/1135/6 1156/1142/6 1125/1136/6
f 1159/1143/4 1124/1140/4 1158/1139/4
f 1160/1144/4 1124/1140/4 1159/1143/4
f 1160/1144/4 1123/1145/4 1124/1140/4
f 1161/1146/4 1123/1145/4 1160/1144/4
f 1162/1147/4 1123/1145/4 1161/1146/4
f 1146/1110/4 1183/1148/4 1184/1130/4
f 1163/1149/4 1123/1145/4 1162/1147/4
f 1163/1149/4 1122/1150/4 1123/1145/4
f 1164/1151/4 1122/1150/4 1163/1149/4
f 1165/1152/4 1122/1150/4 1164/1151/4
f 1165/1152/4 1121/1153/4 1122/1150/4
f 1166/1154/4 1121/1153/4 1165/1152/4
f 1167/1155/4 1121/1153/4 1166/1154/4
f 1167/1155/4 1120/1156/4 1121/1153/4
f 1168/1157/4 1120/1156/4 1167/1155/4
f 1168/1157/4 1119/1158/4 1120/1156/4
f 1169/1159/4 1119/1158/4 1168/1157/4
f 1170/1160/4 1119/1158/4 1169/1159/4
f 1170/1160/4 1118/1161/4 1119/1158/4
f 1171/1162/4 1118/1161/4 1170/1160/4
f 1172/1163/4 1118/1161/4 1171/1162/4
f 1172/1163/4 1117/1164/4 1118/1161/4
f 1173/1165/4 1117/1164/4 1172/1163/4
f 1173/1165/4 1116/1166/4 1117/1164/4
f 1174/1167/4 1116/1166/4 1173/1165/4
f 1175/1168/4 1116/1166/4 1174/1167/4
f 1175/1168/4 1115/1169/4 1116/1166/4
f 1176/1170/4 1115/1169/4 1175/1168/4
f 1177/1171/4 1115/1169/4 1176/1170/4
f 1177/1171/4 1114/1172/4 1115/1169/4
f 1178/1173/4 1114/1172/4 1177/1171/4
f 1179/1174/4 1114/1172/4 1178/1173/4
f 1180/1175/4 1114/1172/4 1179/1174/4
f 1180/1175/4 1113/1176/4 1114/1172/4
f 1181/1177/4 1113/1176/4 1180/1175/4
f 1182/1178/4 1113/1176/4 1181/1177/4
f 1183/1148/4 1113/1176/4 1182/1178/4
f 1146/1110/4 1113/1176/4 1183/1148/4
f 1146/1110/4 1112/1179/4 1113/1176/4
f 1146/1110/4 1111/1180/4 1112/1179/4
f 1146/1110/4 1110/1181/4 1111/1180/4
f 1146/1110/4 1109/1182/4 1110/1181/4
f 1146/1110/4 1108/1183/4 1109/1182/4
f 1146/1110/4 1107/1184/4 1108/1183/4
f 1221/1185/4 1219/1186/4 1220/1187/4
f 1222/1188/4 1219/1186/4 1221/1185/4
f 1222/1188/4 1218/1189/4 1219/1186/4
f 1223/1190/4 1218/1189/4 1222/1188/4
f 1223/1190/4 1217/1191/4 1218/1189/4
f 1224/1192/4 1217/1191/4 1223/1190/4
f 1224/1192/4 1216/1193/4 1217/1191/4
f 1225/1194/4 1216/1193/4 1224/1192/4
f 1225/1194/4 1215/1195/4 1216/1193/4
f 1226/1196/4 1215/1195/4 1225/1194/4
f 1226/1196/4 1214/1197/4 1215/1195/4
f 1227/1198/4 1214/1197/4 1226/1196/4
f 1270/1199/4 1213/1200/4 1214/1197/4
f 1227/1198/4 1270/1199/4 1214/1197/4
f 1271/1201/4 1213/1200/4 1270/1199/4
f 1227/1198/4 1269/1202/4 1270/1199/4
f 1272/1203/4 1213/1200/4 1271/1201/4
f 1227/1198/4 1268/1204/4 1269/1202/4
f 1273/1205/4 1213/1200/4 1272/1203/4
f 1227/1198/4 1267/1206/4 1268/1204/4
f 1228/1207/4 1267/1206/4 1227/1198/4
f 1274/1208/4 1213/1200/4 1273/1205/4
f 1274/1208/4 1212/1209/4 1213/1200/4
f 1228/1207/4 1266/1210/4 1267/1206/4
f 1275/1211/4 1212/1209/4 1274/1208/4
f 1228/1207/4 1265/1212/4 1266/1210/4
f 1276/1213/4 1212/1209/4 1275/1211/4
f 1228/1207/4 1264/1214/4 1265/1212/4
f 1277/1215/4 1212/1209/4 1276/1213/4
f 1228/1207/4 1263/1216/4 1264/1214/4
f 1277/1215/4 1211/1217/4 1212/1209/4
f 1229/1218/4 1263/1216/4 1228/1207/4
f 1278/1219/4 1211/1217/4 1277/1215/4
f 1229/1218/4 1262/1220/4 1263/1216/4
f 1279/1221/4 1211/1217/4 1278/1219/4
f 1229/1218/4 1261/1222/4 1262/1220/4
f 1279/1221/4 1210/1223/4 1211/1217/4
f 1230/1224/4 1261/1222/4 1229/1218/4
f 1280/1225/4 1210/1223/4 1279/1221/4
f 1230/1224/4 1260/1226/4 1261/1222/4
f 1281/1227/4 1210/1223/4 1280/1225/4
f 1230/1224/4 1259/1228/4 1260/1226/4
f 1281/1227/4 1209/1229/4 1210/1223/4
f 1282/1230/4 1209/1229/4 1281/1227/4
f 1231/1231/4 1259/1228/4 1230/1224/4
f 1231/1231/4 1283/1232/4 1259/1228/4
f 1283/1232/4 1209/1229/4 1282/1230/4
f 1231/1231/4 1209/1229/4 1283/1232/4
f 1231/1231/4 1208/1233/4 1209/1229/4
f 1232/1234/4 1208/1233/4 1231/1231/4
f 1233/1235/4 1207/1236/4 1208/1233/4
f 1232/1234/4 1233/1235/4 1208/1233/4
f 1234/1237/4 1207/1236/4 1233/1235/4
f 1234/1237/4 1206/1238/4 1207/1236/4
f 1235/1239/4 1206/1238/4 1234/1237/4
f 1236/1240/4 1206/1238/4 1235/1239/4
f 1236/1240/4 1205/1241/4 1206/1238/4
f 1237/1242/4 1205/1241/4 1236/1240/4
f 1237/1242/4 1204/1243/4 1205/1241/4
f 1238/1244/4 1204/1243/4 1237/1242/4
f 1258/1245/4 1256/1246/4 1257/1247/4
f 1239/1248/4 1204/1243/4 1238/1244/4
f 1258/1245/4 1255/1249/4 1256/1246/4
f 1258/1245/4 1254/1250/4 1255/1249/4
f 1239/1248/4 1203/1251/4 1204/1243/4
f 1240/1252/4 1203/1251/4 1239/1248/4
f 1258/1245/4 1253/1253/4 1254/1250/4
f 1258/1245/4 1252/1254/4 1253/1253/4
f 1241/1255/4 1203/1251/4 1240/1252/4
f 1258/1245/4 1251/1256/4 1252/1254/4
f 1242/1257/4 1203/1251/4 1241/1255/4
f 1258/1245/4 1250/1258/4 1251/1256/4
f 1242/1257/4 1202/1259/4 1203/1251/4
f 1258/1245/4 1249/1260/4 1250/1258/4
f 1243/1261/4 1202/1259/4 1242/1257/4
f 1258/1245/4 1248/1262/4 1249/1260/4
f 1244/1263/4 1202/1259/4 1243/1261/4
f 1258/1245/4 1247/1264/4 1248/1262/4
f 1258/1245/4 1246/1265/4 1247/1264/4
f 1245/1266/4 1202/1259/4 1244/1263/4
f 1258/1245/4 1245/1266/4 1246/1265/4
f 1258/1245/4 1202/1259/4 1245/1266/4
f 1258/1245/4 1201/1267/4 1202/1259/4
f 1185/1268/4 1201/1267/4 1258/1245/4
f 1185/1268/4 1200/1269/4 1201/1267/4
f 1186/1270/4 1200/1269/4 1185/1268/4
f 1187/1271/4 1200/1269/4 1186/1270/4
f 1187/1271/4 1199/1272/4 1200/1269/4
f 1188/1273/4 1199/1272/4 1187/1271/4
f 1189/1274/4 1199/1272/4 1188/1273/4
f 1189/1274/4 1198/1275/4 1199/1272/4
f 1190/1276/4 1198/1275/4 1189/1274/4
f 1191/1277/4 1198/1275/4 1190/1276/4
f 1191/1277/4 1197/1278/4 1198/1275/4
f 1192/1279/4 1197/1278/4 1191/1277/4
f 1193/1280/4 1197/1278/4 1192/1279/4
f 1194/1281/4 1197/1278/4 1193/1280/4
f 1194/1281/4 1196/1282/4 1197/1278/4
f 1195/1283/4 1196/1282/4 1194/1281/4
f 1297/1284/4 1295/1285/4 1296/1286/4
f 1321/1287/4 1319/1288/4 1320/1289/4
f 1297/1284/4 1294/1290/4 1295/1285/4
f 1298/1291/4 1294/1290/4 1297/1284/4
f 1321/1287/4 1318/1292/4 1319/1288/4
f 1322/1293/4 1318/1292/4 1321/1287/4
f 1298/1291/4 1293/1294/4 1294/1290/4
f 1299/1295/4 1293/1294/4 1298/1291/4
f 1322/1293/4 1317/1296/4 1318/1292/4
f 1299/1295/4 1292/1297/4 1293/1294/4
f 1300/1298/4 1292/1297/4 1299/1295/4
f 1323/1299/4 1317/1296/4 1322/1293/4
f 1323/1299/4 1316/1300/4 1317/1296/4
f 1300/1298/4 1291/1301/4 1292/1297/4
f 1390/1302/4 1388/1303/4 1389/1304/4
f 1284/1305/4 1388/1303/4 1390/1302/4
f 1301/1306/4 1291/1301/4 1300/1298/4
f 1323/1299/4 1315/1307/4 1316/1300/4
f 1301/1306/4 1290/1308/4 1291/1301/4
f 1324/1309/4 1315/1307/4 1323/1299/4
f 1302/1310/4 1290/1308/4 1301/1306/4
f 1302/1310/4 1289/1311/4 1290/1308/4
f 1324/1309/4 1314/1312/4 1315/1307/4
f 1303/1313/4 1289/1311/4 1302/1310/4
f 1325/1314/4 1314/1312/4 1324/1309/4
f 1303/1313/4 1288/1315/4 1289/1311/4
f 1325/1314/4 1313/1316/4 1314/1312/4
f 1304/1317/4 1288/1315/4 1303/1313/4
f 1304/1317/4 1287/1318/4 1288/1315/4
f 1325/1314/4 1312/1319/4 1313/1316/4
f 1326/1320/4 1312/1319/4 1325/1314/4
f 1305/1321/4 1287/1318/4 1304/1317/4
f 1305/1321/4 1286/1322/4 1287/1318/4
f 1326/1320/4 1311/1323/4 1312/1319/4
f 1306/1324/4 1286/1322/4 1305/1321/4
f 1306/1324/4 1285/1325/4 1286/1322/4
f 1327/1326/4 1311/1323/4 1326/1320/4
f 1327/1326/4 1310/1327/4 1311/1323/4
f 1307/1328/4 1285/1325/4 1306/1324/4
f 1307/1328/4 1284/1305/4 1285/1325/4
f 1327/1326/4 1309/1329/4 1310/1327/4
f 1347/1330/4 1309/1329/4 1327/1326/4
f 1328/1331/4 1347/1330/4 1327/1326/4
f 1386/1332/4 1388/1303/4 1284/1305/4
f 1385/1333/4 1386/1332/4 1284/1305/4
f 1384/1334/4 1385/1333/4 1284/1305/4
f 1383/1335/4 1384/1334/4 1284/1305/4
f 1382/1336/4 1383/1335/4 1284/1305/4
f 1381/1337/4 1382/1336/4 1284/1305/4
f 1380/1338/4 1381/1337/4 1284/1305/4
f 1379/1339/4 1380/1338/4 1284/1305/4
f 1378/1340/4 1379/1339/4 1284/1305/4
f 1377/1341/4 1378/1340/4 1284/1305/4
f 1376/1342/4 1377/1341/4 1284/1305/4
f 1375/1343/4 1376/1342/4 1284/1305/4
f 1307/1328/4 1375/1343/4 1284/1305/4
f 1374/1344/4 1375/1343/4 1307/1328/4
f 1308/1345/4 1374/1344/4 1307/1328/4
f 1348/1346/4 1308/1345/4 1309/1329/4
f 1347/1330/4 1348/1346/4 1309/1329/4
f 1308/1345/4 1373/1347/4 1374/1344/4
f 1328/1331/4 1346/1348/4 1347/1330/4
f 1349/1349/4 1308/1345/4 1348/1346/4
f 1308/1345/4 1372/1350/4 1373/1347/4
f 1328/1331/4 1345/1351/4 1346/1348/4
f 1350/1352/4 1308/1345/4 1349/1349/4
f 1308/1345/4 1371/1353/4 1372/1350/4
f 1328/1331/4 1344/1354/4 1345/1351/4
f 1351/1355/4 1308/1345/4 1350/1352/4
f 1308/1345/4 1370/1356/4 1371/1353/4
f 1351/1355/4 1370/1356/4 1308/1345/4
f 1328/1331/4 1343/1357/4 1344/1354/4
f 1352/1358/4 1370/1356/4 1351/1355/4
f 1329/1359/4 1343/1357/4 1328/1331/4
f 1352/1358/4 1369/1360/4 1370/1356/4
f 1353/1361/4 1369/1360/4 1352/1358/4
f 1329/1359/4 1342/1362/4 1343/1357/4
f 1354/1363/4 1369/1360/4 1353/1361/4
f 1354/1363/4 1368/1364/4 1369/1360/4
f 1329/1359/4 1341/1365/4 1342/1362/4
f 1355/1366/4 1368/1364/4 1354/1363/4
f 1355/1366/4 1367/1367/4 1368/1364/4
f 1329/1359/4 1340/1368/4 1341/1365/4
f 1356/1369/4 1367/1367/4 1355/1366/4
f 1330/1370/4 1340/1368/4 1329/1359/4
f 1356/1369/4 1366/1371/4 1367/1367/4
f 1357/1372/4 1366/1371/4 1356/1369/4
f 1330/1370/4 1339/1373/4 1340/1368/4
f 1358/1374/4 1366/1371/4 1357/1372/4
f 1358/1374/4 1365/1375/4 1366/1371/4
f 1330/1370/4 1338/1376/4 1339/1373/4
f 1359/1377/4 1365/1375/4 1358/1374/4
f 1331/1378/4 1338/1376/4 1330/1370/4
f 1359/1377/4 1364/1379/4 1365/1375/4
f 1387/1380/4 1388/1303/4 1386/1332/4
f 1360/1381/4 1364/1379/4 1359/1377/4
f 1331/1378/4 1337/1382/4 1338/1376/4
f 1360/1381/4 1363/1383/4 1364/1379/4
f 1331/1378/4 1336/1384/4 1337/1382/4
f 1332/1385/4 1336/1384/4 1331/1378/4
f 1360/1381/4 1362/1386/4 1363/1383/4
f 1332/1385/4 1335/1387/4 1336/1384/4
f 1333/1388/4 1335/1387/4 1332/1385/4
f 1360/1381/4 1361/1389/4 1362/1386/4
f 1333/1388/4 1334/1390/4 1335/1387/4
f 1416/1391/4 1414/1392/4 1415/1393/4
f 1417/1394/4 1414/1392/4 1416/1391/4
f 1417/1394/4 1413/1395/4 1414/1392/4
f 1418/1396/4 1413/1395/4 1417/1394/4
f 1418/1396/4 1412/1397/4 1413/1395/4
f 1419/1398/4 1412/1397/4 1418/1396/4
f 1419/1398/4 1411/1399/4 1412/1397/4
f 1420/1400/4 1411/1399/4 1419/1398/4
f 1420/1400/4 1410/1401/4 1411/1399/4
f 1421/1402/4 1410/1401/4 1420/1400/4
f 1421/1402/4 1409/1403/4 1410/1401/4
f 1422/1404/4 1409/1403/4 1421/1402/4
f 1423/1405/4 1409/1403/4 1422/1404/4
f 1423/1405/4 1408/1406/4 1409/1403/4
f 1424/1407/4 1408/1406/4 1423/1405/4
f 1424/1407/4 1407/1408/4 1408/1406/4
f 1425/1409/4 1407/1408/4 1424/1407/4
f 1425/1409/4 1406/1410/4 1407/1408/4
f 1426/1411/4 1406/1410/4 1425/1409/4
f 1426/1411/4 1405/1412/4 1406/1410/4
f 1427/1413/4 1405/1412/4 1426/1411/4
f 1427/1413/4 1404/1414/4 1405/1412/4
f 1428/1415/4 1404/1414/4 1427/1413/4
f 1428/1415/4 1403/1416/4 1404/1414/4
f 1428/1415/4 1402/1417/4 1403/1416/4
f 1429/1418/4 1402/1417/4 1428/1415/4
f 1429/1418/4 1401/1419/4 1402/1417/4
f 1430/1420/4 1401/1419/4 1429/1418/4
f 1430/1420/4 1400/1421/4 1401/1419/4
f 1431/1422/4 1400/1421/4 1430/1420/4
f 1431/1422/4 1399/1423/4 1400/1421/4
f 1432/1424/4 1399/1423/4 1431/1422/4
f 1432/1424/4 1398/1425/4 1399/1423/4
f 1433/1426/4 1398/1425/4 1432/1424/4
f 1433/1426/4 1397/1427/4 1398/1425/4
f 1434/1428/4 1397/1427/4 1433/1426/4
f 1434/1428/4 1396/1429/4 1397/1427/4
f 1435/1430/4 1396/1429/4 1434/1428/4
f 1436/1431/4 1396/1429/4 1435/1430/4
f 1436/1431/4 1395/1432/4 1396/1429/4
f 1437/1433/4 1395/1432/4 1436/1431/4
f 1437/1433/4 1394/1434/4 1395/1432/4
f 1438/1435/4 1394/1434/4 1437/1433/4
f 1438/1435/4 1393/1436/4 1394/1434/4
f 1439/1437/4 1393/1436/4 1438/1435/4
f 1439/1437/4 1392/1438/4 1393/1436/4
f 1440/1439/4 1392/1438/4 1439/1437/4
f 1440/1439/4 1391/1440/4 1392/1438/4
f 1444/1441/4 1442/1442/4 1443/1443/4
f 1445/1444/4 1442/1442/4 1444/1441/4
f 1447/1445/4 1445/1444/4 1446/1446/4
f 1448/1447/4 1445/1444/4 1447/1445/4
f 1448/1447/4 1442/1442/4 1445/1444/4
f 1448/1447/4 1441/1448/4 1442/1442/4
f 1548/1449/4 1546/1450/4 1547/1451/4
f 1548/1449/4 1545/1452/4 1546/1450/4
f 1549/1453/4 1545/1452/4 1548/1449/4
f 1549/1453/4 1544/1454/4 1545/1452/4
f 1549/1453/4 1543/1455/4 1544/1454/4
f 1550/1456/4 1543/1455/4 1549/1453/4
f 1550/1456/4 1542/1457/4 1543/1455/4
f 1551/1458/4 1542/1457/4 1550/1456/4
f 1551/1458/4 1541/1459/4 1542/1457/4
f 1551/1458/4 1540/1460/4 1541/1459/4
f 1552/1461/4 1540/1460/4 1551/1458/4
f 1552/1461/4 1539/1462/4 1540/1460/4
f 1553/1463/4 1539/1462/4 1552/1461/4
f 1553/1463/4 1538/1464/4 1539/1462/4
f 1553/1463/4 1537/1465/4 1538/1464/4
f 1554/1466/4 1537/1465/4 1553/1463/4
f 1554/1466/4 1536/1467/4 1537/1465/4
f 1555/1468/4 1536/1467/4 1554/1466/4
f 1555/1468/4 1535/1469/4 1536/1467/4
f 1533/1470/4 1534/1471/4 1535/1469/4
f 1532/1472/4 1533/1470/4 1535/1469/4
f 1531/1473/4 1532/1472/4 1535/1469/4
f 1530/1474/4 1531/1473/4 1535/1469/4
f 1529/1475/4 1530/1474/4 1535/1469/4
f 1528/1476/4 1529/1475/4 1535/1469/4
f 1527/1477/4 1528/1476/4 1535/1469/4
f 1526/1478/4 1527/1477/4 1535/1469/4
f 1525/1479/4 1526/1478/4 1535/1469/4
f 1524/1480/4 1525/1479/4 1535/1469/4
f 1555/1468/4 1524/1480/4 1535/1469/4
f 1523/1481/4 1524/1480/4 1555/1468/4
f 1522/1482/4 1523/1481/4 1555/1468/4
f 1556/1483/4 1522/1482/4 1555/1468/4
f 1521/1484/4 1522/1482/4 1556/1483/4
f 1557/1485/4 1521/1484/4 1556/1483/4
f 1557/1485/6 1520/1486/6 1521/1484/6
f 1557/1485/4 1519/1487/4 1520/1486/4
f 1557/1485/4 1518/1488/4 1519/1487/4
f 1557/1485/4 1517/1489/4 1518/1488/4
f 1557/1485/4 1516/1490/4 1517/1489/4
f 1558/1491/4 1516/1490/4 1557/1485/4
f 1558/1491/4 1515/1492/4 1516/1490/4
f 1558/1491/4 1514/1493/4 1515/1492/4
f 1558/1491/4 1513/1494/4 1514/1493/4
f 1559/1495/4 1513/1494/4 1558/1491/4
f 1559/1495/4 1512/1496/4 1513/1494/4
f 1559/1495/4 1511/1497/4 1512/1496/4
f 1560/1498/4 1511/1497/4 1559/1495/4
f 1560/1498/4 1510/1499/4 1511/1497/4
f 1560/1498/4 1509/1500/4 1510/1499/4
f 1622/1501/4 1508/1502/4 1509/1500/4
f 1560/1498/4 1622/1501/4 1509/1500/4
f 1622/1501/4 1507/1503/4 1508/1502/4
f 1622/1501/4 1506/1504/4 1507/1503/4
f 1622/1501/4 1505/1505/4 1506/1504/4
f 1622/1501/4 1504/1506/4 1505/1505/4
f 1586/1507/4 1504/1506/4 1622/1501/4
f 1560/1498/4 1621/1508/4 1622/1501/4
f 1587/1509/4 1504/1506/4 1586/1507/4
f 1587/1509/4 1503/1510/4 1504/1506/4
f 1588/1511/4 1503/1510/4 1587/1509/4
f 1588/1511/4 1502/1512/4 1503/1510/4
f 1589/1513/4 1502/1512/4 1588/1511/4
f 1589/1513/4 1501/1514/4 1502/1512/4
f 1590/1515/4 1501/1514/4 1589/1513/4
f 1591/1516/4 1501/1514/4 1590/1515/4
f 1591/1516/4 1500/1517/4 1501/1514/4
f 1592/1518/4 1500/1517/4 1591/1516/4
f 1592/1518/4 1499/1519/4 1500/1517/4
f 1593/1520/4 1499/1519/4 1592/1518/4
f 1594/1521/4 1499/1519/4 1593/1520/4
f 1594/1521/4 1498/1522/4 1499/1519/4
f 1595/1523/4 1498/1522/4 1594/1521/4
f 1596/1524/4 1498/1522/4 1595/1523/4
f 1596/1524/4 1497/1525/4 1498/1522/4
f 1597/1526/4 1497/1525/4 1596/1524/4
f 1597/1526/4 1496/1527/4 1497/1525/4
f 1598/1528/4 1496/1527/4 1597/1526/4
f 1599/1529/4 1496/1527/4 1598/1528/4
f 1599/1529/4 1495/1530/4 1496/1527/4
f 1600/1531/4 1495/1530/4 1599/1529/4
f 1601/1532/4 1495/1530/4 1600/1531/4
f 1560/1498/4 1620/1533/4 1621/1508/4
f 1601/1532/4 1494/1534/4 1495/1530/4
f 1560/1498/4 1619/1535/4 1620/1533/4
f 1602/1536/4 1494/1534/4 1601/1532/4
f 1560/1498/4 1618/1537/4 1619/1535/4
f 1585/1538/4 1583/1539/4 1584/1540/4
f 1561/1541/4 1618/1537/4 1560/1498/4
f 1603/1542/4 1494/1534/4 1602/1536/4
f 1585/1538/4 1582/1543/4 1583/1539/4
f 1561/1541/4 1617/1544/4 1618/1537/4
f 1562/1545/4 1617/1544/4 1561/1541/4
f 1585/1538/4 1581/1546/4 1582/1543/4
f 1603/1542/4 1493/1547/4 1494/1534/4
f 1604/1548/4 1493/1547/4 1603/1542/4
f 1563/1549/4 1617/1544/4 1562/1545/4
f 1563/1549/4 1616/1550/4 1617/1544/4
f 1585/1538/4 1580/1551/4 1581/1546/4
f 1564/1552/4 1616/1550/4 1563/1549/4
f 1564/1552/4 1615/1553/4 1616/1550/4
f 1585/1538/4 1579/1554/4 1580/1551/4
f 1605/1555/4 1493/1547/4 1604/1548/4
f 1565/1556/4 1615/1553/4 1564/1552/4
f 1585/1538/4 1578/1557/4 1579/1554/4
f 1565/1556/4 1614/1558/4 1615/1553/4
f 1566/1559/4 1614/1558/4 1565/1556/4
f 1585/1538/4 1577/1560/4 1578/1557/4
f 1606/1561/4 1493/1547/4 1605/1555/4
f 1567/1562/4 1614/1558/4 1566/1559/4
f 1567/1562/4 1613/1563/4 1614/1558/4
f 1585/1538/4 1576/1564/4 1577/1560/4
f 1568/1565/4 1613/1563/4 1567/1562/4
f 1606/1561/4 1492/1566/4 1493/1547/4
f 1585/1538/4 1575/1567/4 1576/1564/4
f 1607/1568/4 1492/1566/4 1606/1561/4
f 1568/1565/4 1612/1569/4 1613/1563/4
f 1569/1570/4 1612/1569/4 1568/1565/4
f 1585/1538/4 1574/1571/4 1575/1567/4
f 1570/1572/4 1612/1569/4 1569/1570/4
f 1585/1538/4 1573/1573/4 1574/1571/4
f 1570/1572/4 1611/1574/4 1612/1569/4
f 1571/1575/4 1611/1574/4 1570/1572/4
f 1585/1538/4 1572/1576/4 1573/1573/4
f 1572/1576/4 1611/1574/4 1571/1575/4
f 1608/1577/4 1492/1566/4 1607/1568/4
f 1585/1538/4 1611/1574/4 1572/1576/4
f 1585/1538/4 1610/1578/4 1611/1574/4
f 1609/1579/4 1492/1566/4 1608/1577/4
f 1585/1538/4 1609/1579/4 1610/1578/4
f 1472/1580/4 1492/1566/4 1609/1579/4
f 1585/1538/4 1472/1580/4 1609/1579/4
f 1472/1580/4 1491/1581/4 1492/1566/4
f 1473/1582/4 1491/1581/4 1472/1580/4
f 1585/1538/4 1471/1583/4 1472/1580/4
f 1473/1582/4 1490/1584/4 1491/1581/4
f 1474/1585/4 1490/1584/4 1473/1582/4
f 1585/1538/4 1470/1586/4 1471/1583/4
f 1449/1587/4 1470/1586/4 1585/1538/4
f 1474/1585/4 1489/1588/4 1490/1584/4
f 1475/1589/4 1489/1588/4 1474/1585/4
f 1449/1587/4 1469/1590/4 1470/1586/4
f 1450/1591/4 1469/1590/4 1449/1587/4
f 1476/1592/4 1489/1588/4 1475/1589/4
f 1450/1591/4 1468/1593/4 1469/1590/4
f 1476/1592/4 1488/1594/4 1489/1588/4
f 1451/1595/4 1468/1593/4 1450/1591/4
f 1477/1596/4 1488/1594/4 1476/1592/4
f 1451/1595/4 1467/1597/4 1468/1593/4
f 1452/1598/4 1467/1597/4 1451/1595/4
f 1477/1596/4 1487/1599/4 1488/1594/4
f 1478/1600/4 1487/1599/4 1477/1596/4
f 1452/1598/4 1466/1601/4 1467/1597/4
f 1453/1602/4 1466/1601/4 1452/1598/4
f 1479/1603/4 1487/1599/4 1478/1600/4
f 1453/1602/4 1465/1604/4 1466/1601/4
f 1454/1605/4 1465/1604/4 1453/1602/4
f 1479/1603/4 1486/1606/4 1487/1599/4
f 1480/1607/4 1486/1606/4 1479/1603/4
f 1454/1605/4 1464/1608/4 1465/1604/4
f 1455/1609/4 1464/1608/4 1454/1605/4
f 1481/1610/4 1486/1606/4 1480/1607/4
f 1456/1611/4 1464/1608/4 1455/1609/4
f 1456/1611/4 1463/1612/4 1464/1608/4
f 1481/1610/4 1485/1613/4 1486/1606/4
f 1457/1614/4 1463/1612/4 1456/1611/4
f 1482/1615/4 1485/1613/4 1481/1610/4
f 1457/1614/4 1462/1616/4 1463/1612/4
f 1458/1617/4 1462/1616/4 1457/1614/4
f 1483/1618/4 1485/1613/4 1482/1615/4
f 1458/1617/4 1461/1619/4 1462/1616/4
f 1483/1618/4 1484/1620/4 1485/1613/4
f 1459/1621/4 1461/1619/4 1458/1617/4
f 1459/1621/4 1460/1622/4 1461/1619/4
f 1625/1623/4 1623/1624/4 1624/1625/4
f 1626/1626/4 1623/1624/4 1625/1623/4
f 1681/1627/4 1653/1628/4 1654/1629/4
f 1655/1630/4 1681/1627/4 1654/1629/4
f 1627/1631/4 1681/1627/4 1655/1630/4
f 1628/1632/4 1681/1627/4 1627/1631/4
f 1629/1633/4 1681/1627/4 1628/1632/4
f 1630/1634/4 1681/1627/4 1629/1633/4
f 1631/1635/4 1681/1627/4 1630/1634/4
f 1632/1636/4 1681/1627/4 1631/1635/4
f 1633/1637/4 1681/1627/4 1632/1636/4
f 1680/1638/4 1681/1627/4 1633/1637/4
f 1634/1639/4 1680/1638/4 1633/1637/4
f 1682/1640/4 1653/1628/4 1681/1627/4
f 1634/1639/6 1679/1641/6 1680/1638/6
f 1634/1639/4 1678/1642/4 1679/1641/4
f 1634/1639/4 1677/1643/4 1678/1642/4
f 1635/1644/4 1677/1643/4 1634/1639/4
f 1635/1644/4 1676/1645/4 1677/1643/4
f 1635/1644/4 1675/1646/4 1676/1645/4
f 1635/1644/4 1674/1647/4 1675/1646/4
f 1636/1648/4 1674/1647/4 1635/1644/4
f 1636/1648/4 1673/1649/4 1674/1647/4
f 1636/1648/4 1672/1650/4 1673/1649/4
f 1636/1648/4 1671/1651/4 1672/1650/4
f 1637/1652/4 1671/1651/4 1636/1648/4
f 1637/1652/4 1670/1653/4 1671/1651/4
f 1637/1652/4 1669/1654/4 1670/1653/4
f 1638/1655/4 1669/1654/4 1637/1652/4
f 1638/1655/4 1668/1656/4 1669/1654/4
f 1638/1655/4 1667/1657/4 1668/1656/4
f 1639/1658/4 1667/1657/4 1638/1655/4
f 1639/1658/4 1666/1659/4 1667/1657/4
f 1640/1660/4 1666/1659/4 1639/1658/4
f 1640/1660/4 1665/1661/4 1666/1659/4
f 1640/1660/4 1664/1662/4 1665/1661/4
f 1641/1663/4 1664/1662/4 1640/1660/4
f 1641/1663/4 1663/1664/4 1664/1662/4
f 1641/1663/4 1662/1665/4 1663/1664/4
f 1642/1666/4 1662/1665/4 1641/1663/4
f 1642/1666/4 1661/1667/4 1662/1665/4
f 1642/1666/4 1660/1668/4 1661/1667/4
f 1642/1666/4 1659/1669/4 1660/1668/4
f 1642/1666/4 1658/1670/4 1659/1669/4
f 1643/1671/4 1658/1670/4 1642/1666/4
f 1643/1671/4 1657/1672/4 1658/1670/4
f 1643/1671/4 1656/1673/4 1657/1672/4
f 1651/1674/4 1653/1628/4 1682/1640/4
f 1656/1673/4 1651/1674/4 1682/1640/4
f 1643/1671/4 1651/1674/4 1656/1673/4
f 1644/1675/4 1651/1674/4 1643/1671/4
f 1645/1676/4 1651/1674/4 1644/1675/4
f 1646/1677/4 1651/1674/4 1645/1676/4
f 1647/1678/4 1651/1674/4 1646/1677/4
f 1648/1679/4 1651/1674/4 1647/1678/4
f 1649/1680/4 1651/1674/4 1648/1679/4
f 1650/1681/4 1651/1674/4 1649/1680/4
f 1652/1682/4 1653/1628/4 1651/1674/4
s 1
f 1686/1683/7 1683/1684/8 1684/1685/8
f 1688/1686/9 1685/1687/7 1686/1683/7
f 1690/1688/10 1687/1689/9 1688/1686/9
f 1692/1690/11 1689/1691/10 1690/1688/10
f 1694/1692/12 1691/1693/11 1692/1690/11
f 1696/1694/13 1693/1695/12 1694/1692/12
f 1698/1696/14 1695/1697/13 1696/1694/13
f 1700/1698/15 1697/1699/14 1698/1696/14
f 1702/1700/16 1699/1701/15 1700/1698/15
f 1704/1702/17 1701/1703/16 1702/1700/16
f 1706/1704/18 1703/1705/17 1704/1702/17
f 1708/1706/19 1705/1707/18 1706/1704/18
f 1710/1708/20 1707/1709/19 1708/1706/19
f 1712/1710/21 1709/1711/20 1710/1708/20
f 1714/1712/22 1711/1713/21 1712/1710/21
f 1716/1714/23 1713/1715/22 1714/1712/22
f 1718/1716/24 1715/1717/23 1716/1714/23
f 1720/1718/25 1717/1719/24 1718/1716/24
f 1722/1720/26 1719/1721/25 1720/1718/25
f 1724/1722/27 1721/1723/26 1722/1720/26
f 1726/1724/28 1723/1725/27 1724/1722/27
f 1728/1726/29 1725/1727/28 1726/1724/28
f 1730/1728/30 1727/1729/29 1728/1726/29
f 1732/1730/31 1729/1731/30 1730/1728/30
f 1734/1732/31 1731/1733/31 1732/1730/31
f 1736/1734/32 1733/1735/31 1734/1732/31
f 1738/1736/33 1735/1737/32 1736/1734/32
f 1740/1738/34 1737/1739/33 1738/1736/33
f 1684/1740/8 1739/1741/34 1740/1738/34
f 1744/1742/35 1741/1743/36 1742/1744/36
f 1746/1745/37 1743/1746/35 1744/1742/35
f 1748/1747/38 1745/1748/37 1746/1745/37
f 1750/1749/39 1747/1750/38 1748/1747/38
f 1752/1751/40 1749/1752/39 1750/1749/39
f 1754/1753/41 1751/1754/40 1752/1751/40
f 1756/1755/42 1753/1756/41 1754/1753/41
f 1758/1757/43 1755/1758/42 1756/1755/42
f 1760/1759/44 1757/1760/43 1758/1757/43
f 1762/1761/45 1759/1762/44 1760/1759/44
f 1764/1763/46 1761/1764/45 1762/1761/45
f 1766/1765/47 1763/1766/46 1764/1763/46
f 1768/1767/48 1765/1768/47 1766/1765/47
f 1770/1769/49 1767/1770/48 1768/1767/48
f 1772/1771/50 1769/1772/49 1770/1769/49
f 1774/1773/51 1771/1774/50 1772/1771/50
f 1776/1775/52 1773/1776/51 1774/1773/51
f 1778/1777/53 1775/1778/52 1776/1775/52
f 1780/1779/54 1777/1780/53 1778/1777/53
f 1782/1781/55 1779/1782/54 1780/1779/54
f 1784/1783/56 1781/1784/55 1782/1781/55
f 1786/1785/57 1783/1786/56 1784/1783/56
f 1788/1787/58 1785/1788/57 1786/1785/57
f 1790/1789/59 1787/1790/58 1788/1787/58
f 1792/1791/31 1789/1792/59 1790/1789/59
f 1794/1793/60 1791/1794/31 1792/1791/31
f 1742/1795/36 1793/1796/60 1794/1793/60
f 1798/1797/33 1795/1798/32 1796/1799/32
f 1800/1800/60 1797/1801/33 1798/1797/33
f 1802/1802/31 1799/1803/60 1800/1800/60
f 1796/1804/32 1801/1805/31 1802/1802/31
f 1806/1806/61 1803/1807/62 1804/1808/62
f 1808/1809/63 1805/1810/61 1806/1806/61
f 1810/1811/64 1807/1812/65 1808/1809/63
f 1812/1813/66 1809/1814/64 1810/1811/64
f 1814/1815/67 1811/1816/66 1812/1813/66
f 1816/1817/68 1813/1818/67 1814/1815/67
f 1818/1819/69 1815/1820/68 1816/1817/68
f 1820/1821/70 1817/1822/69 1818/1819/69
f 1822/1823/71 1819/1824/70 1820/1821/70
f 1824/1825/72 1821/1826/71 1822/1823/71
f 1826/1827/73 1823/1828/72 1824/1825/72
f 1828/1829/74 1825/1830/73 1826/1827/73
f 1830/1831/75 1827/1832/74 1828/1829/74
f 1832/1833/76 1829/1834/75 1830/1831/75
f 1834/1835/77 1831/1836/76 1832/1833/76
f 1836/1837/78 1833/1838/77 1834/1835/77
f 1838/1839/79 1835/1840/78 1836/1837/78
f 1840/1841/80 1837/1842/79 1838/1839/79
f 1842/1843/81 1839/1844/80 1840/1841/80
f 1844/1845/82 1841/1846/81 1842/1843/81
f 1846/1847/83 1843/1848/82 1844/1845/82
f 1848/1849/84 1845/1850/83 1846/1847/83
f 1850/1851/85 1847/1852/84 1848/1849/84
f 1852/1853/86 1849/1854/85 1850/1851/85
f 1854/1855/87 1851/1856/86 1852/1853/86
f 1856/1857/88 1853/1858/87 1854/1855/87
f 1858/1859/89 1855/1860/88 1856/1857/88
f 1860/1861/90 1857/1862/89 1858/1859/89
f 1862/1863/91 1859/1864/90 1860/1861/90
f 1864/1865/92 1861/1866/91 1862/1863/91
f 1866/1867/93 1863/1868/92 1864/1865/92
f 1868/1869/94 1865/1870/93 1866/1867/93
f 1870/1871/95 1867/1872/94 1868/1869/94
f 1872/1873/96 1869/1874/95 1870/1871/95
f 1874/1875/97 1871/1876/96 1872/1873/96
f 1876/1877/98 1873/1878/97 1874/1875/97
f 1878/1879/99 1875/1880/98 1876/1877/98
f 1880/1881/100 1877/1882/99 1878/1879/99
f 1882/1883/101 1879/1884/100 1880/1881/100
f 1884/1885/102 1881/1886/101 1882/1883/101
f 1886/1887/103 1883/1888/102 1884/1885/102
f 1888/1889/104 1885/1890/103 1886/1887/103
f 1890/1891/105 1887/1892/104 1888/1889/104
f 1892/1893/106 1889/1894/105 1890/1891/105
f 1894/1895/107 1891/1896/106 1892/1893/106
f 1896/1897/108 1893/1898/107 1894/1895/107
f 1898/1899/109 1895/1900/108 1896/1897/108
f 1900/1901/110 1897/1902/109 1898/1899/109
f 1902/1903/111 1899/1904/110 1900/1901/110
f 1904/1905/112 1901/1906/111 1902/1903/111
f 1906/1907/113 1903/1908/112 1904/1905/112
f 1908/1909/114 1905/1910/113 1906/1907/113
f 1910/1911/115 1907/1912/114 1908/1909/114
f 1912/1913/116 1909/1914/115 1910/1911/115
f 1914/1915/117 1911/1916/116 1912/1913/116
f 1916/1917/118 1913/1918/117 1914/1915/117
f 1918/1919/119 1915/1920/118 1916/1917/118
f 1920/1921/120 1917/1922/119 1918/1919/119
f 1922/1923/121 1919/1924/120 1920/1921/120
f 1924/1925/122 1921/1926/121 1922/1923/121
f 1926/1927/123 1923/1928/122 1924/1925/122
f 1928/1929/124 1925/1930/123 1926/1927/123
f 1930/1931/125 1927/1932/124 1928/1929/124
f 1932/1933/126 1929/1934/125 1930/1931/125
f 1934/1935/127 1931/1936/126 1932/1933/126
f 1936/1937/128 1933/1938/127 1934/1935/127
f 1938/1939/129 1935/1940/128 1936/1937/128
f 1940/1941/130 1937/1942/129 1938/1939/129
f 1942/1943/131 1939/1944/130 1940/1941/130
f 1944/1945/132 1941/1946/131 1942/1943/131
f 1946/1947/133 1943/1948/132 1944/1945/132
f 1948/1949/134 1945/1950/135 1946/1947/133
f 1950/1951/136 1947/1952/134 1948/1949/134
f 1952/1953/137 1949/1954/136 1950/1951/136
f 1954/1955/138 1951/1956/137 1952/1953/137
f 1956/1957/139 1953/1958/138 1954/1955/138
f 1958/1959/140 1955/1960/139 1956/1957/139
f 1960/1961/141 1957/1962/142 1958/1959/140
f 1962/1963/143 1959/1964/141 1960/1961/141
f 1964/1965/144 1961/1966/143 1962/1963/143
f 1966/1967/145 1963/1968/144 1964/1965/144
f 1968/1969/146 1965/1970/145 1966/1967/145
f 1970/1971/147 1967/1972/146 1968/1969/146
f 1972/1973/148 1969/1974/147 1970/1971/147
f 1974/1975/149 1971/1976/148 1972/1973/148
f 1976/1977/150 1973/1978/149 1974/1975/149
f 1978/1979/151 1975/1980/150 1976/1977/150
f 1980/1981/152 1977/1982/151 1978/1979/151
f 1982/1983/153 1979/1984/152 1980/1981/152
f 1984/1985/154 1981/1986/153 1982/1983/153
f 1986/1987/155 1983/1988/154 1984/1985/154
f 1988/1989/156 1985/1990/155 1986/1987/155
f 1990/1991/157 1987/1992/156 1988/1989/156
f 1992/1993/158 1989/1994/157 1990/1991/157
f 1994/1995/159 1991/1996/158 1992/1993/158
f 1996/1997/160 1993/1998/159 1994/1995/159
f 1998/1999/161 1995/2000/160 1996/1997/160
f 2000/2001/162 1997/2002/161 1998/1999/161
f 2002/2003/163 1999/2004/162 2000/2001/162
f 2004/2005/164 2001/2006/163 2002/2003/163
f 2006/2007/165 2003/2008/164 2004/2005/164
f 2008/2009/166 2005/2010/165 2006/2007/165
f 2010/2011/167 2007/2012/166 2008/2009/166
f 2012/2013/168 2009/2014/167 2010/2011/167
f 2014/2015/169 2011/2016/168 2012/2013/168
f 2016/2017/170 2013/2018/169 2014/2015/169
f 2018/2019/171 2015/2020/170 2016/2017/170
f 2020/2021/172 2017/2022/171 2018/2019/171
f 2022/2023/173 2019/2024/172 2020/2021/172
f 2024/2025/174 2021/2026/173 2022/2023/173
f 2026/2027/175 2023/2028/174 2024/2025/174
f 2028/2029/176 2025/2030/175 2026/2027/175
f 2030/2031/177 2027/2032/176 2028/2029/176
f 2032/2033/178 2029/2034/177 2030/2031/177
f 2034/2035/179 2031/2036/178 2032/2033/178
f 2036/2037/180 2033/2038/179 2034/2035/179
f 2038/2039/181 2035/2040/180 2036/2037/180
f 2040/2041/182 2037/2042/181 2038/2039/181
f 2042/2043/183 2039/2044/182 2040/2041/182
f 2044/2045/184 2041/2046/183 2042/2043/183
f 2046/2047/185 2043/2048/184 2044/2045/184
f 2048/2049/186 2045/2050/185 2046/2047/185
f 2050/2051/187 2047/2052/186 2048/2049/186
f 2052/2053/188 2049/2054/187 2050/2051/187
f 2054/2055/189 2051/2056/188 2052/2053/188
f 2056/2057/190 2053/2058/189 2054/2055/189
f 2058/2059/191 2055/2060/190 2056/2057/190
f 2060/2061/192 2057/2062/191 2058/2059/191
f 2062/2063/193 2059/2064/192 2060/2061/192
f 2064/2065/194 2061/2066/193 2062/2063/193
f 2066/2067/195 2063/2068/194 2064/2065/194
f 2068/2069/196 2065/2070/197 2066/2067/195
f 2070/2071/198 2067/2072/196 2068/2069/196
f 2072/2073/199 2069/2074/198 2070/2071/198
f 2074/2075/200 2071/2076/199 2072/2073/199
f 2076/2077/201 2073/2078/200 2074/2075/200
f 1804/2079/62 2075/2080/201 2076/2077/201
f 2080/2081/202 2077/2082/203 2078/2083/203
f 2082/2084/204 2079/2085/202 2080/2081/202
f 2084/2086/205 2081/2087/204 2082/2084/204
f 2086/2088/206 2083/2089/205 2084/2086/205
f 2088/2090/207 2085/2091/206 2086/2088/206
f 2090/2092/208 2087/2093/207 2088/2090/207
f 2092/2094/209 2089/2095/208 2090/2092/208
f 2094/2096/210 2091/2097/209 2092/2094/209
f 2096/2098/211 2093/2099/210 2094/2096/210
f 2098/2100/212 2095/2101/211 2096/2098/211
f 2100/2102/213 2097/2103/212 2098/2100/212
f 2102/2104/214 2099/2105/213 2100/2102/213
f 2104/2106/215 2101/2107/214 2102/2104/214
f 2106/2108/216 2103/2109/215 2104/2106/215
f 2108/2110/217 2105/2111/216 2106/2108/216
f 2110/2112/218 2107/2113/217 2108/2110/217
f 2112/2114/219 2109/2115/218 2110/2112/218
f 2114/2116/220 2111/2117/219 2112/2114/219
f 2116/2118/221 2113/2119/220 2114/2116/220
f 2118/2120/222 2115/2121/221 2116/2118/221
f 2120/2122/223 2117/2123/222 2118/2120/222
f 2122/2124/224 2119/2125/223 2120/2122/223
f 2124/2126/225 2121/2127/224 2122/2124/224
f 2126/2128/226 2123/2129/225 2124/2126/225
f 2128/2130/227 2125/2131/226 2126/2128/226
f 2130/2132/228 2127/2133/227 2128/2130/227
f 2132/2134/229 2129/2135/228 2130/2132/228
f 2134/2136/230 2131/2137/229 2132/2134/229
f 2136/2138/231 2133/2139/230 2134/2136/230
f 2138/2140/232 2135/2141/231 2136/2138/231
f 2140/2142/233 2137/2143/232 2138/2140/232
f 2142/2144/234 2139/2145/233 2140/2142/233
f 2144/2146/235 2141/2147/234 2142/2144/234
f 2146/2148/236 2143/2149/235 2144/2146/235
f 2148/2150/237 2145/2151/236 2146/2148/236
f 2150/2152/238 2147/2153/237 2148/2150/237
f 2078/2154/203 2149/2155/238 2150/2152/238
f 2154/2156/239 2151/2157/240 2152/2158/240
f 2156/2159/241 2153/2160/239 2154/2156/239
f 2158/2161/242 2155/2162/241 2156/2159/241
f 2160/2163/243 2157/2164/242 2158/2161/242
f 2162/2165/244 2159/2166/243 2160/2163/243
f 2164/2167/245 2161/2168/244 2162/2165/244
f 2166/2169/246 2163/2170/245 2164/2167/245
f 2152/2171/240 2165/2172/246 2166/2169/246
f 2170/2173/247 2167/2174/248 2168/2175/248
f 2172/2176/249 2169/2177/247 2170/2173/247
f 2174/2178/250 2171/2179/249 2172/2176/249
f 2176/2180/251 2173/2181/250 2174/2178/250
f 2178/2182/252 2175/2183/251 2176/2180/251
f 2180/2184/253 2177/2185/252 2178/2182/252
f 2182/2186/254 2179/2187/253 2180/2184/253
f 2184/2188/255 2181/2189/254 2182/2186/254
f 2186/2190/256 2183/2191/255 2184/2188/255
f 2188/2192/257 2185/2193/256 2186/2190/256
f 2190/2194/258 2187/2195/257 2188/2192/257
f 2192/2196/259 2189/2197/258 2190/2194/258
f 2194/2198/260 2191/2199/259 2192/2196/259
f 2196/2200/261 2193/2201/260 2194/2198/260
f 2198/2202/262 2195/2203/261 2196/2200/261
f 2200/2204/263 2197/2205/262 2198/2202/262
f 2202/2206/264 2199/2207/263 2200/2204/263
f 2204/2208/265 2201/2209/264 2202/2206/264
f 2206/2210/266 2203/2211/265 2204/2208/265
f 2208/2212/267 2205/2213/266 2206/2210/266
f 2210/2214/268 2207/2215/267 2208/2212/267
f 2212/2216/269 2209/2217/268 2210/2214/268
f 2214/2218/270 2211/2219/269 2212/2216/269
f 2216/2220/271 2213/2221/270 2214/2218/270
f 2218/2222/272 2215/2223/271 2216/2220/271
f 2220/2224/273 2217/2225/272 2218/2222/272
f 2222/2226/274 2219/2227/273 2220/2224/273
f 2224/2228/275 2221/2229/274 2222/2226/274
f 2226/2230/276 2223/2231/275 2224/2228/275
f 2228/2232/277 2225/2233/276 2226/2230/276
f 2230/2234/278 2227/2235/277 2228/2232/277
f 2232/2236/279 2229/2237/278 2230/2234/278
f 2234/2238/280 2231/2239/279 2232/2236/279
f 2236/2240/281 2233/2241/280 2234/2238/280
f 2238/2242/282 2235/2243/281 2236/2240/281
f 2240/2244/283 2237/2245/282 2238/2242/282
f 2242/2246/284 2239/2247/283 2240/2244/283
f 2244/2248/285 2241/2249/284 2242/2246/284
f 2246/2250/286 2243/2251/285 2244/2248/285
f 2248/2252/287 2245/2253/286 2246/2250/286
f 2250/2254/288 2247/2255/287 2248/2252/287
f 2252/2256/289 2249/2257/288 2250/2254/288
f 2254/2258/290 2251/2259/289 2252/2256/289
f 2256/2260/291 2253/2261/290 2254/2258/290
f 2258/2262/292 2255/2263/291 2256/2260/291
f 2260/2264/293 2257/2265/292 2258/2262/292
f 2262/2266/294 2259/2267/293 2260/2264/293
f 2264/2268/295 2261/2269/294 2262/2266/294
f 2266/2270/296 2263/2271/295 2264/2268/295
f 2168/2272/248 2265/2273/296 2266/2270/296
f 2270/2274/297 2267/2275/298 2268/2276/298
f 2272/2277/299 2269/2278/297 2270/2274/297
f 2274/2279/300 2271/2280/299 2272/2277/299
f 2276/2281/301 2273/2282/300 2274/2279/300
f 2278/2283/302 2275/2284/301 2276/2281/301
f 2280/2285/303 2277/2286/302 2278/2283/302
f 2282/2287/304 2279/2288/303 2280/2285/303
f 2284/2289/305 2281/2290/304 2282/2287/304
f 2286/2291/306 2283/2292/305 2284/2289/305
f 2288/2293/307 2285/2294/306 2286/2291/306
f 2290/2295/308 2287/2296/307 2288/2293/307
f 2292/2297/309 2289/2298/308 2290/2295/308
f 2294/2299/310 2291/2300/309 2292/2297/309
f 2296/2301/311 2293/2302/310 2294/2299/310
f 2298/2303/312 2295/2304/311 2296/2301/311
f 2300/2305/313 2297/2306/312 2298/2303/312
f 2302/2307/314 2299/2308/313 2300/2305/313
f 2304/2309/315 2301/2310/314 2302/2307/314
f 2306/2311/316 2303/2312/315 2304/2309/315
f 2308/2313/317 2305/2314/316 2306/2311/316
f 2310/2315/318 2307/2316/317 2308/2313/317
f 2312/2317/319 2309/2318/318 2310/2315/318
f 2314/2319/320 2311/2320/319 2312/2317/319
f 2316/2321/321 2313/2322/320 2314/2319/320
f 2318/2323/322 2315/2324/321 2316/2321/321
f 2320/2325/323 2317/2326/322 2318/2323/322
f 2322/2327/324 2319/2328/323 2320/2325/323
f 2324/2329/325 2321/2330/324 2322/2327/324
f 2326/2331/326 2323/2332/325 2324/2329/325
f 2328/2333/327 2325/2334/326 2326/2331/326
f 2330/2335/328 2327/2336/327 2328/2333/327
f 2332/2337/329 2329/2338/328 2330/2335/328
f 2334/2339/330 2331/2340/329 2332/2337/329
f 2336/2341/331 2333/2342/330 2334/2339/330
f 2338/2343/332 2335/2344/331 2336/2341/331
f 2340/2345/162 2337/2346/332 2338/2343/332
f 2342/2347/333 2339/2348/162 2340/2345/162
f 2344/2349/334 2341/2350/333 2342/2347/333
f 2346/2351/335 2343/2352/334 2344/2349/334
f 2348/2353/336 2345/2354/335 2346/2351/335
f 2350/2355/337 2347/2356/336 2348/2353/336
f 2352/2357/338 2349/2358/337 2350/2355/337
f 2354/2359/339 2351/2360/338 2352/2357/338
f 2356/2361/340 2353/2362/339 2354/2359/339
f 2358/2363/341 2355/2364/340 2356/2361/340
f 2360/2365/342 2357/2366/341 2358/2363/341
f 2362/2367/343 2359/2368/342 2360/2365/342
f 2364/2369/344 2361/2370/343 2362/2367/343
f 2366/2371/31 2363/2372/344 2364/2369/344
f 2368/2373/32 2365/2374/31 2366/2371/31
f 2370/2375/345 2367/2376/32 2368/2373/32
f 2372/2377/346 2369/2378/345 2370/2375/345
f 2374/2379/347 2371/2380/346 2372/2377/346
f 2376/2381/348 2373/2382/347 2374/2379/347
f 2378/2383/349 2375/2384/348 2376/2381/348
f 2380/2385/350 2377/2386/349 2378/2383/349
f 2382/2387/351 2379/2388/350 2380/2385/350
f 2384/2389/352 2381/2390/351 2382/2387/351
f 2386/2391/353 2383/2392/352 2384/2389/352
f 2388/2393/354 2385/2394/353 2386/2391/353
f 2390/2395/355 2387/2396/354 2388/2393/354
f 2392/2397/356 2389/2398/355 2390/2395/355
f 2394/2399/357 2391/2400/358 2392/2397/356
f 2396/2401/359 2393/2402/357 2394/2399/357
f 2398/2403/360 2395/2404/359 2396/2401/359
f 2400/2405/361 2397/2406/360 2398/2403/360
f 2402/2407/362 2399/2408/361 2400/2405/361
f 2404/2409/363 2401/2410/362 2402/2407/362
f 2406/2411/364 2403/2412/363 2404/2409/363
f 2408/2413/365 2405/2414/364 2406/2411/364
f 2410/2415/366 2407/2416/367 2408/2413/365
f 2412/2417/368 2409/2418/366 2410/2415/366
f 2414/2419/369 2411/2420/368 2412/2417/368
f 2416/2421/370 2413/2422/369 2414/2419/369
f 2418/2423/371 2415/2424/370 2416/2421/370
f 2420/2425/31 2417/2426/371 2418/2423/371
f 2422/2427/32 2419/2428/31 2420/2425/31
f 2424/2429/372 2421/2430/32 2422/2427/32
f 2426/2431/373 2423/2432/372 2424/2429/372
f 2428/2433/374 2425/2434/373 2426/2431/373
f 2430/2435/375 2427/2436/374 2428/2433/374
f 2432/2437/376 2429/2438/375 2430/2435/375
f 2434/2439/377 2431/2440/376 2432/2437/376
f 2436/2441/378 2433/2442/377 2434/2439/377
f 2438/2443/379 2435/2444/378 2436/2441/378
f 2440/2445/380 2437/2446/379 2438/2443/379
f 2442/2447/381 2439/2448/380 2440/2445/380
f 2444/2449/382 2441/2450/381 2442/2447/381
f 2446/2451/383 2443/2452/382 2444/2449/382
f 2448/2453/384 2445/2454/383 2446/2451/383
f 2450/2455/385 2447/2456/384 2448/2453/384
f 2452/2457/386 2449/2458/385 2450/2455/385
f 2454/2459/387 2451/2460/386 2452/2457/386
f 2456/2461/388 2453/2462/387 2454/2459/387
f 2458/2463/389 2455/2464/388 2456/2461/388
f 2460/2465/390 2457/2466/391 2458/2463/389
f 2462/2467/392 2459/2468/390 2460/2465/390
f 2464/2469/393 2461/2470/392 2462/2467/392
f 2466/2471/394 2463/2472/393 2464/2469/393
f 2468/2473/395 2465/2474/394 2466/2471/394
f 2470/2475/396 2467/2476/395 2468/2473/395
f 2472/2477/397 2469/2478/396 2470/2475/396
f 2474/2479/31 2471/2480/397 2472/2477/397
f 2476/2481/32 2473/2482/31 2474/2479/31
f 2478/2483/33 2475/2484/32 2476/2481/32
f 2480/2485/60 2477/2486/33 2478/2483/33
f 2268/2487/298 2479/2488/60 2480/2485/60
f 2484/2489/398 2481/2490/399 2482/2491/400
f 2486/2492/401 2483/2493/398 2484/2489/398
f 2488/2494/402 2485/2495/401 2486/2492/401
f 2490/2496/403 2487/2497/402 2488/2494/402
f 2492/2498/404 2489/2499/403 2490/2496/403
f 2494/2500/405 2491/2501/404 2492/2498/404
f 2496/2502/406 2493/2503/405 2494/2500/405
f 2498/2504/407 2495/2505/406 2496/2502/406
f 2500/2506/408 2497/2507/407 2498/2504/407
f 2502/2508/409 2499/2509/408 2500/2506/408
f 2504/2510/410 2501/2511/409 2502/2508/409
f 2506/2512/411 2503/2513/410 2504/2510/410
f 2508/2514/412 2505/2515/411 2506/2512/411
f 2510/2516/413 2507/2517/412 2508/2514/412
f 2512/2518/414 2509/2519/413 2510/2516/413
f 2514/2520/415 2511/2521/414 2512/2518/414
f 2516/2522/416 2513/2523/415 2514/2520/415
f 2518/2524/417 2515/2525/416 2516/2522/416
f 2520/2526/418 2517/2527/417 2518/2524/417
f 2522/2528/419 2519/2529/418 2520/2526/418
f 2524/2530/420 2521/2531/419 2522/2528/419
f 2526/2532/421 2523/2533/420 2524/2530/420
f 2528/2534/422 2525/2535/421 2526/2532/421
f 2530/2536/423 2527/2537/422 2528/2534/422
f 2532/2538/424 2529/2539/423 2530/2536/423
f 2534/2540/425 2531/2541/424 2532/2538/424
f 2536/2542/426 2533/2543/425 2534/2540/425
f 2538/2544/427 2535/2545/426 2536/2542/426
f 2540/2546/428 2537/2547/427 2538/2544/427
f 2542/2548/429 2539/2549/428 2540/2546/428
f 2544/2550/430 2541/2551/429 2542/2548/429
f 2546/2552/431 2543/2553/430 2544/2550/430
f 2548/2554/432 2545/2555/431 2546/2552/431
f 2550/2556/433 2547/2557/432 2548/2554/432
f 2552/2558/434 2549/2559/433 2550/2556/433
f 2554/2560/435 2551/2561/434 2552/2558/434
f 2556/2562/436 2553/2563/435 2554/2560/435
f 2558/2564/437 2555/2565/436 2556/2562/436
f 2560/2566/438 2557/2567/437 2558/2564/437
f 2562/2568/439 2559/2569/438 2560/2566/438
f 2564/2570/440 2561/2571/439 2562/2568/439
f 2566/2572/441 2563/2573/440 2564/2570/440
f 2568/2574/442 2565/2575/441 2566/2572/441
f 2570/2576/443 2567/2577/442 2568/2574/442
f 2572/2578/444 2569/2579/443 2570/2576/443
f 2574/2580/445 2571/2581/444 2572/2578/444
f 2576/2582/446 2573/2583/445 2574/2580/445
f 2578/2584/447 2575/2585/446 2576/2582/446
f 2580/2586/448 2577/2587/447 2578/2584/447
f 2582/2588/449 2579/2589/448 2580/2586/448
f 2584/2590/450 2581/2591/449 2582/2588/449
f 2586/2592/451 2583/2593/450 2584/2590/450
f 2588/2594/452 2585/2595/451 2586/2592/451
f 2590/2596/453 2587/2597/452 2588/2594/452
f 2592/2598/454 2589/2599/453 2590/2596/453
f 2594/2600/455 2591/2601/454 2592/2598/454
f 2596/2602/456 2593/2603/455 2594/2600/455
f 2598/2604/457 2595/2605/456 2596/2602/456
f 2600/2606/458 2597/2607/457 2598/2604/457
f 2602/2608/459 2599/2609/458 2600/2606/458
f 2604/2610/460 2601/2611/459 2602/2608/459
f 2606/2612/461 2603/2613/460 2604/2610/460
f 2608/2614/462 2605/2615/461 2606/2612/461
f 2610/2616/463 2607/2617/462 2608/2614/462
f 2612/2618/464 2609/2619/463 2610/2616/463
f 2614/2620/465 2611/2621/464 2612/2618/464
f 2616/2622/466 2613/2623/465 2614/2620/465
f 2618/2624/467 2615/2625/466 2616/2622/466
f 2620/2626/468 2617/2627/467 2618/2624/467
f 2622/2628/469 2619/2629/468 2620/2626/468
f 2624/2630/470 2621/2631/469 2622/2628/469
f 2626/2632/471 2623/2633/470 2624/2630/470
f 2628/2634/472 2625/2635/473 2626/2632/471
f 2482/2636/400 2627/2637/472 2628/2634/472
f 2632/2638/474 2629/2639/475 2630/2640/475
f 2634/2641/476 2631/2642/474 2632/2638/474
f 2636/2643/477 2633/2644/476 2634/2641/476
f 2638/2645/478 2635/2646/477 2636/2643/477
f 2640/2647/479 2637/2648/478 2638/2645/478
f 2642/2649/480 2639/2650/479 2640/2647/479
f 2644/2651/481 2641/2652/480 2642/2649/480
f 2646/2653/482 2643/2654/481 2644/2651/481
f 2648/2655/483 2645/2656/482 2646/2653/482
f 2650/2657/484 2647/2658/483 2648/2655/483
f 2652/2659/485 2649/2660/486 2650/2657/484
f 2654/2661/487 2651/2662/485 2652/2659/485
f 2656/2663/488 2653/2664/487 2654/2661/487
f 2658/2665/489 2655/2666/488 2656/2663/488
f 2660/2667/490 2657/2668/491 2658/2665/489
f 2662/2669/492 2659/2670/490 2660/2667/490
f 2664/2671/493 2661/2672/492 2662/2669/492
f 2666/2673/494 2663/2674/493 2664/2671/493
f 2668/2675/495 2665/2676/494 2666/2673/494
f 2670/2677/496 2667/2678/495 2668/2675/495
f 2672/2679/497 2669/2680/496 2670/2677/496
f 2674/2681/498 2671/2682/497 2672/2679/497
f 2676/2683/499 2673/2684/498 2674/2681/498
f 2678/2685/500 2675/2686/499 2676/2683/499
f 2630/2687/475 2677/2688/500 2678/2685/500
f 2682/2689/501 2679/2690/502 2680/2691/502
f 2684/2692/503 2681/2693/501 2682/2689/501
f 2686/2694/504 2683/2695/503 2684/2692/503
f 2688/2696/505 2685/2697/504 2686/2694/504
f 2690/2698/506 2687/2699/505 2688/2696/505
f 2692/2700/507 2689/2701/506 2690/2698/506
f 2694/2702/508 2691/2703/507 2692/2700/507
f 2696/2704/509 2693/2705/508 2694/2702/508
f 2698/2706/510 2695/2707/509 2696/2704/509
f 2700/2708/511 2697/2709/510 2698/2706/510
f 2702/2710/512 2699/2711/511 2700/2708/511
f 2704/2712/513 2701/2713/512 2702/2710/512
f 2706/2714/514 2703/2715/513 2704/2712/513
f 2708/2716/515 2705/2717/514 2706/2714/514
f 2710/2718/516 2707/2719/515 2708/2716/515
f 2712/2720/517 2709/2721/516 2710/2718/516
f 2714/2722/518 2711/2723/517 2712/2720/517
f 2716/2724/519 2713/2725/518 2714/2722/518
f 2718/2726/520 2715/2727/519 2716/2724/519
f 2720/2728/521 2717/2729/520 2718/2726/520
f 2722/2730/522 2719/2731/521 2720/2728/521
f 2724/2732/523 2721/2733/522 2722/2730/522
f 2726/2734/524 2723/2735/523 2724/2732/523
f 2728/2736/525 2725/2737/524 2726/2734/524
f 2730/2738/526 2727/2739/525 2728/2736/525
f 2732/2740/527 2729/2741/526 2730/2738/526
f 2734/2742/528 2731/2743/527 2732/2740/527
f 2736/2744/435 2733/2745/528 2734/2742/528
f 2738/2746/529 2735/2747/435 2736/2744/435
f 2740/2748/530 2737/2749/529 2738/2746/529
f 2742/2750/531 2739/2751/530 2740/2748/530
f 2744/2752/532 2741/2753/533 2742/2750/531
f 2746/2754/534 2743/2755/532 2744/2752/532
f 2748/2756/535 2745/2757/534 2746/2754/534
f 2750/2758/536 2747/2759/535 2748/2756/535
f 2752/2760/537 2749/2761/536 2750/2758/536
f 2754/2762/33 2751/2763/537 2752/2760/537
f 2756/2764/60 2753/2765/33 2754/2762/33
f 2758/2766/31 2755/2767/60 2756/2764/60
f 2680/2768/502 2757/2769/31 2758/2766/31
f 2762/2770/538 2759/2771/539 2760/2772/539
f 2764/2773/540 2761/2774/538 2762/2770/538
f 2766/2775/541 2763/2776/540 2764/2773/540
f 2768/2777/542 2765/2778/541 2766/2775/541
f 2770/2779/543 2767/2780/542 2768/2777/542
f 2772/2781/544 2769/2782/543 2770/2779/543
f 2774/2783/545 2771/2784/544 2772/2781/544
f 2776/2785/546 2773/2786/545 2774/2783/545
f 2778/2787/547 2775/2788/546 2776/2785/546
f 2780/2789/548 2777/2790/547 2778/2787/547
f 2782/2791/549 2779/2792/548 2780/2789/548
f 2784/2793/550 2781/2794/549 2782/2791/549
f 2786/2795/551 2783/2796/550 2784/2793/550
f 2788/2797/552 2785/2798/551 2786/2795/551
f 2790/2799/553 2787/2800/552 2788/2797/552
f 2792/2801/554 2789/2802/553 2790/2799/553
f 2794/2803/555 2791/2804/554 2792/2801/554
f 2796/2805/556 2793/2806/555 2794/2803/555
f 2798/2807/557 2795/2808/556 2796/2805/556
f 2800/2809/558 2797/2810/557 2798/2807/557
f 2802/2811/559 2799/2812/558 2800/2809/558
f 2804/2813/560 2801/2814/559 2802/2811/559
f 2806/2815/561 2803/2816/560 2804/2813/560
f 2808/2817/562 2805/2818/561 2806/2815/561
f 2810/2819/563 2807/2820/562 2808/2817/562
f 2812/2821/564 2809/2822/563 2810/2819/563
f 2814/2823/565 2811/2824/564 2812/2821/564
f 2816/2825/566 2813/2826/565 2814/2823/565
f 2818/2827/567 2815/2828/566 2816/2825/566
f 2820/2829/568 2817/2830/567 2818/2827/567
f 2822/2831/569 2819/2832/568 2820/2829/568
f 2824/2833/570 2821/2834/569 2822/2831/569
f 2826/2835/571 2823/2836/570 2824/2833/570
f 2828/2837/572 2825/2838/571 2826/2835/571
f 2830/2839/573 2827/2840/572 2828/2837/572
f 2832/2841/33 2829/2842/573 2830/2839/573
f 2834/2843/574 2831/2844/33 2832/2841/33
f 2760/2845/539 2833/2846/574 2834/2843/574
f 2838/2847/33 2835/2848/32 2836/2849/32
f 2840/2850/60 2837/2851/33 2838/2847/33
f 2842/2852/31 2839/2853/60 2840/2850/60
f 2836/2854/32 2841/2855/31 2842/2852/31
f 2846/2856/575 2843/2857/576 2844/2858/576
f 2848/2859/577 2845/2860/575 2846/2856/575
f 2850/2861/578 2847/2862/577 2848/2859/577
f 2852/2863/579 2849/2864/580 2850/2861/578
f 2854/2865/32 2851/2866/579 2852/2863/579
f 2856/2867/581 2853/2868/32 2854/2865/32
f 2858/2869/582 2855/2870/581 2856/2867/581
f 2860/2871/583 2857/2872/582 2858/2869/582
f 2862/2873/584 2859/2874/583 2860/2871/583
f 2864/2875/585 2861/2876/584 2862/2873/584
f 2866/2877/259 2863/2878/585 2864/2875/585
f 2868/2879/586 2865/2880/259 2866/2877/259
f 2870/2881/587 2867/2882/586 2868/2879/586
f 2872/2883/588 2869/2884/587 2870/2881/587
f 2874/2885/589 2871/2886/588 2872/2883/588
f 2876/2887/590 2873/2888/591 2874/2885/589
f 2878/2889/33 2875/2890/590 2876/2887/590
f 2880/2891/592 2877/2892/33 2878/2889/33
f 2882/2893/593 2879/2894/592 2880/2891/592
f 2884/2895/594 2881/2896/595 2882/2893/593
f 2886/2897/596 2883/2898/594 2884/2895/594
f 2888/2899/597 2885/2900/596 2886/2897/596
f 2890/2901/598 2887/2902/597 2888/2899/597
f 2892/2903/599 2889/2904/598 2890/2901/598
f 2894/2905/600 2891/2906/599 2892/2903/599
f 2896/2907/601 2893/2908/600 2894/2905/600
f 2898/2909/602 2895/2910/601 2896/2907/601
f 2900/2911/603 2897/2912/602 2898/2909/602
f 2902/2913/60 2899/2914/603 2900/2911/603
f 2904/2915/604 2901/2916/60 2902/2913/60
f 2906/2917/605 2903/2918/604 2904/2915/604
f 2908/2919/606 2905/2920/605 2906/2917/605
f 2910/2921/607 2907/2922/606 2908/2919/606
f 2912/2923/608 2909/2924/607 2910/2921/607
f 2914/2925/284 2911/2926/608 2912/2923/608
f 2916/2927/609 2913/2928/284 2914/2925/284
f 2918/2929/610 2915/2930/609 2916/2927/609
f 2920/2931/611 2917/2932/610 2918/2929/610
f 2922/2933/612 2919/2934/611 2920/2931/611
f 2924/2935/613 2921/2936/612 2922/2933/612
f 2926/2937/31 2923/2938/613 2924/2935/613
f 2928/2939/614 2925/2940/31 2926/2937/31
f 2930/2941/615 2927/2942/614 2928/2939/614
f 2932/2943/616 2929/2944/617 2930/2941/615
f 2934/2945/618 2931/2946/616 2932/2943/616
f 2936/2947/619 2933/2948/618 2934/2945/618
f 2938/2949/620 2935/2950/619 2936/2947/619
f 2844/2951/576 2937/2952/620 2938/2949/620
f 2942/2953/621 2939/2954/622 2940/2955/622
f 2944/2956/623 2941/2957/621 2942/2953/621
f 2946/2958/624 2943/2959/623 2944/2956/623
f 2948/2960/625 2945/2961/624 2946/2958/624
f 2950/2962/626 2947/2963/625 2948/2960/625
f 2952/2964/627 2949/2965/626 2950/2962/626
f 2954/2966/628 2951/2967/627 2952/2964/627
f 2956/2968/629 2953/2969/628 2954/2966/628
f 2958/2970/551 2955/2971/629 2956/2968/629
f 2960/2972/630 2957/2973/551 2958/2970/551
f 2962/2974/631 2959/2975/630 2960/2972/630
f 2964/2976/632 2961/2977/631 2962/2974/631
f 2966/2978/633 2963/2979/632 2964/2976/632
f 2968/2980/634 2965/2981/633 2966/2978/633
f 2970/2982/635 2967/2983/634 2968/2980/634
f 2972/2984/636 2969/2985/635 2970/2982/635
f 2974/2986/637 2971/2987/636 2972/2984/636
f 2976/2988/638 2973/2989/637 2974/2986/637
f 2978/2990/639 2975/2991/638 2976/2988/638
f 2980/2992/640 2977/2993/639 2978/2990/639
f 2982/2994/641 2979/2995/640 2980/2992/640
f 2984/2996/642 2981/2997/641 2982/2994/641
f 2986/2998/643 2983/2999/642 2984/2996/642
f 2988/3000/644 2985/3001/643 2986/2998/643
f 2990/3002/33 2987/3003/644 2988/3000/644
f 2992/3004/60 2989/3005/33 2990/3002/33
f 2994/3006/645 2991/3007/60 2992/3004/60
f 2996/3008/646 2993/3009/645 2994/3006/645
f 2998/3010/647 2995/3011/646 2996/3008/646
f 3000/3012/648 2997/3013/647 2998/3010/647
f 3002/3014/649 2999/3015/648 3000/3012/648
f 3004/3016/650 3001/3017/649 3002/3014/649
f 3006/3018/651 3003/3019/650 3004/3016/650
f 3008/3020/652 3005/3021/651 3006/3018/651
f 3010/3022/653 3007/3023/652 3008/3020/652
f 3012/3024/654 3009/3025/653 3010/3022/653
f 3014/3026/655 3011/3027/654 3012/3024/654
f 3016/3028/656 3013/3029/655 3014/3026/655
f 3018/3030/657 3015/3031/656 3016/3028/656
f 3020/3032/658 3017/3033/657 3018/3030/657
f 3022/3034/659 3019/3035/660 3020/3032/658
f 3024/3036/661 3021/3037/659 3022/3034/659
f 3026/3038/662 3023/3039/661 3024/3036/661
f 3028/3040/663 3025/3041/662 3026/3038/662
f 3030/3042/664 3027/3043/663 3028/3040/663
f 3032/3044/665 3029/3045/664 3030/3042/664
f 3034/3046/666 3031/3047/665 3032/3044/665
f 3036/3048/667 3033/3049/666 3034/3046/666
f 3038/3050/668 3035/3051/667 3036/3048/667
f 3040/3052/669 3037/3053/668 3038/3050/668
f 3042/3054/670 3039/3055/669 3040/3052/669
f 3044/3056/33 3041/3057/670 3042/3054/670
f 3046/3058/60 3043/3059/33 3044/3056/33
f 3048/3060/31 3045/3061/60 3046/3058/60
f 3050/3062/32 3047/3063/31 3048/3060/31
f 2940/3064/622 3049/3065/32 3050/3062/32
f 3054/3066/297 3051/3067/298 3052/3068/298
f 3056/3069/299 3053/3070/297 3054/3066/297
f 3058/3071/300 3055/3072/299 3056/3069/299
f 3060/3073/301 3057/3074/300 3058/3071/300
f 3062/3075/302 3059/3076/301 3060/3073/301
f 3064/3077/303 3061/3078/302 3062/3075/302
f 3066/3079/304 3063/3080/303 3064/3077/303
f 3068/3081/305 3065/3082/304 3066/3079/304
f 3070/3083/306 3067/3084/305 3068/3081/305
f 3072/3085/307 3069/3086/306 3070/3083/306
f 3074/3087/308 3071/3088/307 3072/3085/307
f 3076/3089/309 3073/3090/308 3074/3087/308
f 3078/3091/310 3075/3092/309 3076/3089/309
f 3080/3093/311 3077/3094/310 3078/3091/310
f 3082/3095/312 3079/3096/311 3080/3093/311
f 3084/3097/313 3081/3098/312 3082/3095/312
f 3086/3099/314 3083/3100/313 3084/3097/313
f 3088/3101/315 3085/3102/314 3086/3099/314
f 3090/3103/316 3087/3104/315 3088/3101/315
f 3092/3105/317 3089/3106/316 3090/3103/316
f 3094/3107/318 3091/3108/317 3092/3105/317
f 3096/3109/319 3093/3110/318 3094/3107/318
f 3098/3111/320 3095/3112/319 3096/3109/319
f 3100/3113/321 3097/3114/320 3098/3111/320
f 3102/3115/322 3099/3116/321 3100/3113/321
f 3104/3117/323 3101/3118/322 3102/3115/322
f 3106/3119/324 3103/3120/323 3104/3117/323
f 3108/3121/325 3105/3122/324 3106/3119/324
f 3110/3123/326 3107/3124/325 3108/3121/325
f 3112/3125/327 3109/3126/326 3110/3123/326
f 3114/3127/328 3111/3128/327 3112/3125/327
f 3116/3129/329 3113/3130/328 3114/3127/328
f 3118/3131/330 3115/3132/329 3116/3129/329
f 3120/3133/331 3117/3134/330 3118/3131/330
f 3122/3135/332 3119/3136/331 3120/3133/331
f 3124/3137/162 3121/3138/332 3122/3135/332
f 3126/3139/333 3123/3140/162 3124/3137/162
f 3128/3141/334 3125/3142/333 3126/3139/333
f 3130/3143/335 3127/3144/334 3128/3141/334
f 3132/3145/336 3129/3146/335 3130/3143/335
f 3134/3147/337 3131/3148/336 3132/3145/336
f 3136/3149/338 3133/3150/337 3134/3147/337
f 3138/3151/339 3135/3152/338 3136/3149/338
f 3140/3153/340 3137/3154/339 3138/3151/339
f 3142/3155/341 3139/3156/340 3140/3153/340
f 3144/3157/342 3141/3158/341 3142/3155/341
f 3146/3159/343 3143/3160/342 3144/3157/342
f 3148/3161/344 3145/3162/343 3146/3159/343
f 3150/3163/31 3147/3164/344 3148/3161/344
f 3152/3165/32 3149/3166/31 3150/3163/31
f 3154/3167/345 3151/3168/32 3152/3165/32
f 3156/3169/346 3153/3170/345 3154/3167/345
f 3158/3171/347 3155/3172/346 3156/3169/346
f 3160/3173/348 3157/3174/347 3158/3171/347
f 3162/3175/349 3159/3176/348 3160/3173/348
f 3164/3177/350 3161/3178/349 3162/3175/349
f 3166/3179/351 3163/3180/350 3164/3177/350
f 3168/3181/352 3165/3182/351 3166/3179/351
f 3170/3183/353 3167/3184/352 3168/3181/352
f 3172/3185/354 3169/3186/353 3170/3183/353
f 3174/3187/355 3171/3188/354 3172/3185/354
f 3176/3189/356 3173/3190/355 3174/3187/355
f 3178/3191/357 3175/3192/358 3176/3189/356
f 3180/3193/359 3177/3194/357 3178/3191/357
f 3182/3195/360 3179/3196/359 3180/3193/359
f 3184/3197/361 3181/3198/360 3182/3195/360
f 3186/3199/362 3183/3200/361 3184/3197/361
f 3188/3201/363 3185/3202/362 3186/3199/362
f 3190/3203/364 3187/3204/363 3188/3201/363
f 3192/3205/365 3189/3206/364 3190/3203/364
f 3194/3207/366 3191/3208/365 3192/3205/365
f 3196/3209/368 3193/3210/366 3194/3207/366
f 3198/3211/369 3195/3212/368 3196/3209/368
f 3200/3213/370 3197/3214/369 3198/3211/369
f 3202/3215/371 3199/3216/370 3200/3213/370
f 3204/3217/31 3201/3218/371 3202/3215/371
f 3206/3219/32 3203/3220/31 3204/3217/31
f 3208/3221/372 3205/3222/32 3206/3219/32
f 3210/3223/373 3207/3224/372 3208/3221/372
f 3212/3225/374 3209/3226/373 3210/3223/373
f 3214/3227/375 3211/3228/374 3212/3225/374
f 3216/3229/376 3213/3230/375 3214/3227/375
f 3218/3231/377 3215/3232/376 3216/3229/376
f 3220/3233/378 3217/3234/671 3218/3231/377
f 3222/3235/379 3219/3236/378 3220/3233/378
f 3224/3237/380 3221/3238/379 3222/3235/379
f 3226/3239/381 3223/3240/380 3224/3237/380
f 3228/3241/382 3225/3242/381 3226/3239/381
f 3230/3243/383 3227/3244/382 3228/3241/382
f 3232/3245/384 3229/3246/383 3230/3243/383
f 3234/3247/385 3231/3248/384 3232/3245/384
f 3236/3249/386 3233/3250/385 3234/3247/385
f 3238/3251/387 3235/3252/386 3236/3249/386
f 3240/3253/388 3237/3254/387 3238/3251/387
f 3242/3255/389 3239/3256/388 3240/3253/388
f 3244/3257/390 3241/3258/391 3242/3255/389
f 3246/3259/392 3243/3260/390 3244/3257/390
f 3248/3261/393 3245/3262/392 3246/3259/392
f 3250/3263/394 3247/3264/393 3248/3261/393
f 3252/3265/395 3249/3266/394 3250/3263/394
f 3254/3267/396 3251/3268/395 3252/3265/395
f 3256/3269/397 3253/3270/396 3254/3267/396
f 3258/3271/31 3255/3272/397 3256/3269/397
f 3260/3273/32 3257/3274/31 3258/3271/31
f 3262/3275/33 3259/3276/32 3260/3273/32
f 3264/3277/60 3261/3278/33 3262/3275/33
f 3052/3279/298 3263/3280/60 3264/3277/60
f 3268/3281/672 3265/3282/673 3266/3283/673
f 3270/3284/674 3267/3285/672 3268/3281/672
f 3272/3286/675 3269/3287/674 3270/3284/674
f 3274/3288/676 3271/3289/675 3272/3286/675
f 3276/3290/677 3273/3291/676 3274/3288/676
f 3278/3292/678 3275/3293/677 3276/3290/677
f 3280/3294/679 3277/3295/678 3278/3292/678
f 3282/3296/680 3279/3297/679 3280/3294/679
f 3284/3298/681 3281/3299/680 3282/3296/680
f 3286/3300/682 3283/3301/681 3284/3298/681
f 3288/3302/683 3285/3303/682 3286/3300/682
f 3290/3304/284 3287/3305/683 3288/3302/683
f 3292/3306/684 3289/3307/284 3290/3304/284
f 3294/3308/685 3291/3309/684 3292/3306/684
f 3296/3310/686 3293/3311/685 3294/3308/685
f 3298/3312/687 3295/3313/686 3296/3310/686
f 3300/3314/688 3297/3315/687 3298/3312/687
f 3302/3316/689 3299/3317/688 3300/3314/688
f 3304/3318/690 3301/3319/691 3302/3316/689
f 3306/3320/692 3303/3321/690 3304/3318/690
f 3308/3322/693 3305/3323/692 3306/3320/692
f 3310/3324/694 3307/3325/693 3308/3322/693
f 3312/3326/695 3309/3327/694 3310/3324/694
f 3314/3328/696 3311/3329/695 3312/3326/695
f 3316/3330/697 3313/3331/696 3314/3328/696
f 3318/3332/698 3315/3333/697 3316/3330/697
f 3320/3334/699 3317/3335/698 3318/3332/698
f 3322/3336/700 3319/3337/699 3320/3334/699
f 3324/3338/701 3321/3339/700 3322/3336/700
f 3326/3340/702 3323/3341/701 3324/3338/701
f 3328/3342/703 3325/3343/702 3326/3340/702
f 3330/3344/704 3327/3345/703 3328/3342/703
f 3332/3346/705 3329/3347/704 3330/3344/704
f 3334/3348/706 3331/3349/705 3332/3346/705
f 3336/3350/707 3333/3351/706 3334/3348/706
f 3338/3352/708 3335/3353/707 3336/3350/707
f 3340/3354/259 3337/3355/708 3338/3352/708
f 3342/3356/709 3339/3357/259 3340/3354/259
f 3344/3358/710 3341/3359/709 3342/3356/709
f 3346/3360/711 3343/3361/710 3344/3358/710
f 3348/3362/712 3345/3363/711 3346/3360/711
f 3350/3364/713 3347/3365/712 3348/3362/712
f 3352/3366/714 3349/3367/713 3350/3364/713
f 3354/3368/715 3351/3369/714 3352/3366/714
f 3356/3370/716 3353/3371/715 3354/3368/715
f 3358/3372/717 3355/3373/716 3356/3370/716
f 3360/3374/718 3357/3375/717 3358/3372/717
f 3362/3376/719 3359/3377/718 3360/3374/718
f 3364/3378/720 3361/3379/719 3362/3376/719
f 3266/3380/673 3363/3381/720 3364/3378/720
f 1686/1683/7 1685/1687/7 1683/1684/8
f 1688/1686/9 1687/1689/9 1685/1687/7
f 1690/1688/10 1689/1691/10 1687/1689/9
f 1692/1690/11 1691/1693/11 1689/1691/10
f 1694/1692/12 1693/1695/12 1691/1693/11
f 1696/1694/13 1695/1697/13 1693/1695/12
f 1698/1696/14 1697/1699/14 1695/1697/13
f 1700/1698/15 1699/1701/15 1697/1699/14
f 1702/1700/16 1701/1703/16 1699/1701/15
f 1704/1702/17 1703/1705/17 1701/1703/16
f 1706/1704/18 1705/1707/18 1703/1705/17
f 1708/1706/19 1707/1709/19 1705/1707/18
f 1710/1708/20 1709/1711/20 1707/1709/19
f 1712/1710/21 1711/1713/21 1709/1711/20
f 1714/1712/22 1713/1715/22 1711/1713/21
f 1716/1714/23 1715/1717/23 1713/1715/22
f 1718/1716/24 1717/1719/24 1715/1717/23
f 1720/1718/25 1719/1721/25 1717/1719/24
f 1722/1720/26 1721/1723/26 1719/1721/25
f 1724/1722/27 1723/1725/27 1721/1723/26
f 1726/1724/28 1725/1727/28 1723/1725/27
f 1728/1726/29 1727/1729/29 1725/1727/28
f 1730/1728/30 1729/1731/30 1727/1729/29
f 1732/1730/31 1731/1733/31 1729/1731/30
f 1734/1732/31 1733/1735/31 1731/1733/31
f 1736/1734/32 1735/1737/32 1733/1735/31
f 1738/1736/33 1737/1739/33 1735/1737/32
f 1740/1738/34 1739/1741/34 1737/1739/33
f 1684/1740/8 1683/3382/8 1739/1741/34
f 1744/1742/35 1743/1746/35 1741/1743/36
f 1746/1745/37 1745/1748/37 1743/1746/35
f 1748/1747/38 1747/1750/38 1745/1748/37
f 1750/1749/39 1749/1752/39 1747/1750/38
f 1752/1751/40 1751/1754/40 1749/1752/39
f 1754/1753/41 1753/1756/41 1751/1754/40
f 1756/1755/42 1755/1758/42 1753/1756/41
f 1758/1757/43 1757/1760/43 1755/1758/42
f 1760/1759/44 1759/1762/44 1757/1760/43
f 1762/1761/45 1761/1764/45 1759/1762/44
f 1764/1763/46 1763/1766/46 1761/1764/45
f 1766/1765/47 1765/1768/47 1763/1766/46
f 1768/1767/48 1767/1770/48 1765/1768/47
f 1770/1769/49 1769/1772/49 1767/1770/48
f 1772/1771/50 1771/1774/50 1769/1772/49
f 1774/1773/51 1773/1776/51 1771/1774/50
f 1776/1775/52 1775/1778/52 1773/1776/51
f 1778/1777/53 1777/1780/53 1775/1778/52
f 1780/1779/54 1779/1782/54 1777/1780/53
f 1782/1781/55 1781/1784/55 1779/1782/54
f 1784/1783/56 1783/1786/56 1781/1784/55
f 1786/1785/57 1785/1788/57 1783/1786/56
f 1788/1787/58 1787/1790/58 1785/1788/57
f 1790/1789/59 1789/1792/59 1787/1790/58
f 1792/1791/31 1791/1794/31 1789/1792/59
f 1794/1793/60 1793/1796/60 1791/1794/31
f 1742/1795/36 1741/3383/36 1793/1796/60
f 1798/1797/33 1797/1801/33 1795/1798/32
f 1800/1800/60 1799/1803/60 1797/1801/33
f 1802/1802/31 1801/1805/31 1799/1803/60
f 1796/1804/32 1795/3384/32 1801/1805/31
f 1806/1806/61 1805/1810/61 1803/1807/62
f 1808/1809/63 1807/1812/65 1805/1810/61
f 1810/1811/64 1809/1814/64 1807/1812/65
f 1812/1813/66 1811/1816/66 1809/1814/64
f 1814/1815/67 1813/1818/67 1811/1816/66
f 1816/1817/68 1815/1820/68 1813/1818/67
f 1818/1819/69 1817/1822/69 1815/1820/68
f 1820/1821/70 1819/1824/70 1817/1822/69
f 1822/1823/71 1821/1826/71 1819/1824/70
f 1824/1825/72 1823/1828/72 1821/1826/71
f 1826/1827/73 1825/1830/73 1823/1828/72
f 1828/1829/74 1827/1832/74 1825/1830/73
f 1830/1831/75 1829/1834/75 1827/1832/74
f 1832/1833/76 1831/1836/76 1829/1834/75
f 1834/1835/77 1833/1838/77 1831/1836/76
f 1836/1837/78 1835/1840/78 1833/1838/77
f 1838/1839/79 1837/1842/79 1835/1840/78
f 1840/1841/80 1839/1844/80 1837/1842/79
f 1842/1843/81 1841/1846/81 1839/1844/80
f 1844/1845/82 1843/1848/82 1841/1846/81
f 1846/1847/83 1845/1850/83 1843/1848/82
f 1848/1849/84 1847/1852/84 1845/1850/83
f 1850/1851/85 1849/1854/85 1847/1852/84
f 1852/1853/86 1851/1856/86 1849/1854/85
f 1854/1855/87 1853/1858/87 1851/1856/86
f 1856/1857/88 1855/1860/88 1853/1858/87
f 1858/1859/89 1857/1862/89 1855/1860/88
f 1860/1861/90 1859/1864/90 1857/1862/89
f 1862/1863/91 1861/1866/91 1859/1864/90
f 1864/1865/92 1863/1868/92 1861/1866/91
f 1866/1867/93 1865/1870/93 1863/1868/92
f 1868/1869/94 1867/1872/94 1865/1870/93
f 1870/1871/95 1869/1874/95 1867/1872/94
f 1872/1873/96 1871/1876/96 1869/1874/95
f 1874/1875/97 1873/1878/97 1871/1876/96
f 1876/1877/98 1875/1880/98 1873/1878/97
f 1878/1879/99 1877/1882/99 1875/1880/98
f 1880/1881/100 1879/1884/100 1877/1882/99
f 1882/1883/101 1881/1886/101 1879/1884/100
f 1884/1885/102 1883/1888/102 1881/1886/101
f 1886/1887/103 1885/1890/103 1883/1888/102
f 1888/1889/104 1887/1892/104 1885/1890/103
f 1890/1891/105 1889/1894/105 1887/1892/104
f 1892/1893/106 1891/1896/106 1889/1894/105
f 1894/1895/107 1893/1898/107 1891/1896/106
f 1896/1897/108 1895/1900/108 1893/1898/107
f 1898/1899/109 1897/1902/109 1895/1900/108
f 1900/1901/110 1899/1904/110 1897/1902/109
f 1902/1903/111 1901/1906/111 1899/1904/110
f 1904/1905/112 1903/1908/112 1901/1906/111
f 1906/1907/113 1905/1910/113 1903/1908/112
f 1908/1909/114 1907/1912/114 1905/1910/113
f 1910/1911/115 1909/1914/115 1907/1912/114
f 1912/1913/116 1911/1916/116 1909/1914/115
f 1914/1915/117 1913/1918/117 1911/1916/116
f 1916/1917/118 1915/1920/118 1913/1918/117
f 1918/1919/119 1917/1922/119 1915/1920/118
f 1920/1921/120 1919/1924/120 1917/1922/119
f 1922/1923/121 1921/1926/121 1919/1924/120
f 1924/1925/122 1923/1928/122 1921/1926/121
f 1926/1927/123 1925/1930/123 1923/1928/122
f 1928/1929/124 1927/1932/124 1925/1930/123
f 1930/1931/125 1929/1934/125 1927/1932/124
f 1932/1933/126 1931/1936/126 1929/1934/125
f 1934/1935/127 1933/1938/127 1931/1936/126
f 1936/1937/128 1935/1940/128 1933/1938/127
f 1938/1939/129 1937/1942/129 1935/1940/128
f 1940/1941/130 1939/1944/130 1937/1942/129
f 1942/1943/131 1941/1946/131 1939/1944/130
f 1944/1945/132 1943/1948/132 1941/1946/131
f 1946/1947/133 1945/1950/135 1943/1948/132
f 1948/1949/134 1947/1952/134 1945/1950/135
f 1950/1951/136 1949/1954/136 1947/1952/134
f 1952/1953/137 1951/1956/137 1949/1954/136
f 1954/1955/138 1953/1958/138 1951/1956/137
f 1956/1957/139 1955/1960/139 1953/1958/138
f 1958/1959/140 1957/1962/142 1955/1960/139
f 1960/1961/141 1959/1964/141 1957/1962/142
f 1962/1963/143 1961/1966/143 1959/1964/141
f 1964/1965/144 1963/1968/144 1961/1966/143
f 1966/1967/145 1965/1970/145 1963/1968/144
f 1968/1969/146 1967/1972/146 1965/1970/145
f 1970/1971/147 1969/1974/147 1967/1972/146
f 1972/1973/148 1971/1976/148 1969/1974/147
f 1974/1975/149 1973/1978/149 1971/1976/148
f 1976/1977/150 1975/1980/150 1973/1978/149
f 1978/1979/151 1977/1982/151 1975/1980/150
f 1980/1981/152 1979/1984/152 1977/1982/151
f 1982/1983/153 1981/1986/153 1979/1984/152
f 1984/1985/154 1983/1988/154 1981/1986/153
f 1986/1987/155 1985/1990/155 1983/1988/154
f 1988/1989/156 1987/1992/156 1985/1990/155
f 1990/1991/157 1989/1994/157 1987/1992/156
f 1992/1993/158 1991/1996/158 1989/1994/157
f 1994/1995/159 1993/1998/159 1991/1996/158
f 1996/1997/160 1995/2000/160 1993/1998/159
f 1998/1999/161 1997/2002/161 1995/2000/160
f 2000/2001/162 1999/2004/162 1997/2002/161
f 2002/2003/163 2001/2006/163 1999/2004/162
f 2004/2005/164 2003/2008/164 2001/2006/163
f 2006/2007/165 2005/2010/165 2003/2008/164
f 2008/2009/166 2007/2012/166 2005/2010/165
f 2010/2011/167 2009/2014/167 2007/2012/166
f 2012/2013/168 2011/2016/168 2009/2014/167
f 2014/2015/169 2013/2018/169 2011/2016/168
f 2016/2017/170 2015/2020/170 2013/2018/169
f 2018/2019/171 2017/2022/171 2015/2020/170
f 2020/2021/172 2019/2024/172 2017/2022/171
f 2022/2023/173 2021/2026/173 2019/2024/172
f 2024/2025/174 2023/2028/174 2021/2026/173
f 2026/2027/175 2025/2030/175 2023/2028/174
f 2028/2029/176 2027/2032/176 2025/2030/175
f 2030/2031/177 2029/2034/177 2027/2032/176
f 2032/2033/178 2031/2036/178 2029/2034/177
f 2034/2035/179 2033/2038/179 2031/2036/178
f 2036/2037/180 2035/2040/180 2033/2038/179
f 2038/2039/181 2037/2042/181 2035/2040/180
f 2040/2041/182 2039/2044/182 2037/2042/181
f 2042/2043/183 2041/2046/183 2039/2044/182
f 2044/2045/184 2043/2048/184 2041/2046/183
f 2046/2047/185 2045/2050/185 2043/2048/184
f 2048/2049/186 2047/2052/186 2045/2050/185
f 2050/2051/187 2049/2054/187 2047/2052/186
f 2052/2053/188 2051/2056/188 2049/2054/187
f 2054/2055/189 2053/2058/189 2051/2056/188
f 2056/2057/190 2055/2060/190 2053/2058/189
f 2058/2059/191 2057/2062/191 2055/2060/190
f 2060/2061/192 2059/2064/192 2057/2062/191
f 2062/2063/193 2061/2066/193 2059/2064/192
f 2064/2065/194 2063/2068/194 2061/2066/193
f 2066/2067/195 2065/2070/197 2063/2068/194
f 2068/2069/196 2067/2072/196 2065/2070/197
f 2070/2071/198 2069/2074/198 2067/2072/196
f 2072/2073/199 2071/2076/199 2069/2074/198
f 2074/2075/200 2073/2078/200 2071/2076/199
f 2076/2077/201 2075/2080/201 2073/2078/200
f 1804/2079/62 1803/3385/62 2075/2080/201
f 2080/2081/202 2079/2085/202 2077/2082/203
f 2082/2084/204 2081/2087/204 2079/2085/202
f 2084/2086/205 2083/2089/205 2081/2087/204
f 2086/2088/206 2085/2091/206 2083/2089/205
f 2088/2090/207 2087/2093/207 2085/2091/206
f 2090/2092/208 2089/2095/208 2087/2093/207
f 2092/2094/209 2091/2097/209 2089/2095/208
f 2094/2096/210 2093/2099/210 2091/2097/209
f 2096/2098/211 2095/2101/211 2093/2099/210
f 2098/2100/212 2097/2103/212 2095/2101/211
f 2100/2102/213 2099/2105/213 2097/2103/212
f 2102/2104/214 2101/2107/214 2099/2105/213
f 2104/2106/215 2103/2109/215 2101/2107/214
f 2106/2108/216 2105/2111/216 2103/2109/215
f 2108/2110/217 2107/2113/217 2105/2111/216
f 2110/2112/218 2109/2115/218 2107/2113/217
f 2112/2114/219 2111/2117/219 2109/2115/218
f 2114/2116/220 2113/2119/220 2111/2117/219
f 2116/2118/221 2115/2121/221 2113/2119/220
f 2118/2120/222 2117/2123/222 2115/2121/221
f 2120/2122/223 2119/2125/223 2117/2123/222
f 2122/2124/224 2121/2127/224 2119/2125/223
f 2124/2126/225 2123/2129/225 2121/2127/224
f 2126/2128/226 2125/2131/226 2123/2129/225
f 2128/2130/227 2127/2133/227 2125/2131/226
f 2130/2132/228 2129/2135/228 2127/2133/227
f 2132/2134/229 2131/2137/229 2129/2135/228
f 2134/2136/230 2133/2139/230 2131/2137/229
f 2136/2138/231 2135/2141/231 2133/2139/230
f 2138/2140/232 2137/2143/232 2135/2141/231
f 2140/2142/233 2139/2145/233 2137/2143/232
f 2142/2144/234 2141/2147/234 2139/2145/233
f 2144/2146/235 2143/2149/235 2141/2147/234
f 2146/2148/236 2145/2151/236 2143/2149/235
f 2148/2150/237 2147/2153/237 2145/2151/236
f 2150/2152/238 2149/2155/238 2147/2153/237
f 2078/2154/203 2077/3386/203 2149/2155/238
f 2154/2156/239 2153/2160/239 2151/2157/240
f 2156/2159/241 2155/2162/241 2153/2160/239
f 2158/2161/242 2157/2164/242 2155/2162/241
f 2160/2163/243 2159/2166/243 2157/2164/242
f 2162/2165/244 2161/2168/244 2159/2166/243
f 2164/2167/245 2163/2170/245 2161/2168/244
f 2166/2169/246 2165/2172/246 2163/2170/245
f 2152/2171/240 2151/3387/240 2165/2172/246
f 2170/2173/247 2169/2177/247 2167/2174/248
f 2172/2176/249 2171/2179/249 2169/2177/247
f 2174/2178/250 2173/2181/250 2171/2179/249
f 2176/2180/251 2175/2183/251 2173/2181/250
f 2178/2182/252 2177/2185/252 2175/2183/251
f 2180/2184/253 2179/2187/253 2177/2185/252
f 2182/2186/254 2181/2189/254 2179/2187/253
f 2184/2188/255 2183/2191/255 2181/2189/254
f 2186/2190/256 2185/2193/256 2183/2191/255
f 2188/2192/257 2187/2195/257 2185/2193/256
f 2190/2194/258 2189/2197/258 2187/2195/257
f 2192/2196/259 2191/2199/259 2189/2197/258
f 2194/2198/260 2193/2201/260 2191/2199/259
f 2196/2200/261 2195/2203/261 2193/2201/260
f 2198/2202/262 2197/2205/262 2195/2203/261
f 2200/2204/263 2199/2207/263 2197/2205/262
f 2202/2206/264 2201/2209/264 2199/2207/263
f 2204/2208/265 2203/2211/265 2201/2209/264
f 2206/2210/266 2205/2213/266 2203/2211/265
f 2208/2212/267 2207/2215/267 2205/2213/266
f 2210/2214/268 2209/2217/268 2207/2215/267
f 2212/2216/269 2211/2219/269 2209/2217/268
f 2214/2218/270 2213/2221/270 2211/2219/269
f 2216/2220/271 2215/2223/271 2213/2221/270
f 2218/2222/272 2217/2225/272 2215/2223/271
f 2220/2224/273 2219/2227/273 2217/2225/272
f 2222/2226/274 2221/2229/274 2219/2227/273
f 2224/2228/275 2223/2231/275 2221/2229/274
f 2226/2230/276 2225/2233/276 2223/2231/275
f 2228/2232/277 2227/2235/277 2225/2233/276
f 2230/2234/278 2229/2237/278 2227/2235/277
f 2232/2236/279 2231/2239/279 2229/2237/278
f 2234/2238/280 2233/2241/280 2231/2239/279
f 2236/2240/281 2235/2243/281 2233/2241/280
f 2238/2242/282 2237/2245/282 2235/2243/281
f 2240/2244/283 2239/2247/283 2237/2245/282
f 2242/2246/284 2241/2249/284 2239/2247/283
f 2244/2248/285 2243/2251/285 2241/2249/284
f 2246/2250/286 2245/2253/286 2243/2251/285
f 2248/2252/287 2247/2255/287 2245/2253/286
f 2250/2254/288 2249/2257/288 2247/2255/287
f 2252/2256/289 2251/2259/289 2249/2257/288
f 2254/2258/290 2253/2261/290 2251/2259/289
f 2256/2260/291 2255/2263/291 2253/2261/290
f 2258/2262/292 2257/2265/292 2255/2263/291
f 2260/2264/293 2259/2267/293 2257/2265/292
f 2262/2266/294 2261/2269/294 2259/2267/293
f 2264/2268/295 2263/2271/295 2261/2269/294
f 2266/2270/296 2265/2273/296 2263/2271/295
f 2168/2272/248 2167/3388/248 2265/2273/296
f 2270/2274/297 2269/2278/297 2267/2275/298
f 2272/2277/299 2271/2280/299 2269/2278/297
f 2274/2279/300 2273/2282/300 2271/2280/299
f 2276/2281/301 2275/2284/301 2273/2282/300
f 2278/2283/302 2277/2286/302 2275/2284/301
f 2280/2285/303 2279/2288/303 2277/2286/302
f 2282/2287/304 2281/2290/304 2279/2288/303
f 2284/2289/305 2283/2292/305 2281/2290/304
f 2286/2291/306 2285/2294/306 2283/2292/305
f 2288/2293/307 2287/2296/307 2285/2294/306
f 2290/2295/308 2289/2298/308 2287/2296/307
f 2292/2297/309 2291/2300/309 2289/2298/308
f 2294/2299/310 2293/2302/310 2291/2300/309
f 2296/2301/311 2295/2304/311 2293/2302/310
f 2298/2303/312 2297/2306/312 2295/2304/311
f 2300/2305/313 2299/2308/313 2297/2306/312
f 2302/2307/314 2301/2310/314 2299/2308/313
f 2304/2309/315 2303/2312/315 2301/2310/314
f 2306/2311/316 2305/2314/316 2303/2312/315
f 2308/2313/317 2307/2316/317 2305/2314/316
f 2310/2315/318 2309/2318/318 2307/2316/317
f 2312/2317/319 2311/2320/319 2309/2318/318
f 2314/2319/320 2313/2322/320 2311/2320/319
f 2316/2321/321 2315/2324/321 2313/2322/320
f 2318/2323/322 2317/2326/322 2315/2324/321
f 2320/2325/323 2319/2328/323 2317/2326/322
f 2322/2327/324 2321/2330/324 2319/2328/323
f 2324/2329/325 2323/2332/325 2321/2330/324
f 2326/2331/326 2325/2334/326 2323/2332/325
f 2328/2333/327 2327/2336/327 2325/2334/326
f 2330/2335/328 2329/2338/328 2327/2336/327
f 2332/2337/329 2331/2340/329 2329/2338/328
f 2334/2339/330 2333/2342/330 2331/2340/329
f 2336/2341/331 2335/2344/331 2333/2342/330
f 2338/2343/332 2337/2346/332 2335/2344/331
f 2340/2345/162 2339/2348/162 2337/2346/332
f 2342/2347/333 2341/2350/333 2339/2348/162
f 2344/2349/334 2343/2352/334 2341/2350/333
f 2346/2351/335 2345/2354/335 2343/2352/334
f 2348/2353/336 2347/2356/336 2345/2354/335
f 2350/2355/337 2349/2358/337 2347/2356/336
f 2352/2357/338 2351/2360/338 2349/2358/337
f 2354/2359/339 2353/2362/339 2351/2360/338
f 2356/2361/340 2355/2364/340 2353/2362/339
f 2358/2363/341 2357/2366/341 2355/2364/340
f 2360/2365/342 2359/2368/342 2357/2366/341
f 2362/2367/343 2361/2370/343 2359/2368/342
f 2364/2369/344 2363/2372/344 2361/2370/343
f 2366/2371/31 2365/2374/31 2363/2372/344
f 2368/2373/32 2367/2376/32 2365/2374/31
f 2370/2375/345 2369/2378/345 2367/2376/32
f 2372/2377/346 2371/2380/346 2369/2378/345
f 2374/2379/347 2373/2382/347 2371/2380/346
f 2376/2381/348 2375/2384/348 2373/2382/347
f 2378/2383/349 2377/2386/349 2375/2384/348
f 2380/2385/350 2379/2388/350 2377/2386/349
f 2382/2387/351 2381/2390/351 2379/2388/350
f 2384/2389/352 2383/2392/352 2381/2390/351
f 2386/2391/353 2385/2394/353 2383/2392/352
f 2388/2393/354 2387/2396/354 2385/2394/353
f 2390/2395/355 2389/2398/355 2387/2396/354
f 2392/2397/356 2391/2400/358 2389/2398/355
f 2394/2399/357 2393/2402/357 2391/2400/358
f 2396/2401/359 2395/2404/359 2393/2402/357
f 2398/2403/360 2397/2406/360 2395/2404/359
f 2400/2405/361 2399/2408/361 2397/2406/360
f 2402/2407/362 2401/2410/362 2399/2408/361
f 2404/2409/363 2403/2412/363 2401/2410/362
f 2406/2411/364 2405/2414/364 2403/2412/363
f 2408/2413/365 2407/2416/367 2405/2414/364
f 2410/2415/366 2409/2418/366 2407/2416/367
f 2412/2417/368 2411/2420/368 2409/2418/366
f 2414/2419/369 2413/2422/369 2411/2420/368
f 2416/2421/370 2415/2424/370 2413/2422/369
f 2418/2423/371 2417/2426/371 2415/2424/370
f 2420/2425/31 2419/2428/31 2417/2426/371
f 2422/2427/32 2421/2430/32 2419/2428/31
f 2424/2429/372 2423/2432/372 2421/2430/32
f 2426/2431/373 2425/2434/373 2423/2432/372
f 2428/2433/374 2427/2436/374 2425/2434/373
f 2430/2435/375 2429/2438/375 2427/2436/374
f 2432/2437/376 2431/2440/376 2429/2438/375
f 2434/2439/377 2433/2442/377 2431/2440/376
f 2436/2441/378 2435/2444/378 2433/2442/377
f 2438/2443/379 2437/2446/379 2435/2444/378
f 2440/2445/380 2439/2448/380 2437/2446/379
f 2442/2447/381 2441/2450/381 2439/2448/380
f 2444/2449/382 2443/2452/382 2441/2450/381
f 2446/2451/383 2445/2454/383 2443/2452/382
f 2448/2453/384 2447/2456/384 2445/2454/383
f 2450/2455/385 2449/2458/385 2447/2456/384
f 2452/2457/386 2451/2460/386 2449/2458/385
f 2454/2459/387 2453/2462/387 2451/2460/386
f 2456/2461/388 2455/2464/388 2453/2462/387
f 2458/2463/389 2457/2466/391 2455/2464/388
f 2460/2465/390 2459/2468/390 2457/2466/391
f 2462/2467/392 2461/2470/392 2459/2468/390
f 2464/2469/393 2463/2472/393 2461/2470/392
f 2466/2471/394 2465/2474/394 2463/2472/393
f 2468/2473/395 2467/2476/395 2465/2474/394
f 2470/2475/396 2469/2478/396 2467/2476/395
f 2472/2477/397 2471/2480/397 2469/2478/396
f 2474/2479/31 2473/2482/31 2471/2480/397
f 2476/2481/32 2475/2484/32 2473/2482/31
f 2478/2483/33 2477/2486/33 2475/2484/32
f 2480/2485/60 2479/2488/60 2477/2486/33
f 2268/2487/298 2267/3389/298 2479/2488/60
f 2484/2489/398 2483/2493/398 2481/2490/399
f 2486/2492/401 2485/2495/401 2483/2493/398
f 2488/2494/402 2487/2497/402 2485/2495/401
f 2490/2496/403 2489/2499/403 2487/2497/402
f 2492/2498/404 2491/2501/404 2489/2499/403
f 2494/2500/405 2493/2503/405 2491/2501/404
f 2496/2502/406 2495/2505/406 2493/2503/405
f 2498/2504/407 2497/2507/407 2495/2505/406
f 2500/2506/408 2499/2509/408 2497/2507/407
f 2502/2508/409 2501/2511/409 2499/2509/408
f 2504/2510/410 2503/2513/410 2501/2511/409
f 2506/2512/411 2505/2515/411 2503/2513/410
f 2508/2514/412 2507/2517/412 2505/2515/411
f 2510/2516/413 2509/2519/413 2507/2517/412
f 2512/2518/414 2511/2521/414 2509/2519/413
f 2514/2520/415 2513/2523/415 2511/2521/414
f 2516/2522/416 2515/2525/416 2513/2523/415
f 2518/2524/417 2517/2527/417 2515/2525/416
f 2520/2526/418 2519/2529/418 2517/2527/417
f 2522/2528/419 2521/2531/419 2519/2529/418
f 2524/2530/420 2523/2533/420 2521/2531/419
f 2526/2532/421 2525/2535/421 2523/2533/420
f 2528/2534/422 2527/2537/422 2525/2535/421
f 2530/2536/423 2529/2539/423 2527/2537/422
f 2532/2538/424 2531/2541/424 2529/2539/423
f 2534/2540/425 2533/2543/425 2531/2541/424
f 2536/2542/426 2535/2545/426 2533/2543/425
f 2538/2544/427 2537/2547/427 2535/2545/426
f 2540/2546/428 2539/2549/428 2537/2547/427
f 2542/2548/429 2541/2551/429 2539/2549/428
f 2544/2550/430 2543/2553/430 2541/2551/429
f 2546/2552/431 2545/2555/431 2543/2553/430
f 2548/2554/432 2547/2557/432 2545/2555/431
f 2550/2556/433 2549/2559/433 2547/2557/432
f 2552/2558/434 2551/2561/434 2549/2559/433
f 2554/2560/435 2553/2563/435 2551/2561/434
f 2556/2562/436 2555/2565/436 2553/2563/435
f 2558/2564/437 2557/2567/437 2555/2565/436
f 2560/2566/438 2559/2569/438 2557/2567/437
f 2562/2568/439 2561/2571/439 2559/2569/438
f 2564/2570/440 2563/2573/440 2561/2571/439
f 2566/2572/441 2565/2575/441 2563/2573/440
f 2568/2574/442 2567/2577/442 2565/2575/441
f 2570/2576/443 2569/2579/443 2567/2577/442
f 2572/2578/444 2571/2581/444 2569/2579/443
f 2574/2580/445 2573/2583/445 2571/2581/444
f 2576/2582/446 2575/2585/446 2573/2583/445
f 2578/2584/447 2577/2587/447 2575/2585/446
f 2580/2586/448 2579/2589/448 2577/2587/447
f 2582/2588/449 2581/2591/449 2579/2589/448
f 2584/2590/450 2583/2593/450 2581/2591/449
f 2586/2592/451 2585/2595/451 2583/2593/450
f 2588/2594/452 2587/2597/452 2585/2595/451
f 2590/2596/453 2589/2599/453 2587/2597/452
f 2592/2598/454 2591/2601/454 2589/2599/453
f 2594/2600/455 2593/2603/455 2591/2601/454
f 2596/2602/456 2595/2605/456 2593/2603/455
f 2598/2604/457 2597/2607/457 2595/2605/456
f 2600/2606/458 2599/2609/458 2597/2607/457
f 2602/2608/459 2601/2611/459 2599/2609/458
f 2604/2610/460 2603/2613/460 2601/2611/459
f 2606/2612/461 2605/2615/461 2603/2613/460
f 2608/2614/462 2607/2617/462 2605/2615/461
f 2610/2616/463 2609/2619/463 2607/2617/462
f 2612/2618/464 2611/2621/464 2609/2619/463
f 2614/2620/465 2613/2623/465 2611/2621/464
f 2616/2622/466 2615/2625/466 2613/2623/465
f 2618/2624/467 2617/2627/467 2615/2625/466
f 2620/2626/468 2619/2629/468 2617/2627/467
f 2622/2628/469 2621/2631/469 2619/2629/468
f 2624/2630/470 2623/2633/470 2621/2631/469
f 2626/2632/471 2625/2635/473 2623/2633/470
f 2628/2634/472 2627/2637/472 2625/2635/473
f 2482/2636/400 2481/3390/399 2627/2637/472
f 2632/2638/474 2631/2642/474 2629/2639/475
f 2634/2641/476 2633/2644/476 2631/2642/474
f 2636/2643/477 2635/2646/477 2633/2644/476
f 2638/2645/478 2637/2648/478 2635/2646/477
f 2640/2647/479 2639/2650/479 2637/2648/478
f 2642/2649/480 2641/2652/480 2639/2650/479
f 2644/2651/481 2643/2654/481 2641/2652/480
f 2646/2653/482 2645/2656/482 2643/2654/481
f 2648/2655/483 2647/2658/483 2645/2656/482
f 2650/2657/484 2649/2660/486 2647/2658/483
f 2652/2659/485 2651/2662/485 2649/2660/486
f 2654/2661/487 2653/2664/487 2651/2662/485
f 2656/2663/488 2655/2666/488 2653/2664/487
f 2658/2665/489 2657/2668/491 2655/2666/488
f 2660/2667/490 2659/2670/490 2657/2668/491
f 2662/2669/492 2661/2672/492 2659/2670/490
f 2664/2671/493 2663/2674/493 2661/2672/492
f 2666/2673/494 2665/2676/494 2663/2674/493
f 2668/2675/495 2667/2678/495 2665/2676/494
f 2670/2677/496 2669/2680/496 2667/2678/495
f 2672/2679/497 2671/2682/497 2669/2680/496
f 2674/2681/498 2673/2684/498 2671/2682/497
f 2676/2683/499 2675/2686/499 2673/2684/498
f 2678/2685/500 2677/2688/500 2675/2686/499
f 2630/2687/475 2629/3391/475 2677/2688/500
f 2682/2689/501 2681/2693/501 2679/2690/502
f 2684/2692/503 2683/2695/503 2681/2693/501
f 2686/2694/504 2685/2697/504 2683/2695/503
f 2688/2696/505 2687/2699/505 2685/2697/504
f 2690/2698/506 2689/2701/506 2687/2699/505
f 2692/2700/507 2691/2703/507 2689/2701/506
f 2694/2702/508 2693/2705/508 2691/2703/507
f 2696/2704/509 2695/2707/509 2693/2705/508
f 2698/2706/510 2697/2709/510 2695/2707/509
f 2700/2708/511 2699/2711/511 2697/2709/510
f 2702/2710/512 2701/2713/512 2699/2711/511
f 2704/2712/513 2703/2715/513 2701/2713/512
f 2706/2714/514 2705/2717/514 2703/2715/513
f 2708/2716/515 2707/2719/515 2705/2717/514
f 2710/2718/516 2709/2721/516 2707/2719/515
f 2712/2720/517 2711/2723/517 2709/2721/516
f 2714/2722/518 2713/2725/518 2711/2723/517
f 2716/2724/519 2715/2727/519 2713/2725/518
f 2718/2726/520 2717/2729/520 2715/2727/519
f 2720/2728/521 2719/2731/521 2717/2729/520
f 2722/2730/522 2721/2733/522 2719/2731/521
f 2724/2732/523 2723/2735/523 2721/2733/522
f 2726/2734/524 2725/2737/524 2723/2735/523
f 2728/2736/525 2727/2739/525 2725/2737/524
f 2730/2738/526 2729/2741/526 2727/2739/525
f 2732/2740/527 2731/2743/527 2729/2741/526
f 2734/2742/528 2733/2745/528 2731/2743/527
f 2736/2744/435 2735/2747/435 2733/2745/528
f 2738/2746/529 2737/2749/529 2735/2747/435
f 2740/2748/530 2739/2751/530 2737/2749/529
f 2742/2750/531 2741/2753/533 2739/2751/530
f 2744/2752/532 2743/2755/532 2741/2753/533
f 2746/2754/534 2745/2757/534 2743/2755/532
f 2748/2756/535 2747/2759/535 2745/2757/534
f 2750/2758/536 2749/2761/536 2747/2759/535
f 2752/2760/537 2751/2763/537 2749/2761/536
f 2754/2762/33 2753/2765/33 2751/2763/537
f 2756/2764/60 2755/2767/60 2753/2765/33
f 2758/2766/31 2757/2769/31 2755/2767/60
f 2680/2768/502 2679/3392/502 2757/2769/31
f 2762/2770/538 2761/2774/538 2759/2771/539
f 2764/2773/540 2763/2776/540 2761/2774/538
f 2766/2775/541 2765/2778/541 2763/2776/540
f 2768/2777/542 2767/2780/542 2765/2778/541
f 2770/2779/543 2769/2782/543 2767/2780/542
f 2772/2781/544 2771/2784/544 2769/2782/543
f 2774/2783/545 2773/2786/545 2771/2784/544
f 2776/2785/546 2775/2788/546 2773/2786/545
f 2778/2787/547 2777/2790/547 2775/2788/546
f 2780/2789/548 2779/2792/548 2777/2790/547
f 2782/2791/549 2781/2794/549 2779/2792/548
f 2784/2793/550 2783/2796/550 2781/2794/549
f 2786/2795/551 2785/2798/551 2783/2796/550
f 2788/2797/552 2787/2800/552 2785/2798/551
f 2790/2799/553 2789/2802/553 2787/2800/552
f 2792/2801/554 2791/2804/554 2789/2802/553
f 2794/2803/555 2793/2806/555 2791/2804/554
f 2796/2805/556 2795/2808/556 2793/2806/555
f 2798/2807/557 2797/2810/557 2795/2808/556
f 2800/2809/558 2799/2812/558 2797/2810/557
f 2802/2811/559 2801/2814/559 2799/2812/558
f 2804/2813/560 2803/2816/560 2801/2814/559
f 2806/2815/561 2805/2818/561 2803/2816/560
f 2808/2817/562 2807/2820/562 2805/2818/561
f 2810/2819/563 2809/2822/563 2807/2820/562
f 2812/2821/564 2811/2824/564 2809/2822/563
f 2814/2823/565 2813/2826/565 2811/2824/564
f 2816/2825/566 2815/2828/566 2813/2826/565
f 2818/2827/567 2817/2830/567 2815/2828/566
f 2820/2829/568 2819/2832/568 2817/2830/567
f 2822/2831/569 2821/2834/569 2819/2832/568
f 2824/2833/570 2823/2836/570 2821/2834/569
f 2826/2835/571 2825/2838/571 2823/2836/570
f 2828/2837/572 2827/2840/572 2825/2838/571
f 2830/2839/573 2829/2842/573 2827/2840/572
f 2832/2841/33 2831/2844/33 2829/2842/573
f 2834/2843/574 2833/2846/574 2831/2844/33
f 2760/2845/539 2759/3393/539 2833/2846/574
f 2838/2847/33 2837/2851/33 2835/2848/32
f 2840/2850/60 2839/2853/60 2837/2851/33
f 2842/2852/31 2841/2855/31 2839/2853/60
f 2836/2854/32 2835/3394/32 2841/2855/31
f 2846/2856/575 2845/2860/575 2843/2857/576
f 2848/2859/577 2847/2862/577 2845/2860/575
f 2850/2861/578 2849/2864/580 2847/2862/577
f 2852/2863/579 2851/2866/579 2849/2864/580
f 2854/2865/32 2853/2868/32 2851/2866/579
f 2856/2867/581 2855/2870/581 2853/2868/32
f 2858/2869/582 2857/2872/582 2855/2870/581
f 2860/2871/583 2859/2874/583 2857/2872/582
f 2862/2873/584 2861/2876/584 2859/2874/583
f 2864/2875/585 2863/2878/585 2861/2876/584
f 2866/2877/259 2865/2880/259 2863/2878/585
f 2868/2879/586 2867/2882/586 2865/2880/259
f 2870/2881/587 2869/2884/587 2867/2882/586
f 2872/2883/588 2871/2886/588 2869/2884/587
f 2874/2885/589 2873/2888/591 2871/2886/588
f 2876/2887/590 2875/2890/590 2873/2888/591
f 2878/2889/33 2877/2892/33 2875/2890/590
f 2880/2891/592 2879/2894/592 2877/2892/33
f 2882/2893/593 2881/2896/595 2879/2894/592
f 2884/2895/594 2883/2898/594 2881/2896/595
f 2886/2897/596 2885/2900/596 2883/2898/594
f 2888/2899/597 2887/2902/597 2885/2900/596
f 2890/2901/598 2889/2904/598 2887/2902/597
f 2892/2903/599 2891/2906/599 2889/2904/598
f 2894/2905/600 2893/2908/600 2891/2906/599
f 2896/2907/601 2895/2910/601 2893/2908/600
f 2898/2909/602 2897/2912/602 2895/2910/601
f 2900/2911/603 2899/2914/603 2897/2912/602
f 2902/2913/60 2901/2916/60 2899/2914/603
f 2904/2915/604 2903/2918/604 2901/2916/60
f 2906/2917/605 2905/2920/605 2903/2918/604
f 2908/2919/606 2907/2922/606 2905/2920/605
f 2910/2921/607 2909/2924/607 2907/2922/606
f 2912/2923/608 2911/2926/608 2909/2924/607
f 2914/2925/284 2913/2928/284 2911/2926/608
f 2916/2927/609 2915/2930/609 2913/2928/284
f 2918/2929/610 2917/2932/610 2915/2930/609
f 2920/2931/611 2919/2934/611 2917/2932/610
f 2922/2933/612 2921/2936/612 2919/2934/611
f 2924/2935/613 2923/2938/613 2921/2936/612
f 2926/2937/31 2925/2940/31 2923/2938/613
f 2928/2939/614 2927/2942/614 2925/2940/31
f 2930/2941/615 2929/2944/617 2927/2942/614
f 2932/2943/616 2931/2946/616 2929/2944/617
f 2934/2945/618 2933/2948/618 2931/2946/616
f 2936/2947/619 2935/2950/619 2933/2948/618
f 2938/2949/620 2937/2952/620 2935/2950/619
f 2844/2951/576 2843/3395/576 2937/2952/620
f 2942/2953/621 2941/2957/621 2939/2954/622
f 2944/2956/623 2943/2959/623 2941/2957/621
f 2946/2958/624 2945/2961/624 2943/2959/623
f 2948/2960/625 2947/2963/625 2945/2961/624
f 2950/2962/626 2949/2965/626 2947/2963/625
f 2952/2964/627 2951/2967/627 2949/2965/626
f 2954/2966/628 2953/2969/628 2951/2967/627
f 2956/2968/629 2955/2971/629 2953/2969/628
f 2958/2970/551 2957/2973/551 2955/2971/629
f 2960/2972/630 2959/2975/630 2957/2973/551
f 2962/2974/631 2961/2977/631 2959/2975/630
f 2964/2976/632 2963/2979/632 2961/2977/631
f 2966/2978/633 2965/2981/633 2963/2979/632
f 2968/2980/634 2967/2983/634 2965/2981/633
f 2970/2982/635 2969/2985/635 2967/2983/634
f 2972/2984/636 2971/2987/636 2969/2985/635
f 2974/2986/637 2973/2989/637 2971/2987/636
f 2976/2988/638 2975/2991/638 2973/2989/637
f 2978/2990/639 2977/2993/639 2975/2991/638
f 2980/2992/640 2979/2995/640 2977/2993/639
f 2982/2994/641 2981/2997/641 2979/2995/640
f 2984/2996/642 2983/2999/642 2981/2997/641
f 2986/2998/643 2985/3001/643 2983/2999/642
f 2988/3000/644 2987/3003/644 2985/3001/643
f 2990/3002/33 2989/3005/33 2987/3003/644
f 2992/3004/60 2991/3007/60 2989/3005/33
f 2994/3006/645 2993/3009/645 2991/3007/60
f 2996/3008/646 2995/3011/646 2993/3009/645
f 2998/3010/647 2997/3013/647 2995/3011/646
f 3000/3012/648 2999/3015/648 2997/3013/647
f 3002/3014/649 3001/3017/649 2999/3015/648
f 3004/3016/650 3003/3019/650 3001/3017/649
f 3006/3018/651 3005/3021/651 3003/3019/650
f 3008/3020/652 3007/3023/652 3005/3021/651
f 3010/3022/653 3009/3025/653 3007/3023/652
f 3012/3024/654 3011/3027/654 3009/3025/653
f 3014/3026/655 3013/3029/655 3011/3027/654
f 3016/3028/656 3015/3031/656 3013/3029/655
f 3018/3030/657 3017/3033/657 3015/3031/656
f 3020/3032/658 3019/3035/660 3017/3033/657
f 3022/3034/659 3021/3037/659 3019/3035/660
f 3024/3036/661 3023/3039/661 3021/3037/659
f 3026/3038/662 3025/3041/662 3023/3039/661
f 3028/3040/663 3027/3043/663 3025/3041/662
f 3030/3042/664 3029/3045/664 3027/3043/663
f 3032/3044/665 3031/3047/665 3029/3045/664
f 3034/3046/666 3033/3049/666 3031/3047/665
f 3036/3048/667 3035/3051/667 3033/3049/666
f 3038/3050/668 3037/3053/668 3035/3051/667
f 3040/3052/669 3039/3055/669 3037/3053/668
f 3042/3054/670 3041/3057/670 3039/3055/669
f 3044/3056/33 3043/3059/33 3041/3057/670
f 3046/3058/60 3045/3061/60 3043/3059/33
f 3048/3060/31 3047/3063/31 3045/3061/60
f 3050/3062/32 3049/3065/32 3047/3063/31
f 2940/3064/622 2939/3396/622 3049/3065/32
f 3054/3066/297 3053/3070/297 3051/3067/298
f 3056/3069/299 3055/3072/299 3053/3070/297
f 3058/3071/300 3057/3074/300 3055/3072/299
f 3060/3073/301 3059/3076/301 3057/3074/300
f 3062/3075/302 3061/3078/302 3059/3076/301
f 3064/3077/303 3063/3080/303 3061/3078/302
f 3066/3079/304 3065/3082/304 3063/3080/303
f 3068/3081/305 3067/3084/305 3065/3082/304
f 3070/3083/306 3069/3086/306 3067/3084/305
f 3072/3085/307 3071/3088/307 3069/3086/306
f 3074/3087/308 3073/3090/308 3071/3088/307
f 3076/3089/309 3075/3092/309 3073/3090/308
f 3078/3091/310 3077/3094/310 3075/3092/309
f 3080/3093/311 3079/3096/311 3077/3094/310
f 3082/3095/312 3081/3098/312 3079/3096/311
f 3084/3097/313 3083/3100/313 3081/3098/312
f 3086/3099/314 3085/3102/314 3083/3100/313
f 3088/3101/315 3087/3104/315 3085/3102/314
f 3090/3103/316 3089/3106/316 3087/3104/315
f 3092/3105/317 3091/3108/317 3089/3106/316
f 3094/3107/318 3093/3110/318 3091/3108/317
f 3096/3109/319 3095/3112/319 3093/3110/318
f 3098/3111/320 3097/3114/320 3095/3112/319
f 3100/3113/321 3099/3116/321 3097/3114/320
f 3102/3115/322 3101/3118/322 3099/3116/321
f 3104/3117/323 3103/3120/323 3101/3118/322
f 3106/3119/324 3105/3122/324 3103/3120/323
f 3108/3121/325 3107/3124/325 3105/3122/324
f 3110/3123/326 3109/3126/326 3107/3124/325
f 3112/3125/327 3111/3128/327 3109/3126/326
f 3114/3127/328 3113/3130/328 3111/3128/327
f 3116/3129/329 3115/3132/329 3113/3130/328
f 3118/3131/330 3117/3134/330 3115/3132/329
f 3120/3133/331 3119/3136/331 3117/3134/330
f 3122/3135/332 3121/3138/332 3119/3136/331
f 3124/3137/162 3123/3140/162 3121/3138/332
f 3126/3139/333 3125/3142/333 3123/3140/162
f 3128/3141/334 3127/3144/334 3125/3142/333
f 3130/3143/335 3129/3146/335 3127/3144/334
f 3132/3145/336 3131/3148/336 3129/3146/335
f 3134/3147/337 3133/3150/337 3131/3148/336
f 3136/3149/338 3135/3152/338 3133/3150/337
f 3138/3151/339 3137/3154/339 3135/3152/338
f 3140/3153/340 3139/3156/340 3137/3154/339
f 3142/3155/341 3141/3158/341 3139/3156/340
f 3144/3157/342 3143/3160/342 3141/3158/341
f 3146/3159/343 3145/3162/343 3143/3160/342
f 3148/3161/344 3147/3164/344 3145/3162/343
f 3150/3163/31 3149/3166/31 3147/3164/344
f 3152/3165/32 3151/3168/32 3149/3166/31
f 3154/3167/345 3153/3170/345 3151/3168/32
f 3156/3169/346 3155/3172/346 3153/3170/345
f 3158/3171/347 3157/3174/347 3155/3172/346
f 3160/3173/348 3159/3176/348 3157/3174/347
f 3162/3175/349 3161/3178/349 3159/3176/348
f 3164/3177/350 3163/3180/350 3161/3178/349
f 3166/3179/351 3165/3182/351 3163/3180/350
f 3168/3181/352 3167/3184/352 3165/3182/351
f 3170/3183/353 3169/3186/353 3167/3184/352
f 3172/3185/354 3171/3188/354 3169/3186/353
f 3174/3187/355 3173/3190/355 3171/3188/354
f 3176/3189/356 3175/3192/358 3173/3190/355
f 3178/3191/357 3177/3194/357 3175/3192/358
f 3180/3193/359 3179/3196/359 3177/3194/357
f 3182/3195/360 3181/3198/360 3179/3196/359
f 3184/3197/361 3183/3200/361 3181/3198/360
f 3186/3199/362 3185/3202/362 3183/3200/361
f 3188/3201/363 3187/3204/363 3185/3202/362
f 3190/3203/364 3189/3206/364 3187/3204/363
f 3192/3205/365 3191/3208/365 3189/3206/364
f 3194/3207/366 3193/3210/366 3191/3208/365
f 3196/3209/368 3195/3212/368 3193/3210/366
f 3198/3211/369 3197/3214/369 3195/3212/368
f 3200/3213/370 3199/3216/370 3197/3214/369
f 3202/3215/371 3201/3218/371 3199/3216/370
f 3204/3217/31 3203/3220/31 3201/3218/371
f 3206/3219/32 3205/3222/32 3203/3220/31
f 3208/3221/372 3207/3224/372 3205/3222/32
f 3210/3223/373 3209/3226/373 3207/3224/372
f 3212/3225/374 3211/3228/374 3209/3226/373
f 3214/3227/375 3213/3230/375 3211/3228/374
f 3216/3229/376 3215/3232/376 3213/3230/375
f 3218/3231/377 3217/3234/671 3215/3232/376
f 3220/3233/378 3219/3236/378 3217/3234/671
f 3222/3235/379 3221/3238/379 3219/3236/378
f 3224/3237/380 3223/3240/380 3221/3238/379
f 3226/3239/381 3225/3242/381 3223/3240/380
f 3228/3241/382 3227/3244/382 3225/3242/381
f 3230/3243/383 3229/3246/383 3227/3244/382
f 3232/3245/384 3231/3248/384 3229/3246/383
f 3234/3247/385 3233/3250/385 3231/3248/384
f 3236/3249/386 3235/3252/386 3233/3250/385
f 3238/3251/387 3237/3254/387 3235/3252/386
f 3240/3253/388 3239/3256/388 3237/3254/387
f 3242/3255/389 3241/3258/391 3239/3256/388
f 3244/3257/390 3243/3260/390 3241/3258/391
f 3246/3259/392 3245/3262/392 3243/3260/390
f 3248/3261/393 3247/3264/393 3245/3262/392
f 3250/3263/394 3249/3266/394 3247/3264/393
f 3252/3265/395 3251/3268/395 3249/3266/394
f 3254/3267/396 3253/3270/396 3251/3268/395
f 3256/3269/397 3255/3272/397 3253/3270/396
f 3258/3271/31 3257/3274/31 3255/3272/397
f 3260/3273/32 3259/3276/32 3257/3274/31
f 3262/3275/33 3261/3278/33 3259/3276/32
f 3264/3277/60 3263/3280/60 3261/3278/33
f 3052/3279/298 3051/3397/298 3263/3280/60
f 3268/3281/672 3267/3285/672 3265/3282/673
f 3270/3284/674 3269/3287/674 3267/3285/672
f 3272/3286/675 3271/3289/675 3269/3287/674
f 3274/3288/676 3273/3291/676 3271/3289/675
f 3276/3290/677 3275/3293/677 3273/3291/676
f 3278/3292/678 3277/3295/678 3275/3293/677
f 3280/3294/679 3279/3297/679 3277/3295/678
f 3282/3296/680 3281/3299/680 3279/3297/679
f 3284/3298/681 3283/3301/681 3281/3299/680
f 3286/3300/682 3285/3303/682 3283/3301/681
f 3288/3302/683 3287/3305/683 3285/3303/682
f 3290/3304/284 3289/3307/284 3287/3305/683
f 3292/3306/684 3291/3309/684 3289/3307/284
f 3294/3308/685 3293/3311/685 3291/3309/684
f 3296/3310/686 3295/3313/686 3293/3311/685
f 3298/3312/687 3297/3315/687 3295/3313/686
f 3300/3314/688 3299/3317/688 3297/3315/687
f 3302/3316/689 3301/3319/691 3299/3317/688
f 3304/3318/690 3303/3321/690 3301/3319/691
f 3306/3320/692 3305/3323/692 3303/3321/690
f 3308/3322/693 3307/3325/693 3305/3323/692
f 3310/3324/694 3309/3327/694 3307/3325/693
f 3312/3326/695 3311/3329/695 3309/3327/694
f 3314/3328/696 3313/3331/696 3311/3329/695
f 3316/3330/697 3315/3333/697 3313/3331/696
f 3318/3332/698 3317/3335/698 3315/3333/697
f 3320/3334/699 3319/3337/699 3317/3335/698
f 3322/3336/700 3321/3339/700 3319/3337/699
f 3324/3338/701 3323/3341/701 3321/3339/700
f 3326/3340/702 3325/3343/702 3323/3341/701
f 3328/3342/703 3327/3345/703 3325/3343/702
f 3330/3344/704 3329/3347/704 3327/3345/703
f 3332/3346/705 3331/3349/705 3329/3347/704
f 3334/3348/706 3333/3351/706 3331/3349/705
f 3336/3350/707 3335/3353/707 3333/3351/706
f 3338/3352/708 3337/3355/708 3335/3353/707
f 3340/3354/259 3339/3357/259 3337/3355/708
f 3342/3356/709 3341/3359/709 3339/3357/259
f 3344/3358/710 3343/3361/710 3341/3359/709
f 3346/3360/711 3345/3363/711 3343/3361/710
f 3348/3362/712 3347/3365/712 3345/3363/711
f 3350/3364/713 3349/3367/713 3347/3365/712
f 3352/3366/714 3351/3369/714 3349/3367/713
f 3354/3368/715 3353/3371/715 3351/3369/714
f 3356/3370/716 3355/3373/716 3353/3371/715
f 3358/3372/717 3357/3375/717 3355/3373/716
f 3360/3374/718 3359/3377/718 3357/3375/717
f 3362/3376/719 3361/3379/719 3359/3377/718
f 3364/3378/720 3363/3381/720 3361/3379/719
f 3266/3380/673 3265/3398/673 3363/3381/720
